perp_symbol,funding_time_utc,funding_rate
XAIUSDT,2024-02-09 00:00:00,0.0001
XAIUSDT,2024-02-08 16:00:00,0.0001
XAIUSDT,2024-02-08 08:00:00,0.0001
XAIUSDT,2024-02-08 00:00:00,0.0001
XAIUSDT,2024-02-07 16:00:00,0.0001
XAIUSDT,2024-02-07 08:00:00,0.0001
XAIUSDT,2024-02-07 00:00:00,0.0001
XAIUSDT,2024-02-06 16:00:00,0.0001
XAIUSDT,2024-02-06 08:00:00,0.0001
XAIUSDT,2024-02-06 00:00:00,0.0001
XAIUSDT,2024-02-05 16:00:00,0.0001
XAIUSDT,2024-02-05 08:00:00,0.0001
XAIUSDT,2024-02-05 00:00:00,0.0001
XAIUSDT,2024-02-04 16:00:00,0.0001
XAIUSDT,2024-02-04 08:00:00,0.0001
XAIUSDT,2024-02-04 00:00:00,0.0001
XAIUSDT,2024-02-03 16:00:00,0.0001
XAIUSDT,2024-02-03 08:00:00,0.0001
XAIUSDT,2024-02-03 00:00:00,0.0001
XAIUSDT,2024-02-02 16:00:00,0.0001
XAIUSDT,2024-02-02 08:00:00,0.0001
XAIUSDT,2024-02-02 00:00:00,0.0001
XAIUSDT,2024-02-01 16:00:00,0.0001
XAIUSDT,2024-02-01 08:00:00,0.0001
XAIUSDT,2024-02-01 00:00:00,0.0001
XAIUSDT,2024-01-31 16:00:00,0.0001
XAIUSDT,2024-01-31 08:00:00,0.0001
XAIUSDT,2024-01-31 00:00:00,0.0001
XAIUSDT,2024-01-30 16:00:00,0.0001
XAIUSDT,2024-01-30 08:00:00,0.0001
XAIUSDT,2024-01-30 00:00:00,0.0001
XAIUSDT,2024-01-29 16:00:00,0.0001
XAIUSDT,2024-01-29 08:00:00,0.0001
XAIUSDT,2024-01-29 00:00:00,0.0001
XAIUSDT,2024-01-28 16:00:00,0.0001
XAIUSDT,2024-01-28 08:00:00,0.0001
XAIUSDT,2024-01-28 00:00:00,0.0001
XAIUSDT,2024-01-27 16:00:00,0.0001
XAIUSDT,2024-01-27 08:00:00,0.0001
XAIUSDT,2024-01-27 00:00:00,0.0001
XAIUSDT,2024-01-26 16:00:00,0.0001
XAIUSDT,2024-01-26 08:00:00,0.0001
XAIUSDT,2024-01-26 00:00:00,0.0001
XAIUSDT,2024-01-25 16:00:00,0.0001
XAIUSDT,2024-01-25 08:00:00,0.0001
XAIUSDT,2024-01-25 00:00:00,0.0001
XAIUSDT,2024-01-24 16:00:00,0.0001
XAIUSDT,2024-01-24 08:00:00,0.0001
XAIUSDT,2024-01-24 00:00:00,0.0001
XAIUSDT,2024-01-23 16:00:00,0.0001
XAIUSDT,2024-01-23 08:00:00,0.0001
XAIUSDT,2024-01-23 00:00:00,0.0001
XAIUSDT,2024-01-22 16:00:00,0.0001
XAIUSDT,2024-01-22 08:00:00,0.0001
XAIUSDT,2024-01-22 00:00:00,0.00026578
XAIUSDT,2024-01-21 16:00:00,0.0001
XAIUSDT,2024-01-21 08:00:00,0.0001
XAIUSDT,2024-01-21 00:00:00,0.00036986
XAIUSDT,2024-01-20 16:00:00,0.00028282
XAIUSDT,2024-01-20 08:00:00,0.0001
XAIUSDT,2024-01-20 00:00:00,0.00020477
XAIUSDT,2024-01-19 16:00:00,0.0001
XAIUSDT,2024-01-19 08:00:00,0.00020241
XAIUSDT,2024-01-19 00:00:00,0.00028876
XAIUSDT,2024-01-18 16:00:00,0.00043554
XAIUSDT,2024-01-18 08:00:00,0.00054769
XAIUSDT,2024-01-18 00:00:00,0.00019054
XAIUSDT,2024-01-17 16:00:00,0.00043573
XAIUSDT,2024-01-17 08:00:00,0.00026705
XAIUSDT,2024-01-17 00:00:00,0.00024148
XAIUSDT,2024-01-16 16:00:00,0.00038462
XAIUSDT,2024-01-16 08:00:00,0.00030067
XAIUSDT,2024-01-16 00:00:00,0.0001
XAIUSDT,2024-01-15 16:00:00,0.00017693
XAIUSDT,2024-01-15 08:00:00,0.00029195
XAIUSDT,2024-01-15 00:00:00,0.00036753
XAIUSDT,2024-01-14 16:00:00,0.0001
XAIUSDT,2024-01-14 08:00:00,0.0001
XAIUSDT,2024-01-14 00:00:00,0.0001
XAIUSDT,2024-01-13 16:00:00,0.00011345
XAIUSDT,2024-01-13 08:00:00,0.00017476
XAIUSDT,2024-01-13 00:00:00,0.0001
XAIUSDT,2024-01-12 16:00:00,0.0001
XAIUSDT,2024-01-12 08:00:00,0.0001
XAIUSDT,2024-01-12 00:00:00,0.00024275
XAIUSDT,2024-01-11 16:00:00,0.00027839
XAIUSDT,2024-01-11 08:00:00,0.00034136
XAIUSDT,2024-01-11 00:00:00,0.0001
XAIUSDT,2024-01-10 16:00:00,0.0001
XAIUSDT,2024-01-10 08:00:00,0.0001
ONDOUSDT,2024-02-18 00:00:00,0.00030251
ONDOUSDT,2024-02-17 16:00:00,0.00032379
ONDOUSDT,2024-02-17 08:00:00,0.00034325
ONDOUSDT,2024-02-17 00:00:00,0.00014078
ONDOUSDT,2024-02-16 16:00:00,0.00043311
ONDOUSDT,2024-02-16 08:00:00,0.00069678
ONDOUSDT,2024-02-16 00:00:00,0.00049763
ONDOUSDT,2024-02-15 16:00:00,0.00059799
ONDOUSDT,2024-02-15 08:00:00,0.00078508
ONDOUSDT,2024-02-15 00:00:00,0.00061446
ONDOUSDT,2024-02-14 16:00:00,0.00106342
ONDOUSDT,2024-02-14 08:00:00,0.00057724
ONDOUSDT,2024-02-14 00:00:00,0.00046233
ONDOUSDT,2024-02-13 16:00:00,0.00063518
ONDOUSDT,2024-02-13 08:00:00,0.00079121
ONDOUSDT,2024-02-13 00:00:00,0.00091652
ONDOUSDT,2024-02-12 16:00:00,0.00060755
ONDOUSDT,2024-02-12 08:00:00,0.0005962
ONDOUSDT,2024-02-12 00:00:00,0.00070937
ONDOUSDT,2024-02-11 16:00:00,0.00067244
ONDOUSDT,2024-02-11 08:00:00,0.00086363
ONDOUSDT,2024-02-11 00:00:00,0.0005831
ONDOUSDT,2024-02-10 16:00:00,0.00046828
ONDOUSDT,2024-02-10 08:00:00,0.00062315
ONDOUSDT,2024-02-10 00:00:00,0.00075097
ONDOUSDT,2024-02-09 16:00:00,0.0003486
ONDOUSDT,2024-02-09 08:00:00,0.0002734
ONDOUSDT,2024-02-09 00:00:00,0.00042604
ONDOUSDT,2024-02-08 16:00:00,0.0002449
ONDOUSDT,2024-02-08 08:00:00,0.00037223
ONDOUSDT,2024-02-08 00:00:00,0.00030899
ONDOUSDT,2024-02-07 16:00:00,0.0002981
ONDOUSDT,2024-02-07 08:00:00,0.0001
ONDOUSDT,2024-02-07 00:00:00,0.0001
ONDOUSDT,2024-02-06 16:00:00,0.00043401
ONDOUSDT,2024-02-06 08:00:00,0.0001
ONDOUSDT,2024-02-06 00:00:00,0.00010825
ONDOUSDT,2024-02-05 16:00:00,0.00015584
ONDOUSDT,2024-02-05 08:00:00,0.0001
ONDOUSDT,2024-02-05 00:00:00,0.0001
ONDOUSDT,2024-02-04 16:00:00,0.0001
ONDOUSDT,2024-02-04 08:00:00,0.00010303
ONDOUSDT,2024-02-04 00:00:00,0.0002621
ONDOUSDT,2024-02-03 16:00:00,0.00043754
ONDOUSDT,2024-02-03 08:00:00,0.00025285
ONDOUSDT,2024-02-03 00:00:00,0.00017595
ONDOUSDT,2024-02-02 16:00:00,0.00018039
ONDOUSDT,2024-02-02 08:00:00,0.00018444
ONDOUSDT,2024-02-02 00:00:00,0.0001
ONDOUSDT,2024-02-01 16:00:00,0.0001
ONDOUSDT,2024-02-01 08:00:00,0.0001
ONDOUSDT,2024-02-01 00:00:00,0.0001
ONDOUSDT,2024-01-31 16:00:00,0.0001
ONDOUSDT,2024-01-31 08:00:00,0.0001
ONDOUSDT,2024-01-31 00:00:00,0.0001
ONDOUSDT,2024-01-30 16:00:00,0.0001
ONDOUSDT,2024-01-30 08:00:00,0.0001
ONDOUSDT,2024-01-30 00:00:00,0.0001
ONDOUSDT,2024-01-29 16:00:00,0.0001
ONDOUSDT,2024-01-29 08:00:00,0.0001
ONDOUSDT,2024-01-29 00:00:00,0.0001
ONDOUSDT,2024-01-28 16:00:00,0.0001
ONDOUSDT,2024-01-28 08:00:00,0.0001
ONDOUSDT,2024-01-28 00:00:00,0.0001
ONDOUSDT,2024-01-27 16:00:00,0.0001
ONDOUSDT,2024-01-27 08:00:00,0.0001
ONDOUSDT,2024-01-27 00:00:00,0.0001
ONDOUSDT,2024-01-26 16:00:00,0.00044946
ONDOUSDT,2024-01-26 08:00:00,0.00030625
ONDOUSDT,2024-01-26 00:00:00,0.00032552
ONDOUSDT,2024-01-25 16:00:00,0.00013651
ONDOUSDT,2024-01-25 08:00:00,0.00014027
ONDOUSDT,2024-01-25 00:00:00,0.0001
ONDOUSDT,2024-01-24 16:00:00,0.0001
ONDOUSDT,2024-01-24 08:00:00,0.0001
ONDOUSDT,2024-01-24 00:00:00,0.00011104
ONDOUSDT,2024-01-23 16:00:00,0.00016379
ONDOUSDT,2024-01-23 08:00:00,0.0001
MANTAUSDT,2024-02-18 00:00:00,0.00032517
MANTAUSDT,2024-02-17 16:00:00,0.00041446
MANTAUSDT,2024-02-17 08:00:00,0.00049075
MANTAUSDT,2024-02-17 00:00:00,0.00047593
MANTAUSDT,2024-02-16 16:00:00,0.0003987
MANTAUSDT,2024-02-16 08:00:00,0.00066069
MANTAUSDT,2024-02-16 00:00:00,0.00067223
MANTAUSDT,2024-02-15 16:00:00,0.00060629
MANTAUSDT,2024-02-15 08:00:00,0.00054649
MANTAUSDT,2024-02-15 00:00:00,0.00035069
MANTAUSDT,2024-02-14 16:00:00,0.00056085
MANTAUSDT,2024-02-14 08:00:00,0.00035152
MANTAUSDT,2024-02-14 00:00:00,0.00015498
MANTAUSDT,2024-02-13 16:00:00,0.00032165
MANTAUSDT,2024-02-13 08:00:00,0.00051944
MANTAUSDT,2024-02-13 00:00:00,0.00041101
MANTAUSDT,2024-02-12 16:00:00,0.00010053
MANTAUSDT,2024-02-12 08:00:00,0.0001
MANTAUSDT,2024-02-12 00:00:00,0.0001
MANTAUSDT,2024-02-11 16:00:00,0.00013979
MANTAUSDT,2024-02-11 08:00:00,0.00034799
MANTAUSDT,2024-02-11 00:00:00,0.00020017
MANTAUSDT,2024-02-10 16:00:00,0.00030589
MANTAUSDT,2024-02-10 08:00:00,0.00015466
MANTAUSDT,2024-02-10 00:00:00,0.00025711
MANTAUSDT,2024-02-09 16:00:00,0.0001
MANTAUSDT,2024-02-09 08:00:00,0.0001
MANTAUSDT,2024-02-09 00:00:00,0.0001
MANTAUSDT,2024-02-08 16:00:00,0.0001
MANTAUSDT,2024-02-08 08:00:00,0.0001
MANTAUSDT,2024-02-08 00:00:00,0.0001
MANTAUSDT,2024-02-07 16:00:00,0.0001
MANTAUSDT,2024-02-07 08:00:00,0.0001
MANTAUSDT,2024-02-07 00:00:00,0.0001
MANTAUSDT,2024-02-06 16:00:00,0.0001
MANTAUSDT,2024-02-06 08:00:00,0.0001
MANTAUSDT,2024-02-06 00:00:00,0.0001
MANTAUSDT,2024-02-05 16:00:00,0.0001
MANTAUSDT,2024-02-05 08:00:00,0.0001
MANTAUSDT,2024-02-05 00:00:00,0.0001
MANTAUSDT,2024-02-04 16:00:00,0.0001
MANTAUSDT,2024-02-04 08:00:00,0.0001
MANTAUSDT,2024-02-04 00:00:00,0.0001
MANTAUSDT,2024-02-03 16:00:00,0.0001
MANTAUSDT,2024-02-03 08:00:00,0.0001
MANTAUSDT,2024-02-03 00:00:00,0.0001
MANTAUSDT,2024-02-02 16:00:00,0.0001
MANTAUSDT,2024-02-02 08:00:00,0.0001
MANTAUSDT,2024-02-02 00:00:00,0.0001
MANTAUSDT,2024-02-01 16:00:00,0.0001
MANTAUSDT,2024-02-01 08:00:00,0.0001
MANTAUSDT,2024-02-01 00:00:00,0.0001
MANTAUSDT,2024-01-31 16:00:00,0.0001
MANTAUSDT,2024-01-31 08:00:00,0.0001
MANTAUSDT,2024-01-31 00:00:00,0.0001
MANTAUSDT,2024-01-30 16:00:00,0.0001
MANTAUSDT,2024-01-30 08:00:00,0.0001
MANTAUSDT,2024-01-30 00:00:00,0.0001
MANTAUSDT,2024-01-29 16:00:00,0.0001
MANTAUSDT,2024-01-29 08:00:00,0.0001
MANTAUSDT,2024-01-29 00:00:00,0.0001
MANTAUSDT,2024-01-28 16:00:00,0.0001
MANTAUSDT,2024-01-28 08:00:00,0.0001
MANTAUSDT,2024-01-28 00:00:00,0.0001
MANTAUSDT,2024-01-27 16:00:00,0.0001
MANTAUSDT,2024-01-27 08:00:00,0.0001
MANTAUSDT,2024-01-27 00:00:00,0.0001
MANTAUSDT,2024-01-26 16:00:00,0.0001
MANTAUSDT,2024-01-26 08:00:00,0.00011798
MANTAUSDT,2024-01-26 00:00:00,0.0001152
MANTAUSDT,2024-01-25 16:00:00,0.0001
MANTAUSDT,2024-01-25 08:00:00,0.0001
MANTAUSDT,2024-01-25 00:00:00,0.0001
MANTAUSDT,2024-01-24 16:00:00,0.0001
MANTAUSDT,2024-01-24 08:00:00,0.00020962
MANTAUSDT,2024-01-24 00:00:00,0.0001
MANTAUSDT,2024-01-23 16:00:00,0.0001091
MANTAUSDT,2024-01-23 08:00:00,0.00025489
MANTAUSDT,2024-01-23 00:00:00,0.0001
MANTAUSDT,2024-01-22 16:00:00,0.00016521
MANTAUSDT,2024-01-22 08:00:00,0.0001
MANTAUSDT,2024-01-22 00:00:00,0.0001
MANTAUSDT,2024-01-21 16:00:00,0.0001
MANTAUSDT,2024-01-21 08:00:00,0.0001
MANTAUSDT,2024-01-21 00:00:00,0.00010264
MANTAUSDT,2024-01-20 16:00:00,0.00011665
MANTAUSDT,2024-01-20 08:00:00,0.00040006
MANTAUSDT,2024-01-20 00:00:00,0.00067642
MANTAUSDT,2024-01-19 16:00:00,0.00034338
MANTAUSDT,2024-01-19 08:00:00,0.00017102
MANTAUSDT,2024-01-19 00:00:00,-0.00000785
MANTAUSDT,2024-01-18 16:00:00,-0.006
MANTAUSDT,2024-01-18 08:00:00,0.0001
DYMUSDT,2024-03-08 00:00:00,0.00062488
DYMUSDT,2024-03-07 16:00:00,0.00031149
DYMUSDT,2024-03-07 08:00:00,0.00058476
DYMUSDT,2024-03-07 00:00:00,0.00022653
DYMUSDT,2024-03-06 16:00:00,0.00040309
DYMUSDT,2024-03-06 08:00:00,0.00032763
DYMUSDT,2024-03-06 00:00:00,0.00023225
DYMUSDT,2024-03-05 16:00:00,0.00134027
DYMUSDT,2024-03-05 08:00:00,0.00124578
DYMUSDT,2024-03-05 00:00:00,0.00044067
DYMUSDT,2024-03-04 16:00:00,0.00071879
DYMUSDT,2024-03-04 08:00:00,0.000847
DYMUSDT,2024-03-04 00:00:00,0.00065994
DYMUSDT,2024-03-03 16:00:00,0.00057191
DYMUSDT,2024-03-03 08:00:00,0.00111013
DYMUSDT,2024-03-03 00:00:00,0.00138839
DYMUSDT,2024-03-02 16:00:00,0.00137134
DYMUSDT,2024-03-02 08:00:00,0.00115859
DYMUSDT,2024-03-02 00:00:00,0.00095113
DYMUSDT,2024-03-01 16:00:00,0.00068478
DYMUSDT,2024-03-01 08:00:00,0.00079832
DYMUSDT,2024-03-01 00:00:00,0.00086746
DYMUSDT,2024-02-29 16:00:00,0.00095468
DYMUSDT,2024-02-29 08:00:00,0.00101188
DYMUSDT,2024-02-29 00:00:00,0.00040757
DYMUSDT,2024-02-28 16:00:00,0.00095318
DYMUSDT,2024-02-28 08:00:00,0.00073136
DYMUSDT,2024-02-28 00:00:00,0.00079802
DYMUSDT,2024-02-27 16:00:00,0.00076624
DYMUSDT,2024-02-27 08:00:00,0.00070536
DYMUSDT,2024-02-27 00:00:00,0.00104792
DYMUSDT,2024-02-26 16:00:00,0.00053852
DYMUSDT,2024-02-26 08:00:00,0.00066975
DYMUSDT,2024-02-26 00:00:00,0.00053928
DYMUSDT,2024-02-25 16:00:00,0.00017573
DYMUSDT,2024-02-25 08:00:00,0.0004333
DYMUSDT,2024-02-25 00:00:00,0.00053064
DYMUSDT,2024-02-24 16:00:00,0.00016982
DYMUSDT,2024-02-24 08:00:00,0.0001
DYMUSDT,2024-02-24 00:00:00,0.0001
DYMUSDT,2024-02-23 16:00:00,0.00016382
DYMUSDT,2024-02-23 08:00:00,0.00038282
DYMUSDT,2024-02-23 00:00:00,0.00081852
DYMUSDT,2024-02-22 16:00:00,0.00024598
DYMUSDT,2024-02-22 08:00:00,0.0001
DYMUSDT,2024-02-22 00:00:00,0.00028808
DYMUSDT,2024-02-21 16:00:00,0.0001
DYMUSDT,2024-02-21 08:00:00,0.00040434
DYMUSDT,2024-02-21 00:00:00,0.00041306
DYMUSDT,2024-02-20 16:00:00,0.00035667
DYMUSDT,2024-02-20 08:00:00,0.0001
DYMUSDT,2024-02-20 00:00:00,0.0005389
DYMUSDT,2024-02-19 16:00:00,0.00070808
DYMUSDT,2024-02-19 08:00:00,0.00023858
DYMUSDT,2024-02-19 00:00:00,0.00057536
DYMUSDT,2024-02-18 16:00:00,0.00049371
DYMUSDT,2024-02-18 08:00:00,0.00042026
DYMUSDT,2024-02-18 00:00:00,0.00097491
DYMUSDT,2024-02-17 16:00:00,0.000129
DYMUSDT,2024-02-17 08:00:00,0.00025977
DYMUSDT,2024-02-17 00:00:00,0.00024172
DYMUSDT,2024-02-16 16:00:00,0.0001
DYMUSDT,2024-02-16 08:00:00,0.0001
DYMUSDT,2024-02-16 00:00:00,0.00042236
DYMUSDT,2024-02-15 16:00:00,0.0006327
DYMUSDT,2024-02-15 08:00:00,0.00058493
DYMUSDT,2024-02-15 00:00:00,0.00092958
DYMUSDT,2024-02-14 16:00:00,0.0008698
DYMUSDT,2024-02-14 08:00:00,0.00048793
DYMUSDT,2024-02-14 00:00:00,0.0002208
DYMUSDT,2024-02-13 16:00:00,0.00031703
DYMUSDT,2024-02-13 08:00:00,0.0004895
DYMUSDT,2024-02-13 00:00:00,0.00044046
DYMUSDT,2024-02-12 16:00:00,0.00038063
DYMUSDT,2024-02-12 08:00:00,0.00033298
DYMUSDT,2024-02-12 00:00:00,0.00024253
DYMUSDT,2024-02-11 16:00:00,0.00046119
DYMUSDT,2024-02-11 08:00:00,0.00045362
DYMUSDT,2024-02-11 00:00:00,0.00035582
DYMUSDT,2024-02-10 16:00:00,0.00048608
DYMUSDT,2024-02-10 08:00:00,0.00059886
DYMUSDT,2024-02-10 00:00:00,0.00064142
DYMUSDT,2024-02-09 16:00:00,0.00075271
DYMUSDT,2024-02-09 08:00:00,0.00018058
DYMUSDT,2024-02-09 00:00:00,0.0001
DYMUSDT,2024-02-08 16:00:00,-0.0001608
DYMUSDT,2024-02-08 08:00:00,0.00032574
DYMUSDT,2024-02-08 00:00:00,0.00053199
DYMUSDT,2024-02-07 16:00:00,0.0001
DYMUSDT,2024-02-07 08:00:00,0.00018264
DYMUSDT,2024-02-07 00:00:00,0.0001
ZETAUSDT,2024-03-03 00:00:00,0.00126118
ZETAUSDT,2024-03-02 16:00:00,0.00094816
ZETAUSDT,2024-03-02 08:00:00,0.00092005
ZETAUSDT,2024-03-02 00:00:00,0.00105923
ZETAUSDT,2024-03-01 16:00:00,0.00057618
ZETAUSDT,2024-03-01 08:00:00,0.00062755
ZETAUSDT,2024-03-01 00:00:00,0.0004986
ZETAUSDT,2024-02-29 16:00:00,0.0007963
ZETAUSDT,2024-02-29 08:00:00,0.0007936
ZETAUSDT,2024-02-29 00:00:00,0.00012077
ZETAUSDT,2024-02-28 16:00:00,0.00051053
ZETAUSDT,2024-02-28 08:00:00,0.00044758
ZETAUSDT,2024-02-28 00:00:00,0.00059483
ZETAUSDT,2024-02-27 16:00:00,0.0007849
ZETAUSDT,2024-02-27 08:00:00,0.0009627
ZETAUSDT,2024-02-27 00:00:00,0.00095921
ZETAUSDT,2024-02-26 16:00:00,0.00044321
ZETAUSDT,2024-02-26 08:00:00,0.00095639
ZETAUSDT,2024-02-26 00:00:00,0.00071973
ZETAUSDT,2024-02-25 16:00:00,0.00035658
ZETAUSDT,2024-02-25 08:00:00,0.00018954
ZETAUSDT,2024-02-25 00:00:00,0.0001
ZETAUSDT,2024-02-24 16:00:00,0.00010052
ZETAUSDT,2024-02-24 08:00:00,0.0001
ZETAUSDT,2024-02-24 00:00:00,0.00021248
ZETAUSDT,2024-02-23 16:00:00,0.00026731
ZETAUSDT,2024-02-23 08:00:00,0.00024913
ZETAUSDT,2024-02-23 00:00:00,0.00011039
ZETAUSDT,2024-02-22 16:00:00,0.0001
ZETAUSDT,2024-02-22 08:00:00,0.0001
ZETAUSDT,2024-02-22 00:00:00,0.0001
ZETAUSDT,2024-02-21 16:00:00,0.0001
ZETAUSDT,2024-02-21 08:00:00,0.00013584
ZETAUSDT,2024-02-21 00:00:00,0.00017638
ZETAUSDT,2024-02-20 16:00:00,0.0005055
ZETAUSDT,2024-02-20 08:00:00,0.00071891
ZETAUSDT,2024-02-20 00:00:00,0.0001
ZETAUSDT,2024-02-19 16:00:00,0.00073096
ZETAUSDT,2024-02-19 08:00:00,0.00055999
ZETAUSDT,2024-02-19 00:00:00,0.00013082
ZETAUSDT,2024-02-18 16:00:00,0.0001
ZETAUSDT,2024-02-18 08:00:00,0.00018358
ZETAUSDT,2024-02-18 00:00:00,0.00029936
ZETAUSDT,2024-02-17 16:00:00,0.00033749
ZETAUSDT,2024-02-17 08:00:00,0.00027217
ZETAUSDT,2024-02-17 00:00:00,0.00031914
ZETAUSDT,2024-02-16 16:00:00,0.00050122
ZETAUSDT,2024-02-16 08:00:00,0.0009183
ZETAUSDT,2024-02-16 00:00:00,0.00021538
ZETAUSDT,2024-02-15 16:00:00,0.00052079
ZETAUSDT,2024-02-15 08:00:00,0.00044689
ZETAUSDT,2024-02-15 00:00:00,0.00035377
ZETAUSDT,2024-02-14 16:00:00,0.00050895
ZETAUSDT,2024-02-14 08:00:00,0.00013079
ZETAUSDT,2024-02-14 00:00:00,0.0001
ZETAUSDT,2024-02-13 16:00:00,0.0001
ZETAUSDT,2024-02-13 08:00:00,0.0001
ZETAUSDT,2024-02-13 00:00:00,0.0001
ZETAUSDT,2024-02-12 16:00:00,0.0001
ZETAUSDT,2024-02-12 08:00:00,0.0001
ZETAUSDT,2024-02-12 00:00:00,0.0001
ZETAUSDT,2024-02-11 16:00:00,0.0001
ZETAUSDT,2024-02-11 08:00:00,0.0001
ZETAUSDT,2024-02-11 00:00:00,0.0001
ZETAUSDT,2024-02-10 16:00:00,0.0001
ZETAUSDT,2024-02-10 08:00:00,0.0001
ZETAUSDT,2024-02-10 00:00:00,0.0001
ZETAUSDT,2024-02-09 16:00:00,0.0001
ZETAUSDT,2024-02-09 08:00:00,0.0001
ZETAUSDT,2024-02-09 00:00:00,0.0001
ZETAUSDT,2024-02-08 16:00:00,0.0001
ZETAUSDT,2024-02-08 08:00:00,0.0001
ZETAUSDT,2024-02-08 00:00:00,0.0001
ZETAUSDT,2024-02-07 16:00:00,0.0001
ZETAUSDT,2024-02-07 08:00:00,0.0001
ZETAUSDT,2024-02-07 00:00:00,0.0001
ZETAUSDT,2024-02-06 16:00:00,0.0001
ZETAUSDT,2024-02-06 08:00:00,0.0001
ZETAUSDT,2024-02-06 00:00:00,0.0001
ZETAUSDT,2024-02-05 16:00:00,0.0001
ZETAUSDT,2024-02-05 08:00:00,-0.00019402
ZETAUSDT,2024-02-05 00:00:00,-0.00009717
ZETAUSDT,2024-02-04 16:00:00,-0.00000624
ZETAUSDT,2024-02-04 08:00:00,0.0001
ZETAUSDT,2024-02-04 00:00:00,0.0001
ZETAUSDT,2024-02-03 16:00:00,0.0001
ZETAUSDT,2024-02-03 08:00:00,0.0001
ZETAUSDT,2024-02-03 00:00:00,-0.00024948
ZETAUSDT,2024-02-02 16:00:00,-0.00027733
ZETAUSDT,2024-02-02 08:00:00,-0.00234967
ZETAUSDT,2024-02-02 00:00:00,-0.00227529
ZETAUSDT,2024-02-01 16:00:00,-0.00067328
ZETAUSDT,2024-02-01 08:00:00,0.0001
ZETAUSDT,2024-02-01 00:00:00,0.0001
JUPUSDT,2024-03-02 00:00:00,0.00111895
JUPUSDT,2024-03-01 16:00:00,0.00070305
JUPUSDT,2024-03-01 08:00:00,0.00049978
JUPUSDT,2024-03-01 00:00:00,0.00088002
JUPUSDT,2024-02-29 16:00:00,0.0009628
JUPUSDT,2024-02-29 08:00:00,0.0008642
JUPUSDT,2024-02-29 00:00:00,0.00054214
JUPUSDT,2024-02-28 16:00:00,0.00084468
JUPUSDT,2024-02-28 08:00:00,0.00095546
JUPUSDT,2024-02-28 00:00:00,0.00081943
JUPUSDT,2024-02-27 16:00:00,0.00072338
JUPUSDT,2024-02-27 08:00:00,0.00082667
JUPUSDT,2024-02-27 00:00:00,0.00071303
JUPUSDT,2024-02-26 16:00:00,0.00041389
JUPUSDT,2024-02-26 08:00:00,0.00056677
JUPUSDT,2024-02-26 00:00:00,0.0004515
JUPUSDT,2024-02-25 16:00:00,0.00043039
JUPUSDT,2024-02-25 08:00:00,0.00048609
JUPUSDT,2024-02-25 00:00:00,0.00047666
JUPUSDT,2024-02-24 16:00:00,0.000432
JUPUSDT,2024-02-24 08:00:00,0.0004109
JUPUSDT,2024-02-24 00:00:00,0.00037154
JUPUSDT,2024-02-23 16:00:00,0.0002431
JUPUSDT,2024-02-23 08:00:00,0.00030498
JUPUSDT,2024-02-23 00:00:00,0.00043782
JUPUSDT,2024-02-22 16:00:00,0.00022953
JUPUSDT,2024-02-22 08:00:00,0.0001
JUPUSDT,2024-02-22 00:00:00,0.0001
JUPUSDT,2024-02-21 16:00:00,0.0001
JUPUSDT,2024-02-21 08:00:00,0.0001
JUPUSDT,2024-02-21 00:00:00,0.0001
JUPUSDT,2024-02-20 16:00:00,0.0004609
JUPUSDT,2024-02-20 08:00:00,0.00043979
JUPUSDT,2024-02-20 00:00:00,0.00065226
JUPUSDT,2024-02-19 16:00:00,0.00058025
JUPUSDT,2024-02-19 08:00:00,0.00050491
JUPUSDT,2024-02-19 00:00:00,0.00065024
JUPUSDT,2024-02-18 16:00:00,0.00043917
JUPUSDT,2024-02-18 08:00:00,0.00054884
JUPUSDT,2024-02-18 00:00:00,0.0005094
JUPUSDT,2024-02-17 16:00:00,0.00035139
JUPUSDT,2024-02-17 08:00:00,0.00044296
JUPUSDT,2024-02-17 00:00:00,0.00037482
JUPUSDT,2024-02-16 16:00:00,0.00042568
JUPUSDT,2024-02-16 08:00:00,0.0006659
JUPUSDT,2024-02-16 00:00:00,0.00058783
JUPUSDT,2024-02-15 16:00:00,0.00089837
JUPUSDT,2024-02-15 08:00:00,0.00070749
JUPUSDT,2024-02-15 00:00:00,0.0010265
JUPUSDT,2024-02-14 16:00:00,0.00052501
JUPUSDT,2024-02-14 08:00:00,0.00034461
JUPUSDT,2024-02-14 00:00:00,0.00024607
JUPUSDT,2024-02-13 16:00:00,0.00030993
JUPUSDT,2024-02-13 08:00:00,0.00042023
JUPUSDT,2024-02-13 00:00:00,0.00030696
JUPUSDT,2024-02-12 16:00:00,0.0001
JUPUSDT,2024-02-12 08:00:00,0.00020361
JUPUSDT,2024-02-12 00:00:00,0.00046454
JUPUSDT,2024-02-11 16:00:00,0.00046873
JUPUSDT,2024-02-11 08:00:00,0.00039612
JUPUSDT,2024-02-11 00:00:00,0.00042943
JUPUSDT,2024-02-10 16:00:00,0.00041759
JUPUSDT,2024-02-10 08:00:00,0.00034956
JUPUSDT,2024-02-10 00:00:00,0.00038651
JUPUSDT,2024-02-09 16:00:00,0.00023432
JUPUSDT,2024-02-09 08:00:00,0.0001
JUPUSDT,2024-02-09 00:00:00,0.00028908
JUPUSDT,2024-02-08 16:00:00,0.00031024
JUPUSDT,2024-02-08 08:00:00,0.00030432
JUPUSDT,2024-02-08 00:00:00,0.00049337
JUPUSDT,2024-02-07 16:00:00,0.0004497
JUPUSDT,2024-02-07 08:00:00,0.00020012
JUPUSDT,2024-02-07 00:00:00,0.00033119
JUPUSDT,2024-02-06 16:00:00,0.00025654
JUPUSDT,2024-02-06 08:00:00,0.00014238
JUPUSDT,2024-02-06 00:00:00,0.00021848
JUPUSDT,2024-02-05 16:00:00,0.00012904
JUPUSDT,2024-02-05 08:00:00,0.0001
JUPUSDT,2024-02-05 00:00:00,0.0001
JUPUSDT,2024-02-04 16:00:00,0.0001
JUPUSDT,2024-02-04 08:00:00,0.0001102
JUPUSDT,2024-02-04 00:00:00,0.00020838
JUPUSDT,2024-02-03 16:00:00,0.00015695
JUPUSDT,2024-02-03 08:00:00,0.0001
JUPUSDT,2024-02-03 00:00:00,0.00054509
JUPUSDT,2024-02-02 16:00:00,0.00056406
JUPUSDT,2024-02-02 08:00:00,0.00041139
JUPUSDT,2024-02-02 00:00:00,0.00018115
JUPUSDT,2024-02-01 16:00:00,0.0001
JUPUSDT,2024-02-01 08:00:00,0.0001
JUPUSDT,2024-02-01 00:00:00,0.00025137
JUPUSDT,2024-01-31 16:00:00,0.0001
MAVIAUSDT,2024-03-08 00:00:00,0.00118687
MAVIAUSDT,2024-03-07 16:00:00,0.00116046
MAVIAUSDT,2024-03-07 08:00:00,0.0008507
MAVIAUSDT,2024-03-07 00:00:00,0.00087761
MAVIAUSDT,2024-03-06 16:00:00,0.00054834
MAVIAUSDT,2024-03-06 08:00:00,0.00011096
MAVIAUSDT,2024-03-06 00:00:00,0.0006209
MAVIAUSDT,2024-03-05 16:00:00,0.00249642
MAVIAUSDT,2024-03-05 08:00:00,0.00204259
MAVIAUSDT,2024-03-05 00:00:00,0.00113882
MAVIAUSDT,2024-03-04 16:00:00,0.00139451
MAVIAUSDT,2024-03-04 08:00:00,0.00124492
MAVIAUSDT,2024-03-04 00:00:00,0.00107124
MAVIAUSDT,2024-03-03 16:00:00,0.00089163
MAVIAUSDT,2024-03-03 08:00:00,0.00118878
MAVIAUSDT,2024-03-03 00:00:00,0.00116747
MAVIAUSDT,2024-03-02 16:00:00,0.00147368
MAVIAUSDT,2024-03-02 08:00:00,0.00116428
MAVIAUSDT,2024-03-02 00:00:00,0.00161525
MAVIAUSDT,2024-03-01 16:00:00,0.00115854
MAVIAUSDT,2024-03-01 08:00:00,0.00064518
MAVIAUSDT,2024-03-01 00:00:00,0.00056914
MAVIAUSDT,2024-02-29 16:00:00,0.00071752
MAVIAUSDT,2024-02-29 08:00:00,0.00089301
MAVIAUSDT,2024-02-29 00:00:00,0.00060357
MAVIAUSDT,2024-02-28 16:00:00,0.00099885
MAVIAUSDT,2024-02-28 08:00:00,0.0009462
MAVIAUSDT,2024-02-28 00:00:00,0.00112324
MAVIAUSDT,2024-02-27 16:00:00,0.00077639
MAVIAUSDT,2024-02-27 08:00:00,0.00121722
MAVIAUSDT,2024-02-27 00:00:00,0.00069378
MAVIAUSDT,2024-02-26 16:00:00,0.00077469
MAVIAUSDT,2024-02-26 08:00:00,0.00104784
MAVIAUSDT,2024-02-26 00:00:00,0.00105979
MAVIAUSDT,2024-02-25 16:00:00,0.00074773
MAVIAUSDT,2024-02-25 08:00:00,0.00074592
MAVIAUSDT,2024-02-25 00:00:00,0.00110039
MAVIAUSDT,2024-02-24 16:00:00,0.00076081
MAVIAUSDT,2024-02-24 08:00:00,0.00027377
MAVIAUSDT,2024-02-24 00:00:00,0.00061513
MAVIAUSDT,2024-02-23 16:00:00,0.00048252
MAVIAUSDT,2024-02-23 08:00:00,0.00099893
MAVIAUSDT,2024-02-23 00:00:00,0.00058121
MAVIAUSDT,2024-02-22 16:00:00,0.00093653
MAVIAUSDT,2024-02-22 08:00:00,0.00075976
MAVIAUSDT,2024-02-22 00:00:00,0.0001
MAVIAUSDT,2024-02-21 16:00:00,0.0001
MAVIAUSDT,2024-02-21 08:00:00,0.0001
MAVIAUSDT,2024-02-21 00:00:00,0.0001
MAVIAUSDT,2024-02-20 16:00:00,0.00011235
MAVIAUSDT,2024-02-20 08:00:00,0.0001
MAVIAUSDT,2024-02-20 00:00:00,0.0001
MAVIAUSDT,2024-02-19 16:00:00,0.0001
MAVIAUSDT,2024-02-19 08:00:00,0.0001
MAVIAUSDT,2024-02-19 00:00:00,0.0001
MAVIAUSDT,2024-02-18 16:00:00,0.0001
MAVIAUSDT,2024-02-18 08:00:00,0.0001
MAVIAUSDT,2024-02-18 00:00:00,0.0001
MAVIAUSDT,2024-02-17 16:00:00,-0.00015817
MAVIAUSDT,2024-02-17 08:00:00,0.00002664
MAVIAUSDT,2024-02-17 00:00:00,-0.00140825
MAVIAUSDT,2024-02-16 16:00:00,-0.00034616
MAVIAUSDT,2024-02-16 08:00:00,0.0001
MAVIAUSDT,2024-02-16 00:00:00,0.0001
MAVIAUSDT,2024-02-15 16:00:00,0.0001
MAVIAUSDT,2024-02-15 08:00:00,0.0001
MAVIAUSDT,2024-02-15 00:00:00,0.0001
MAVIAUSDT,2024-02-14 16:00:00,0.0001
MAVIAUSDT,2024-02-14 08:00:00,-0.00035545
MAVIAUSDT,2024-02-14 00:00:00,-0.00017949
MAVIAUSDT,2024-02-13 16:00:00,0.0001
MAVIAUSDT,2024-02-13 08:00:00,0.0001
MAVIAUSDT,2024-02-13 00:00:00,0.0001
MAVIAUSDT,2024-02-12 16:00:00,-0.0004711
MAVIAUSDT,2024-02-12 08:00:00,0.0001
MAVIAUSDT,2024-02-12 00:00:00,0.0001
MAVIAUSDT,2024-02-11 16:00:00,0.0001
MAVIAUSDT,2024-02-11 08:00:00,-0.00068346
MAVIAUSDT,2024-02-11 00:00:00,-0.00317306
MAVIAUSDT,2024-02-10 16:00:00,-0.00068678
MAVIAUSDT,2024-02-10 08:00:00,-0.00163472
MAVIAUSDT,2024-02-10 00:00:00,-0.00279073
MAVIAUSDT,2024-02-09 16:00:00,-0.00177101
MAVIAUSDT,2024-02-09 08:00:00,-0.00084244
MAVIAUSDT,2024-02-09 00:00:00,-0.00120442
MAVIAUSDT,2024-02-08 16:00:00,-0.00151088
MAVIAUSDT,2024-02-08 08:00:00,-0.00079324
MAVIAUSDT,2024-02-08 00:00:00,-0.00385012
MAVIAUSDT,2024-02-07 16:00:00,-0.00295431
MAVIAUSDT,2024-02-07 08:00:00,0.0001
ALTUSDT,2024-03-21 00:00:00,0.0001
ALTUSDT,2024-03-20 16:00:00,0.0001
ALTUSDT,2024-03-20 08:00:00,0.0001
ALTUSDT,2024-03-20 00:00:00,0.0001
ALTUSDT,2024-03-19 16:00:00,0.0001
ALTUSDT,2024-03-19 08:00:00,0.0001
ALTUSDT,2024-03-19 00:00:00,0.0001
ALTUSDT,2024-03-18 16:00:00,0.0001
ALTUSDT,2024-03-18 08:00:00,0.00013146
ALTUSDT,2024-03-18 00:00:00,0.0001
ALTUSDT,2024-03-17 16:00:00,0.00010394
ALTUSDT,2024-03-17 08:00:00,0.00014193
ALTUSDT,2024-03-17 00:00:00,0.00020779
ALTUSDT,2024-03-16 16:00:00,0.0001
ALTUSDT,2024-03-16 08:00:00,0.0001
ALTUSDT,2024-03-16 00:00:00,0.0001
ALTUSDT,2024-03-15 16:00:00,0.00018648
ALTUSDT,2024-03-15 08:00:00,0.00057809
ALTUSDT,2024-03-15 00:00:00,0.00090893
ALTUSDT,2024-03-14 16:00:00,0.00081737
ALTUSDT,2024-03-14 08:00:00,0.00078676
ALTUSDT,2024-03-14 00:00:00,0.00061858
ALTUSDT,2024-03-13 16:00:00,0.00047945
ALTUSDT,2024-03-13 08:00:00,0.00046669
ALTUSDT,2024-03-13 00:00:00,0.00048201
ALTUSDT,2024-03-12 16:00:00,0.0003674
ALTUSDT,2024-03-12 08:00:00,0.00055867
ALTUSDT,2024-03-12 00:00:00,0.00031066
ALTUSDT,2024-03-11 16:00:00,0.00060938
ALTUSDT,2024-03-11 08:00:00,0.00040185
ALTUSDT,2024-03-11 00:00:00,0.00046534
ALTUSDT,2024-03-10 16:00:00,0.00075748
ALTUSDT,2024-03-10 08:00:00,0.0008439
ALTUSDT,2024-03-10 00:00:00,0.00075647
ALTUSDT,2024-03-09 16:00:00,0.00077859
ALTUSDT,2024-03-09 08:00:00,0.0012377
ALTUSDT,2024-03-09 00:00:00,0.00085727
ALTUSDT,2024-03-08 16:00:00,0.00088222
ALTUSDT,2024-03-08 08:00:00,0.00092902
ALTUSDT,2024-03-08 00:00:00,0.00145357
ALTUSDT,2024-03-07 16:00:00,0.00114622
ALTUSDT,2024-03-07 08:00:00,0.00055838
ALTUSDT,2024-03-07 00:00:00,0.00039434
ALTUSDT,2024-03-06 16:00:00,0.00045062
ALTUSDT,2024-03-06 08:00:00,0.0001
ALTUSDT,2024-03-06 00:00:00,0.00025985
ALTUSDT,2024-03-05 16:00:00,0.00169645
ALTUSDT,2024-03-05 08:00:00,0.00151914
ALTUSDT,2024-03-05 00:00:00,0.00061967
ALTUSDT,2024-03-04 16:00:00,0.00086768
ALTUSDT,2024-03-04 08:00:00,0.00067564
ALTUSDT,2024-03-04 00:00:00,0.00053284
ALTUSDT,2024-03-03 16:00:00,0.00050398
ALTUSDT,2024-03-03 08:00:00,0.00100058
ALTUSDT,2024-03-03 00:00:00,0.0011255
ALTUSDT,2024-03-02 16:00:00,0.00094515
ALTUSDT,2024-03-02 08:00:00,0.00101205
ALTUSDT,2024-03-02 00:00:00,0.00083482
ALTUSDT,2024-03-01 16:00:00,0.00034898
ALTUSDT,2024-03-01 08:00:00,0.00042321
ALTUSDT,2024-03-01 00:00:00,0.0005035
ALTUSDT,2024-02-29 16:00:00,0.00067473
ALTUSDT,2024-02-29 08:00:00,0.00061224
ALTUSDT,2024-02-29 00:00:00,0.00027043
ALTUSDT,2024-02-28 16:00:00,0.00062685
ALTUSDT,2024-02-28 08:00:00,0.00040972
ALTUSDT,2024-02-28 00:00:00,0.00039631
ALTUSDT,2024-02-27 16:00:00,0.00054936
ALTUSDT,2024-02-27 08:00:00,0.00067656
ALTUSDT,2024-02-27 00:00:00,0.00076452
ALTUSDT,2024-02-26 16:00:00,0.00019115
ALTUSDT,2024-02-26 08:00:00,0.00052725
ALTUSDT,2024-02-26 00:00:00,0.00036619
ALTUSDT,2024-02-25 16:00:00,0.00014769
ALTUSDT,2024-02-25 08:00:00,0.00020734
ALTUSDT,2024-02-25 00:00:00,0.0001
ALTUSDT,2024-02-24 16:00:00,0.0001
ALTUSDT,2024-02-24 08:00:00,0.0001
ALTUSDT,2024-02-24 00:00:00,0.00017496
ALTUSDT,2024-02-23 16:00:00,0.00025096
ALTUSDT,2024-02-23 08:00:00,0.00049996
ALTUSDT,2024-02-23 00:00:00,0.00086162
ALTUSDT,2024-02-22 16:00:00,0.00076507
ALTUSDT,2024-02-22 08:00:00,0.0001
ALTUSDT,2024-02-22 00:00:00,0.0001
ALTUSDT,2024-02-21 16:00:00,0.0001
ALTUSDT,2024-02-21 08:00:00,0.00031845
ALTUSDT,2024-02-21 00:00:00,0.00033102
ALTUSDT,2024-02-20 16:00:00,0.00016312
ALTUSDT,2024-02-20 08:00:00,0.0001
ALTUSDT,2024-02-20 00:00:00,0.00064192
ALTUSDT,2024-02-19 16:00:00,0.00055748
ALTUSDT,2024-02-19 08:00:00,0.00029893
ALTUSDT,2024-02-19 00:00:00,0.00057638
STRKUSDT,2024-03-22 00:00:00,0.0001
STRKUSDT,2024-03-21 16:00:00,0.0002996
STRKUSDT,2024-03-21 08:00:00,0.00017204
STRKUSDT,2024-03-21 00:00:00,0.0001
STRKUSDT,2024-03-20 16:00:00,0.0001
STRKUSDT,2024-03-20 08:00:00,0.0001
STRKUSDT,2024-03-20 00:00:00,0.0001
STRKUSDT,2024-03-19 16:00:00,0.0001
STRKUSDT,2024-03-19 08:00:00,0.0001
STRKUSDT,2024-03-19 00:00:00,0.00020511
STRKUSDT,2024-03-18 16:00:00,0.00042105
STRKUSDT,2024-03-18 08:00:00,0.00022456
STRKUSDT,2024-03-18 00:00:00,0.00019967
STRKUSDT,2024-03-17 16:00:00,0.00019858
STRKUSDT,2024-03-17 08:00:00,0.00016167
STRKUSDT,2024-03-17 00:00:00,0.00014622
STRKUSDT,2024-03-16 16:00:00,0.00030864
STRKUSDT,2024-03-16 08:00:00,0.00044669
STRKUSDT,2024-03-16 00:00:00,0.00031523
STRKUSDT,2024-03-15 16:00:00,0.00035696
STRKUSDT,2024-03-15 08:00:00,0.00074098
STRKUSDT,2024-03-15 00:00:00,0.00083884
STRKUSDT,2024-03-14 16:00:00,0.00109429
STRKUSDT,2024-03-14 08:00:00,0.00117161
STRKUSDT,2024-03-14 00:00:00,0.00082078
STRKUSDT,2024-03-13 16:00:00,0.00096115
STRKUSDT,2024-03-13 08:00:00,0.00115014
STRKUSDT,2024-03-13 00:00:00,0.00073378
STRKUSDT,2024-03-12 16:00:00,0.00085039
STRKUSDT,2024-03-12 08:00:00,0.00047152
STRKUSDT,2024-03-12 00:00:00,0.00065434
STRKUSDT,2024-03-11 16:00:00,0.00049484
STRKUSDT,2024-03-11 08:00:00,0.00040402
STRKUSDT,2024-03-11 00:00:00,0.00050651
STRKUSDT,2024-03-10 16:00:00,0.00053361
STRKUSDT,2024-03-10 08:00:00,0.00085072
STRKUSDT,2024-03-10 00:00:00,0.00088422
STRKUSDT,2024-03-09 16:00:00,0.00107699
STRKUSDT,2024-03-09 08:00:00,0.00075219
STRKUSDT,2024-03-09 00:00:00,0.00048671
STRKUSDT,2024-03-08 16:00:00,0.0006866
STRKUSDT,2024-03-08 08:00:00,0.00093003
STRKUSDT,2024-03-08 00:00:00,0.00069977
STRKUSDT,2024-03-07 16:00:00,0.00037669
STRKUSDT,2024-03-07 08:00:00,0.00049687
STRKUSDT,2024-03-07 00:00:00,0.00048219
STRKUSDT,2024-03-06 16:00:00,0.00053557
STRKUSDT,2024-03-06 08:00:00,0.00021399
STRKUSDT,2024-03-06 00:00:00,0.0001
STRKUSDT,2024-03-05 16:00:00,0.00087869
STRKUSDT,2024-03-05 08:00:00,0.00112309
STRKUSDT,2024-03-05 00:00:00,0.00103686
STRKUSDT,2024-03-04 16:00:00,0.00122184
STRKUSDT,2024-03-04 08:00:00,0.00115942
STRKUSDT,2024-03-04 00:00:00,0.00102377
STRKUSDT,2024-03-03 16:00:00,0.00102578
STRKUSDT,2024-03-03 08:00:00,0.00106237
STRKUSDT,2024-03-03 00:00:00,0.00129891
STRKUSDT,2024-03-02 16:00:00,0.00144763
STRKUSDT,2024-03-02 08:00:00,0.00133189
STRKUSDT,2024-03-02 00:00:00,0.00094542
STRKUSDT,2024-03-01 16:00:00,0.00092622
STRKUSDT,2024-03-01 08:00:00,0.0008783
STRKUSDT,2024-03-01 00:00:00,0.00087996
STRKUSDT,2024-02-29 16:00:00,0.00113922
STRKUSDT,2024-02-29 08:00:00,0.00095723
STRKUSDT,2024-02-29 00:00:00,0.0004539
STRKUSDT,2024-02-28 16:00:00,0.00114671
STRKUSDT,2024-02-28 08:00:00,0.00090486
STRKUSDT,2024-02-28 00:00:00,0.000696
STRKUSDT,2024-02-27 16:00:00,0.00052028
STRKUSDT,2024-02-27 08:00:00,0.00093717
STRKUSDT,2024-02-27 00:00:00,0.00072739
STRKUSDT,2024-02-26 16:00:00,0.00080281
STRKUSDT,2024-02-26 08:00:00,0.00088451
STRKUSDT,2024-02-26 00:00:00,0.00071213
STRKUSDT,2024-02-25 16:00:00,0.0012392
STRKUSDT,2024-02-25 08:00:00,0.00104964
STRKUSDT,2024-02-25 00:00:00,0.00080733
STRKUSDT,2024-02-24 16:00:00,0.0008433
STRKUSDT,2024-02-24 08:00:00,0.00042434
STRKUSDT,2024-02-24 00:00:00,0.00049878
STRKUSDT,2024-02-23 16:00:00,0.00086113
STRKUSDT,2024-02-23 08:00:00,0.00092932
STRKUSDT,2024-02-23 00:00:00,0.00133797
STRKUSDT,2024-02-22 16:00:00,0.00116392
STRKUSDT,2024-02-22 08:00:00,0.00052021
STRKUSDT,2024-02-22 00:00:00,0.0001
STRKUSDT,2024-02-21 16:00:00,0.00078459
STRKUSDT,2024-02-21 08:00:00,0.0003265
STRKUSDT,2024-02-21 00:00:00,0.0001
STRKUSDT,2024-02-20 16:00:00,-0.00321546
STRKUSDT,2024-02-20 08:00:00,0.0001
PORTALUSDT,2024-03-31 00:00:00,0.00080271
PORTALUSDT,2024-03-30 16:00:00,0.00098437
PORTALUSDT,2024-03-30 08:00:00,0.00064151
PORTALUSDT,2024-03-30 00:00:00,0.00063051
PORTALUSDT,2024-03-29 16:00:00,0.00071701
PORTALUSDT,2024-03-29 08:00:00,0.0008987
PORTALUSDT,2024-03-29 00:00:00,0.00081627
PORTALUSDT,2024-03-28 16:00:00,0.00064183
PORTALUSDT,2024-03-28 08:00:00,0.00053333
PORTALUSDT,2024-03-28 00:00:00,0.000672
PORTALUSDT,2024-03-27 16:00:00,0.0004712
PORTALUSDT,2024-03-27 08:00:00,0.00046597
PORTALUSDT,2024-03-27 00:00:00,0.00105663
PORTALUSDT,2024-03-26 16:00:00,0.00068346
PORTALUSDT,2024-03-26 08:00:00,0.00067833
PORTALUSDT,2024-03-26 00:00:00,0.00036547
PORTALUSDT,2024-03-25 16:00:00,0.00040232
PORTALUSDT,2024-03-25 08:00:00,0.00043392
PORTALUSDT,2024-03-25 00:00:00,0.0003394
PORTALUSDT,2024-03-24 16:00:00,0.00015573
PORTALUSDT,2024-03-24 08:00:00,0.00022519
PORTALUSDT,2024-03-24 00:00:00,0.00011146
PORTALUSDT,2024-03-23 16:00:00,0.00027471
PORTALUSDT,2024-03-23 08:00:00,0.0001
PORTALUSDT,2024-03-23 00:00:00,0.0001
PORTALUSDT,2024-03-22 16:00:00,0.0001
PORTALUSDT,2024-03-22 08:00:00,0.00019292
PORTALUSDT,2024-03-22 00:00:00,0.00017056
PORTALUSDT,2024-03-21 16:00:00,0.00012374
PORTALUSDT,2024-03-21 08:00:00,0.00018038
PORTALUSDT,2024-03-21 00:00:00,0.00011821
PORTALUSDT,2024-03-20 16:00:00,0.0001
PORTALUSDT,2024-03-20 08:00:00,0.0001
PORTALUSDT,2024-03-20 00:00:00,0.0001
PORTALUSDT,2024-03-19 16:00:00,0.0001
PORTALUSDT,2024-03-19 08:00:00,0.0001
PORTALUSDT,2024-03-19 00:00:00,0.0001
PORTALUSDT,2024-03-18 16:00:00,0.0001
PORTALUSDT,2024-03-18 08:00:00,0.00036954
PORTALUSDT,2024-03-18 00:00:00,0.00049196
PORTALUSDT,2024-03-17 16:00:00,0.00053409
PORTALUSDT,2024-03-17 08:00:00,0.00013603
PORTALUSDT,2024-03-17 00:00:00,0.00021617
PORTALUSDT,2024-03-16 16:00:00,0.00028146
PORTALUSDT,2024-03-16 08:00:00,0.00050903
PORTALUSDT,2024-03-16 00:00:00,0.00041805
PORTALUSDT,2024-03-15 16:00:00,0.00051987
PORTALUSDT,2024-03-15 08:00:00,0.00077119
PORTALUSDT,2024-03-15 00:00:00,0.00129815
PORTALUSDT,2024-03-14 16:00:00,0.00117731
PORTALUSDT,2024-03-14 08:00:00,0.00168449
PORTALUSDT,2024-03-14 00:00:00,0.00130607
PORTALUSDT,2024-03-13 16:00:00,0.00157855
PORTALUSDT,2024-03-13 08:00:00,0.00115441
PORTALUSDT,2024-03-13 00:00:00,0.00095772
PORTALUSDT,2024-03-12 16:00:00,0.00073214
PORTALUSDT,2024-03-12 08:00:00,0.00094476
PORTALUSDT,2024-03-12 00:00:00,0.00102853
PORTALUSDT,2024-03-11 16:00:00,0.00107666
PORTALUSDT,2024-03-11 08:00:00,0.0010235
PORTALUSDT,2024-03-11 00:00:00,0.00097079
PORTALUSDT,2024-03-10 16:00:00,0.00106568
PORTALUSDT,2024-03-10 08:00:00,0.00126578
PORTALUSDT,2024-03-10 00:00:00,0.00165851
PORTALUSDT,2024-03-09 16:00:00,0.00219787
PORTALUSDT,2024-03-09 08:00:00,0.00174624
PORTALUSDT,2024-03-09 00:00:00,0.00085243
PORTALUSDT,2024-03-08 16:00:00,0.0009248
PORTALUSDT,2024-03-08 08:00:00,0.00122257
PORTALUSDT,2024-03-08 00:00:00,0.00118372
PORTALUSDT,2024-03-07 16:00:00,0.00081363
PORTALUSDT,2024-03-07 08:00:00,0.00055001
PORTALUSDT,2024-03-07 00:00:00,0.00056073
PORTALUSDT,2024-03-06 16:00:00,0.00033012
PORTALUSDT,2024-03-06 08:00:00,0.0001
PORTALUSDT,2024-03-06 00:00:00,0.0001
PORTALUSDT,2024-03-05 16:00:00,0.00249683
PORTALUSDT,2024-03-05 08:00:00,0.00205058
PORTALUSDT,2024-03-05 00:00:00,0.00135983
PORTALUSDT,2024-03-04 16:00:00,0.00187347
PORTALUSDT,2024-03-04 08:00:00,0.00165006
PORTALUSDT,2024-03-04 00:00:00,0.00178312
PORTALUSDT,2024-03-03 16:00:00,0.00117669
PORTALUSDT,2024-03-03 08:00:00,0.00163455
PORTALUSDT,2024-03-03 00:00:00,0.00175417
PORTALUSDT,2024-03-02 16:00:00,0.00154016
PORTALUSDT,2024-03-02 08:00:00,0.00163254
PORTALUSDT,2024-03-02 00:00:00,0.00196111
PORTALUSDT,2024-03-01 16:00:00,0.00130473
PORTALUSDT,2024-03-01 08:00:00,0.00054089
PORTALUSDT,2024-03-01 00:00:00,0.0001
AEVOUSDT,2024-04-13 00:00:00,-0.00230743
AEVOUSDT,2024-04-12 16:00:00,0.0001
AEVOUSDT,2024-04-12 08:00:00,-0.00034459
AEVOUSDT,2024-04-12 00:00:00,-0.00024825
AEVOUSDT,2024-04-11 16:00:00,0.0001
AEVOUSDT,2024-04-11 08:00:00,-0.00001471
AEVOUSDT,2024-04-11 00:00:00,-0.00094985
AEVOUSDT,2024-04-10 16:00:00,-0.00035267
AEVOUSDT,2024-04-10 08:00:00,-0.00095848
AEVOUSDT,2024-04-10 00:00:00,-0.00039819
AEVOUSDT,2024-04-09 16:00:00,0.00004519
AEVOUSDT,2024-04-09 08:00:00,0.0001
AEVOUSDT,2024-04-09 00:00:00,0.00015342
AEVOUSDT,2024-04-08 16:00:00,0.0001
AEVOUSDT,2024-04-08 08:00:00,0.0001
AEVOUSDT,2024-04-08 00:00:00,0.0001
AEVOUSDT,2024-04-07 16:00:00,0.0001
AEVOUSDT,2024-04-07 08:00:00,0.0001
AEVOUSDT,2024-04-07 00:00:00,0.0001
AEVOUSDT,2024-04-06 16:00:00,0.0001
AEVOUSDT,2024-04-06 08:00:00,0.0001
AEVOUSDT,2024-04-06 00:00:00,0.0001
AEVOUSDT,2024-04-05 16:00:00,-0.0000954
AEVOUSDT,2024-04-05 08:00:00,0.00002017
AEVOUSDT,2024-04-05 00:00:00,-0.00012142
AEVOUSDT,2024-04-04 16:00:00,-0.00095794
AEVOUSDT,2024-04-04 08:00:00,-0.0009971
AEVOUSDT,2024-04-04 00:00:00,-0.00106193
AEVOUSDT,2024-04-03 16:00:00,-0.00160956
AEVOUSDT,2024-04-03 08:00:00,-0.0014696
AEVOUSDT,2024-04-03 00:00:00,-0.00051219
AEVOUSDT,2024-04-02 16:00:00,-0.00077988
AEVOUSDT,2024-04-02 08:00:00,-0.00168558
AEVOUSDT,2024-04-02 00:00:00,-0.00083036
AEVOUSDT,2024-04-01 16:00:00,0.0001
AEVOUSDT,2024-04-01 08:00:00,0.0001
AEVOUSDT,2024-04-01 00:00:00,0.0002954
AEVOUSDT,2024-03-31 16:00:00,0.0001629
AEVOUSDT,2024-03-31 08:00:00,0.00011713
AEVOUSDT,2024-03-31 00:00:00,0.00031595
AEVOUSDT,2024-03-30 16:00:00,0.00039484
AEVOUSDT,2024-03-30 08:00:00,0.00029984
AEVOUSDT,2024-03-30 00:00:00,0.00022355
AEVOUSDT,2024-03-29 16:00:00,0.00011093
AEVOUSDT,2024-03-29 08:00:00,0.0001
AEVOUSDT,2024-03-29 00:00:00,0.00015073
AEVOUSDT,2024-03-28 16:00:00,0.0001
AEVOUSDT,2024-03-28 08:00:00,-0.00062851
AEVOUSDT,2024-03-28 00:00:00,-0.00704025
AEVOUSDT,2024-03-27 16:00:00,-0.00514225
AEVOUSDT,2024-03-27 08:00:00,-0.00533541
AEVOUSDT,2024-03-27 00:00:00,0.0001
AEVOUSDT,2024-03-26 16:00:00,-0.00062646
AEVOUSDT,2024-03-26 08:00:00,-0.00123653
AEVOUSDT,2024-03-26 00:00:00,-0.00013316
AEVOUSDT,2024-03-25 16:00:00,-0.00050291
AEVOUSDT,2024-03-25 08:00:00,-0.00065374
AEVOUSDT,2024-03-25 00:00:00,-0.00014656
AEVOUSDT,2024-03-24 16:00:00,-0.00068214
AEVOUSDT,2024-03-24 08:00:00,-0.00025818
AEVOUSDT,2024-03-24 00:00:00,-0.00052364
AEVOUSDT,2024-03-23 16:00:00,-0.00026267
AEVOUSDT,2024-03-23 08:00:00,-0.00052583
AEVOUSDT,2024-03-23 00:00:00,-0.00050432
AEVOUSDT,2024-03-22 16:00:00,-0.00079786
AEVOUSDT,2024-03-22 08:00:00,-0.00064448
AEVOUSDT,2024-03-22 00:00:00,-0.00042167
AEVOUSDT,2024-03-21 16:00:00,-0.00067681
AEVOUSDT,2024-03-21 08:00:00,-0.00290421
AEVOUSDT,2024-03-21 00:00:00,-0.00493688
AEVOUSDT,2024-03-20 16:00:00,-0.00562431
AEVOUSDT,2024-03-20 08:00:00,-0.00122432
AEVOUSDT,2024-03-20 00:00:00,-0.00110768
AEVOUSDT,2024-03-19 16:00:00,-0.00166988
AEVOUSDT,2024-03-19 08:00:00,-0.00090898
AEVOUSDT,2024-03-19 00:00:00,-0.003546
AEVOUSDT,2024-03-18 16:00:00,-0.00116646
AEVOUSDT,2024-03-18 08:00:00,-0.00032857
AEVOUSDT,2024-03-18 00:00:00,0.0001
AEVOUSDT,2024-03-17 16:00:00,-0.00066823
AEVOUSDT,2024-03-17 08:00:00,-0.00026623
AEVOUSDT,2024-03-17 00:00:00,-0.00051704
AEVOUSDT,2024-03-16 16:00:00,0.0001
AEVOUSDT,2024-03-16 08:00:00,-0.00062533
AEVOUSDT,2024-03-16 00:00:00,-0.00025153
AEVOUSDT,2024-03-15 16:00:00,-0.00007238
AEVOUSDT,2024-03-15 08:00:00,-0.00176988
AEVOUSDT,2024-03-15 00:00:00,-0.00026578
AEVOUSDT,2024-03-14 16:00:00,-0.00104845
AEVOUSDT,2024-03-14 08:00:00,-0.0008429
AEVOUSDT,2024-03-14 00:00:00,-0.00240228
AEVOUSDT,2024-03-13 16:00:00,-0.00574803
AEVOUSDT,2024-03-13 08:00:00,0.0001
BOMEUSDT,2024-04-16 00:00:00,0.0001
BOMEUSDT,2024-04-15 16:00:00,0.0001
BOMEUSDT,2024-04-15 08:00:00,0.00006445
BOMEUSDT,2024-04-15 00:00:00,0.00001135
BOMEUSDT,2024-04-14 16:00:00,-0.0000658
BOMEUSDT,2024-04-14 08:00:00,0.0001
BOMEUSDT,2024-04-14 00:00:00,0.0001
BOMEUSDT,2024-04-13 16:00:00,0.0001
BOMEUSDT,2024-04-13 08:00:00,0.0001
BOMEUSDT,2024-04-13 00:00:00,0.0001
BOMEUSDT,2024-04-12 16:00:00,0.00019328
BOMEUSDT,2024-04-12 08:00:00,0.00027152
BOMEUSDT,2024-04-12 00:00:00,0.00027911
BOMEUSDT,2024-04-11 16:00:00,0.00024247
BOMEUSDT,2024-04-11 08:00:00,0.0002294
BOMEUSDT,2024-04-11 00:00:00,0.0003301
BOMEUSDT,2024-04-10 16:00:00,0.00020205
BOMEUSDT,2024-04-10 08:00:00,0.0001931
BOMEUSDT,2024-04-10 00:00:00,0.00026804
BOMEUSDT,2024-04-09 16:00:00,0.00034487
BOMEUSDT,2024-04-09 08:00:00,0.0003988
BOMEUSDT,2024-04-09 00:00:00,0.00033374
BOMEUSDT,2024-04-08 16:00:00,0.00037426
BOMEUSDT,2024-04-08 08:00:00,0.00013694
BOMEUSDT,2024-04-08 00:00:00,0.00028637
BOMEUSDT,2024-04-07 16:00:00,0.00023861
BOMEUSDT,2024-04-07 08:00:00,0.00028674
BOMEUSDT,2024-04-07 00:00:00,0.0001
BOMEUSDT,2024-04-06 16:00:00,0.00017665
BOMEUSDT,2024-04-06 08:00:00,0.0001
BOMEUSDT,2024-04-06 00:00:00,0.0001
BOMEUSDT,2024-04-05 16:00:00,0.0001
BOMEUSDT,2024-04-05 08:00:00,0.00016772
BOMEUSDT,2024-04-05 00:00:00,0.0002293
BOMEUSDT,2024-04-04 16:00:00,0.00016192
BOMEUSDT,2024-04-04 08:00:00,0.00018947
BOMEUSDT,2024-04-04 00:00:00,0.00027812
BOMEUSDT,2024-04-03 16:00:00,0.00045045
BOMEUSDT,2024-04-03 08:00:00,0.00021483
BOMEUSDT,2024-04-03 00:00:00,0.00018959
BOMEUSDT,2024-04-02 16:00:00,0.00023278
BOMEUSDT,2024-04-02 08:00:00,0.00022166
BOMEUSDT,2024-04-02 00:00:00,0.00027839
BOMEUSDT,2024-04-01 16:00:00,0.00043496
BOMEUSDT,2024-04-01 08:00:00,0.00066527
BOMEUSDT,2024-04-01 00:00:00,0.00121968
BOMEUSDT,2024-03-31 16:00:00,0.00094538
BOMEUSDT,2024-03-31 08:00:00,0.00065479
BOMEUSDT,2024-03-31 00:00:00,0.00121178
BOMEUSDT,2024-03-30 16:00:00,0.00132808
BOMEUSDT,2024-03-30 08:00:00,0.00076858
BOMEUSDT,2024-03-30 00:00:00,0.00091431
BOMEUSDT,2024-03-29 16:00:00,0.00065193
BOMEUSDT,2024-03-29 08:00:00,0.00078123
BOMEUSDT,2024-03-29 00:00:00,0.00068486
BOMEUSDT,2024-03-28 16:00:00,0.00049588
BOMEUSDT,2024-03-28 08:00:00,0.00044023
BOMEUSDT,2024-03-28 00:00:00,0.00047963
BOMEUSDT,2024-03-27 16:00:00,0.00045688
BOMEUSDT,2024-03-27 08:00:00,0.00070916
BOMEUSDT,2024-03-27 00:00:00,0.00064013
BOMEUSDT,2024-03-26 16:00:00,0.00061105
BOMEUSDT,2024-03-26 08:00:00,0.00045622
BOMEUSDT,2024-03-26 00:00:00,0.00057988
BOMEUSDT,2024-03-25 16:00:00,0.00035869
BOMEUSDT,2024-03-25 08:00:00,0.00041538
BOMEUSDT,2024-03-25 00:00:00,0.00031493
BOMEUSDT,2024-03-24 16:00:00,0.00021688
BOMEUSDT,2024-03-24 08:00:00,0.00029987
BOMEUSDT,2024-03-24 00:00:00,0.00024374
BOMEUSDT,2024-03-23 16:00:00,0.00016662
BOMEUSDT,2024-03-23 08:00:00,0.0001
BOMEUSDT,2024-03-23 00:00:00,0.0001
BOMEUSDT,2024-03-22 16:00:00,0.00013726
BOMEUSDT,2024-03-22 08:00:00,0.00021075
BOMEUSDT,2024-03-22 00:00:00,0.00011896
BOMEUSDT,2024-03-21 16:00:00,0.00018776
BOMEUSDT,2024-03-21 08:00:00,0.00010671
BOMEUSDT,2024-03-21 00:00:00,0.00022692
BOMEUSDT,2024-03-20 16:00:00,0.0001
BOMEUSDT,2024-03-20 08:00:00,0.0001
BOMEUSDT,2024-03-20 00:00:00,0.0001
BOMEUSDT,2024-03-19 16:00:00,0.0001
BOMEUSDT,2024-03-19 08:00:00,0.0001
BOMEUSDT,2024-03-19 00:00:00,0.00048343
BOMEUSDT,2024-03-18 16:00:00,0.00137756
BOMEUSDT,2024-03-18 08:00:00,0.00097291
BOMEUSDT,2024-03-18 00:00:00,0.00141811
BOMEUSDT,2024-03-17 16:00:00,0.0010581
BOMEUSDT,2024-03-17 08:00:00,0.00058327
BOMEUSDT,2024-03-17 00:00:00,0.00066218
BOMEUSDT,2024-03-16 16:00:00,0.00042002
BOMEUSDT,2024-03-16 08:00:00,0.00235563
BOMEUSDT,2024-03-16 00:00:00,0.00251125
ETHFIUSDT,2024-04-18 00:00:00,0.0001
ETHFIUSDT,2024-04-17 16:00:00,0.0001
ETHFIUSDT,2024-04-17 08:00:00,0.0000475
ETHFIUSDT,2024-04-17 00:00:00,0.0001
ETHFIUSDT,2024-04-16 16:00:00,0.0001
ETHFIUSDT,2024-04-16 08:00:00,-0.00026031
ETHFIUSDT,2024-04-16 00:00:00,-0.00063363
ETHFIUSDT,2024-04-15 16:00:00,-0.00014209
ETHFIUSDT,2024-04-15 08:00:00,-0.00099499
ETHFIUSDT,2024-04-15 00:00:00,-0.001033
ETHFIUSDT,2024-04-14 16:00:00,0.0001
ETHFIUSDT,2024-04-14 08:00:00,-0.00038727
ETHFIUSDT,2024-04-14 00:00:00,-0.0011291
ETHFIUSDT,2024-04-13 16:00:00,0.00004073
ETHFIUSDT,2024-04-13 08:00:00,-0.0000168
ETHFIUSDT,2024-04-13 00:00:00,-0.00068884
ETHFIUSDT,2024-04-12 16:00:00,0.00024236
ETHFIUSDT,2024-04-12 08:00:00,0.0001
ETHFIUSDT,2024-04-12 00:00:00,0.00026665
ETHFIUSDT,2024-04-11 16:00:00,0.0001
ETHFIUSDT,2024-04-11 08:00:00,0.0001
ETHFIUSDT,2024-04-11 00:00:00,0.0001
ETHFIUSDT,2024-04-10 16:00:00,0.0001
ETHFIUSDT,2024-04-10 08:00:00,0.0001
ETHFIUSDT,2024-04-10 00:00:00,0.0003319
ETHFIUSDT,2024-04-09 16:00:00,0.00018074
ETHFIUSDT,2024-04-09 08:00:00,0.0001
ETHFIUSDT,2024-04-09 00:00:00,0.0001
ETHFIUSDT,2024-04-08 16:00:00,0.0001
ETHFIUSDT,2024-04-08 08:00:00,0.0001
ETHFIUSDT,2024-04-08 00:00:00,0.0001
ETHFIUSDT,2024-04-07 16:00:00,0.0001
ETHFIUSDT,2024-04-07 08:00:00,0.0001
ETHFIUSDT,2024-04-07 00:00:00,0.0001
ETHFIUSDT,2024-04-06 16:00:00,0.0001
ETHFIUSDT,2024-04-06 08:00:00,0.0001
ETHFIUSDT,2024-04-06 00:00:00,0.00016439
ETHFIUSDT,2024-04-05 16:00:00,0.0001
ETHFIUSDT,2024-04-05 08:00:00,0.0001
ETHFIUSDT,2024-04-05 00:00:00,0.00015672
ETHFIUSDT,2024-04-04 16:00:00,0.0001
ETHFIUSDT,2024-04-04 08:00:00,0.00022005
ETHFIUSDT,2024-04-04 00:00:00,0.00022232
ETHFIUSDT,2024-04-03 16:00:00,0.00017947
ETHFIUSDT,2024-04-03 08:00:00,0.0001
ETHFIUSDT,2024-04-03 00:00:00,0.0001
ETHFIUSDT,2024-04-02 16:00:00,0.0001
ETHFIUSDT,2024-04-02 08:00:00,0.0001
ETHFIUSDT,2024-04-02 00:00:00,0.0001
ETHFIUSDT,2024-04-01 16:00:00,0.00032333
ETHFIUSDT,2024-04-01 08:00:00,0.0001
ETHFIUSDT,2024-04-01 00:00:00,0.00076232
ETHFIUSDT,2024-03-31 16:00:00,0.00038151
ETHFIUSDT,2024-03-31 08:00:00,0.00043317
ETHFIUSDT,2024-03-31 00:00:00,0.0006101
ETHFIUSDT,2024-03-30 16:00:00,0.00059946
ETHFIUSDT,2024-03-30 08:00:00,0.00057793
ETHFIUSDT,2024-03-30 00:00:00,0.00058494
ETHFIUSDT,2024-03-29 16:00:00,0.00059302
ETHFIUSDT,2024-03-29 08:00:00,0.00054283
ETHFIUSDT,2024-03-29 00:00:00,0.00089364
ETHFIUSDT,2024-03-28 16:00:00,0.00047333
ETHFIUSDT,2024-03-28 08:00:00,0.0001
ETHFIUSDT,2024-03-28 00:00:00,0.0001
ETHFIUSDT,2024-03-27 16:00:00,0.0001
ETHFIUSDT,2024-03-27 08:00:00,0.0001
ETHFIUSDT,2024-03-27 00:00:00,0.0001
ETHFIUSDT,2024-03-26 16:00:00,0.0001
ETHFIUSDT,2024-03-26 08:00:00,0.0001
ETHFIUSDT,2024-03-26 00:00:00,0.0001
ETHFIUSDT,2024-03-25 16:00:00,0.0001
ETHFIUSDT,2024-03-25 08:00:00,0.0001
ETHFIUSDT,2024-03-25 00:00:00,0.0001
ETHFIUSDT,2024-03-24 16:00:00,0.0001
ETHFIUSDT,2024-03-24 08:00:00,0.0001
ETHFIUSDT,2024-03-24 00:00:00,0.0001
ETHFIUSDT,2024-03-23 16:00:00,0.0001
ETHFIUSDT,2024-03-23 08:00:00,0.0001
ETHFIUSDT,2024-03-23 00:00:00,0.0001
ETHFIUSDT,2024-03-22 16:00:00,0.0001
ETHFIUSDT,2024-03-22 08:00:00,0.0001
ETHFIUSDT,2024-03-22 00:00:00,0.0001
ETHFIUSDT,2024-03-21 16:00:00,0.0001
ETHFIUSDT,2024-03-21 08:00:00,0.0001
ETHFIUSDT,2024-03-21 00:00:00,0.00015497
ETHFIUSDT,2024-03-20 16:00:00,0.0001
ETHFIUSDT,2024-03-20 08:00:00,0.0001
ETHFIUSDT,2024-03-20 00:00:00,0.0001
ETHFIUSDT,2024-03-19 16:00:00,0.0001
ETHFIUSDT,2024-03-19 08:00:00,-0.00015932
ETHFIUSDT,2024-03-19 00:00:00,0.00009455
ETHFIUSDT,2024-03-18 16:00:00,0.0001
ETHFIUSDT,2024-03-18 08:00:00,0.0001
ENAUSDT,2024-05-03 00:00:00,0.00007823
ENAUSDT,2024-05-02 16:00:00,0.0001
ENAUSDT,2024-05-02 08:00:00,-0.00021112
ENAUSDT,2024-05-02 00:00:00,-0.00008435
ENAUSDT,2024-05-01 16:00:00,-0.0002859
ENAUSDT,2024-05-01 08:00:00,-0.00019282
ENAUSDT,2024-05-01 00:00:00,-0.0003609
ENAUSDT,2024-04-30 16:00:00,-0.00035278
ENAUSDT,2024-04-30 08:00:00,0.0000017
ENAUSDT,2024-04-30 00:00:00,-0.00004941
ENAUSDT,2024-04-29 16:00:00,-0.00041929
ENAUSDT,2024-04-29 08:00:00,0.00002312
ENAUSDT,2024-04-29 00:00:00,0.0001
ENAUSDT,2024-04-28 16:00:00,-0.00028257
ENAUSDT,2024-04-28 08:00:00,-0.00052901
ENAUSDT,2024-04-28 00:00:00,-0.00040196
ENAUSDT,2024-04-27 16:00:00,-0.00026514
ENAUSDT,2024-04-27 08:00:00,-0.00023948
ENAUSDT,2024-04-27 00:00:00,-0.00025588
ENAUSDT,2024-04-26 16:00:00,-0.00014702
ENAUSDT,2024-04-26 08:00:00,0.00007198
ENAUSDT,2024-04-26 00:00:00,-0.00005101
ENAUSDT,2024-04-25 16:00:00,0.0001
ENAUSDT,2024-04-25 08:00:00,0.00004872
ENAUSDT,2024-04-25 00:00:00,0.0001
ENAUSDT,2024-04-24 16:00:00,0.0001
ENAUSDT,2024-04-24 08:00:00,0.0001
ENAUSDT,2024-04-24 00:00:00,0.00008901
ENAUSDT,2024-04-23 16:00:00,-0.00003098
ENAUSDT,2024-04-23 08:00:00,-0.00046503
ENAUSDT,2024-04-23 00:00:00,-0.00036643
ENAUSDT,2024-04-22 16:00:00,-0.00026557
ENAUSDT,2024-04-22 08:00:00,0.00000223
ENAUSDT,2024-04-22 00:00:00,0.0001
ENAUSDT,2024-04-21 16:00:00,-0.00009675
ENAUSDT,2024-04-21 08:00:00,0.00003716
ENAUSDT,2024-04-21 00:00:00,0.0001
ENAUSDT,2024-04-20 16:00:00,-0.00023579
ENAUSDT,2024-04-20 08:00:00,-0.00016841
ENAUSDT,2024-04-20 00:00:00,0.0001
ENAUSDT,2024-04-19 16:00:00,0.0001
ENAUSDT,2024-04-19 08:00:00,0.0001
ENAUSDT,2024-04-19 00:00:00,0.00008451
ENAUSDT,2024-04-18 16:00:00,0.0001
ENAUSDT,2024-04-18 08:00:00,-0.00056008
ENAUSDT,2024-04-18 00:00:00,-0.00044074
ENAUSDT,2024-04-17 16:00:00,0.00002096
ENAUSDT,2024-04-17 08:00:00,-0.00124948
ENAUSDT,2024-04-17 00:00:00,-0.00073132
ENAUSDT,2024-04-16 16:00:00,-0.00040492
ENAUSDT,2024-04-16 08:00:00,-0.00034359
ENAUSDT,2024-04-16 00:00:00,-0.00006906
ENAUSDT,2024-04-15 16:00:00,-0.00038164
ENAUSDT,2024-04-15 08:00:00,-0.0002359
ENAUSDT,2024-04-15 00:00:00,0.0001
ENAUSDT,2024-04-14 16:00:00,0.0001
ENAUSDT,2024-04-14 08:00:00,0.00002161
ENAUSDT,2024-04-14 00:00:00,0.0001
ENAUSDT,2024-04-13 16:00:00,0.0001
ENAUSDT,2024-04-13 08:00:00,0.0001
ENAUSDT,2024-04-13 00:00:00,0.0001
ENAUSDT,2024-04-12 16:00:00,0.00090241
ENAUSDT,2024-04-12 08:00:00,0.00024327
ENAUSDT,2024-04-12 00:00:00,0.00040216
ENAUSDT,2024-04-11 16:00:00,0.00023536
ENAUSDT,2024-04-11 08:00:00,0.00044727
ENAUSDT,2024-04-11 00:00:00,-0.00023031
ENAUSDT,2024-04-10 16:00:00,0.0001
ENAUSDT,2024-04-10 08:00:00,0.0001
ENAUSDT,2024-04-10 00:00:00,0.0001
ENAUSDT,2024-04-09 16:00:00,0.00047257
ENAUSDT,2024-04-09 08:00:00,0.00039881
ENAUSDT,2024-04-09 00:00:00,0.0005054
ENAUSDT,2024-04-08 16:00:00,0.00063725
ENAUSDT,2024-04-08 08:00:00,0.00021191
ENAUSDT,2024-04-08 00:00:00,0.0001
ENAUSDT,2024-04-07 16:00:00,0.0001
ENAUSDT,2024-04-07 08:00:00,0.0001
ENAUSDT,2024-04-07 00:00:00,0.0001
ENAUSDT,2024-04-06 16:00:00,-0.00032273
ENAUSDT,2024-04-06 08:00:00,-0.00097856
ENAUSDT,2024-04-06 00:00:00,-0.00107748
ENAUSDT,2024-04-05 16:00:00,-0.0005728
ENAUSDT,2024-04-05 08:00:00,-0.00080941
ENAUSDT,2024-04-05 00:00:00,0.0001
ENAUSDT,2024-04-04 16:00:00,0.0001
ENAUSDT,2024-04-04 08:00:00,0.00016147
ENAUSDT,2024-04-04 00:00:00,0.0001
ENAUSDT,2024-04-03 16:00:00,-0.00056359
ENAUSDT,2024-04-03 08:00:00,0.0001
ENAUSDT,2024-04-03 00:00:00,0.0001
ENAUSDT,2024-04-02 16:00:00,0.00030575
ENAUSDT,2024-04-02 08:00:00,0.0001
WUSDT,2024-05-04 00:00:00,0.0001
WUSDT,2024-05-03 16:00:00,0.0001
WUSDT,2024-05-03 08:00:00,0.0001
WUSDT,2024-05-03 00:00:00,0.0001
WUSDT,2024-05-02 16:00:00,0.0001
WUSDT,2024-05-02 08:00:00,0.0001
WUSDT,2024-05-02 00:00:00,0.0001
WUSDT,2024-05-01 16:00:00,0.0001
WUSDT,2024-05-01 08:00:00,0.0000553
WUSDT,2024-05-01 00:00:00,-0.0001474
WUSDT,2024-04-30 16:00:00,0.0001
WUSDT,2024-04-30 08:00:00,0.0001
WUSDT,2024-04-30 00:00:00,0.0001
WUSDT,2024-04-29 16:00:00,-0.0000837
WUSDT,2024-04-29 08:00:00,0.00006975
WUSDT,2024-04-29 00:00:00,0.0001
WUSDT,2024-04-28 16:00:00,0.00009511
WUSDT,2024-04-28 08:00:00,0.0001
WUSDT,2024-04-28 00:00:00,0.0001
WUSDT,2024-04-27 16:00:00,0.0000158
WUSDT,2024-04-27 08:00:00,0.0001
WUSDT,2024-04-27 00:00:00,0.00008574
WUSDT,2024-04-26 16:00:00,0.00009384
WUSDT,2024-04-26 08:00:00,0.0001
WUSDT,2024-04-26 00:00:00,0.0001
WUSDT,2024-04-25 16:00:00,0.0001
WUSDT,2024-04-25 08:00:00,0.0001
WUSDT,2024-04-25 00:00:00,0.0001
WUSDT,2024-04-24 16:00:00,0.0001
WUSDT,2024-04-24 08:00:00,0.0001
WUSDT,2024-04-24 00:00:00,0.0001
WUSDT,2024-04-23 16:00:00,0.0001
WUSDT,2024-04-23 08:00:00,0.0001
WUSDT,2024-04-23 00:00:00,0.0001
WUSDT,2024-04-22 16:00:00,0.0001
WUSDT,2024-04-22 08:00:00,0.0001
WUSDT,2024-04-22 00:00:00,0.0001
WUSDT,2024-04-21 16:00:00,0.0001
WUSDT,2024-04-21 08:00:00,0.0001
WUSDT,2024-04-21 00:00:00,0.0001
WUSDT,2024-04-20 16:00:00,0.0001
WUSDT,2024-04-20 08:00:00,0.0001
WUSDT,2024-04-20 00:00:00,0.0001
WUSDT,2024-04-19 16:00:00,0.0001
WUSDT,2024-04-19 08:00:00,0.0001
WUSDT,2024-04-19 00:00:00,0.0001
WUSDT,2024-04-18 16:00:00,0.0001
WUSDT,2024-04-18 08:00:00,0.0001
WUSDT,2024-04-18 00:00:00,0.0001
WUSDT,2024-04-17 16:00:00,0.0001
WUSDT,2024-04-17 08:00:00,0.0001
WUSDT,2024-04-17 00:00:00,0.0001
WUSDT,2024-04-16 16:00:00,0.0001
WUSDT,2024-04-16 08:00:00,0.0001
WUSDT,2024-04-16 00:00:00,0.0001
WUSDT,2024-04-15 16:00:00,0.0001
WUSDT,2024-04-15 08:00:00,0.0001
WUSDT,2024-04-15 00:00:00,0.0001
WUSDT,2024-04-14 16:00:00,0.0001
WUSDT,2024-04-14 08:00:00,0.0001
WUSDT,2024-04-14 00:00:00,0.0001
WUSDT,2024-04-13 16:00:00,0.0001
WUSDT,2024-04-13 08:00:00,0.0001
WUSDT,2024-04-13 00:00:00,0.0001
WUSDT,2024-04-12 16:00:00,0.00037503
WUSDT,2024-04-12 08:00:00,0.00017219
WUSDT,2024-04-12 00:00:00,0.00012179
WUSDT,2024-04-11 16:00:00,0.00025291
WUSDT,2024-04-11 08:00:00,0.00045877
WUSDT,2024-04-11 00:00:00,0.00036173
WUSDT,2024-04-10 16:00:00,0.00027876
WUSDT,2024-04-10 08:00:00,0.00029186
WUSDT,2024-04-10 00:00:00,0.00030582
WUSDT,2024-04-09 16:00:00,0.00038207
WUSDT,2024-04-09 08:00:00,0.00044053
WUSDT,2024-04-09 00:00:00,0.000885
WUSDT,2024-04-08 16:00:00,0.0007957
WUSDT,2024-04-08 08:00:00,0.0003608
WUSDT,2024-04-08 00:00:00,0.00057465
WUSDT,2024-04-07 16:00:00,0.00036137
WUSDT,2024-04-07 08:00:00,0.00023309
WUSDT,2024-04-07 00:00:00,0.00049377
WUSDT,2024-04-06 16:00:00,0.0001
WUSDT,2024-04-06 08:00:00,0.0001
WUSDT,2024-04-06 00:00:00,0.00013539
WUSDT,2024-04-05 16:00:00,0.00013012
WUSDT,2024-04-05 08:00:00,0.0001
WUSDT,2024-04-05 00:00:00,0.0001
WUSDT,2024-04-04 16:00:00,0.0002029
WUSDT,2024-04-04 08:00:00,0.0001
WUSDT,2024-04-04 00:00:00,0.0001
WUSDT,2024-04-03 16:00:00,0.00012797
WUSDT,2024-04-03 08:00:00,0.0001
TNSRUSDT,2024-05-10 00:00:00,0.0001
TNSRUSDT,2024-05-09 16:00:00,0.0001
TNSRUSDT,2024-05-09 08:00:00,0.0001
TNSRUSDT,2024-05-09 00:00:00,0.0001
TNSRUSDT,2024-05-08 16:00:00,0.0001
TNSRUSDT,2024-05-08 08:00:00,0.0001
TNSRUSDT,2024-05-08 00:00:00,0.0001
TNSRUSDT,2024-05-07 16:00:00,0.0001
TNSRUSDT,2024-05-07 08:00:00,0.0001
TNSRUSDT,2024-05-07 00:00:00,0.0001
TNSRUSDT,2024-05-06 16:00:00,0.0001
TNSRUSDT,2024-05-06 08:00:00,0.0001
TNSRUSDT,2024-05-06 00:00:00,0.0001
TNSRUSDT,2024-05-05 16:00:00,0.0001
TNSRUSDT,2024-05-05 08:00:00,0.0001
TNSRUSDT,2024-05-05 00:00:00,0.0001
TNSRUSDT,2024-05-04 16:00:00,0.0001
TNSRUSDT,2024-05-04 08:00:00,0.0001
TNSRUSDT,2024-05-04 00:00:00,0.0001
TNSRUSDT,2024-05-03 16:00:00,0.0001
TNSRUSDT,2024-05-03 08:00:00,0.0001
TNSRUSDT,2024-05-03 00:00:00,0.0001
TNSRUSDT,2024-05-02 16:00:00,0.0001
TNSRUSDT,2024-05-02 08:00:00,0.0001
TNSRUSDT,2024-05-02 00:00:00,0.0001
TNSRUSDT,2024-05-01 16:00:00,0.0001
TNSRUSDT,2024-05-01 08:00:00,0.0001
TNSRUSDT,2024-05-01 00:00:00,0.0001
TNSRUSDT,2024-04-30 16:00:00,0.0001
TNSRUSDT,2024-04-30 08:00:00,0.0001
TNSRUSDT,2024-04-30 00:00:00,0.0001
TNSRUSDT,2024-04-29 16:00:00,0.0001
TNSRUSDT,2024-04-29 08:00:00,0.0001
TNSRUSDT,2024-04-29 00:00:00,0.0001
TNSRUSDT,2024-04-28 16:00:00,0.0001
TNSRUSDT,2024-04-28 08:00:00,0.0001
TNSRUSDT,2024-04-28 00:00:00,0.0001
TNSRUSDT,2024-04-27 16:00:00,0.0001
TNSRUSDT,2024-04-27 08:00:00,0.0001
TNSRUSDT,2024-04-27 00:00:00,0.0001
TNSRUSDT,2024-04-26 16:00:00,0.0001
TNSRUSDT,2024-04-26 08:00:00,0.0001
TNSRUSDT,2024-04-26 00:00:00,0.0001
TNSRUSDT,2024-04-25 16:00:00,0.0001
TNSRUSDT,2024-04-25 08:00:00,0.0001
TNSRUSDT,2024-04-25 00:00:00,0.0001
TNSRUSDT,2024-04-24 16:00:00,0.0001
TNSRUSDT,2024-04-24 08:00:00,0.0001
TNSRUSDT,2024-04-24 00:00:00,0.0001
TNSRUSDT,2024-04-23 16:00:00,0.0001
TNSRUSDT,2024-04-23 08:00:00,0.0001
TNSRUSDT,2024-04-23 00:00:00,0.0001
TNSRUSDT,2024-04-22 16:00:00,0.0001
TNSRUSDT,2024-04-22 08:00:00,0.0001
TNSRUSDT,2024-04-22 00:00:00,0.0001
TNSRUSDT,2024-04-21 16:00:00,0.0001
TNSRUSDT,2024-04-21 08:00:00,0.0001
TNSRUSDT,2024-04-21 00:00:00,0.0001
TNSRUSDT,2024-04-20 16:00:00,0.0001
TNSRUSDT,2024-04-20 08:00:00,0.0001
TNSRUSDT,2024-04-20 00:00:00,0.0001
TNSRUSDT,2024-04-19 16:00:00,0.0001
TNSRUSDT,2024-04-19 08:00:00,0.0001
TNSRUSDT,2024-04-19 00:00:00,0.0001
TNSRUSDT,2024-04-18 16:00:00,0.0001
TNSRUSDT,2024-04-18 08:00:00,0.0001
TNSRUSDT,2024-04-18 00:00:00,0.0001
TNSRUSDT,2024-04-17 16:00:00,0.0001
TNSRUSDT,2024-04-17 08:00:00,0.0001
TNSRUSDT,2024-04-17 00:00:00,0.0001
TNSRUSDT,2024-04-16 16:00:00,0.0001
TNSRUSDT,2024-04-16 08:00:00,0.0001
TNSRUSDT,2024-04-16 00:00:00,0.0001
TNSRUSDT,2024-04-15 16:00:00,0.0001
TNSRUSDT,2024-04-15 08:00:00,0.0001
TNSRUSDT,2024-04-15 00:00:00,0.0001
TNSRUSDT,2024-04-14 16:00:00,0.0001
TNSRUSDT,2024-04-14 08:00:00,0.0001
TNSRUSDT,2024-04-14 00:00:00,0.0001
TNSRUSDT,2024-04-13 16:00:00,0.0001
TNSRUSDT,2024-04-13 08:00:00,0.0001
TNSRUSDT,2024-04-13 00:00:00,0.0001
TNSRUSDT,2024-04-12 16:00:00,0.00027162
TNSRUSDT,2024-04-12 08:00:00,0.0001
TNSRUSDT,2024-04-12 00:00:00,0.00030008
TNSRUSDT,2024-04-11 16:00:00,0.00010086
TNSRUSDT,2024-04-11 08:00:00,0.00031405
TNSRUSDT,2024-04-11 00:00:00,0.0001
TNSRUSDT,2024-04-10 16:00:00,0.0001
TNSRUSDT,2024-04-10 08:00:00,0.0001
TNSRUSDT,2024-04-10 00:00:00,0.0002887
TNSRUSDT,2024-04-09 16:00:00,0.00037217
TNSRUSDT,2024-04-09 08:00:00,0.0001
BRETTUSDT,2024-05-19 00:00:00,0.0001
BRETTUSDT,2024-05-18 16:00:00,0.0001
BRETTUSDT,2024-05-18 08:00:00,0.0001
BRETTUSDT,2024-05-18 00:00:00,0.0001
BRETTUSDT,2024-05-17 16:00:00,0.0001
BRETTUSDT,2024-05-17 08:00:00,0.0001
BRETTUSDT,2024-05-17 00:00:00,0.0001
BRETTUSDT,2024-05-16 16:00:00,0.0001
BRETTUSDT,2024-05-16 08:00:00,0.0001
BRETTUSDT,2024-05-16 00:00:00,0.0001
BRETTUSDT,2024-05-15 16:00:00,0.0001
BRETTUSDT,2024-05-15 08:00:00,0.0001
BRETTUSDT,2024-05-15 00:00:00,0.0001
BRETTUSDT,2024-05-14 16:00:00,0.0001
BRETTUSDT,2024-05-14 08:00:00,0.0001
BRETTUSDT,2024-05-14 00:00:00,0.0001
BRETTUSDT,2024-05-13 16:00:00,0.0001
BRETTUSDT,2024-05-13 08:00:00,0.0001
BRETTUSDT,2024-05-13 00:00:00,0.0001
BRETTUSDT,2024-05-12 16:00:00,0.0001
BRETTUSDT,2024-05-12 08:00:00,0.0001
BRETTUSDT,2024-05-12 00:00:00,0.0001
BRETTUSDT,2024-05-11 16:00:00,0.0001
BRETTUSDT,2024-05-11 08:00:00,0.0001
BRETTUSDT,2024-05-11 00:00:00,0.0001
BRETTUSDT,2024-05-10 16:00:00,0.0001
BRETTUSDT,2024-05-10 08:00:00,0.0001
BRETTUSDT,2024-05-10 00:00:00,0.0001
BRETTUSDT,2024-05-09 16:00:00,0.0001
BRETTUSDT,2024-05-09 08:00:00,0.0001
BRETTUSDT,2024-05-09 00:00:00,0.0001
BRETTUSDT,2024-05-08 16:00:00,0.0001
BRETTUSDT,2024-05-08 08:00:00,0.0001
BRETTUSDT,2024-05-08 00:00:00,0.0001
BRETTUSDT,2024-05-07 16:00:00,0.0001
BRETTUSDT,2024-05-07 08:00:00,0.0001
BRETTUSDT,2024-05-07 00:00:00,0.0001
BRETTUSDT,2024-05-06 16:00:00,0.0001
BRETTUSDT,2024-05-06 08:00:00,0.0001
BRETTUSDT,2024-05-06 00:00:00,0.0001
BRETTUSDT,2024-05-05 16:00:00,0.0001
BRETTUSDT,2024-05-05 08:00:00,0.0001
BRETTUSDT,2024-05-05 00:00:00,0.0001
BRETTUSDT,2024-05-04 16:00:00,0.0001
BRETTUSDT,2024-05-04 08:00:00,-0.00016573
BRETTUSDT,2024-05-04 00:00:00,0.0001
BRETTUSDT,2024-05-03 16:00:00,-0.00051392
BRETTUSDT,2024-05-03 08:00:00,0.0001
BRETTUSDT,2024-05-03 00:00:00,0.0001
BRETTUSDT,2024-05-02 16:00:00,0.00003811
BRETTUSDT,2024-05-02 08:00:00,0.0001
BRETTUSDT,2024-05-02 00:00:00,0.0001
BRETTUSDT,2024-05-01 16:00:00,0.0001
BRETTUSDT,2024-05-01 08:00:00,0.0001
BRETTUSDT,2024-05-01 00:00:00,0.0001
BRETTUSDT,2024-04-30 16:00:00,0.0001
BRETTUSDT,2024-04-30 08:00:00,0.0001
BRETTUSDT,2024-04-30 00:00:00,0.0001
BRETTUSDT,2024-04-29 16:00:00,0.0001
BRETTUSDT,2024-04-29 08:00:00,0.0001
BRETTUSDT,2024-04-29 00:00:00,0.0001
BRETTUSDT,2024-04-28 16:00:00,0.0001
BRETTUSDT,2024-04-28 08:00:00,-0.0134548
BRETTUSDT,2024-04-28 00:00:00,-0.015
BRETTUSDT,2024-04-27 16:00:00,0.0001
BRETTUSDT,2024-04-27 08:00:00,0.0001
BRETTUSDT,2024-04-27 00:00:00,0.0001
BRETTUSDT,2024-04-26 16:00:00,0.0001
BRETTUSDT,2024-04-26 08:00:00,0.0001
MEWUSDT,2024-05-20 00:00:00,0.0001
MEWUSDT,2024-05-19 16:00:00,0.0001
MEWUSDT,2024-05-19 08:00:00,0.0001
MEWUSDT,2024-05-19 00:00:00,0.0001
MEWUSDT,2024-05-18 16:00:00,0.0001
MEWUSDT,2024-05-18 08:00:00,0.0001
MEWUSDT,2024-05-18 00:00:00,0.0001
MEWUSDT,2024-05-17 16:00:00,0.0001
MEWUSDT,2024-05-17 08:00:00,0.0001
MEWUSDT,2024-05-17 00:00:00,0.0001
MEWUSDT,2024-05-16 16:00:00,0.0001
MEWUSDT,2024-05-16 08:00:00,0.0001
MEWUSDT,2024-05-16 00:00:00,0.0001
MEWUSDT,2024-05-15 16:00:00,0.0001
MEWUSDT,2024-05-15 08:00:00,0.0001
MEWUSDT,2024-05-15 00:00:00,0.0001
MEWUSDT,2024-05-14 16:00:00,0.0001
MEWUSDT,2024-05-14 08:00:00,0.0001
MEWUSDT,2024-05-14 00:00:00,0.0001
MEWUSDT,2024-05-13 16:00:00,0.0001
MEWUSDT,2024-05-13 08:00:00,0.0001
MEWUSDT,2024-05-13 00:00:00,0.0001
MEWUSDT,2024-05-12 16:00:00,0.0001
MEWUSDT,2024-05-12 08:00:00,0.0001
MEWUSDT,2024-05-12 00:00:00,0.0001
MEWUSDT,2024-05-11 16:00:00,0.0001
MEWUSDT,2024-05-11 08:00:00,0.0001
MEWUSDT,2024-05-11 00:00:00,0.0001
MEWUSDT,2024-05-10 16:00:00,0.0001
MEWUSDT,2024-05-10 08:00:00,0.0001
MEWUSDT,2024-05-10 00:00:00,0.0001
MEWUSDT,2024-05-09 16:00:00,0.0001
MEWUSDT,2024-05-09 08:00:00,0.0001
MEWUSDT,2024-05-09 00:00:00,0.0001
MEWUSDT,2024-05-08 16:00:00,0.0001
MEWUSDT,2024-05-08 08:00:00,0.0001
MEWUSDT,2024-05-08 00:00:00,0.0001
MEWUSDT,2024-05-07 16:00:00,0.0001
MEWUSDT,2024-05-07 08:00:00,0.0001
MEWUSDT,2024-05-07 00:00:00,0.0001
MEWUSDT,2024-05-06 16:00:00,0.0001
MEWUSDT,2024-05-06 08:00:00,0.0001
MEWUSDT,2024-05-06 00:00:00,0.0001
MEWUSDT,2024-05-05 16:00:00,0.0001
MEWUSDT,2024-05-05 08:00:00,0.0001
MEWUSDT,2024-05-05 00:00:00,0.0001
MEWUSDT,2024-05-04 16:00:00,0.0001
MEWUSDT,2024-05-04 08:00:00,0.0001
MEWUSDT,2024-05-04 00:00:00,0.0001
MEWUSDT,2024-05-03 16:00:00,0.0001
MEWUSDT,2024-05-03 08:00:00,0.0001
MEWUSDT,2024-05-03 00:00:00,0.0001
MEWUSDT,2024-05-02 16:00:00,0.0001
MEWUSDT,2024-05-02 08:00:00,0.0001
MEWUSDT,2024-05-02 00:00:00,0.0001
MEWUSDT,2024-05-01 16:00:00,0.0001
MEWUSDT,2024-05-01 08:00:00,0.0001
MEWUSDT,2024-05-01 00:00:00,0.0001
MEWUSDT,2024-04-30 16:00:00,0.0001
MEWUSDT,2024-04-30 08:00:00,0.0001
MEWUSDT,2024-04-30 00:00:00,0.0001
MEWUSDT,2024-04-29 16:00:00,0.0001
MEWUSDT,2024-04-29 08:00:00,0.0001
MEWUSDT,2024-04-29 00:00:00,0.0001
MEWUSDT,2024-04-28 16:00:00,0.0001
MEWUSDT,2024-04-28 08:00:00,0.0001
MEWUSDT,2024-04-28 00:00:00,0.0001
MEWUSDT,2024-04-27 16:00:00,0.0001
MEWUSDT,2024-04-27 08:00:00,0.0001
MEWUSDT,2024-04-27 00:00:00,0.0001
MEWUSDT,2024-04-26 16:00:00,0.0001
MEWUSDT,2024-04-26 08:00:00,0.0001
MEWUSDT,2024-04-26 00:00:00,0.0001
MEWUSDT,2024-04-25 16:00:00,0.0001
MEWUSDT,2024-04-25 08:00:00,0.0001
MEWUSDT,2024-04-25 00:00:00,0.0001
MEWUSDT,2024-04-24 16:00:00,0.0001
MEWUSDT,2024-04-24 08:00:00,0.0001
MEWUSDT,2024-04-24 00:00:00,0.00013356
MEWUSDT,2024-04-23 16:00:00,0.00034506
MEWUSDT,2024-04-23 08:00:00,0.0001
MERLUSDT,2024-05-20 00:00:00,0.0001
MERLUSDT,2024-05-19 16:00:00,0.0001
MERLUSDT,2024-05-19 08:00:00,0.0001
MERLUSDT,2024-05-19 00:00:00,0.0001
MERLUSDT,2024-05-18 16:00:00,0.0001
MERLUSDT,2024-05-18 08:00:00,0.0001
MERLUSDT,2024-05-18 00:00:00,0.0001
MERLUSDT,2024-05-17 16:00:00,0.0001
MERLUSDT,2024-05-17 08:00:00,0.0001
MERLUSDT,2024-05-17 00:00:00,0.0001
MERLUSDT,2024-05-16 16:00:00,0.0001
MERLUSDT,2024-05-16 08:00:00,0.0001
MERLUSDT,2024-05-16 00:00:00,0.0001
MERLUSDT,2024-05-15 16:00:00,0.0001
MERLUSDT,2024-05-15 08:00:00,0.0001
MERLUSDT,2024-05-15 00:00:00,0.0001
MERLUSDT,2024-05-14 16:00:00,0.0001
MERLUSDT,2024-05-14 08:00:00,0.0001
MERLUSDT,2024-05-14 00:00:00,0.0001
MERLUSDT,2024-05-13 16:00:00,0.0001
MERLUSDT,2024-05-13 08:00:00,0.0001
MERLUSDT,2024-05-13 00:00:00,0.0001
MERLUSDT,2024-05-12 16:00:00,0.0001
MERLUSDT,2024-05-12 08:00:00,0.0001
MERLUSDT,2024-05-12 00:00:00,0.0001
MERLUSDT,2024-05-11 16:00:00,0.0001
MERLUSDT,2024-05-11 08:00:00,0.0001
MERLUSDT,2024-05-11 00:00:00,0.0001
MERLUSDT,2024-05-10 16:00:00,0.0001
MERLUSDT,2024-05-10 08:00:00,0.0001
MERLUSDT,2024-05-10 00:00:00,0.0001
MERLUSDT,2024-05-09 16:00:00,0.0001
MERLUSDT,2024-05-09 08:00:00,0.0001
MERLUSDT,2024-05-09 00:00:00,0.0001
MERLUSDT,2024-05-08 16:00:00,0.0001
MERLUSDT,2024-05-08 08:00:00,0.0001
MERLUSDT,2024-05-08 00:00:00,0.0001
MERLUSDT,2024-05-07 16:00:00,0.0001
MERLUSDT,2024-05-07 08:00:00,0.0001
MERLUSDT,2024-05-07 00:00:00,0.0001
MERLUSDT,2024-05-06 16:00:00,0.0001
MERLUSDT,2024-05-06 08:00:00,0.0001
MERLUSDT,2024-05-06 00:00:00,0.0001
MERLUSDT,2024-05-05 16:00:00,0.0001
MERLUSDT,2024-05-05 08:00:00,0.0001
MERLUSDT,2024-05-05 00:00:00,0.0001
MERLUSDT,2024-05-04 16:00:00,0.0001
MERLUSDT,2024-05-04 08:00:00,0.0001
MERLUSDT,2024-05-04 00:00:00,0.0001
MERLUSDT,2024-05-03 16:00:00,0.0001
MERLUSDT,2024-05-03 08:00:00,0.0001
MERLUSDT,2024-05-03 00:00:00,0.0001
MERLUSDT,2024-05-02 16:00:00,0.0001
MERLUSDT,2024-05-02 08:00:00,0.0001
MERLUSDT,2024-05-02 00:00:00,0.0001
MERLUSDT,2024-05-01 16:00:00,0.0001
MERLUSDT,2024-05-01 08:00:00,0.0001
MERLUSDT,2024-05-01 00:00:00,0.0001
MERLUSDT,2024-04-30 16:00:00,0.0001
MERLUSDT,2024-04-30 08:00:00,0.0001
MERLUSDT,2024-04-30 00:00:00,0.0001
MERLUSDT,2024-04-29 16:00:00,0.0001
MERLUSDT,2024-04-29 08:00:00,0.0001
MERLUSDT,2024-04-29 00:00:00,0.00005832
MERLUSDT,2024-04-28 16:00:00,0.0001
MERLUSDT,2024-04-28 08:00:00,0.0001
MERLUSDT,2024-04-28 00:00:00,0.0001
MERLUSDT,2024-04-27 16:00:00,0.0001
MERLUSDT,2024-04-27 08:00:00,0.0001
MERLUSDT,2024-04-27 00:00:00,0.0001
MERLUSDT,2024-04-26 16:00:00,0.0001
MERLUSDT,2024-04-26 08:00:00,0.0001
MERLUSDT,2024-04-26 00:00:00,0.0001
MERLUSDT,2024-04-25 16:00:00,-0.00014507
MERLUSDT,2024-04-25 08:00:00,-0.00048946
MERLUSDT,2024-04-25 00:00:00,-0.00109345
MERLUSDT,2024-04-24 16:00:00,0.0001
MERLUSDT,2024-04-24 08:00:00,0.00008433
MERLUSDT,2024-04-24 00:00:00,-0.00007483
MERLUSDT,2024-04-23 16:00:00,0.0001
MERLUSDT,2024-04-23 08:00:00,0.00000414
MERLUSDT,2024-04-23 00:00:00,-0.00161268
MERLUSDT,2024-04-22 16:00:00,-0.00099887
MERLUSDT,2024-04-22 08:00:00,-0.00012597
MERLUSDT,2024-04-22 00:00:00,-0.00171019
MERLUSDT,2024-04-21 16:00:00,-0.00031324
MERLUSDT,2024-04-21 08:00:00,-0.0005448
MERLUSDT,2024-04-21 00:00:00,-0.00293888
MERLUSDT,2024-04-20 16:00:00,-0.00254412
MERLUSDT,2024-04-20 08:00:00,-0.00209248
MERLUSDT,2024-04-20 00:00:00,-0.00482049
MERLUSDT,2024-04-19 16:00:00,-0.00104712
MERLUSDT,2024-04-19 08:00:00,0.0001
SAFEUSDT,2024-05-24 00:00:00,0.00012857
SAFEUSDT,2024-05-23 16:00:00,0.0001
SAFEUSDT,2024-05-23 08:00:00,0.0001
SAFEUSDT,2024-05-23 00:00:00,0.0001
SAFEUSDT,2024-05-22 16:00:00,0.0001
SAFEUSDT,2024-05-22 08:00:00,0.0001
SAFEUSDT,2024-05-22 00:00:00,0.0001
SAFEUSDT,2024-05-21 16:00:00,0.0001
SAFEUSDT,2024-05-21 08:00:00,0.0001
SAFEUSDT,2024-05-21 00:00:00,0.0001
SAFEUSDT,2024-05-20 16:00:00,0.0001
SAFEUSDT,2024-05-20 08:00:00,0.0001
SAFEUSDT,2024-05-20 00:00:00,0.0001
SAFEUSDT,2024-05-19 16:00:00,0.0001
SAFEUSDT,2024-05-19 08:00:00,0.0001
SAFEUSDT,2024-05-19 00:00:00,0.0001
SAFEUSDT,2024-05-18 16:00:00,0.0001
SAFEUSDT,2024-05-18 08:00:00,0.0001
SAFEUSDT,2024-05-18 00:00:00,0.0001
SAFEUSDT,2024-05-17 16:00:00,0.0001
SAFEUSDT,2024-05-17 08:00:00,0.0001
SAFEUSDT,2024-05-17 00:00:00,0.0001
SAFEUSDT,2024-05-16 16:00:00,0.0001
SAFEUSDT,2024-05-16 08:00:00,0.0001
SAFEUSDT,2024-05-16 00:00:00,0.0001
SAFEUSDT,2024-05-15 16:00:00,0.0001
SAFEUSDT,2024-05-15 08:00:00,0.0001
SAFEUSDT,2024-05-15 00:00:00,0.0001
SAFEUSDT,2024-05-14 16:00:00,0.0001
SAFEUSDT,2024-05-14 08:00:00,0.0001
SAFEUSDT,2024-05-14 00:00:00,0.0001
SAFEUSDT,2024-05-13 16:00:00,0.0001
SAFEUSDT,2024-05-13 08:00:00,0.0001
SAFEUSDT,2024-05-13 00:00:00,0.0001
SAFEUSDT,2024-05-12 16:00:00,0.0001
SAFEUSDT,2024-05-12 08:00:00,0.0001
SAFEUSDT,2024-05-12 00:00:00,0.0001
SAFEUSDT,2024-05-11 16:00:00,0.0001
SAFEUSDT,2024-05-11 08:00:00,0.0001
SAFEUSDT,2024-05-11 00:00:00,0.0001
SAFEUSDT,2024-05-10 16:00:00,0.0001
SAFEUSDT,2024-05-10 08:00:00,0.0001
SAFEUSDT,2024-05-10 00:00:00,0.0001
SAFEUSDT,2024-05-09 16:00:00,0.0001
SAFEUSDT,2024-05-09 08:00:00,0.0001
SAFEUSDT,2024-05-09 00:00:00,0.0001
SAFEUSDT,2024-05-08 16:00:00,0.0001
SAFEUSDT,2024-05-08 08:00:00,-0.00034202
SAFEUSDT,2024-05-08 00:00:00,0.0001
SAFEUSDT,2024-05-07 16:00:00,0.0001
SAFEUSDT,2024-05-07 08:00:00,0.0001
SAFEUSDT,2024-05-07 00:00:00,0.0001
SAFEUSDT,2024-05-06 16:00:00,0.0001
SAFEUSDT,2024-05-06 08:00:00,-0.00014822
SAFEUSDT,2024-05-06 00:00:00,0.0001
SAFEUSDT,2024-05-05 16:00:00,0.0001
SAFEUSDT,2024-05-05 08:00:00,0.0001
SAFEUSDT,2024-05-05 00:00:00,0.0001
SAFEUSDT,2024-05-04 16:00:00,0.0001
SAFEUSDT,2024-05-04 08:00:00,0.0001
SAFEUSDT,2024-05-04 00:00:00,0.0001
SAFEUSDT,2024-05-03 16:00:00,0.0001
SAFEUSDT,2024-05-03 08:00:00,0.0001
SAFEUSDT,2024-05-03 00:00:00,0.0001
SAFEUSDT,2024-05-02 16:00:00,0.0001
SAFEUSDT,2024-05-02 08:00:00,0.0001
SAFEUSDT,2024-05-02 00:00:00,0.0001
SAFEUSDT,2024-05-01 16:00:00,-0.006
SAFEUSDT,2024-05-01 08:00:00,-0.00131153
SAFEUSDT,2024-05-01 00:00:00,0.0001
SAFEUSDT,2024-04-30 16:00:00,-0.00247376
SAFEUSDT,2024-04-30 08:00:00,-0.006
SAFEUSDT,2024-04-30 00:00:00,-0.0003674
SAFEUSDT,2024-04-29 16:00:00,0.0001
SAFEUSDT,2024-04-29 08:00:00,0.0001
WIFUSDT,2024-05-30 00:00:00,0.0002652
WIFUSDT,2024-05-29 16:00:00,0.0001
WIFUSDT,2024-05-29 08:00:00,0.00026437
WIFUSDT,2024-05-29 00:00:00,0.00026187
WIFUSDT,2024-05-28 16:00:00,0.00028219
WIFUSDT,2024-05-28 08:00:00,0.00011
WIFUSDT,2024-05-28 00:00:00,0.00028365
WIFUSDT,2024-05-27 16:00:00,0.0005452
WIFUSDT,2024-05-27 08:00:00,0.00037053
WIFUSDT,2024-05-27 00:00:00,0.00014054
WIFUSDT,2024-05-26 16:00:00,0.00022525
WIFUSDT,2024-05-26 08:00:00,0.00022166
WIFUSDT,2024-05-26 00:00:00,0.00024892
WIFUSDT,2024-05-25 16:00:00,0.00022214
WIFUSDT,2024-05-25 08:00:00,0.0001685
WIFUSDT,2024-05-25 00:00:00,0.0001
WIFUSDT,2024-05-24 16:00:00,0.0001
WIFUSDT,2024-05-24 08:00:00,0.0001
WIFUSDT,2024-05-24 00:00:00,0.00014534
WIFUSDT,2024-05-23 16:00:00,0.00018524
WIFUSDT,2024-05-23 08:00:00,0.0004053
WIFUSDT,2024-05-23 00:00:00,0.00066607
WIFUSDT,2024-05-22 16:00:00,0.00062128
WIFUSDT,2024-05-22 08:00:00,0.00050538
WIFUSDT,2024-05-22 00:00:00,0.00034235
WIFUSDT,2024-05-21 16:00:00,0.00038739
WIFUSDT,2024-05-21 08:00:00,0.00015196
WIFUSDT,2024-05-21 00:00:00,0.00026105
WIFUSDT,2024-05-20 16:00:00,0.0001
WIFUSDT,2024-05-20 08:00:00,0.0001
WIFUSDT,2024-05-20 00:00:00,0.0001
WIFUSDT,2024-05-19 16:00:00,0.0001
WIFUSDT,2024-05-19 08:00:00,0.0001
WIFUSDT,2024-05-19 00:00:00,0.0001
WIFUSDT,2024-05-18 16:00:00,0.0001
WIFUSDT,2024-05-18 08:00:00,0.0001
WIFUSDT,2024-05-18 00:00:00,0.0001
WIFUSDT,2024-05-17 16:00:00,0.0001
WIFUSDT,2024-05-17 08:00:00,0.0001
WIFUSDT,2024-05-17 00:00:00,0.0001
WIFUSDT,2024-05-16 16:00:00,0.0001
WIFUSDT,2024-05-16 08:00:00,0.0001
WIFUSDT,2024-05-16 00:00:00,0.0001
WIFUSDT,2024-05-15 16:00:00,0.0001
WIFUSDT,2024-05-15 08:00:00,0.0001
WIFUSDT,2024-05-15 00:00:00,0.0001
WIFUSDT,2024-05-14 16:00:00,0.0001
WIFUSDT,2024-05-14 08:00:00,0.0001
WIFUSDT,2024-05-14 00:00:00,0.0001
WIFUSDT,2024-05-13 16:00:00,0.0001
WIFUSDT,2024-05-13 08:00:00,-0.00000934
WIFUSDT,2024-05-13 00:00:00,0.00002819
WIFUSDT,2024-05-12 16:00:00,0.00008832
WIFUSDT,2024-05-12 08:00:00,0.0000424
WIFUSDT,2024-05-12 00:00:00,-0.00004488
WIFUSDT,2024-05-11 16:00:00,0.0001
WIFUSDT,2024-05-11 08:00:00,0.0001
WIFUSDT,2024-05-11 00:00:00,0.0001
WIFUSDT,2024-05-10 16:00:00,0.0001
WIFUSDT,2024-05-10 08:00:00,0.0001
WIFUSDT,2024-05-10 00:00:00,0.00004393
WIFUSDT,2024-05-09 16:00:00,0.0001
WIFUSDT,2024-05-09 08:00:00,0.0001
WIFUSDT,2024-05-09 00:00:00,0.0001
WIFUSDT,2024-05-08 16:00:00,0.0001
WIFUSDT,2024-05-08 08:00:00,0.0001
WIFUSDT,2024-05-08 00:00:00,0.0001
WIFUSDT,2024-05-07 16:00:00,0.0001
WIFUSDT,2024-05-07 08:00:00,0.0001
WIFUSDT,2024-05-07 00:00:00,0.0001
WIFUSDT,2024-05-06 16:00:00,0.0001
WIFUSDT,2024-05-06 08:00:00,0.0001
WIFUSDT,2024-05-06 00:00:00,0.0001
WIFUSDT,2024-05-05 16:00:00,0.0001
WIFUSDT,2024-05-05 08:00:00,0.0001
WIFUSDT,2024-05-05 00:00:00,0.0001
WIFUSDT,2024-05-04 16:00:00,0.0001
WIFUSDT,2024-05-04 08:00:00,0.0001
WIFUSDT,2024-05-04 00:00:00,0.0001
WIFUSDT,2024-05-03 16:00:00,0.0001
WIFUSDT,2024-05-03 08:00:00,0.0001
WIFUSDT,2024-05-03 00:00:00,0.0001
WIFUSDT,2024-05-02 16:00:00,0.0001
WIFUSDT,2024-05-02 08:00:00,0.0001
WIFUSDT,2024-05-02 00:00:00,0.00003532
WIFUSDT,2024-05-01 16:00:00,0.00009688
WIFUSDT,2024-05-01 08:00:00,0.0001
WIFUSDT,2024-05-01 00:00:00,0.0001
WIFUSDT,2024-04-30 16:00:00,-0.00001324
WIFUSDT,2024-04-30 08:00:00,0.0001
WIFUSDT,2024-04-30 00:00:00,0.0001
WIFUSDT,2024-04-29 16:00:00,0.0001
WIFUSDT,2024-04-29 08:00:00,0.0001
WIFUSDT,2024-04-29 00:00:00,0.0001
BBUSDT,2024-06-13 00:00:00,0.0001
BBUSDT,2024-06-12 16:00:00,0.0001
BBUSDT,2024-06-12 08:00:00,0.0001
BBUSDT,2024-06-12 00:00:00,0.0001
BBUSDT,2024-06-11 16:00:00,0.0001
BBUSDT,2024-06-11 08:00:00,0.0001
BBUSDT,2024-06-11 00:00:00,0.0001
BBUSDT,2024-06-10 16:00:00,0.0001
BBUSDT,2024-06-10 08:00:00,0.0001
BBUSDT,2024-06-10 00:00:00,0.0001
BBUSDT,2024-06-09 16:00:00,0.0001
BBUSDT,2024-06-09 08:00:00,0.0001
BBUSDT,2024-06-09 00:00:00,0.0001
BBUSDT,2024-06-08 16:00:00,0.0001
BBUSDT,2024-06-08 08:00:00,0.0001
BBUSDT,2024-06-08 00:00:00,0.0001
BBUSDT,2024-06-07 16:00:00,0.0001
BBUSDT,2024-06-07 08:00:00,0.00010902
BBUSDT,2024-06-07 00:00:00,0.00013059
BBUSDT,2024-06-06 16:00:00,0.0001
BBUSDT,2024-06-06 08:00:00,0.0002451
BBUSDT,2024-06-06 00:00:00,0.0001
BBUSDT,2024-06-05 16:00:00,0.0001
BBUSDT,2024-06-05 08:00:00,0.0001
BBUSDT,2024-06-05 00:00:00,0.00014854
BBUSDT,2024-06-04 16:00:00,0.0001
BBUSDT,2024-06-04 08:00:00,0.0001
BBUSDT,2024-06-04 00:00:00,0.00011906
BBUSDT,2024-06-03 16:00:00,0.0001
BBUSDT,2024-06-03 08:00:00,0.0001
BBUSDT,2024-06-03 00:00:00,0.00016021
BBUSDT,2024-06-02 16:00:00,0.0001
BBUSDT,2024-06-02 08:00:00,0.0001
BBUSDT,2024-06-02 00:00:00,0.0001
BBUSDT,2024-06-01 16:00:00,0.0001
BBUSDT,2024-06-01 08:00:00,0.00025021
BBUSDT,2024-06-01 00:00:00,0.0001
BBUSDT,2024-05-31 16:00:00,0.0001
BBUSDT,2024-05-31 08:00:00,0.0001
BBUSDT,2024-05-31 00:00:00,0.0001
BBUSDT,2024-05-30 16:00:00,0.0001
BBUSDT,2024-05-30 08:00:00,0.00032187
BBUSDT,2024-05-30 00:00:00,0.0001
BBUSDT,2024-05-29 16:00:00,0.0001
BBUSDT,2024-05-29 08:00:00,0.0001
BBUSDT,2024-05-29 00:00:00,0.00014195
BBUSDT,2024-05-28 16:00:00,0.00014308
BBUSDT,2024-05-28 08:00:00,0.00039151
BBUSDT,2024-05-28 00:00:00,0.00028641
BBUSDT,2024-05-27 16:00:00,0.00032012
BBUSDT,2024-05-27 08:00:00,0.0001
BBUSDT,2024-05-27 00:00:00,0.0001
BBUSDT,2024-05-26 16:00:00,0.0001
BBUSDT,2024-05-26 08:00:00,0.0001
BBUSDT,2024-05-26 00:00:00,0.0001
BBUSDT,2024-05-25 16:00:00,0.0001
BBUSDT,2024-05-25 08:00:00,0.0001
BBUSDT,2024-05-25 00:00:00,0.0001
BBUSDT,2024-05-24 16:00:00,0.0001
BBUSDT,2024-05-24 08:00:00,0.0001
BBUSDT,2024-05-24 00:00:00,0.0001
BBUSDT,2024-05-23 16:00:00,0.0001
BBUSDT,2024-05-23 08:00:00,0.0001
BBUSDT,2024-05-23 00:00:00,0.0001
BBUSDT,2024-05-22 16:00:00,0.0001
BBUSDT,2024-05-22 08:00:00,0.0001
BBUSDT,2024-05-22 00:00:00,0.0001
BBUSDT,2024-05-21 16:00:00,0.0001
BBUSDT,2024-05-21 08:00:00,0.0001
BBUSDT,2024-05-21 00:00:00,0.0001
BBUSDT,2024-05-20 16:00:00,0.0000496
BBUSDT,2024-05-20 08:00:00,0.0001
BBUSDT,2024-05-20 00:00:00,0.0001
BBUSDT,2024-05-19 16:00:00,0.0001
BBUSDT,2024-05-19 08:00:00,0.0001
BBUSDT,2024-05-19 00:00:00,0.0001
BBUSDT,2024-05-18 16:00:00,0.0001
BBUSDT,2024-05-18 08:00:00,0.0001
BBUSDT,2024-05-18 00:00:00,0.0001
BBUSDT,2024-05-17 16:00:00,0.0001
BBUSDT,2024-05-17 08:00:00,0.0001
BBUSDT,2024-05-17 00:00:00,0.00009513
BBUSDT,2024-05-16 16:00:00,0.0001
BBUSDT,2024-05-16 08:00:00,0.0001
BBUSDT,2024-05-16 00:00:00,0.0001
BBUSDT,2024-05-15 16:00:00,0.00002464
BBUSDT,2024-05-15 08:00:00,-0.00016837
BBUSDT,2024-05-15 00:00:00,0.00004307
BBUSDT,2024-05-14 16:00:00,0.0001
BBUSDT,2024-05-14 08:00:00,0.0001
NOTUSDT,2024-06-16 00:00:00,0.00002825
NOTUSDT,2024-06-15 16:00:00,0.00003276
NOTUSDT,2024-06-15 08:00:00,0.00007234
NOTUSDT,2024-06-15 00:00:00,0.00003562
NOTUSDT,2024-06-14 16:00:00,0.0001
NOTUSDT,2024-06-14 08:00:00,0.0001
NOTUSDT,2024-06-14 00:00:00,0.0001
NOTUSDT,2024-06-13 16:00:00,0.0001
NOTUSDT,2024-06-13 08:00:00,0.0001
NOTUSDT,2024-06-13 00:00:00,0.0001
NOTUSDT,2024-06-12 16:00:00,0.0001
NOTUSDT,2024-06-12 08:00:00,0.0001
NOTUSDT,2024-06-12 00:00:00,0.0001
NOTUSDT,2024-06-11 16:00:00,0.0001
NOTUSDT,2024-06-11 08:00:00,0.0001
NOTUSDT,2024-06-11 00:00:00,0.0001
NOTUSDT,2024-06-10 16:00:00,0.0001
NOTUSDT,2024-06-10 08:00:00,0.0001
NOTUSDT,2024-06-10 00:00:00,0.0001
NOTUSDT,2024-06-09 16:00:00,0.0001
NOTUSDT,2024-06-09 08:00:00,0.00019844
NOTUSDT,2024-06-09 00:00:00,0.00011009
NOTUSDT,2024-06-08 16:00:00,0.00012991
NOTUSDT,2024-06-08 08:00:00,0.0001
NOTUSDT,2024-06-08 00:00:00,0.0001
NOTUSDT,2024-06-07 16:00:00,0.00053567
NOTUSDT,2024-06-07 08:00:00,0.00050527
NOTUSDT,2024-06-07 00:00:00,0.000349
NOTUSDT,2024-06-06 16:00:00,0.00047219
NOTUSDT,2024-06-06 08:00:00,0.00068825
NOTUSDT,2024-06-06 00:00:00,0.0007032
NOTUSDT,2024-06-05 16:00:00,0.00056918
NOTUSDT,2024-06-05 08:00:00,0.0004933
NOTUSDT,2024-06-05 00:00:00,0.00072691
NOTUSDT,2024-06-04 16:00:00,0.00027226
NOTUSDT,2024-06-04 08:00:00,0.0001
NOTUSDT,2024-06-04 00:00:00,0.0003936
NOTUSDT,2024-06-03 16:00:00,0.00045199
NOTUSDT,2024-06-03 08:00:00,0.00065827
NOTUSDT,2024-06-03 00:00:00,0.00063823
NOTUSDT,2024-06-02 16:00:00,0.0001
NOTUSDT,2024-06-02 08:00:00,0.00013213
NOTUSDT,2024-06-02 00:00:00,0.00031306
NOTUSDT,2024-06-01 16:00:00,0.00017576
NOTUSDT,2024-06-01 08:00:00,0.0001
NOTUSDT,2024-06-01 00:00:00,0.0001
NOTUSDT,2024-05-31 16:00:00,0.00010885
NOTUSDT,2024-05-31 08:00:00,0.00016191
NOTUSDT,2024-05-31 00:00:00,0.0001
NOTUSDT,2024-05-30 16:00:00,0.0001348
NOTUSDT,2024-05-30 08:00:00,0.0001869
NOTUSDT,2024-05-30 00:00:00,0.00022061
NOTUSDT,2024-05-29 16:00:00,0.00025369
NOTUSDT,2024-05-29 08:00:00,0.00016964
NOTUSDT,2024-05-29 00:00:00,0.00025252
NOTUSDT,2024-05-28 16:00:00,0.00024403
NOTUSDT,2024-05-28 08:00:00,0.00032735
NOTUSDT,2024-05-28 00:00:00,0.0001
NOTUSDT,2024-05-27 16:00:00,0.00013732
NOTUSDT,2024-05-27 08:00:00,0.0001
NOTUSDT,2024-05-27 00:00:00,0.00016107
NOTUSDT,2024-05-26 16:00:00,0.00024045
NOTUSDT,2024-05-26 08:00:00,0.00022539
NOTUSDT,2024-05-26 00:00:00,0.0001
NOTUSDT,2024-05-25 16:00:00,0.0001
NOTUSDT,2024-05-25 08:00:00,0.00019579
NOTUSDT,2024-05-25 00:00:00,0.0001
NOTUSDT,2024-05-24 16:00:00,0.0001
NOTUSDT,2024-05-24 08:00:00,0.00010722
NOTUSDT,2024-05-24 00:00:00,0.0001
NOTUSDT,2024-05-23 16:00:00,0.0001
NOTUSDT,2024-05-23 08:00:00,0.0001
NOTUSDT,2024-05-23 00:00:00,0.0001
NOTUSDT,2024-05-22 16:00:00,0.0001
NOTUSDT,2024-05-22 08:00:00,-0.00014642
NOTUSDT,2024-05-22 00:00:00,-0.00004748
NOTUSDT,2024-05-21 16:00:00,0.0001
NOTUSDT,2024-05-21 08:00:00,-0.00003971
NOTUSDT,2024-05-21 00:00:00,0.00008379
NOTUSDT,2024-05-20 16:00:00,0.0001
NOTUSDT,2024-05-20 08:00:00,0.0000784
NOTUSDT,2024-05-20 00:00:00,-0.0004319
NOTUSDT,2024-05-19 16:00:00,0.00001637
NOTUSDT,2024-05-19 08:00:00,-0.00070326
NOTUSDT,2024-05-19 00:00:00,-0.00084816
NOTUSDT,2024-05-18 16:00:00,-0.00076199
NOTUSDT,2024-05-18 08:00:00,-0.00027457
NOTUSDT,2024-05-18 00:00:00,-0.00251223
NOTUSDT,2024-05-17 16:00:00,-0.00285486
NOTUSDT,2024-05-17 08:00:00,-0.00406142
NOTUSDT,2024-05-17 07:00:00,-0.00029621
NOTUSDT,2024-05-17 06:00:00,-0.00011551
NOTUSDT,2024-05-17 05:00:00,0.0000125
NOTUSDT,2024-05-17 04:00:00,0.00046299
NOTUSDT,2024-05-17 03:00:00,-0.00030937
NOTUSDT,2024-05-17 02:00:00,-0.00324278
NOTUSDT,2024-05-17 01:00:00,-0.00350228
NOTUSDT,2024-05-17 00:00:00,-0.00276073
NOTUSDT,2024-05-16 23:00:00,-0.00238378
NOTUSDT,2024-05-16 22:00:00,-0.00238061
NOTUSDT,2024-05-16 21:00:00,-0.00133316
NOTUSDT,2024-05-16 20:00:00,-0.00125964
NOTUSDT,2024-05-16 19:00:00,-0.00221838
NOTUSDT,2024-05-16 18:00:00,-0.00136907
NOTUSDT,2024-05-16 17:00:00,-0.00582153
NOTUSDT,2024-05-16 16:00:00,0.0000125
NOTUSDT,2024-05-16 15:00:00,0.0000125
DRIFTUSDT,2024-06-16 00:00:00,0.0001
DRIFTUSDT,2024-06-15 16:00:00,0.0001
DRIFTUSDT,2024-06-15 08:00:00,0.0001
DRIFTUSDT,2024-06-15 00:00:00,0.0001
DRIFTUSDT,2024-06-14 16:00:00,0.0001
DRIFTUSDT,2024-06-14 08:00:00,0.0001
DRIFTUSDT,2024-06-14 00:00:00,0.0001
DRIFTUSDT,2024-06-13 16:00:00,0.0001
DRIFTUSDT,2024-06-13 08:00:00,0.0001
DRIFTUSDT,2024-06-13 00:00:00,0.0001
DRIFTUSDT,2024-06-12 16:00:00,0.0001
DRIFTUSDT,2024-06-12 08:00:00,0.0001
DRIFTUSDT,2024-06-12 00:00:00,0.0001
DRIFTUSDT,2024-06-11 16:00:00,0.0001
DRIFTUSDT,2024-06-11 08:00:00,0.0001
DRIFTUSDT,2024-06-11 00:00:00,0.0001
DRIFTUSDT,2024-06-10 16:00:00,0.0001
DRIFTUSDT,2024-06-10 08:00:00,0.0001
DRIFTUSDT,2024-06-10 00:00:00,0.0001
DRIFTUSDT,2024-06-09 16:00:00,0.0001
DRIFTUSDT,2024-06-09 08:00:00,0.00003549
DRIFTUSDT,2024-06-09 00:00:00,0.0001
DRIFTUSDT,2024-06-08 16:00:00,0.0001
DRIFTUSDT,2024-06-08 08:00:00,0.0001
DRIFTUSDT,2024-06-08 00:00:00,-0.00030682
DRIFTUSDT,2024-06-07 16:00:00,0.0001
DRIFTUSDT,2024-06-07 08:00:00,0.0001
DRIFTUSDT,2024-06-07 00:00:00,0.0001
DRIFTUSDT,2024-06-06 16:00:00,0.0001
DRIFTUSDT,2024-06-06 08:00:00,0.0001
DRIFTUSDT,2024-06-06 00:00:00,0.0001
DRIFTUSDT,2024-06-05 16:00:00,0.0001
DRIFTUSDT,2024-06-05 08:00:00,0.0001
DRIFTUSDT,2024-06-05 00:00:00,0.0001
DRIFTUSDT,2024-06-04 16:00:00,0.0001
DRIFTUSDT,2024-06-04 08:00:00,0.0001
DRIFTUSDT,2024-06-04 00:00:00,0.0001
DRIFTUSDT,2024-06-03 16:00:00,0.0001
DRIFTUSDT,2024-06-03 08:00:00,0.0001
DRIFTUSDT,2024-06-03 00:00:00,0.0001
DRIFTUSDT,2024-06-02 16:00:00,0.0001
DRIFTUSDT,2024-06-02 08:00:00,0.0001
DRIFTUSDT,2024-06-02 00:00:00,0.0001
DRIFTUSDT,2024-06-01 16:00:00,0.0001
DRIFTUSDT,2024-06-01 08:00:00,0.0001
DRIFTUSDT,2024-06-01 00:00:00,0.0001
DRIFTUSDT,2024-05-31 16:00:00,0.0001
DRIFTUSDT,2024-05-31 08:00:00,0.0001
DRIFTUSDT,2024-05-31 00:00:00,0.0001
DRIFTUSDT,2024-05-30 16:00:00,0.0001
DRIFTUSDT,2024-05-30 08:00:00,0.0001
DRIFTUSDT,2024-05-30 00:00:00,0.0001
DRIFTUSDT,2024-05-29 16:00:00,0.0001
DRIFTUSDT,2024-05-29 08:00:00,0.0001
DRIFTUSDT,2024-05-29 00:00:00,0.0001
DRIFTUSDT,2024-05-28 16:00:00,0.0001
DRIFTUSDT,2024-05-28 08:00:00,0.0001
DRIFTUSDT,2024-05-28 00:00:00,0.0001
DRIFTUSDT,2024-05-27 16:00:00,0.0001
DRIFTUSDT,2024-05-27 08:00:00,0.0001
DRIFTUSDT,2024-05-27 00:00:00,0.0001
DRIFTUSDT,2024-05-26 16:00:00,0.0001
DRIFTUSDT,2024-05-26 08:00:00,0.0001
DRIFTUSDT,2024-05-26 00:00:00,0.0001
DRIFTUSDT,2024-05-25 16:00:00,0.0001
DRIFTUSDT,2024-05-25 08:00:00,0.0001
DRIFTUSDT,2024-05-25 00:00:00,0.0001
DRIFTUSDT,2024-05-24 16:00:00,0.0001
DRIFTUSDT,2024-05-24 08:00:00,0.0001
DRIFTUSDT,2024-05-24 00:00:00,0.0001
DRIFTUSDT,2024-05-23 16:00:00,0.0001
DRIFTUSDT,2024-05-23 08:00:00,0.0001
DRIFTUSDT,2024-05-23 00:00:00,0.0001
DRIFTUSDT,2024-05-22 16:00:00,0.0001
DRIFTUSDT,2024-05-22 08:00:00,0.0001
DRIFTUSDT,2024-05-22 00:00:00,0.0001
DRIFTUSDT,2024-05-21 16:00:00,0.0001
DRIFTUSDT,2024-05-21 08:00:00,0.0001
TAIKOUSDT,2024-07-06 00:00:00,0.0001
TAIKOUSDT,2024-07-05 16:00:00,0.0001
TAIKOUSDT,2024-07-05 08:00:00,0.0001
TAIKOUSDT,2024-07-05 00:00:00,0.0001
TAIKOUSDT,2024-07-04 16:00:00,0.0001
TAIKOUSDT,2024-07-04 08:00:00,0.0001
TAIKOUSDT,2024-07-04 00:00:00,-0.00043726
TAIKOUSDT,2024-07-03 16:00:00,0.0001
TAIKOUSDT,2024-07-03 08:00:00,0.0001
TAIKOUSDT,2024-07-03 00:00:00,0.0001
TAIKOUSDT,2024-07-02 16:00:00,0.0001
TAIKOUSDT,2024-07-02 08:00:00,0.0001
TAIKOUSDT,2024-07-02 00:00:00,0.0001
TAIKOUSDT,2024-07-01 16:00:00,0.0001
TAIKOUSDT,2024-07-01 08:00:00,0.0001
TAIKOUSDT,2024-07-01 00:00:00,0.0001
TAIKOUSDT,2024-06-30 16:00:00,0.0001
TAIKOUSDT,2024-06-30 08:00:00,0.0001
TAIKOUSDT,2024-06-30 00:00:00,0.0001
TAIKOUSDT,2024-06-29 16:00:00,0.0001
TAIKOUSDT,2024-06-29 08:00:00,0.0001
TAIKOUSDT,2024-06-29 00:00:00,0.0001
TAIKOUSDT,2024-06-28 16:00:00,0.0001
TAIKOUSDT,2024-06-28 08:00:00,0.0001
TAIKOUSDT,2024-06-28 00:00:00,0.0001
TAIKOUSDT,2024-06-27 16:00:00,0.0001
TAIKOUSDT,2024-06-27 08:00:00,0.0001
TAIKOUSDT,2024-06-27 00:00:00,0.0001
TAIKOUSDT,2024-06-26 16:00:00,0.0001
TAIKOUSDT,2024-06-26 08:00:00,0.0001
TAIKOUSDT,2024-06-26 00:00:00,0.0001
TAIKOUSDT,2024-06-25 16:00:00,0.0001
TAIKOUSDT,2024-06-25 08:00:00,0.0001
TAIKOUSDT,2024-06-25 00:00:00,0.0001
TAIKOUSDT,2024-06-24 16:00:00,0.0001
TAIKOUSDT,2024-06-24 08:00:00,0.0001
TAIKOUSDT,2024-06-24 00:00:00,0.0001
TAIKOUSDT,2024-06-23 16:00:00,0.0001
TAIKOUSDT,2024-06-23 08:00:00,0.0001
TAIKOUSDT,2024-06-23 00:00:00,0.0001
TAIKOUSDT,2024-06-22 16:00:00,0.0001
TAIKOUSDT,2024-06-22 08:00:00,0.0001
TAIKOUSDT,2024-06-22 00:00:00,0.0001
TAIKOUSDT,2024-06-21 16:00:00,0.0001
TAIKOUSDT,2024-06-21 08:00:00,0.0001
TAIKOUSDT,2024-06-21 00:00:00,0.0001
TAIKOUSDT,2024-06-20 16:00:00,0.0001
TAIKOUSDT,2024-06-20 08:00:00,0.0001
TAIKOUSDT,2024-06-20 00:00:00,0.0001
TAIKOUSDT,2024-06-19 16:00:00,0.0001
TAIKOUSDT,2024-06-19 08:00:00,0.0001
TAIKOUSDT,2024-06-19 00:00:00,0.0001
TAIKOUSDT,2024-06-18 16:00:00,0.0001
TAIKOUSDT,2024-06-18 08:00:00,0.0001
TAIKOUSDT,2024-06-18 00:00:00,0.0001
TAIKOUSDT,2024-06-17 16:00:00,0.0001
TAIKOUSDT,2024-06-17 08:00:00,0.0001
TAIKOUSDT,2024-06-17 00:00:00,0.0001
TAIKOUSDT,2024-06-16 16:00:00,0.0001
TAIKOUSDT,2024-06-16 08:00:00,0.0001
TAIKOUSDT,2024-06-16 00:00:00,0.0001
TAIKOUSDT,2024-06-15 16:00:00,0.0001
TAIKOUSDT,2024-06-15 08:00:00,0.0001
TAIKOUSDT,2024-06-15 00:00:00,0.0001
TAIKOUSDT,2024-06-14 16:00:00,0.0001
TAIKOUSDT,2024-06-14 08:00:00,0.0001
TAIKOUSDT,2024-06-14 00:00:00,0.0001
TAIKOUSDT,2024-06-13 16:00:00,0.0001
TAIKOUSDT,2024-06-13 08:00:00,0.0001
TAIKOUSDT,2024-06-13 00:00:00,0.0001
TAIKOUSDT,2024-06-12 16:00:00,0.0001
TAIKOUSDT,2024-06-12 08:00:00,0.0001
TAIKOUSDT,2024-06-12 00:00:00,0.0001
TAIKOUSDT,2024-06-11 16:00:00,0.0001
TAIKOUSDT,2024-06-11 08:00:00,0.0001
TAIKOUSDT,2024-06-11 00:00:00,0.0001
TAIKOUSDT,2024-06-10 16:00:00,0.0001
TAIKOUSDT,2024-06-10 08:00:00,0.0001
TAIKOUSDT,2024-06-10 00:00:00,0.0001
TAIKOUSDT,2024-06-09 16:00:00,0.0001
TAIKOUSDT,2024-06-09 08:00:00,0.0001
TAIKOUSDT,2024-06-09 00:00:00,0.0001
TAIKOUSDT,2024-06-08 16:00:00,0.0001
TAIKOUSDT,2024-06-08 08:00:00,0.0001
TAIKOUSDT,2024-06-08 00:00:00,0.0001
TAIKOUSDT,2024-06-07 16:00:00,0.0001
TAIKOUSDT,2024-06-07 08:00:00,0.0001
TAIKOUSDT,2024-06-07 00:00:00,-0.00031535
TAIKOUSDT,2024-06-06 16:00:00,-0.00007559
TAIKOUSDT,2024-06-06 08:00:00,-0.00487262
TAIKOUSDT,2024-06-06 00:00:00,-0.00208143
TAIKOUSDT,2024-06-05 16:00:00,0.0001
TAIKOUSDT,2024-06-05 08:00:00,0.0001
IOUSDT,2024-07-12 00:00:00,0.00005749
IOUSDT,2024-07-11 16:00:00,0.0001
IOUSDT,2024-07-11 08:00:00,0.0001
IOUSDT,2024-07-11 00:00:00,0.00008478
IOUSDT,2024-07-10 16:00:00,0.0001
IOUSDT,2024-07-10 08:00:00,0.0001
IOUSDT,2024-07-10 00:00:00,0.0001
IOUSDT,2024-07-09 16:00:00,0.0001
IOUSDT,2024-07-09 08:00:00,0.0001
IOUSDT,2024-07-09 00:00:00,0.0001
IOUSDT,2024-07-08 16:00:00,0.0001
IOUSDT,2024-07-08 08:00:00,0.0001
IOUSDT,2024-07-08 00:00:00,-0.00005226
IOUSDT,2024-07-07 16:00:00,0.0001
IOUSDT,2024-07-07 08:00:00,0.0001
IOUSDT,2024-07-07 00:00:00,0.00007865
IOUSDT,2024-07-06 16:00:00,0.0001
IOUSDT,2024-07-06 08:00:00,0.00005621
IOUSDT,2024-07-06 00:00:00,-0.00004284
IOUSDT,2024-07-05 16:00:00,0.0001
IOUSDT,2024-07-05 08:00:00,0.0001
IOUSDT,2024-07-05 00:00:00,0.0001
IOUSDT,2024-07-04 16:00:00,0.0001
IOUSDT,2024-07-04 08:00:00,0.0001
IOUSDT,2024-07-04 00:00:00,0.0001
IOUSDT,2024-07-03 16:00:00,0.0001
IOUSDT,2024-07-03 08:00:00,0.0001
IOUSDT,2024-07-03 00:00:00,0.0001
IOUSDT,2024-07-02 16:00:00,0.0001
IOUSDT,2024-07-02 08:00:00,0.0001
IOUSDT,2024-07-02 00:00:00,0.0001
IOUSDT,2024-07-01 16:00:00,0.0001
IOUSDT,2024-07-01 08:00:00,0.0001
IOUSDT,2024-07-01 00:00:00,0.0001
IOUSDT,2024-06-30 16:00:00,0.0001
IOUSDT,2024-06-30 08:00:00,0.0001
IOUSDT,2024-06-30 00:00:00,0.0001
IOUSDT,2024-06-29 16:00:00,0.0001
IOUSDT,2024-06-29 08:00:00,0.0001
IOUSDT,2024-06-29 00:00:00,0.0001
IOUSDT,2024-06-28 16:00:00,0.0001
IOUSDT,2024-06-28 08:00:00,0.0001
IOUSDT,2024-06-28 00:00:00,0.0001
IOUSDT,2024-06-27 16:00:00,0.0001
IOUSDT,2024-06-27 08:00:00,0.0001
IOUSDT,2024-06-27 00:00:00,0.0001
IOUSDT,2024-06-26 16:00:00,0.0001
IOUSDT,2024-06-26 08:00:00,0.0001
IOUSDT,2024-06-26 00:00:00,0.0001
IOUSDT,2024-06-25 16:00:00,0.0001
IOUSDT,2024-06-25 08:00:00,0.0001
IOUSDT,2024-06-25 00:00:00,0.0001
IOUSDT,2024-06-24 16:00:00,0.0001
IOUSDT,2024-06-24 08:00:00,0.0001
IOUSDT,2024-06-24 00:00:00,0.0001
IOUSDT,2024-06-23 16:00:00,0.0001
IOUSDT,2024-06-23 08:00:00,0.0001
IOUSDT,2024-06-23 00:00:00,0.0001
IOUSDT,2024-06-22 16:00:00,0.0001
IOUSDT,2024-06-22 08:00:00,0.0001
IOUSDT,2024-06-22 00:00:00,0.0001
IOUSDT,2024-06-21 16:00:00,0.0001
IOUSDT,2024-06-21 08:00:00,0.0001
IOUSDT,2024-06-21 00:00:00,0.0001
IOUSDT,2024-06-20 16:00:00,0.0001
IOUSDT,2024-06-20 08:00:00,-0.00011476
IOUSDT,2024-06-20 00:00:00,0.0001
IOUSDT,2024-06-19 16:00:00,0.00003471
IOUSDT,2024-06-19 08:00:00,0.00004348
IOUSDT,2024-06-19 00:00:00,-0.00007105
IOUSDT,2024-06-18 16:00:00,0.0001
IOUSDT,2024-06-18 08:00:00,0.0001
IOUSDT,2024-06-18 00:00:00,0.0001
IOUSDT,2024-06-17 16:00:00,0.0001
IOUSDT,2024-06-17 08:00:00,0.0001
IOUSDT,2024-06-17 00:00:00,0.0001
IOUSDT,2024-06-16 16:00:00,0.0001
IOUSDT,2024-06-16 08:00:00,0.0001
IOUSDT,2024-06-16 00:00:00,0.0001
IOUSDT,2024-06-15 16:00:00,0.0001
IOUSDT,2024-06-15 08:00:00,0.0001
IOUSDT,2024-06-15 00:00:00,0.0001
IOUSDT,2024-06-14 16:00:00,0.0001
IOUSDT,2024-06-14 08:00:00,-0.00017956
IOUSDT,2024-06-14 00:00:00,0.0001
IOUSDT,2024-06-13 16:00:00,0.0001
IOUSDT,2024-06-13 08:00:00,-0.00072378
IOUSDT,2024-06-13 00:00:00,0.0001
IOUSDT,2024-06-12 16:00:00,-0.00129904
IOUSDT,2024-06-12 08:00:00,-0.00062032
IOUSDT,2024-06-12 00:00:00,0.0001
IOUSDT,2024-06-11 16:00:00,-0.00172073
IOUSDT,2024-06-11 08:00:00,0.0001
ATHUSDT,2024-07-13 00:00:00,0.0001
ATHUSDT,2024-07-12 16:00:00,0.0001
ATHUSDT,2024-07-12 08:00:00,-0.0000393
ATHUSDT,2024-07-12 00:00:00,-0.0000665
ATHUSDT,2024-07-11 16:00:00,0.0001
ATHUSDT,2024-07-11 08:00:00,0.0001
ATHUSDT,2024-07-11 00:00:00,-0.00047721
ATHUSDT,2024-07-10 16:00:00,-0.00001955
ATHUSDT,2024-07-10 08:00:00,0.0001
ATHUSDT,2024-07-10 00:00:00,0.0001
ATHUSDT,2024-07-09 16:00:00,0.000035
ATHUSDT,2024-07-09 08:00:00,0.0001
ATHUSDT,2024-07-09 00:00:00,-0.00008052
ATHUSDT,2024-07-08 16:00:00,-0.00021387
ATHUSDT,2024-07-08 08:00:00,-0.00086394
ATHUSDT,2024-07-08 00:00:00,-0.00070707
ATHUSDT,2024-07-07 16:00:00,-0.00060544
ATHUSDT,2024-07-07 08:00:00,-0.00088191
ATHUSDT,2024-07-07 00:00:00,-0.00059532
ATHUSDT,2024-07-06 16:00:00,-0.00048892
ATHUSDT,2024-07-06 08:00:00,-0.00094822
ATHUSDT,2024-07-06 00:00:00,-0.00075082
ATHUSDT,2024-07-05 16:00:00,-0.00072927
ATHUSDT,2024-07-05 08:00:00,-0.00089539
ATHUSDT,2024-07-05 00:00:00,-0.00051967
ATHUSDT,2024-07-04 16:00:00,-0.00041803
ATHUSDT,2024-07-04 08:00:00,-0.00042757
ATHUSDT,2024-07-04 00:00:00,-0.00015743
ATHUSDT,2024-07-03 16:00:00,0.0001
ATHUSDT,2024-07-03 08:00:00,-0.00052371
ATHUSDT,2024-07-03 00:00:00,0.0001
ATHUSDT,2024-07-02 16:00:00,-0.00008776
ATHUSDT,2024-07-02 08:00:00,-0.00031676
ATHUSDT,2024-07-02 00:00:00,-0.00013571
ATHUSDT,2024-07-01 16:00:00,-0.00011084
ATHUSDT,2024-07-01 08:00:00,-0.00055389
ATHUSDT,2024-07-01 00:00:00,0.0001
ATHUSDT,2024-06-30 16:00:00,-0.00029159
ATHUSDT,2024-06-30 08:00:00,0.0001
ATHUSDT,2024-06-30 00:00:00,0.0001
ATHUSDT,2024-06-29 16:00:00,0.0001
ATHUSDT,2024-06-29 08:00:00,0.0001
ATHUSDT,2024-06-29 00:00:00,0.0001
ATHUSDT,2024-06-28 16:00:00,0.0001
ATHUSDT,2024-06-28 08:00:00,0.0001
ATHUSDT,2024-06-28 00:00:00,0.0001
ATHUSDT,2024-06-27 16:00:00,0.0001
ATHUSDT,2024-06-27 08:00:00,0.0001
ATHUSDT,2024-06-27 00:00:00,0.0001
ATHUSDT,2024-06-26 16:00:00,0.0001
ATHUSDT,2024-06-26 08:00:00,0.0001
ATHUSDT,2024-06-26 00:00:00,0.0001
ATHUSDT,2024-06-25 16:00:00,0.0001
ATHUSDT,2024-06-25 08:00:00,-0.00001673
ATHUSDT,2024-06-25 00:00:00,0.0001
ATHUSDT,2024-06-24 16:00:00,0.0001
ATHUSDT,2024-06-24 08:00:00,-0.00015006
ATHUSDT,2024-06-24 00:00:00,0.0001
ATHUSDT,2024-06-23 16:00:00,0.0001
ATHUSDT,2024-06-23 08:00:00,0.0001
ATHUSDT,2024-06-23 00:00:00,0.0001
ATHUSDT,2024-06-22 16:00:00,0.0001
ATHUSDT,2024-06-22 08:00:00,-0.00019781
ATHUSDT,2024-06-22 00:00:00,-0.00023055
ATHUSDT,2024-06-21 16:00:00,-0.00000641
ATHUSDT,2024-06-21 08:00:00,-0.0001396
ATHUSDT,2024-06-21 00:00:00,0.0001
ATHUSDT,2024-06-20 16:00:00,0.0001
ATHUSDT,2024-06-20 08:00:00,0.0001
ATHUSDT,2024-06-20 00:00:00,0.0001
ATHUSDT,2024-06-19 16:00:00,0.0001
ATHUSDT,2024-06-19 08:00:00,0.0001
ATHUSDT,2024-06-19 00:00:00,0.0001
ATHUSDT,2024-06-18 16:00:00,0.00008844
ATHUSDT,2024-06-18 08:00:00,0.0001
ATHUSDT,2024-06-18 00:00:00,0.0001
ATHUSDT,2024-06-17 16:00:00,0.0001
ATHUSDT,2024-06-17 08:00:00,0.0001
ATHUSDT,2024-06-17 00:00:00,0.0001
ATHUSDT,2024-06-16 16:00:00,0.0001
ATHUSDT,2024-06-16 08:00:00,-0.00149166
ATHUSDT,2024-06-16 00:00:00,-0.00019853
ATHUSDT,2024-06-15 16:00:00,-0.00084032
ATHUSDT,2024-06-15 08:00:00,-0.00410513
ATHUSDT,2024-06-15 00:00:00,0.0001
ATHUSDT,2024-06-14 16:00:00,0.0001
ATHUSDT,2024-06-14 08:00:00,-0.00216342
ATHUSDT,2024-06-14 00:00:00,0.0001
ATHUSDT,2024-06-13 16:00:00,-0.00192325
ATHUSDT,2024-06-13 08:00:00,0.0001
ZKUSDT,2024-07-18 00:00:00,0.0001
ZKUSDT,2024-07-17 16:00:00,0.0001
ZKUSDT,2024-07-17 08:00:00,0.0001
ZKUSDT,2024-07-17 00:00:00,0.0001
ZKUSDT,2024-07-16 16:00:00,0.0001
ZKUSDT,2024-07-16 08:00:00,0.0001
ZKUSDT,2024-07-16 00:00:00,0.0001
ZKUSDT,2024-07-15 16:00:00,0.0001
ZKUSDT,2024-07-15 08:00:00,0.0001
ZKUSDT,2024-07-15 00:00:00,0.0001
ZKUSDT,2024-07-14 16:00:00,0.0001
ZKUSDT,2024-07-14 08:00:00,0.0001
ZKUSDT,2024-07-14 00:00:00,0.0001
ZKUSDT,2024-07-13 16:00:00,0.00008858
ZKUSDT,2024-07-13 08:00:00,0.0000255
ZKUSDT,2024-07-13 00:00:00,0.0000334
ZKUSDT,2024-07-12 16:00:00,-0.00016459
ZKUSDT,2024-07-12 08:00:00,-0.0002476
ZKUSDT,2024-07-12 00:00:00,-0.00003484
ZKUSDT,2024-07-11 16:00:00,0.0001
ZKUSDT,2024-07-11 08:00:00,0.00009425
ZKUSDT,2024-07-11 00:00:00,0.0001
ZKUSDT,2024-07-10 16:00:00,0.0001
ZKUSDT,2024-07-10 08:00:00,0.0001
ZKUSDT,2024-07-10 00:00:00,0.0001
ZKUSDT,2024-07-09 16:00:00,0.0001
ZKUSDT,2024-07-09 08:00:00,0.0001
ZKUSDT,2024-07-09 00:00:00,0.0001
ZKUSDT,2024-07-08 16:00:00,0.0001
ZKUSDT,2024-07-08 08:00:00,0.0001
ZKUSDT,2024-07-08 00:00:00,-0.00005993
ZKUSDT,2024-07-07 16:00:00,-0.0001364
ZKUSDT,2024-07-07 08:00:00,0.0001
ZKUSDT,2024-07-07 00:00:00,0.00001461
ZKUSDT,2024-07-06 16:00:00,0.0001
ZKUSDT,2024-07-06 08:00:00,0.0001
ZKUSDT,2024-07-06 00:00:00,0.0001
ZKUSDT,2024-07-05 16:00:00,0.0001
ZKUSDT,2024-07-05 08:00:00,0.0001
ZKUSDT,2024-07-05 00:00:00,0.0001
ZKUSDT,2024-07-04 16:00:00,0.0001
ZKUSDT,2024-07-04 08:00:00,0.0001
ZKUSDT,2024-07-04 00:00:00,-0.0001526
ZKUSDT,2024-07-03 16:00:00,0.0001
ZKUSDT,2024-07-03 08:00:00,0.0001
ZKUSDT,2024-07-03 00:00:00,0.0001
ZKUSDT,2024-07-02 16:00:00,0.0001
ZKUSDT,2024-07-02 08:00:00,0.0001
ZKUSDT,2024-07-02 00:00:00,0.0001
ZKUSDT,2024-07-01 16:00:00,0.00013597
ZKUSDT,2024-07-01 08:00:00,0.0001
ZKUSDT,2024-07-01 00:00:00,0.0001
ZKUSDT,2024-06-30 16:00:00,0.0001
ZKUSDT,2024-06-30 08:00:00,0.0001
ZKUSDT,2024-06-30 00:00:00,0.0001
ZKUSDT,2024-06-29 16:00:00,0.00018838
ZKUSDT,2024-06-29 08:00:00,0.00012362
ZKUSDT,2024-06-29 00:00:00,0.0001
ZKUSDT,2024-06-28 16:00:00,0.0001
ZKUSDT,2024-06-28 08:00:00,0.0001
ZKUSDT,2024-06-28 00:00:00,0.0001
ZKUSDT,2024-06-27 16:00:00,0.0001
ZKUSDT,2024-06-27 08:00:00,0.0001
ZKUSDT,2024-06-27 00:00:00,0.0001
ZKUSDT,2024-06-26 16:00:00,0.0001
ZKUSDT,2024-06-26 08:00:00,0.0001
ZKUSDT,2024-06-26 00:00:00,0.0001
ZKUSDT,2024-06-25 16:00:00,0.0001
ZKUSDT,2024-06-25 08:00:00,0.0001
ZKUSDT,2024-06-25 00:00:00,0.0001
ZKUSDT,2024-06-24 16:00:00,0.0001
ZKUSDT,2024-06-24 08:00:00,0.0001
ZKUSDT,2024-06-24 00:00:00,0.0001
ZKUSDT,2024-06-23 16:00:00,0.0001
ZKUSDT,2024-06-23 08:00:00,0.0001
ZKUSDT,2024-06-23 00:00:00,0.0001
ZKUSDT,2024-06-22 16:00:00,0.0001
ZKUSDT,2024-06-22 08:00:00,0.0001
ZKUSDT,2024-06-22 00:00:00,0.0001
ZKUSDT,2024-06-21 16:00:00,0.0001
ZKUSDT,2024-06-21 08:00:00,0.00011955
ZKUSDT,2024-06-21 00:00:00,0.0001
ZKUSDT,2024-06-20 16:00:00,0.0001
ZKUSDT,2024-06-20 08:00:00,-0.015
ZKUSDT,2024-06-20 00:00:00,0.0001
ZROUSDT,2024-07-21 00:00:00,0.0001
ZROUSDT,2024-07-20 16:00:00,0.0001
ZROUSDT,2024-07-20 08:00:00,0.0001
ZROUSDT,2024-07-20 00:00:00,0.0001
ZROUSDT,2024-07-19 16:00:00,0.0001
ZROUSDT,2024-07-19 08:00:00,0.0001
ZROUSDT,2024-07-19 00:00:00,0.0001
ZROUSDT,2024-07-18 16:00:00,0.0001
ZROUSDT,2024-07-18 08:00:00,0.0001
ZROUSDT,2024-07-18 00:00:00,0.0001
ZROUSDT,2024-07-17 16:00:00,0.0001
ZROUSDT,2024-07-17 08:00:00,0.0001
ZROUSDT,2024-07-17 00:00:00,0.0001
ZROUSDT,2024-07-16 16:00:00,0.0001
ZROUSDT,2024-07-16 08:00:00,0.0001
ZROUSDT,2024-07-16 00:00:00,0.0001
ZROUSDT,2024-07-15 16:00:00,0.0001
ZROUSDT,2024-07-15 08:00:00,0.0001
ZROUSDT,2024-07-15 00:00:00,0.0001
ZROUSDT,2024-07-14 16:00:00,0.00003471
ZROUSDT,2024-07-14 08:00:00,0.0001
ZROUSDT,2024-07-14 00:00:00,0.00003525
ZROUSDT,2024-07-13 16:00:00,-0.00017604
ZROUSDT,2024-07-13 08:00:00,-0.0002302
ZROUSDT,2024-07-13 00:00:00,-0.0001001
ZROUSDT,2024-07-12 16:00:00,-0.00012413
ZROUSDT,2024-07-12 08:00:00,-0.00028583
ZROUSDT,2024-07-12 00:00:00,0.00002265
ZROUSDT,2024-07-11 16:00:00,0.0001
ZROUSDT,2024-07-11 08:00:00,0.0001
ZROUSDT,2024-07-11 00:00:00,0.0001
ZROUSDT,2024-07-10 16:00:00,0.0001
ZROUSDT,2024-07-10 08:00:00,0.0001
ZROUSDT,2024-07-10 00:00:00,-0.0001761
ZROUSDT,2024-07-09 16:00:00,-0.00025629
ZROUSDT,2024-07-09 08:00:00,-0.0002579
ZROUSDT,2024-07-09 00:00:00,-0.00022584
ZROUSDT,2024-07-08 16:00:00,-0.00000293
ZROUSDT,2024-07-08 08:00:00,0.0001
ZROUSDT,2024-07-08 00:00:00,-0.0010449
ZROUSDT,2024-07-07 16:00:00,0.0000173
ZROUSDT,2024-07-07 08:00:00,0.00004127
ZROUSDT,2024-07-07 00:00:00,0.0000456
ZROUSDT,2024-07-06 16:00:00,-0.00071207
ZROUSDT,2024-07-06 08:00:00,-0.0002078
ZROUSDT,2024-07-06 00:00:00,0.00005836
ZROUSDT,2024-07-05 16:00:00,-0.00023365
ZROUSDT,2024-07-05 08:00:00,0.0001
ZROUSDT,2024-07-05 00:00:00,0.0001
ZROUSDT,2024-07-04 16:00:00,0.0001
ZROUSDT,2024-07-04 08:00:00,0.0001
ZROUSDT,2024-07-04 00:00:00,0.0001
ZROUSDT,2024-07-03 16:00:00,0.0001
ZROUSDT,2024-07-03 08:00:00,-0.00039969
ZROUSDT,2024-07-03 00:00:00,0.0001
ZROUSDT,2024-07-02 16:00:00,-0.00026419
ZROUSDT,2024-07-02 08:00:00,0.0001
ZROUSDT,2024-07-02 00:00:00,0.0001
ZROUSDT,2024-07-01 16:00:00,0.0001
ZROUSDT,2024-07-01 08:00:00,0.0001
ZROUSDT,2024-07-01 00:00:00,0.0001
ZROUSDT,2024-06-30 16:00:00,-0.00088211
ZROUSDT,2024-06-30 08:00:00,0.0001
ZROUSDT,2024-06-30 00:00:00,0.0001
ZROUSDT,2024-06-29 16:00:00,0.0001
ZROUSDT,2024-06-29 08:00:00,0.0001
ZROUSDT,2024-06-29 00:00:00,0.0001
ZROUSDT,2024-06-28 16:00:00,0.0001
ZROUSDT,2024-06-28 08:00:00,0.0001
ZROUSDT,2024-06-28 00:00:00,0.0001
ZROUSDT,2024-06-27 16:00:00,0.0001
ZROUSDT,2024-06-27 08:00:00,0.0001
ZROUSDT,2024-06-27 00:00:00,0.0001
ZROUSDT,2024-06-26 16:00:00,0.0001
ZROUSDT,2024-06-26 08:00:00,0.0001
ZROUSDT,2024-06-26 00:00:00,0.0001
ZROUSDT,2024-06-25 16:00:00,0.0001
ZROUSDT,2024-06-25 08:00:00,0.0001
ZROUSDT,2024-06-25 00:00:00,0.0001
ZROUSDT,2024-06-24 16:00:00,0.0001
ZROUSDT,2024-06-24 08:00:00,0.0001
ZROUSDT,2024-06-24 00:00:00,0.0001
ZROUSDT,2024-06-23 16:00:00,0.0001
ZROUSDT,2024-06-23 08:00:00,0.0001
ZROUSDT,2024-06-23 00:00:00,0.0001
ZROUSDT,2024-06-22 16:00:00,0.0001
ZROUSDT,2024-06-22 08:00:00,0.0001
ZROUSDT,2024-06-22 00:00:00,0.0001
ZROUSDT,2024-06-21 16:00:00,0.0001
ZROUSDT,2024-06-21 08:00:00,0.0001
ZROUSDT,2024-06-21 00:00:00,0.00063669
ZROUSDT,2024-06-20 16:00:00,0.0001
ZROUSDT,2024-06-20 08:00:00,0.0001
BLASTUSDT,2024-07-27 00:00:00,0.0001
BLASTUSDT,2024-07-26 16:00:00,0.0001
BLASTUSDT,2024-07-26 08:00:00,0.00001956
BLASTUSDT,2024-07-26 00:00:00,-0.0000238
BLASTUSDT,2024-07-25 16:00:00,0.0001
BLASTUSDT,2024-07-25 08:00:00,0.0001
BLASTUSDT,2024-07-25 00:00:00,0.0001
BLASTUSDT,2024-07-24 16:00:00,0.0001
BLASTUSDT,2024-07-24 08:00:00,0.0001
BLASTUSDT,2024-07-24 00:00:00,-0.00001313
BLASTUSDT,2024-07-23 16:00:00,0.0001
BLASTUSDT,2024-07-23 08:00:00,0.0001
BLASTUSDT,2024-07-23 00:00:00,0.0001
BLASTUSDT,2024-07-22 16:00:00,0.0001
BLASTUSDT,2024-07-22 08:00:00,0.0001
BLASTUSDT,2024-07-22 00:00:00,0.0001
BLASTUSDT,2024-07-21 16:00:00,0.0001
BLASTUSDT,2024-07-21 08:00:00,0.0001
BLASTUSDT,2024-07-21 00:00:00,0.0001
BLASTUSDT,2024-07-20 16:00:00,0.0001
BLASTUSDT,2024-07-20 08:00:00,0.0001
BLASTUSDT,2024-07-20 00:00:00,0.0001
BLASTUSDT,2024-07-19 16:00:00,0.0001
BLASTUSDT,2024-07-19 08:00:00,0.0001
BLASTUSDT,2024-07-19 00:00:00,0.0001
BLASTUSDT,2024-07-18 16:00:00,0.0001
BLASTUSDT,2024-07-18 08:00:00,0.0001
BLASTUSDT,2024-07-18 00:00:00,0.0001
BLASTUSDT,2024-07-17 16:00:00,0.0001
BLASTUSDT,2024-07-17 08:00:00,0.0001
BLASTUSDT,2024-07-17 00:00:00,0.0001
BLASTUSDT,2024-07-16 16:00:00,0.0001
BLASTUSDT,2024-07-16 08:00:00,0.0001
BLASTUSDT,2024-07-16 00:00:00,0.0001
BLASTUSDT,2024-07-15 16:00:00,0.0001
BLASTUSDT,2024-07-15 08:00:00,0.0001
BLASTUSDT,2024-07-15 00:00:00,0.0001
BLASTUSDT,2024-07-14 16:00:00,0.0001
BLASTUSDT,2024-07-14 08:00:00,0.0001
BLASTUSDT,2024-07-14 00:00:00,0.0001
BLASTUSDT,2024-07-13 16:00:00,0.0001
BLASTUSDT,2024-07-13 08:00:00,0.0001
BLASTUSDT,2024-07-13 00:00:00,0.0001
BLASTUSDT,2024-07-12 16:00:00,0.0001
BLASTUSDT,2024-07-12 08:00:00,0.0001
BLASTUSDT,2024-07-12 00:00:00,0.0001
BLASTUSDT,2024-07-11 16:00:00,0.0001
BLASTUSDT,2024-07-11 08:00:00,0.0001
BLASTUSDT,2024-07-11 00:00:00,0.0001
BLASTUSDT,2024-07-10 16:00:00,0.0001
BLASTUSDT,2024-07-10 08:00:00,0.0001
BLASTUSDT,2024-07-10 00:00:00,0.0001
BLASTUSDT,2024-07-09 16:00:00,0.0001
BLASTUSDT,2024-07-09 08:00:00,0.0001
BLASTUSDT,2024-07-09 00:00:00,0.0001
BLASTUSDT,2024-07-08 16:00:00,0.0001
BLASTUSDT,2024-07-08 08:00:00,0.0001
BLASTUSDT,2024-07-08 00:00:00,0.0001
BLASTUSDT,2024-07-07 16:00:00,0.0001
BLASTUSDT,2024-07-07 08:00:00,-0.00011021
BLASTUSDT,2024-07-07 00:00:00,-0.0002441
BLASTUSDT,2024-07-06 16:00:00,0.0001
BLASTUSDT,2024-07-06 08:00:00,-0.00009819
BLASTUSDT,2024-07-06 00:00:00,-0.00001171
BLASTUSDT,2024-07-05 16:00:00,-0.00034113
BLASTUSDT,2024-07-05 08:00:00,-0.00010014
BLASTUSDT,2024-07-05 00:00:00,-0.00015085
BLASTUSDT,2024-07-04 16:00:00,0.0001
BLASTUSDT,2024-07-04 08:00:00,0.0001
BLASTUSDT,2024-07-04 00:00:00,0.0001
BLASTUSDT,2024-07-03 16:00:00,0.0001
BLASTUSDT,2024-07-03 08:00:00,-0.00005259
BLASTUSDT,2024-07-03 00:00:00,0.0001
BLASTUSDT,2024-07-02 16:00:00,0.0001
BLASTUSDT,2024-07-02 08:00:00,0.0001
BLASTUSDT,2024-07-02 00:00:00,0.0001
BLASTUSDT,2024-07-01 16:00:00,0.0001
BLASTUSDT,2024-07-01 08:00:00,0.0001
BLASTUSDT,2024-07-01 00:00:00,0.0001
BLASTUSDT,2024-06-30 16:00:00,0.0001
BLASTUSDT,2024-06-30 08:00:00,-0.00021569
BLASTUSDT,2024-06-30 00:00:00,-0.00055535
BLASTUSDT,2024-06-29 16:00:00,0.0001
BLASTUSDT,2024-06-29 08:00:00,-0.00032838
BLASTUSDT,2024-06-29 00:00:00,-0.00077413
BLASTUSDT,2024-06-28 16:00:00,0.00000508
BLASTUSDT,2024-06-28 08:00:00,-0.00026055
BLASTUSDT,2024-06-28 00:00:00,-0.00044803
BLASTUSDT,2024-06-27 16:00:00,-0.00259221
BLASTUSDT,2024-06-27 08:00:00,0.0001
MOCAUSDT,2024-08-11 00:00:00,0.0001
MOCAUSDT,2024-08-10 16:00:00,0.0001
MOCAUSDT,2024-08-10 08:00:00,0.0001
MOCAUSDT,2024-08-10 00:00:00,0.0001
MOCAUSDT,2024-08-09 16:00:00,0.0001
MOCAUSDT,2024-08-09 08:00:00,0.0001
MOCAUSDT,2024-08-09 00:00:00,0.0001
MOCAUSDT,2024-08-08 16:00:00,-0.00031581
MOCAUSDT,2024-08-08 08:00:00,0.0001
MOCAUSDT,2024-08-08 00:00:00,0.0001
MOCAUSDT,2024-08-07 16:00:00,-0.00006897
MOCAUSDT,2024-08-07 08:00:00,0.0001
MOCAUSDT,2024-08-07 00:00:00,-0.00002299
MOCAUSDT,2024-08-06 16:00:00,0.0001
MOCAUSDT,2024-08-06 08:00:00,0.0001
MOCAUSDT,2024-08-06 00:00:00,0.0001
MOCAUSDT,2024-08-05 16:00:00,0.0001
MOCAUSDT,2024-08-05 08:00:00,-0.0007827
MOCAUSDT,2024-08-05 00:00:00,-0.00581372
MOCAUSDT,2024-08-04 16:00:00,-0.00248358
MOCAUSDT,2024-08-04 08:00:00,-0.00855955
MOCAUSDT,2024-08-04 00:00:00,-0.015
MOCAUSDT,2024-08-03 16:00:00,-0.01210586
MOCAUSDT,2024-08-03 08:00:00,-0.00555144
MOCAUSDT,2024-08-03 00:00:00,-0.0117226
MOCAUSDT,2024-08-02 16:00:00,-0.00853811
MOCAUSDT,2024-08-02 08:00:00,-0.00364844
MOCAUSDT,2024-08-02 00:00:00,0.00008537
MOCAUSDT,2024-08-01 16:00:00,0.0001
MOCAUSDT,2024-08-01 08:00:00,0.0001
MOCAUSDT,2024-08-01 00:00:00,0.0001
MOCAUSDT,2024-07-31 16:00:00,0.0001
MOCAUSDT,2024-07-31 08:00:00,0.0001
MOCAUSDT,2024-07-31 00:00:00,0.0001
MOCAUSDT,2024-07-30 16:00:00,-0.00138609
MOCAUSDT,2024-07-30 08:00:00,-0.00314463
MOCAUSDT,2024-07-30 00:00:00,-0.00211153
MOCAUSDT,2024-07-29 16:00:00,-0.00013037
MOCAUSDT,2024-07-29 08:00:00,0.0001
MOCAUSDT,2024-07-29 00:00:00,-0.00027043
MOCAUSDT,2024-07-28 16:00:00,0.0001
MOCAUSDT,2024-07-28 08:00:00,0.0001
MOCAUSDT,2024-07-28 00:00:00,0.0001
MOCAUSDT,2024-07-27 16:00:00,0.0001
MOCAUSDT,2024-07-27 08:00:00,0.0001
MOCAUSDT,2024-07-27 00:00:00,0.0001
MOCAUSDT,2024-07-26 16:00:00,0.0001
MOCAUSDT,2024-07-26 08:00:00,0.0001
MOCAUSDT,2024-07-26 00:00:00,0.0001
MOCAUSDT,2024-07-25 16:00:00,0.0001
MOCAUSDT,2024-07-25 08:00:00,0.0001
MOCAUSDT,2024-07-25 00:00:00,0.0001
MOCAUSDT,2024-07-24 16:00:00,0.0001
MOCAUSDT,2024-07-24 08:00:00,0.0001
MOCAUSDT,2024-07-24 00:00:00,0.0001
MOCAUSDT,2024-07-23 16:00:00,0.0001
MOCAUSDT,2024-07-23 08:00:00,0.0001
MOCAUSDT,2024-07-23 00:00:00,0.0001
MOCAUSDT,2024-07-22 16:00:00,0.0001
MOCAUSDT,2024-07-22 08:00:00,0.0001
MOCAUSDT,2024-07-22 00:00:00,0.0001
MOCAUSDT,2024-07-21 16:00:00,0.0001
MOCAUSDT,2024-07-21 08:00:00,0.0001
MOCAUSDT,2024-07-21 00:00:00,0.0001
MOCAUSDT,2024-07-20 16:00:00,0.0001
MOCAUSDT,2024-07-20 08:00:00,0.0001
MOCAUSDT,2024-07-20 00:00:00,-0.00043185
MOCAUSDT,2024-07-19 16:00:00,0.0001
MOCAUSDT,2024-07-19 08:00:00,0.0001
MOCAUSDT,2024-07-19 00:00:00,0.00006482
MOCAUSDT,2024-07-18 16:00:00,-0.00148556
MOCAUSDT,2024-07-18 08:00:00,-0.00372859
MOCAUSDT,2024-07-18 00:00:00,-0.00833595
MOCAUSDT,2024-07-17 16:00:00,-0.00223925
MOCAUSDT,2024-07-17 08:00:00,-0.00304551
MOCAUSDT,2024-07-17 00:00:00,-0.00543541
MOCAUSDT,2024-07-16 16:00:00,-0.00702254
MOCAUSDT,2024-07-16 08:00:00,-0.00473925
MOCAUSDT,2024-07-16 00:00:00,-0.00868959
MOCAUSDT,2024-07-15 16:00:00,-0.00346855
MOCAUSDT,2024-07-15 08:00:00,-0.00608904
MOCAUSDT,2024-07-15 00:00:00,-0.00745147
MOCAUSDT,2024-07-14 16:00:00,-0.0092155
MOCAUSDT,2024-07-14 08:00:00,-0.00700289
MOCAUSDT,2024-07-14 00:00:00,-0.015
MOCAUSDT,2024-07-13 16:00:00,-0.01036958
MOCAUSDT,2024-07-13 08:00:00,-0.01069871
MOCAUSDT,2024-07-13 00:00:00,-0.01173672
MOCAUSDT,2024-07-12 16:00:00,-0.00700114
MOCAUSDT,2024-07-12 08:00:00,0.0001
RENDERUSDT,2024-08-31 00:00:00,-0.00030538
RENDERUSDT,2024-08-30 16:00:00,-0.00007682
RENDERUSDT,2024-08-30 08:00:00,-0.00021068
RENDERUSDT,2024-08-30 00:00:00,0.00004854
RENDERUSDT,2024-08-29 16:00:00,0.00006701
RENDERUSDT,2024-08-29 08:00:00,0.0001
RENDERUSDT,2024-08-29 00:00:00,0.00001789
RENDERUSDT,2024-08-28 16:00:00,0.00006475
RENDERUSDT,2024-08-28 08:00:00,0.0001
RENDERUSDT,2024-08-28 00:00:00,0.0001
RENDERUSDT,2024-08-27 16:00:00,0.0001
RENDERUSDT,2024-08-27 08:00:00,0.0001
RENDERUSDT,2024-08-27 00:00:00,0.0001
RENDERUSDT,2024-08-26 16:00:00,0.0001
RENDERUSDT,2024-08-26 08:00:00,0.0001
RENDERUSDT,2024-08-26 00:00:00,0.0001
RENDERUSDT,2024-08-25 16:00:00,0.0001
RENDERUSDT,2024-08-25 08:00:00,0.0001
RENDERUSDT,2024-08-25 00:00:00,0.0001
RENDERUSDT,2024-08-24 16:00:00,0.0001
RENDERUSDT,2024-08-24 08:00:00,0.0001
RENDERUSDT,2024-08-24 00:00:00,0.0001
RENDERUSDT,2024-08-23 16:00:00,0.0001
RENDERUSDT,2024-08-23 08:00:00,0.0001
RENDERUSDT,2024-08-23 00:00:00,0.0001
RENDERUSDT,2024-08-22 16:00:00,0.0001
RENDERUSDT,2024-08-22 08:00:00,0.0001
RENDERUSDT,2024-08-22 00:00:00,0.0001
RENDERUSDT,2024-08-21 16:00:00,0.0001
RENDERUSDT,2024-08-21 08:00:00,0.0001
RENDERUSDT,2024-08-21 00:00:00,0.0001
RENDERUSDT,2024-08-20 16:00:00,0.0001
RENDERUSDT,2024-08-20 08:00:00,0.0001
RENDERUSDT,2024-08-20 00:00:00,0.0001
RENDERUSDT,2024-08-19 16:00:00,0.0001
RENDERUSDT,2024-08-19 08:00:00,0.0001
RENDERUSDT,2024-08-19 00:00:00,-0.00033698
RENDERUSDT,2024-08-18 16:00:00,0.00009213
RENDERUSDT,2024-08-18 08:00:00,-0.00001444
RENDERUSDT,2024-08-18 00:00:00,0.00009291
RENDERUSDT,2024-08-17 16:00:00,0.0001
RENDERUSDT,2024-08-17 08:00:00,0.0001
RENDERUSDT,2024-08-17 00:00:00,0.0001
RENDERUSDT,2024-08-16 16:00:00,0.0001
RENDERUSDT,2024-08-16 08:00:00,0.0001
RENDERUSDT,2024-08-16 00:00:00,-0.00019329
RENDERUSDT,2024-08-15 16:00:00,0.0001
RENDERUSDT,2024-08-15 08:00:00,0.0001
RENDERUSDT,2024-08-15 00:00:00,0.0001
RENDERUSDT,2024-08-14 16:00:00,0.0001
RENDERUSDT,2024-08-14 08:00:00,0.0001
RENDERUSDT,2024-08-14 00:00:00,0.0001
RENDERUSDT,2024-08-13 16:00:00,0.0001
RENDERUSDT,2024-08-13 08:00:00,0.0001
RENDERUSDT,2024-08-13 00:00:00,0.0001
RENDERUSDT,2024-08-12 16:00:00,0.0001
RENDERUSDT,2024-08-12 08:00:00,0.0001
RENDERUSDT,2024-08-12 00:00:00,0.0001
RENDERUSDT,2024-08-11 16:00:00,0.0001
RENDERUSDT,2024-08-11 08:00:00,0.0001
RENDERUSDT,2024-08-11 00:00:00,0.00005406
RENDERUSDT,2024-08-10 16:00:00,0.0001
RENDERUSDT,2024-08-10 08:00:00,0.0001
RENDERUSDT,2024-08-10 00:00:00,0.0001
RENDERUSDT,2024-08-09 16:00:00,0.0001
RENDERUSDT,2024-08-09 08:00:00,0.0001
RENDERUSDT,2024-08-09 00:00:00,0.0001
RENDERUSDT,2024-08-08 16:00:00,0.0001
RENDERUSDT,2024-08-08 08:00:00,0.0001
RENDERUSDT,2024-08-08 00:00:00,0.0001
RENDERUSDT,2024-08-07 16:00:00,0.00001067
RENDERUSDT,2024-08-07 08:00:00,-0.00018145
RENDERUSDT,2024-08-07 00:00:00,-0.00031851
RENDERUSDT,2024-08-06 16:00:00,-0.00013333
RENDERUSDT,2024-08-06 08:00:00,-0.00013393
RENDERUSDT,2024-08-06 00:00:00,0.0000358
RENDERUSDT,2024-08-05 16:00:00,0.0001
RENDERUSDT,2024-08-05 08:00:00,-0.00015663
RENDERUSDT,2024-08-05 00:00:00,0.0001
RENDERUSDT,2024-08-04 16:00:00,0.0001
RENDERUSDT,2024-08-04 08:00:00,0.0001
RENDERUSDT,2024-08-04 00:00:00,0.0001
RENDERUSDT,2024-08-03 16:00:00,0.0001
RENDERUSDT,2024-08-03 08:00:00,0.0001
RENDERUSDT,2024-08-03 00:00:00,0.0001
RENDERUSDT,2024-08-02 16:00:00,0.0001
RENDERUSDT,2024-08-02 08:00:00,0.0001
RENDERUSDT,2024-08-02 00:00:00,0.0001
RENDERUSDT,2024-08-01 16:00:00,0.0001
RENDERUSDT,2024-08-01 08:00:00,0.0001
RENDERUSDT,2024-08-01 00:00:00,0.0001
RENDERUSDT,2024-07-31 16:00:00,0.0001
RENDERUSDT,2024-07-31 08:00:00,0.0001
RENDERUSDT,2024-07-31 00:00:00,0.0001
ORDERUSDT,2024-09-26 00:00:00,0.0001
ORDERUSDT,2024-09-25 16:00:00,0.0001
ORDERUSDT,2024-09-25 08:00:00,0.0001
ORDERUSDT,2024-09-25 00:00:00,0.0001
ORDERUSDT,2024-09-24 16:00:00,0.0001
ORDERUSDT,2024-09-24 08:00:00,0.0001
ORDERUSDT,2024-09-24 00:00:00,0.0001
ORDERUSDT,2024-09-23 16:00:00,0.0001
ORDERUSDT,2024-09-23 08:00:00,0.0001
ORDERUSDT,2024-09-23 00:00:00,0.0001
ORDERUSDT,2024-09-22 16:00:00,0.0001
ORDERUSDT,2024-09-22 08:00:00,0.0001
ORDERUSDT,2024-09-22 00:00:00,0.0001
ORDERUSDT,2024-09-21 16:00:00,0.0001
ORDERUSDT,2024-09-21 08:00:00,0.0001
ORDERUSDT,2024-09-21 00:00:00,0.0001
ORDERUSDT,2024-09-20 16:00:00,0.0001
ORDERUSDT,2024-09-20 08:00:00,0.0001
ORDERUSDT,2024-09-20 00:00:00,0.0001
ORDERUSDT,2024-09-19 16:00:00,0.0001
ORDERUSDT,2024-09-19 08:00:00,0.0001
ORDERUSDT,2024-09-19 00:00:00,0.0001
ORDERUSDT,2024-09-18 16:00:00,0.0001
ORDERUSDT,2024-09-18 08:00:00,0.0001
ORDERUSDT,2024-09-18 00:00:00,0.0001
ORDERUSDT,2024-09-17 16:00:00,0.0001
ORDERUSDT,2024-09-17 08:00:00,0.0001
ORDERUSDT,2024-09-17 00:00:00,0.0001
ORDERUSDT,2024-09-16 16:00:00,0.0001
ORDERUSDT,2024-09-16 08:00:00,0.0001
ORDERUSDT,2024-09-16 00:00:00,0.0001
ORDERUSDT,2024-09-15 16:00:00,0.0001
ORDERUSDT,2024-09-15 08:00:00,0.0001
ORDERUSDT,2024-09-15 00:00:00,0.0001
ORDERUSDT,2024-09-14 16:00:00,0.0001
ORDERUSDT,2024-09-14 08:00:00,0.0001
ORDERUSDT,2024-09-14 00:00:00,0.0001
ORDERUSDT,2024-09-13 16:00:00,0.0001
ORDERUSDT,2024-09-13 08:00:00,0.0001
ORDERUSDT,2024-09-13 00:00:00,0.0001
ORDERUSDT,2024-09-12 16:00:00,0.0001
ORDERUSDT,2024-09-12 08:00:00,0.0001
ORDERUSDT,2024-09-12 00:00:00,0.0001
ORDERUSDT,2024-09-11 16:00:00,0.0001
ORDERUSDT,2024-09-11 08:00:00,0.0001
ORDERUSDT,2024-09-11 00:00:00,0.0001
ORDERUSDT,2024-09-10 16:00:00,0.0001
ORDERUSDT,2024-09-10 08:00:00,0.0001
ORDERUSDT,2024-09-10 00:00:00,0.0001
ORDERUSDT,2024-09-09 16:00:00,0.0001
ORDERUSDT,2024-09-09 08:00:00,0.0001
ORDERUSDT,2024-09-09 00:00:00,0.0001
ORDERUSDT,2024-09-08 16:00:00,0.0001
ORDERUSDT,2024-09-08 08:00:00,0.0001
ORDERUSDT,2024-09-08 00:00:00,0.0001
ORDERUSDT,2024-09-07 16:00:00,0.0001
ORDERUSDT,2024-09-07 08:00:00,0.0001
ORDERUSDT,2024-09-07 00:00:00,0.0001
ORDERUSDT,2024-09-06 16:00:00,0.0001
ORDERUSDT,2024-09-06 08:00:00,0.0001
ORDERUSDT,2024-09-06 00:00:00,0.0001
ORDERUSDT,2024-09-05 16:00:00,0.0001
ORDERUSDT,2024-09-05 08:00:00,0.0001
ORDERUSDT,2024-09-05 00:00:00,0.0001
ORDERUSDT,2024-09-04 16:00:00,0.0001
ORDERUSDT,2024-09-04 08:00:00,0.0001
ORDERUSDT,2024-09-04 00:00:00,-0.00025563
ORDERUSDT,2024-09-03 16:00:00,-0.00042283
ORDERUSDT,2024-09-03 08:00:00,-0.00118627
ORDERUSDT,2024-09-03 00:00:00,-0.00047897
ORDERUSDT,2024-09-02 16:00:00,-0.00021106
ORDERUSDT,2024-09-02 08:00:00,-0.00033808
ORDERUSDT,2024-09-02 00:00:00,-0.00421683
ORDERUSDT,2024-09-01 16:00:00,-0.00183534
ORDERUSDT,2024-09-01 08:00:00,-0.00066976
ORDERUSDT,2024-09-01 00:00:00,-0.00526743
ORDERUSDT,2024-08-31 16:00:00,-0.00234842
ORDERUSDT,2024-08-31 08:00:00,-0.00107542
ORDERUSDT,2024-08-31 00:00:00,-0.00311466
ORDERUSDT,2024-08-30 16:00:00,-0.00609963
ORDERUSDT,2024-08-30 08:00:00,-0.00254869
ORDERUSDT,2024-08-30 00:00:00,-0.00321432
ORDERUSDT,2024-08-29 16:00:00,-0.00308267
ORDERUSDT,2024-08-29 08:00:00,-0.00188532
ORDERUSDT,2024-08-29 00:00:00,-0.00409423
ORDERUSDT,2024-08-28 16:00:00,-0.00352051
ORDERUSDT,2024-08-28 08:00:00,-0.00206126
ORDERUSDT,2024-08-28 00:00:00,-0.0047206
ORDERUSDT,2024-08-27 16:00:00,-0.00367613
ORDERUSDT,2024-08-27 08:00:00,0.0001
CATIUSDT,2024-10-21 00:00:00,0.0001
CATIUSDT,2024-10-20 16:00:00,0.0001
CATIUSDT,2024-10-20 08:00:00,0.0001
CATIUSDT,2024-10-20 00:00:00,0.0001
CATIUSDT,2024-10-19 16:00:00,0.0001
CATIUSDT,2024-10-19 08:00:00,0.0001
CATIUSDT,2024-10-19 00:00:00,0.0001
CATIUSDT,2024-10-18 16:00:00,0.0001
CATIUSDT,2024-10-18 08:00:00,0.0001
CATIUSDT,2024-10-18 00:00:00,0.0001
CATIUSDT,2024-10-17 16:00:00,0.0001
CATIUSDT,2024-10-17 08:00:00,0.0001
CATIUSDT,2024-10-17 00:00:00,0.0001
CATIUSDT,2024-10-16 16:00:00,0.0001
CATIUSDT,2024-10-16 08:00:00,0.0001
CATIUSDT,2024-10-16 00:00:00,0.0001
CATIUSDT,2024-10-15 16:00:00,0.0001
CATIUSDT,2024-10-15 08:00:00,0.0001
CATIUSDT,2024-10-15 00:00:00,0.0001
CATIUSDT,2024-10-14 16:00:00,0.0001
CATIUSDT,2024-10-14 08:00:00,0.0001
CATIUSDT,2024-10-14 00:00:00,0.0001
CATIUSDT,2024-10-13 16:00:00,0.0001
CATIUSDT,2024-10-13 08:00:00,0.0001
CATIUSDT,2024-10-13 00:00:00,0.0001
CATIUSDT,2024-10-12 16:00:00,0.0001
CATIUSDT,2024-10-12 08:00:00,0.0001
CATIUSDT,2024-10-12 00:00:00,0.0001
CATIUSDT,2024-10-11 16:00:00,0.00009678
CATIUSDT,2024-10-11 08:00:00,-0.00026896
CATIUSDT,2024-10-11 00:00:00,0.0001
CATIUSDT,2024-10-10 16:00:00,-0.0000487
CATIUSDT,2024-10-10 08:00:00,0.0001
CATIUSDT,2024-10-10 00:00:00,0.0001
CATIUSDT,2024-10-09 16:00:00,0.0001
CATIUSDT,2024-10-09 08:00:00,-0.00002431
CATIUSDT,2024-10-09 00:00:00,0.0001
CATIUSDT,2024-10-08 16:00:00,0.0001
CATIUSDT,2024-10-08 08:00:00,0.0001
CATIUSDT,2024-10-08 00:00:00,0.0001
CATIUSDT,2024-10-07 16:00:00,0.0001
CATIUSDT,2024-10-07 08:00:00,0.00004788
CATIUSDT,2024-10-07 00:00:00,0.00007249
CATIUSDT,2024-10-06 16:00:00,-0.00003172
CATIUSDT,2024-10-06 08:00:00,0.0001
CATIUSDT,2024-10-06 00:00:00,0.0001
CATIUSDT,2024-10-05 16:00:00,0.0001
CATIUSDT,2024-10-05 08:00:00,0.0001
CATIUSDT,2024-10-05 00:00:00,0.0001
CATIUSDT,2024-10-04 16:00:00,0.00008371
CATIUSDT,2024-10-04 08:00:00,0.0001
CATIUSDT,2024-10-04 00:00:00,-0.0001448
CATIUSDT,2024-10-03 16:00:00,0.0001
CATIUSDT,2024-10-03 08:00:00,0.00002535
CATIUSDT,2024-10-03 00:00:00,0.0001
CATIUSDT,2024-10-02 16:00:00,0.0001
CATIUSDT,2024-10-02 08:00:00,0.0001
CATIUSDT,2024-10-02 00:00:00,0.0001
CATIUSDT,2024-10-01 16:00:00,0.0001
CATIUSDT,2024-10-01 08:00:00,0.0001
CATIUSDT,2024-10-01 00:00:00,0.0001
CATIUSDT,2024-09-30 16:00:00,0.0001
CATIUSDT,2024-09-30 08:00:00,0.0001
CATIUSDT,2024-09-30 00:00:00,0.0001
CATIUSDT,2024-09-29 16:00:00,0.0001
CATIUSDT,2024-09-29 08:00:00,0.0001
CATIUSDT,2024-09-29 00:00:00,0.0001
CATIUSDT,2024-09-28 16:00:00,0.0001
CATIUSDT,2024-09-28 08:00:00,0.0001
CATIUSDT,2024-09-28 00:00:00,0.0001
CATIUSDT,2024-09-27 16:00:00,0.0001
CATIUSDT,2024-09-27 08:00:00,0.0001
CATIUSDT,2024-09-27 00:00:00,0.0001
CATIUSDT,2024-09-26 16:00:00,0.0001
CATIUSDT,2024-09-26 08:00:00,0.0001
CATIUSDT,2024-09-26 00:00:00,0.0001
CATIUSDT,2024-09-25 16:00:00,0.0001
CATIUSDT,2024-09-25 08:00:00,0.0001
CATIUSDT,2024-09-25 00:00:00,0.0001
CATIUSDT,2024-09-24 16:00:00,0.0001
CATIUSDT,2024-09-24 08:00:00,0.0001
CATIUSDT,2024-09-24 00:00:00,0.0001
CATIUSDT,2024-09-23 16:00:00,0.0001
CATIUSDT,2024-09-23 08:00:00,0.0001
CATIUSDT,2024-09-23 00:00:00,0.0001
CATIUSDT,2024-09-22 16:00:00,0.0001
CATIUSDT,2024-09-22 08:00:00,0.0001
CATIUSDT,2024-09-22 00:00:00,0.0001
CATIUSDT,2024-09-21 16:00:00,0.0001
CATIUSDT,2024-09-21 08:00:00,0.0001
CATIUSDT,2024-09-21 00:00:00,0.0001
CATIUSDT,2024-09-20 16:00:00,0.0001
CATIUSDT,2024-09-20 08:00:00,0.0001
CATIUSDT,2024-09-20 00:00:00,0.0001
HMSTRUSDT,2024-10-27 00:00:00,-0.00000684
HMSTRUSDT,2024-10-26 16:00:00,0.0001
HMSTRUSDT,2024-10-26 08:00:00,0.0001
HMSTRUSDT,2024-10-26 00:00:00,0.0001
HMSTRUSDT,2024-10-25 16:00:00,0.0001
HMSTRUSDT,2024-10-25 08:00:00,0.0001
HMSTRUSDT,2024-10-25 00:00:00,0.0001
HMSTRUSDT,2024-10-24 16:00:00,0.0001
HMSTRUSDT,2024-10-24 08:00:00,0.0001
HMSTRUSDT,2024-10-24 00:00:00,0.0001
HMSTRUSDT,2024-10-23 16:00:00,0.0001
HMSTRUSDT,2024-10-23 08:00:00,0.0001
HMSTRUSDT,2024-10-23 00:00:00,0.0001
HMSTRUSDT,2024-10-22 16:00:00,0.0001
HMSTRUSDT,2024-10-22 08:00:00,0.0001
HMSTRUSDT,2024-10-22 00:00:00,0.0001
HMSTRUSDT,2024-10-21 16:00:00,0.0001
HMSTRUSDT,2024-10-21 08:00:00,0.0001
HMSTRUSDT,2024-10-21 00:00:00,0.0001
HMSTRUSDT,2024-10-20 16:00:00,0.0001
HMSTRUSDT,2024-10-20 08:00:00,0.0001
HMSTRUSDT,2024-10-20 00:00:00,0.0001
HMSTRUSDT,2024-10-19 16:00:00,0.0001
HMSTRUSDT,2024-10-19 08:00:00,0.0001
HMSTRUSDT,2024-10-19 00:00:00,0.0001
HMSTRUSDT,2024-10-18 16:00:00,0.0001
HMSTRUSDT,2024-10-18 08:00:00,0.0001
HMSTRUSDT,2024-10-18 00:00:00,0.0001
HMSTRUSDT,2024-10-17 16:00:00,0.0001
HMSTRUSDT,2024-10-17 08:00:00,0.0001
HMSTRUSDT,2024-10-17 00:00:00,0.0001
HMSTRUSDT,2024-10-16 16:00:00,0.0001
HMSTRUSDT,2024-10-16 08:00:00,0.0001
HMSTRUSDT,2024-10-16 00:00:00,0.0001
HMSTRUSDT,2024-10-15 16:00:00,0.0001
HMSTRUSDT,2024-10-15 08:00:00,0.0001322
HMSTRUSDT,2024-10-15 00:00:00,0.0001
HMSTRUSDT,2024-10-14 16:00:00,0.0001
HMSTRUSDT,2024-10-14 08:00:00,0.0001
HMSTRUSDT,2024-10-14 00:00:00,0.0001
HMSTRUSDT,2024-10-13 16:00:00,0.0001
HMSTRUSDT,2024-10-13 08:00:00,0.0001
HMSTRUSDT,2024-10-13 00:00:00,0.0001
HMSTRUSDT,2024-10-12 16:00:00,0.0001
HMSTRUSDT,2024-10-12 08:00:00,0.0001
HMSTRUSDT,2024-10-12 00:00:00,0.0001
HMSTRUSDT,2024-10-11 16:00:00,0.0001
HMSTRUSDT,2024-10-11 08:00:00,0.0001
HMSTRUSDT,2024-10-11 00:00:00,0.0001
HMSTRUSDT,2024-10-10 16:00:00,0.0001
HMSTRUSDT,2024-10-10 08:00:00,0.0001
HMSTRUSDT,2024-10-10 00:00:00,0.0001
HMSTRUSDT,2024-10-09 16:00:00,0.0001
HMSTRUSDT,2024-10-09 08:00:00,0.0001
HMSTRUSDT,2024-10-09 00:00:00,0.0001
HMSTRUSDT,2024-10-08 16:00:00,0.0001
HMSTRUSDT,2024-10-08 08:00:00,0.0001
HMSTRUSDT,2024-10-08 00:00:00,0.0001
HMSTRUSDT,2024-10-07 16:00:00,0.0001
HMSTRUSDT,2024-10-07 08:00:00,0.0001
HMSTRUSDT,2024-10-07 00:00:00,0.0001
HMSTRUSDT,2024-10-06 16:00:00,0.0001
HMSTRUSDT,2024-10-06 08:00:00,0.0001
HMSTRUSDT,2024-10-06 00:00:00,0.0001
HMSTRUSDT,2024-10-05 16:00:00,0.0001
HMSTRUSDT,2024-10-05 08:00:00,0.0001
HMSTRUSDT,2024-10-05 00:00:00,0.00006558
HMSTRUSDT,2024-10-04 16:00:00,0.00008059
HMSTRUSDT,2024-10-04 08:00:00,0.0001
HMSTRUSDT,2024-10-04 00:00:00,0.0000115
HMSTRUSDT,2024-10-03 16:00:00,0.0001
HMSTRUSDT,2024-10-03 08:00:00,0.0001
HMSTRUSDT,2024-10-03 00:00:00,0.00007508
HMSTRUSDT,2024-10-02 16:00:00,0.0001
HMSTRUSDT,2024-10-02 08:00:00,0.0001
HMSTRUSDT,2024-10-02 00:00:00,0.0001
HMSTRUSDT,2024-10-01 16:00:00,0.0001
HMSTRUSDT,2024-10-01 08:00:00,0.0001
HMSTRUSDT,2024-10-01 00:00:00,0.0001
HMSTRUSDT,2024-09-30 16:00:00,0.0001
HMSTRUSDT,2024-09-30 08:00:00,0.0001
HMSTRUSDT,2024-09-30 00:00:00,0.0001
HMSTRUSDT,2024-09-29 16:00:00,0.0001
HMSTRUSDT,2024-09-29 08:00:00,0.0001
HMSTRUSDT,2024-09-29 00:00:00,0.0001
HMSTRUSDT,2024-09-28 16:00:00,0.0001
HMSTRUSDT,2024-09-28 08:00:00,0.0003832
HMSTRUSDT,2024-09-28 00:00:00,0.00031247
HMSTRUSDT,2024-09-27 16:00:00,0.00061855
HMSTRUSDT,2024-09-27 08:00:00,0.00068195
HMSTRUSDT,2024-09-27 00:00:00,0.0001
HMSTRUSDT,2024-09-26 16:00:00,-0.00076915
HMSTRUSDT,2024-09-26 08:00:00,0.0001
HMSTRUSDT,2024-09-26 00:00:00,0.0001
EIGENUSDT,2024-11-01 00:00:00,0.0001
EIGENUSDT,2024-10-31 16:00:00,0.0001
EIGENUSDT,2024-10-31 08:00:00,0.0001
EIGENUSDT,2024-10-31 00:00:00,0.0001
EIGENUSDT,2024-10-30 16:00:00,0.0001
EIGENUSDT,2024-10-30 08:00:00,0.0001
EIGENUSDT,2024-10-30 00:00:00,0.0001
EIGENUSDT,2024-10-29 16:00:00,0.0001
EIGENUSDT,2024-10-29 08:00:00,0.0001
EIGENUSDT,2024-10-29 00:00:00,0.0001
EIGENUSDT,2024-10-28 16:00:00,0.0001
EIGENUSDT,2024-10-28 08:00:00,0.0001
EIGENUSDT,2024-10-28 00:00:00,0.0001
EIGENUSDT,2024-10-27 16:00:00,0.0001
EIGENUSDT,2024-10-27 08:00:00,0.0001
EIGENUSDT,2024-10-27 00:00:00,0.0001
EIGENUSDT,2024-10-26 16:00:00,0.0001
EIGENUSDT,2024-10-26 08:00:00,0.0001
EIGENUSDT,2024-10-26 00:00:00,0.0001
EIGENUSDT,2024-10-25 16:00:00,0.0001
EIGENUSDT,2024-10-25 08:00:00,0.0001
EIGENUSDT,2024-10-25 00:00:00,0.0001
EIGENUSDT,2024-10-24 16:00:00,0.0001
EIGENUSDT,2024-10-24 08:00:00,0.0001
EIGENUSDT,2024-10-24 00:00:00,0.0001
EIGENUSDT,2024-10-23 16:00:00,0.0001
EIGENUSDT,2024-10-23 08:00:00,0.0001
EIGENUSDT,2024-10-23 00:00:00,0.0001
EIGENUSDT,2024-10-22 16:00:00,0.0001
EIGENUSDT,2024-10-22 08:00:00,0.0001
EIGENUSDT,2024-10-22 00:00:00,0.0001
EIGENUSDT,2024-10-21 16:00:00,0.0001
EIGENUSDT,2024-10-21 08:00:00,0.0001
EIGENUSDT,2024-10-21 00:00:00,0.0001
EIGENUSDT,2024-10-20 16:00:00,0.0001
EIGENUSDT,2024-10-20 08:00:00,0.0001
EIGENUSDT,2024-10-20 00:00:00,0.0001
EIGENUSDT,2024-10-19 16:00:00,0.0001
EIGENUSDT,2024-10-19 08:00:00,0.0001
EIGENUSDT,2024-10-19 00:00:00,0.0001
EIGENUSDT,2024-10-18 16:00:00,0.0001
EIGENUSDT,2024-10-18 08:00:00,0.0001
EIGENUSDT,2024-10-18 00:00:00,0.0001
EIGENUSDT,2024-10-17 16:00:00,0.0001
EIGENUSDT,2024-10-17 08:00:00,0.0001
EIGENUSDT,2024-10-17 00:00:00,0.0001
EIGENUSDT,2024-10-16 16:00:00,0.0001
EIGENUSDT,2024-10-16 08:00:00,0.0001
EIGENUSDT,2024-10-16 00:00:00,0.0001
EIGENUSDT,2024-10-15 16:00:00,0.0001
EIGENUSDT,2024-10-15 08:00:00,0.0001
EIGENUSDT,2024-10-15 00:00:00,0.0001
EIGENUSDT,2024-10-14 16:00:00,0.0001
EIGENUSDT,2024-10-14 08:00:00,0.0001
EIGENUSDT,2024-10-14 00:00:00,0.0001
EIGENUSDT,2024-10-13 16:00:00,0.0001
EIGENUSDT,2024-10-13 08:00:00,0.0001
EIGENUSDT,2024-10-13 00:00:00,0.0001
EIGENUSDT,2024-10-12 16:00:00,0.0001
EIGENUSDT,2024-10-12 08:00:00,0.0001
EIGENUSDT,2024-10-12 00:00:00,0.0001
EIGENUSDT,2024-10-11 16:00:00,0.0001
EIGENUSDT,2024-10-11 08:00:00,0.0001
EIGENUSDT,2024-10-11 00:00:00,0.0001
EIGENUSDT,2024-10-10 16:00:00,0.0001
EIGENUSDT,2024-10-10 08:00:00,0.0001
EIGENUSDT,2024-10-10 00:00:00,0.0001
EIGENUSDT,2024-10-09 16:00:00,0.0001
EIGENUSDT,2024-10-09 08:00:00,0.0001
EIGENUSDT,2024-10-09 00:00:00,0.0001
EIGENUSDT,2024-10-08 16:00:00,0.0001
EIGENUSDT,2024-10-08 08:00:00,0.0001
EIGENUSDT,2024-10-08 00:00:00,0.0001
EIGENUSDT,2024-10-07 16:00:00,0.00011157
EIGENUSDT,2024-10-07 08:00:00,0.00017383
EIGENUSDT,2024-10-07 00:00:00,0.0001
EIGENUSDT,2024-10-06 16:00:00,0.0001
EIGENUSDT,2024-10-06 08:00:00,0.0001
EIGENUSDT,2024-10-06 00:00:00,0.0001
EIGENUSDT,2024-10-05 16:00:00,0.0001
EIGENUSDT,2024-10-05 08:00:00,0.0001
EIGENUSDT,2024-10-05 00:00:00,0.0001
EIGENUSDT,2024-10-04 16:00:00,0.0001
EIGENUSDT,2024-10-04 08:00:00,0.0001
EIGENUSDT,2024-10-04 00:00:00,0.0001
EIGENUSDT,2024-10-03 16:00:00,0.0001
EIGENUSDT,2024-10-03 08:00:00,0.0001
EIGENUSDT,2024-10-03 00:00:00,0.0001
EIGENUSDT,2024-10-02 16:00:00,0.0001
EIGENUSDT,2024-10-02 08:00:00,0.0003484
EIGENUSDT,2024-10-02 00:00:00,0.00074011
EIGENUSDT,2024-10-01 16:00:00,0.00069546
EIGENUSDT,2024-10-01 08:00:00,0.00038801
EIGENUSDT,2024-10-01 00:00:00,0.0001
CARVUSDT,2024-11-10 00:00:00,-0.00019137
CARVUSDT,2024-11-09 16:00:00,-0.00178802
CARVUSDT,2024-11-09 08:00:00,-0.00564511
CARVUSDT,2024-11-09 00:00:00,-0.00396083
CARVUSDT,2024-11-08 16:00:00,-0.00334022
CARVUSDT,2024-11-08 08:00:00,-0.00780528
CARVUSDT,2024-11-08 00:00:00,-0.00256126
CARVUSDT,2024-11-07 16:00:00,-0.00692456
CARVUSDT,2024-11-07 08:00:00,-0.01151987
CARVUSDT,2024-11-07 00:00:00,-0.0015868
CARVUSDT,2024-11-06 16:00:00,-0.00365024
CARVUSDT,2024-11-06 08:00:00,-0.00451972
CARVUSDT,2024-11-06 00:00:00,-0.00236791
CARVUSDT,2024-11-05 16:00:00,-0.00257154
CARVUSDT,2024-11-05 08:00:00,-0.00267145
CARVUSDT,2024-11-05 00:00:00,-0.00245248
CARVUSDT,2024-11-04 16:00:00,-0.00260725
CARVUSDT,2024-11-04 08:00:00,-0.00268971
CARVUSDT,2024-11-04 00:00:00,-0.00242366
CARVUSDT,2024-11-03 16:00:00,-0.00296223
CARVUSDT,2024-11-03 08:00:00,-0.0140099
CARVUSDT,2024-11-03 00:00:00,-0.0183993
CARVUSDT,2024-11-02 16:00:00,-0.04
CARVUSDT,2024-11-02 08:00:00,-0.00125238
CARVUSDT,2024-11-02 00:00:00,-0.00039205
CARVUSDT,2024-11-01 16:00:00,-0.00039627
CARVUSDT,2024-11-01 08:00:00,-0.0005889
CARVUSDT,2024-11-01 00:00:00,-0.00046785
CARVUSDT,2024-10-31 16:00:00,-0.00084625
CARVUSDT,2024-10-31 08:00:00,-0.0034968
CARVUSDT,2024-10-31 00:00:00,-0.00108395
CARVUSDT,2024-10-30 16:00:00,-0.00061839
CARVUSDT,2024-10-30 08:00:00,-0.00121952
CARVUSDT,2024-10-30 00:00:00,-0.00037251
CARVUSDT,2024-10-29 16:00:00,-0.00096287
CARVUSDT,2024-10-29 08:00:00,-0.00546361
CARVUSDT,2024-10-29 00:00:00,-0.00062442
CARVUSDT,2024-10-28 16:00:00,-0.00006588
CARVUSDT,2024-10-28 08:00:00,-0.00031474
CARVUSDT,2024-10-28 00:00:00,0.0001
CARVUSDT,2024-10-27 16:00:00,0.0001
CARVUSDT,2024-10-27 08:00:00,0.0001
CARVUSDT,2024-10-27 00:00:00,0.0001
CARVUSDT,2024-10-26 16:00:00,0.0001
CARVUSDT,2024-10-26 08:00:00,-0.00325473
CARVUSDT,2024-10-26 00:00:00,-0.00066246
CARVUSDT,2024-10-25 16:00:00,0.0001
CARVUSDT,2024-10-25 08:00:00,-0.00010551
CARVUSDT,2024-10-25 00:00:00,0.0001
CARVUSDT,2024-10-24 16:00:00,0.0001809
CARVUSDT,2024-10-24 08:00:00,0.0001
CARVUSDT,2024-10-24 00:00:00,0.0001
CARVUSDT,2024-10-23 16:00:00,0.0001
CARVUSDT,2024-10-23 08:00:00,-0.00308928
CARVUSDT,2024-10-23 00:00:00,-0.00230205
CARVUSDT,2024-10-22 16:00:00,-0.00117889
CARVUSDT,2024-10-22 08:00:00,-0.00131228
CARVUSDT,2024-10-22 00:00:00,-0.00146901
CARVUSDT,2024-10-21 16:00:00,0.0001
CARVUSDT,2024-10-21 08:00:00,0.0001
CARVUSDT,2024-10-21 00:00:00,0.0001
CARVUSDT,2024-10-20 16:00:00,0.00046135
CARVUSDT,2024-10-20 08:00:00,0.0001
CARVUSDT,2024-10-20 00:00:00,-0.00008254
CARVUSDT,2024-10-19 16:00:00,-0.00099366
CARVUSDT,2024-10-19 08:00:00,-0.00095878
CARVUSDT,2024-10-19 00:00:00,-0.00102434
CARVUSDT,2024-10-18 16:00:00,0.0001
CARVUSDT,2024-10-18 08:00:00,-0.00000047
CARVUSDT,2024-10-18 00:00:00,-0.00036939
CARVUSDT,2024-10-17 16:00:00,-0.00073756
CARVUSDT,2024-10-17 08:00:00,-0.00178977
CARVUSDT,2024-10-17 00:00:00,-0.00101991
CARVUSDT,2024-10-16 16:00:00,-0.00162579
CARVUSDT,2024-10-16 08:00:00,0.0001
DEEPUSDT,2024-11-14 00:00:00,0.0001
DEEPUSDT,2024-11-13 16:00:00,0.0001
DEEPUSDT,2024-11-13 08:00:00,0.0001
DEEPUSDT,2024-11-13 00:00:00,0.0001
DEEPUSDT,2024-11-12 16:00:00,0.0001
DEEPUSDT,2024-11-12 08:00:00,0.00037067
DEEPUSDT,2024-11-12 00:00:00,0.00032524
DEEPUSDT,2024-11-11 16:00:00,0.00023912
DEEPUSDT,2024-11-11 08:00:00,0.00015122
DEEPUSDT,2024-11-11 00:00:00,0.00040384
DEEPUSDT,2024-11-10 16:00:00,0.00051081
DEEPUSDT,2024-11-10 08:00:00,0.00046753
DEEPUSDT,2024-11-10 00:00:00,0.0001
DEEPUSDT,2024-11-09 16:00:00,0.0001
DEEPUSDT,2024-11-09 08:00:00,0.0001
DEEPUSDT,2024-11-09 00:00:00,0.0001
DEEPUSDT,2024-11-08 16:00:00,0.0001
DEEPUSDT,2024-11-08 08:00:00,0.0001
DEEPUSDT,2024-11-08 00:00:00,0.0001
DEEPUSDT,2024-11-07 16:00:00,0.0001
DEEPUSDT,2024-11-07 08:00:00,0.0001
DEEPUSDT,2024-11-07 00:00:00,0.0001
DEEPUSDT,2024-11-06 16:00:00,0.0001
DEEPUSDT,2024-11-06 08:00:00,0.0001
DEEPUSDT,2024-11-06 00:00:00,0.0001
DEEPUSDT,2024-11-05 16:00:00,0.0001
DEEPUSDT,2024-11-05 08:00:00,-0.0001308
DEEPUSDT,2024-11-05 00:00:00,-0.00025283
DEEPUSDT,2024-11-04 16:00:00,0.00003294
DEEPUSDT,2024-11-04 08:00:00,-0.00036879
DEEPUSDT,2024-11-04 00:00:00,0.00006056
DEEPUSDT,2024-11-03 16:00:00,-0.00022943
DEEPUSDT,2024-11-03 08:00:00,-0.00059634
DEEPUSDT,2024-11-03 00:00:00,-0.00010502
DEEPUSDT,2024-11-02 16:00:00,0.0001
DEEPUSDT,2024-11-02 08:00:00,0.0001
DEEPUSDT,2024-11-02 00:00:00,-0.00085318
DEEPUSDT,2024-11-01 16:00:00,-0.00022096
DEEPUSDT,2024-11-01 08:00:00,0.0001
DEEPUSDT,2024-11-01 00:00:00,0.0001
DEEPUSDT,2024-10-31 16:00:00,0.0001
DEEPUSDT,2024-10-31 08:00:00,-0.00010563
DEEPUSDT,2024-10-31 00:00:00,-0.00134062
DEEPUSDT,2024-10-30 16:00:00,-0.00106931
DEEPUSDT,2024-10-30 08:00:00,-0.00075365
DEEPUSDT,2024-10-30 00:00:00,-0.00028624
DEEPUSDT,2024-10-29 16:00:00,-0.00065156
DEEPUSDT,2024-10-29 08:00:00,0.0001
DEEPUSDT,2024-10-29 00:00:00,-0.00073879
DEEPUSDT,2024-10-28 16:00:00,0.0001
DEEPUSDT,2024-10-28 08:00:00,-0.0016248
DEEPUSDT,2024-10-28 00:00:00,-0.00179114
DEEPUSDT,2024-10-27 16:00:00,-0.0143812
DEEPUSDT,2024-10-27 08:00:00,-0.00218296
DEEPUSDT,2024-10-27 00:00:00,-0.00096709
DEEPUSDT,2024-10-26 16:00:00,-0.00070664
DEEPUSDT,2024-10-26 08:00:00,-0.00019409
DEEPUSDT,2024-10-26 00:00:00,-0.00037525
DEEPUSDT,2024-10-25 16:00:00,-0.00170955
DEEPUSDT,2024-10-25 08:00:00,-0.00096598
DEEPUSDT,2024-10-25 00:00:00,-0.00247879
DEEPUSDT,2024-10-24 16:00:00,-0.00281735
DEEPUSDT,2024-10-24 08:00:00,-0.00088457
DEEPUSDT,2024-10-24 00:00:00,-0.00028277
DEEPUSDT,2024-10-23 16:00:00,-0.00045509
DEEPUSDT,2024-10-23 08:00:00,-0.00104993
DEEPUSDT,2024-10-23 00:00:00,-0.00066891
DEEPUSDT,2024-10-22 16:00:00,0.0001
DEEPUSDT,2024-10-22 08:00:00,-0.00011778
DEEPUSDT,2024-10-22 00:00:00,-0.00025279
DEEPUSDT,2024-10-21 16:00:00,0.0001
DEEPUSDT,2024-10-21 08:00:00,-0.00378608
DEEPUSDT,2024-10-21 00:00:00,-0.0013542
DEEPUSDT,2024-10-20 16:00:00,-0.00458719
DEEPUSDT,2024-10-20 08:00:00,-0.00832371
DEEPUSDT,2024-10-20 00:00:00,-0.00715192
DEEPUSDT,2024-10-19 16:00:00,-0.00401255
DEEPUSDT,2024-10-19 08:00:00,-0.00270811
DEEPUSDT,2024-10-19 00:00:00,-0.00282862
DEEPUSDT,2024-10-18 16:00:00,-0.00064952
DEEPUSDT,2024-10-18 08:00:00,-0.00026704
DEEPUSDT,2024-10-18 00:00:00,-0.00008861
DEEPUSDT,2024-10-17 16:00:00,-0.00067788
DEEPUSDT,2024-10-17 08:00:00,0.0001
PUFFERUSDT,2024-11-14 00:00:00,0.0001
PUFFERUSDT,2024-11-13 16:00:00,0.0001
PUFFERUSDT,2024-11-13 08:00:00,0.0001
PUFFERUSDT,2024-11-13 00:00:00,0.0001
PUFFERUSDT,2024-11-12 16:00:00,0.0001
PUFFERUSDT,2024-11-12 08:00:00,0.0001
PUFFERUSDT,2024-11-12 00:00:00,0.0001
PUFFERUSDT,2024-11-11 16:00:00,0.0001
PUFFERUSDT,2024-11-11 08:00:00,0.00047277
PUFFERUSDT,2024-11-11 00:00:00,0.00030074
PUFFERUSDT,2024-11-10 16:00:00,0.00019046
PUFFERUSDT,2024-11-10 08:00:00,0.00018471
PUFFERUSDT,2024-11-10 00:00:00,0.0001
PUFFERUSDT,2024-11-09 16:00:00,0.0001
PUFFERUSDT,2024-11-09 08:00:00,0.00017741
PUFFERUSDT,2024-11-09 00:00:00,0.0001
PUFFERUSDT,2024-11-08 16:00:00,0.0001
PUFFERUSDT,2024-11-08 08:00:00,0.0001
PUFFERUSDT,2024-11-08 00:00:00,0.0001
PUFFERUSDT,2024-11-07 16:00:00,0.0001
PUFFERUSDT,2024-11-07 08:00:00,0.0001
PUFFERUSDT,2024-11-07 00:00:00,0.00052353
PUFFERUSDT,2024-11-06 16:00:00,0.0001
PUFFERUSDT,2024-11-06 08:00:00,0.0001
PUFFERUSDT,2024-11-06 00:00:00,0.0001
PUFFERUSDT,2024-11-05 16:00:00,0.0001
PUFFERUSDT,2024-11-05 08:00:00,0.0001
PUFFERUSDT,2024-11-05 00:00:00,0.0001
PUFFERUSDT,2024-11-04 16:00:00,0.0001
PUFFERUSDT,2024-11-04 08:00:00,0.0001
PUFFERUSDT,2024-11-04 00:00:00,0.0001
PUFFERUSDT,2024-11-03 16:00:00,0.0001
PUFFERUSDT,2024-11-03 08:00:00,0.0001
PUFFERUSDT,2024-11-03 00:00:00,0.0001
PUFFERUSDT,2024-11-02 16:00:00,0.0001
PUFFERUSDT,2024-11-02 08:00:00,0.0001
PUFFERUSDT,2024-11-02 00:00:00,0.0001
PUFFERUSDT,2024-11-01 16:00:00,0.0001
PUFFERUSDT,2024-11-01 08:00:00,0.0001
PUFFERUSDT,2024-11-01 00:00:00,0.0001
PUFFERUSDT,2024-10-31 16:00:00,0.0001
PUFFERUSDT,2024-10-31 08:00:00,0.0001
PUFFERUSDT,2024-10-31 00:00:00,0.0001
PUFFERUSDT,2024-10-30 16:00:00,0.0001
PUFFERUSDT,2024-10-30 08:00:00,0.0001
PUFFERUSDT,2024-10-30 00:00:00,0.0001
PUFFERUSDT,2024-10-29 16:00:00,0.0001
PUFFERUSDT,2024-10-29 08:00:00,0.0001
PUFFERUSDT,2024-10-29 00:00:00,0.0001
PUFFERUSDT,2024-10-28 16:00:00,0.0001
PUFFERUSDT,2024-10-28 08:00:00,0.00024689
PUFFERUSDT,2024-10-28 00:00:00,0.0001
PUFFERUSDT,2024-10-27 16:00:00,0.0001
PUFFERUSDT,2024-10-27 08:00:00,0.00043881
PUFFERUSDT,2024-10-27 00:00:00,0.00022694
PUFFERUSDT,2024-10-26 16:00:00,0.0001
PUFFERUSDT,2024-10-26 08:00:00,0.0001
PUFFERUSDT,2024-10-26 00:00:00,0.0001
PUFFERUSDT,2024-10-25 16:00:00,0.0002314
PUFFERUSDT,2024-10-25 08:00:00,0.00027606
PUFFERUSDT,2024-10-25 00:00:00,0.00024803
PUFFERUSDT,2024-10-24 16:00:00,0.000171
PUFFERUSDT,2024-10-24 08:00:00,0.00020542
PUFFERUSDT,2024-10-24 00:00:00,0.0001
PUFFERUSDT,2024-10-23 16:00:00,0.0001
PUFFERUSDT,2024-10-23 08:00:00,0.0001
PUFFERUSDT,2024-10-23 00:00:00,0.00001329
PUFFERUSDT,2024-10-22 16:00:00,0.0001
PUFFERUSDT,2024-10-22 08:00:00,0.0001
PUFFERUSDT,2024-10-22 00:00:00,0.00008349
PUFFERUSDT,2024-10-21 16:00:00,0.0001
PUFFERUSDT,2024-10-21 08:00:00,-0.00018442
PUFFERUSDT,2024-10-21 00:00:00,-0.00056647
PUFFERUSDT,2024-10-20 16:00:00,-0.00015578
PUFFERUSDT,2024-10-20 08:00:00,-0.00016804
PUFFERUSDT,2024-10-20 00:00:00,-0.00127093
PUFFERUSDT,2024-10-19 16:00:00,-0.00236074
PUFFERUSDT,2024-10-19 08:00:00,-0.00050807
PUFFERUSDT,2024-10-19 00:00:00,-0.00304848
PUFFERUSDT,2024-10-18 16:00:00,-0.00183435
PUFFERUSDT,2024-10-18 08:00:00,-0.00230184
PUFFERUSDT,2024-10-18 00:00:00,-0.00249607
PUFFERUSDT,2024-10-17 16:00:00,-0.00073655
PUFFERUSDT,2024-10-17 08:00:00,-0.00102855
PUFFERUSDT,2024-10-17 00:00:00,-0.00347677
PUFFERUSDT,2024-10-16 16:00:00,-0.00307864
PUFFERUSDT,2024-10-16 08:00:00,-0.00305027
PUFFERUSDT,2024-10-16 00:00:00,-0.00489897
PUFFERUSDT,2024-10-15 16:00:00,-0.00280226
PUFFERUSDT,2024-10-15 08:00:00,-0.00315915
PUFFERUSDT,2024-10-15 00:00:00,-0.00703448
PUFFERUSDT,2024-10-14 16:00:00,-0.0023507
PUFFERUSDT,2024-10-14 08:00:00,0.0001
DBRUSDT,2024-11-17 00:00:00,0.0001
DBRUSDT,2024-11-16 16:00:00,0.0001
DBRUSDT,2024-11-16 08:00:00,0.00051983
DBRUSDT,2024-11-16 00:00:00,0.00017718
DBRUSDT,2024-11-15 16:00:00,0.0001
DBRUSDT,2024-11-15 08:00:00,0.0001
DBRUSDT,2024-11-15 00:00:00,0.0001
DBRUSDT,2024-11-14 16:00:00,0.0001
DBRUSDT,2024-11-14 08:00:00,0.00015873
DBRUSDT,2024-11-14 00:00:00,0.00038895
DBRUSDT,2024-11-13 16:00:00,0.00013548
DBRUSDT,2024-11-13 08:00:00,0.0001
DBRUSDT,2024-11-13 00:00:00,0.00020563
DBRUSDT,2024-11-12 16:00:00,0.0001
DBRUSDT,2024-11-12 08:00:00,0.00018373
DBRUSDT,2024-11-12 00:00:00,0.00067217
DBRUSDT,2024-11-11 16:00:00,0.0001
DBRUSDT,2024-11-11 08:00:00,0.0001
DBRUSDT,2024-11-11 00:00:00,0.00075864
DBRUSDT,2024-11-10 16:00:00,0.00034762
DBRUSDT,2024-11-10 08:00:00,0.0001
DBRUSDT,2024-11-10 00:00:00,0.0001
DBRUSDT,2024-11-09 16:00:00,0.0001
DBRUSDT,2024-11-09 08:00:00,0.00057815
DBRUSDT,2024-11-09 00:00:00,0.0001
DBRUSDT,2024-11-08 16:00:00,0.0001
DBRUSDT,2024-11-08 08:00:00,0.0001
DBRUSDT,2024-11-08 00:00:00,0.00048162
DBRUSDT,2024-11-07 16:00:00,0.00036407
DBRUSDT,2024-11-07 08:00:00,0.00073386
DBRUSDT,2024-11-07 00:00:00,0.00084018
DBRUSDT,2024-11-06 16:00:00,0.0001
DBRUSDT,2024-11-06 08:00:00,0.00031709
DBRUSDT,2024-11-06 00:00:00,0.0001
DBRUSDT,2024-11-05 16:00:00,0.0001
DBRUSDT,2024-11-05 08:00:00,0.0001
DBRUSDT,2024-11-05 00:00:00,0.0001
DBRUSDT,2024-11-04 16:00:00,0.0001
DBRUSDT,2024-11-04 08:00:00,0.0001
DBRUSDT,2024-11-04 00:00:00,0.0001
DBRUSDT,2024-11-03 16:00:00,-0.00004094
DBRUSDT,2024-11-03 08:00:00,0.0001
DBRUSDT,2024-11-03 00:00:00,0.0001
DBRUSDT,2024-11-02 16:00:00,0.0001
DBRUSDT,2024-11-02 08:00:00,0.0001
DBRUSDT,2024-11-02 00:00:00,0.0001
DBRUSDT,2024-11-01 16:00:00,0.0001
DBRUSDT,2024-11-01 08:00:00,0.0001
DBRUSDT,2024-11-01 00:00:00,0.0001
DBRUSDT,2024-10-31 16:00:00,0.0001
DBRUSDT,2024-10-31 08:00:00,0.0001
DBRUSDT,2024-10-31 00:00:00,0.0001
DBRUSDT,2024-10-30 16:00:00,0.0001
DBRUSDT,2024-10-30 08:00:00,0.0001
DBRUSDT,2024-10-30 00:00:00,0.0001
DBRUSDT,2024-10-29 16:00:00,0.0001
DBRUSDT,2024-10-29 08:00:00,0.0001
DBRUSDT,2024-10-29 00:00:00,0.0001
DBRUSDT,2024-10-28 16:00:00,0.0001
DBRUSDT,2024-10-28 08:00:00,0.0001
DBRUSDT,2024-10-28 00:00:00,0.0001
DBRUSDT,2024-10-27 16:00:00,0.0001
DBRUSDT,2024-10-27 08:00:00,0.0001
DBRUSDT,2024-10-27 00:00:00,0.0001
DBRUSDT,2024-10-26 16:00:00,0.0001
DBRUSDT,2024-10-26 08:00:00,0.0001
DBRUSDT,2024-10-26 00:00:00,-0.00097034
DBRUSDT,2024-10-25 16:00:00,-0.00040012
DBRUSDT,2024-10-25 08:00:00,0.00002455
DBRUSDT,2024-10-25 00:00:00,-0.00262122
DBRUSDT,2024-10-24 16:00:00,-0.00117375
DBRUSDT,2024-10-24 08:00:00,-0.0001493
DBRUSDT,2024-10-24 00:00:00,-0.00490471
DBRUSDT,2024-10-23 16:00:00,-0.00227316
DBRUSDT,2024-10-23 08:00:00,-0.00177598
DBRUSDT,2024-10-23 00:00:00,-0.00164693
DBRUSDT,2024-10-22 16:00:00,-0.00023189
DBRUSDT,2024-10-22 08:00:00,0.0001
DBRUSDT,2024-10-22 00:00:00,-0.00080857
DBRUSDT,2024-10-21 16:00:00,-0.00010012
DBRUSDT,2024-10-21 08:00:00,-0.00001142
DBRUSDT,2024-10-21 00:00:00,-0.00152499
DBRUSDT,2024-10-20 16:00:00,-0.0008654
DBRUSDT,2024-10-20 08:00:00,-0.00043733
DBRUSDT,2024-10-20 00:00:00,-0.0025385
DBRUSDT,2024-10-19 16:00:00,-0.0006416
DBRUSDT,2024-10-19 08:00:00,-0.00078059
DBRUSDT,2024-10-19 00:00:00,-0.00384819
DBRUSDT,2024-10-18 16:00:00,-0.00206915
DBRUSDT,2024-10-18 08:00:00,-0.00259753
DBRUSDT,2024-10-18 00:00:00,-0.00643566
DBRUSDT,2024-10-17 16:00:00,-0.00145003
DBRUSDT,2024-10-17 08:00:00,0.0001
SCRUSDT,2024-11-22 00:00:00,0.0001
SCRUSDT,2024-11-21 16:00:00,0.0001
SCRUSDT,2024-11-21 08:00:00,0.0001
SCRUSDT,2024-11-21 00:00:00,0.0001
SCRUSDT,2024-11-20 16:00:00,0.00022755
SCRUSDT,2024-11-20 08:00:00,0.0001
SCRUSDT,2024-11-20 00:00:00,0.00010784
SCRUSDT,2024-11-19 16:00:00,0.00038849
SCRUSDT,2024-11-19 08:00:00,0.00045089
SCRUSDT,2024-11-19 00:00:00,0.0001
SCRUSDT,2024-11-18 16:00:00,0.0002324
SCRUSDT,2024-11-18 08:00:00,0.00077317
SCRUSDT,2024-11-18 00:00:00,0.00038935
SCRUSDT,2024-11-17 16:00:00,0.00027426
SCRUSDT,2024-11-17 08:00:00,0.0001
SCRUSDT,2024-11-17 00:00:00,0.0001
SCRUSDT,2024-11-16 16:00:00,0.0001
SCRUSDT,2024-11-16 08:00:00,0.0001
SCRUSDT,2024-11-16 00:00:00,0.00037091
SCRUSDT,2024-11-15 16:00:00,0.0001
SCRUSDT,2024-11-15 08:00:00,0.0001
SCRUSDT,2024-11-15 00:00:00,0.0001
SCRUSDT,2024-11-14 16:00:00,0.00010393
SCRUSDT,2024-11-14 08:00:00,0.0001
SCRUSDT,2024-11-14 00:00:00,0.0001
SCRUSDT,2024-11-13 16:00:00,0.0001
SCRUSDT,2024-11-13 08:00:00,0.0001
SCRUSDT,2024-11-13 00:00:00,0.0001
SCRUSDT,2024-11-12 16:00:00,0.00018974
SCRUSDT,2024-11-12 08:00:00,0.00021111
SCRUSDT,2024-11-12 00:00:00,0.00014686
SCRUSDT,2024-11-11 16:00:00,0.0001
SCRUSDT,2024-11-11 08:00:00,0.0001
SCRUSDT,2024-11-11 00:00:00,0.0001
SCRUSDT,2024-11-10 16:00:00,0.00025149
SCRUSDT,2024-11-10 08:00:00,0.00020395
SCRUSDT,2024-11-10 00:00:00,0.00022539
SCRUSDT,2024-11-09 16:00:00,0.0001
SCRUSDT,2024-11-09 08:00:00,0.0001
SCRUSDT,2024-11-09 00:00:00,0.0001
SCRUSDT,2024-11-08 16:00:00,0.0001
SCRUSDT,2024-11-08 08:00:00,0.0001
SCRUSDT,2024-11-08 00:00:00,0.0001
SCRUSDT,2024-11-07 16:00:00,0.0001
SCRUSDT,2024-11-07 08:00:00,0.0001
SCRUSDT,2024-11-07 00:00:00,0.0001
SCRUSDT,2024-11-06 16:00:00,0.0001
SCRUSDT,2024-11-06 08:00:00,0.0001
SCRUSDT,2024-11-06 00:00:00,0.0001
SCRUSDT,2024-11-05 16:00:00,0.0001
SCRUSDT,2024-11-05 08:00:00,0.0001
SCRUSDT,2024-11-05 00:00:00,0.0001
SCRUSDT,2024-11-04 16:00:00,0.0001
SCRUSDT,2024-11-04 08:00:00,0.0001
SCRUSDT,2024-11-04 00:00:00,0.0001
SCRUSDT,2024-11-03 16:00:00,0.0001
SCRUSDT,2024-11-03 08:00:00,0.0001
SCRUSDT,2024-11-03 00:00:00,0.0001
SCRUSDT,2024-11-02 16:00:00,0.0001
SCRUSDT,2024-11-02 08:00:00,0.0001
SCRUSDT,2024-11-02 00:00:00,0.0001
SCRUSDT,2024-11-01 16:00:00,0.0001
SCRUSDT,2024-11-01 08:00:00,0.0001
SCRUSDT,2024-11-01 00:00:00,0.0001
SCRUSDT,2024-10-31 16:00:00,0.0001
SCRUSDT,2024-10-31 08:00:00,0.0001
SCRUSDT,2024-10-31 00:00:00,0.0001
SCRUSDT,2024-10-30 16:00:00,0.0001
SCRUSDT,2024-10-30 08:00:00,0.0001
SCRUSDT,2024-10-30 00:00:00,0.0001
SCRUSDT,2024-10-29 16:00:00,0.0001
SCRUSDT,2024-10-29 08:00:00,0.0001
SCRUSDT,2024-10-29 00:00:00,0.0001
SCRUSDT,2024-10-28 16:00:00,0.0001
SCRUSDT,2024-10-28 08:00:00,0.0001
SCRUSDT,2024-10-28 00:00:00,0.0001
SCRUSDT,2024-10-27 16:00:00,0.0001
SCRUSDT,2024-10-27 08:00:00,0.0001
SCRUSDT,2024-10-27 00:00:00,0.0001
SCRUSDT,2024-10-26 16:00:00,0.0001
SCRUSDT,2024-10-26 08:00:00,0.0001
SCRUSDT,2024-10-26 00:00:00,0.0001
SCRUSDT,2024-10-25 16:00:00,0.0001
SCRUSDT,2024-10-25 08:00:00,0.0001
SCRUSDT,2024-10-25 00:00:00,0.0001
SCRUSDT,2024-10-24 16:00:00,0.0001
SCRUSDT,2024-10-24 08:00:00,0.00016082
SCRUSDT,2024-10-24 00:00:00,0.0001
SCRUSDT,2024-10-23 16:00:00,0.00022183
SCRUSDT,2024-10-23 08:00:00,0.0001
SCRUSDT,2024-10-23 00:00:00,0.00049915
SCRUSDT,2024-10-22 16:00:00,0.0001
SCRUSDT,2024-10-22 08:00:00,0.0001
SCRUSDT,2024-10-22 00:00:00,0.0001
GRASSUSDT,2024-11-28 00:00:00,0.00051234
GRASSUSDT,2024-11-27 16:00:00,0.00036912
GRASSUSDT,2024-11-27 08:00:00,0.00034226
GRASSUSDT,2024-11-27 00:00:00,0.00030779
GRASSUSDT,2024-11-26 16:00:00,0.00044916
GRASSUSDT,2024-11-26 08:00:00,0.00037673
GRASSUSDT,2024-11-26 00:00:00,0.00058701
GRASSUSDT,2024-11-25 16:00:00,0.0005451
GRASSUSDT,2024-11-25 08:00:00,0.00028244
GRASSUSDT,2024-11-25 00:00:00,0.00045951
GRASSUSDT,2024-11-24 16:00:00,0.0001132
GRASSUSDT,2024-11-24 08:00:00,0.00013381
GRASSUSDT,2024-11-24 00:00:00,0.0001
GRASSUSDT,2024-11-23 16:00:00,0.00040657
GRASSUSDT,2024-11-23 08:00:00,0.00042667
GRASSUSDT,2024-11-23 00:00:00,0.00016928
GRASSUSDT,2024-11-22 16:00:00,0.0001
GRASSUSDT,2024-11-22 08:00:00,0.0004346
GRASSUSDT,2024-11-22 00:00:00,0.00025875
GRASSUSDT,2024-11-21 16:00:00,0.0001247
GRASSUSDT,2024-11-21 08:00:00,0.0001
GRASSUSDT,2024-11-21 00:00:00,0.00032451
GRASSUSDT,2024-11-20 16:00:00,0.0001
GRASSUSDT,2024-11-20 08:00:00,0.00025826
GRASSUSDT,2024-11-20 00:00:00,0.00056993
GRASSUSDT,2024-11-19 16:00:00,0.00052575
GRASSUSDT,2024-11-19 08:00:00,0.00074101
GRASSUSDT,2024-11-19 00:00:00,0.00049966
GRASSUSDT,2024-11-18 16:00:00,0.00057969
GRASSUSDT,2024-11-18 08:00:00,0.0007792
GRASSUSDT,2024-11-18 00:00:00,0.00063272
GRASSUSDT,2024-11-17 16:00:00,0.00111085
GRASSUSDT,2024-11-17 08:00:00,0.00090539
GRASSUSDT,2024-11-17 00:00:00,0.00067616
GRASSUSDT,2024-11-16 16:00:00,0.00047721
GRASSUSDT,2024-11-16 08:00:00,0.00069712
GRASSUSDT,2024-11-16 00:00:00,0.00074202
GRASSUSDT,2024-11-15 16:00:00,0.00054523
GRASSUSDT,2024-11-15 08:00:00,0.00031672
GRASSUSDT,2024-11-15 00:00:00,0.00059578
GRASSUSDT,2024-11-14 16:00:00,0.00053724
GRASSUSDT,2024-11-14 08:00:00,0.00090683
GRASSUSDT,2024-11-14 00:00:00,0.00037574
GRASSUSDT,2024-11-13 16:00:00,0.00031782
GRASSUSDT,2024-11-13 08:00:00,0.00022775
GRASSUSDT,2024-11-13 00:00:00,0.00030378
GRASSUSDT,2024-11-12 16:00:00,0.0003904
GRASSUSDT,2024-11-12 08:00:00,0.00075435
GRASSUSDT,2024-11-12 00:00:00,0.00089675
GRASSUSDT,2024-11-11 16:00:00,0.0003355
GRASSUSDT,2024-11-11 08:00:00,0.00082101
GRASSUSDT,2024-11-11 00:00:00,0.00044571
GRASSUSDT,2024-11-10 16:00:00,0.00073688
GRASSUSDT,2024-11-10 08:00:00,0.00036631
GRASSUSDT,2024-11-10 00:00:00,0.0002027
GRASSUSDT,2024-11-09 16:00:00,0.00067122
GRASSUSDT,2024-11-09 08:00:00,0.00026053
GRASSUSDT,2024-11-09 00:00:00,0.0001
GRASSUSDT,2024-11-08 16:00:00,0.00003384
GRASSUSDT,2024-11-08 08:00:00,-0.00036226
GRASSUSDT,2024-11-08 00:00:00,0.0001
GRASSUSDT,2024-11-07 16:00:00,0.0001
GRASSUSDT,2024-11-07 08:00:00,0.00060319
GRASSUSDT,2024-11-07 00:00:00,0.0001
GRASSUSDT,2024-11-06 16:00:00,-0.00081592
GRASSUSDT,2024-11-06 08:00:00,0.0001
GRASSUSDT,2024-11-06 00:00:00,-0.00123737
GRASSUSDT,2024-11-05 16:00:00,-0.00095308
GRASSUSDT,2024-11-05 08:00:00,-0.00156959
GRASSUSDT,2024-11-05 00:00:00,-0.00104316
GRASSUSDT,2024-11-04 16:00:00,-0.0015985
GRASSUSDT,2024-11-04 08:00:00,-0.00012976
GRASSUSDT,2024-11-04 00:00:00,-0.00207328
GRASSUSDT,2024-11-03 16:00:00,0.0001
GRASSUSDT,2024-11-03 08:00:00,0.0001
GRASSUSDT,2024-11-03 00:00:00,-0.00208953
GRASSUSDT,2024-11-02 16:00:00,-0.00087617
GRASSUSDT,2024-11-02 08:00:00,-0.00249911
GRASSUSDT,2024-11-02 00:00:00,-0.00075659
GRASSUSDT,2024-11-01 16:00:00,0.0001
GRASSUSDT,2024-11-01 08:00:00,-0.00068948
GRASSUSDT,2024-11-01 00:00:00,-0.00313691
GRASSUSDT,2024-10-31 16:00:00,-0.00091347
GRASSUSDT,2024-10-31 08:00:00,-0.00042186
GRASSUSDT,2024-10-31 00:00:00,-0.00061674
GRASSUSDT,2024-10-30 16:00:00,0.00004931
GRASSUSDT,2024-10-30 08:00:00,0.0001
GRASSUSDT,2024-10-30 00:00:00,-0.00036277
GRASSUSDT,2024-10-29 16:00:00,-0.00066808
GRASSUSDT,2024-10-29 08:00:00,0.0001
GRASSUSDT,2024-10-29 00:00:00,0.00037908
GRASSUSDT,2024-10-28 16:00:00,-0.00682644
GRASSUSDT,2024-10-28 08:00:00,0.0001
GRASSUSDT,2024-10-28 00:00:00,0.0001
KAIAUSDT,2024-12-02 00:00:00,0.00089331
KAIAUSDT,2024-12-01 16:00:00,0.00103597
KAIAUSDT,2024-12-01 08:00:00,0.00073912
KAIAUSDT,2024-12-01 00:00:00,0.00071739
KAIAUSDT,2024-11-30 16:00:00,0.00043883
KAIAUSDT,2024-11-30 08:00:00,0.0001
KAIAUSDT,2024-11-30 00:00:00,0.0001
KAIAUSDT,2024-11-29 16:00:00,0.00041228
KAIAUSDT,2024-11-29 08:00:00,0.00023804
KAIAUSDT,2024-11-29 00:00:00,0.00058532
KAIAUSDT,2024-11-28 16:00:00,0.00039068
KAIAUSDT,2024-11-28 08:00:00,0.00077542
KAIAUSDT,2024-11-28 00:00:00,0.0001
KAIAUSDT,2024-11-27 16:00:00,0.00046618
KAIAUSDT,2024-11-27 08:00:00,0.00020318
KAIAUSDT,2024-11-27 00:00:00,0.00042855
KAIAUSDT,2024-11-26 16:00:00,0.0001
KAIAUSDT,2024-11-26 08:00:00,0.0001
KAIAUSDT,2024-11-26 00:00:00,0.0001
KAIAUSDT,2024-11-25 16:00:00,0.00059836
KAIAUSDT,2024-11-25 08:00:00,0.00087087
KAIAUSDT,2024-11-25 00:00:00,0.0001
KAIAUSDT,2024-11-24 16:00:00,0.00030977
KAIAUSDT,2024-11-24 08:00:00,0.00065779
KAIAUSDT,2024-11-24 00:00:00,0.0001
KAIAUSDT,2024-11-23 16:00:00,0.00086683
KAIAUSDT,2024-11-23 08:00:00,0.00038191
KAIAUSDT,2024-11-23 00:00:00,0.00020445
KAIAUSDT,2024-11-22 16:00:00,0.00015101
KAIAUSDT,2024-11-22 08:00:00,0.00069672
KAIAUSDT,2024-11-22 00:00:00,0.0003531
KAIAUSDT,2024-11-21 16:00:00,0.00050184
KAIAUSDT,2024-11-21 08:00:00,0.0001
KAIAUSDT,2024-11-21 00:00:00,0.0001
KAIAUSDT,2024-11-20 16:00:00,0.0001
KAIAUSDT,2024-11-20 08:00:00,0.00027097
KAIAUSDT,2024-11-20 00:00:00,0.0001
KAIAUSDT,2024-11-19 16:00:00,0.0001
KAIAUSDT,2024-11-19 08:00:00,0.00050456
KAIAUSDT,2024-11-19 00:00:00,0.00034864
KAIAUSDT,2024-11-18 16:00:00,0.00039781
KAIAUSDT,2024-11-18 08:00:00,0.00098588
KAIAUSDT,2024-11-18 00:00:00,0.00022629
KAIAUSDT,2024-11-17 16:00:00,0.00079866
KAIAUSDT,2024-11-17 08:00:00,0.00016422
KAIAUSDT,2024-11-17 00:00:00,0.0001
KAIAUSDT,2024-11-16 16:00:00,0.0001
KAIAUSDT,2024-11-16 08:00:00,0.0001
KAIAUSDT,2024-11-16 00:00:00,0.0001
KAIAUSDT,2024-11-15 16:00:00,0.0002914
KAIAUSDT,2024-11-15 08:00:00,0.0001
KAIAUSDT,2024-11-15 00:00:00,0.0001
KAIAUSDT,2024-11-14 16:00:00,0.0001
KAIAUSDT,2024-11-14 08:00:00,0.00055468
KAIAUSDT,2024-11-14 00:00:00,0.0001
KAIAUSDT,2024-11-13 16:00:00,0.00037542
KAIAUSDT,2024-11-13 08:00:00,0.0001
KAIAUSDT,2024-11-13 00:00:00,0.0001
KAIAUSDT,2024-11-12 16:00:00,0.00030753
KAIAUSDT,2024-11-12 08:00:00,0.00124739
KAIAUSDT,2024-11-12 00:00:00,0.0001
KAIAUSDT,2024-11-11 16:00:00,0.0001
KAIAUSDT,2024-11-11 08:00:00,0.0001
KAIAUSDT,2024-11-11 00:00:00,0.0001
KAIAUSDT,2024-11-10 16:00:00,0.0001
KAIAUSDT,2024-11-10 08:00:00,0.0001
KAIAUSDT,2024-11-10 00:00:00,0.0001
KAIAUSDT,2024-11-09 16:00:00,0.0001
KAIAUSDT,2024-11-09 08:00:00,0.0001
KAIAUSDT,2024-11-09 00:00:00,0.0001
KAIAUSDT,2024-11-08 16:00:00,0.0001
KAIAUSDT,2024-11-08 08:00:00,0.00011882
KAIAUSDT,2024-11-08 00:00:00,0.0001
KAIAUSDT,2024-11-07 16:00:00,0.0001
KAIAUSDT,2024-11-07 08:00:00,0.0001
KAIAUSDT,2024-11-07 00:00:00,0.00033691
KAIAUSDT,2024-11-06 16:00:00,0.00026307
KAIAUSDT,2024-11-06 08:00:00,0.0001
KAIAUSDT,2024-11-06 00:00:00,0.0001
KAIAUSDT,2024-11-05 16:00:00,0.0001
KAIAUSDT,2024-11-05 08:00:00,-0.00019386
KAIAUSDT,2024-11-05 00:00:00,0.0001
KAIAUSDT,2024-11-04 16:00:00,0.0001
KAIAUSDT,2024-11-04 08:00:00,0.0001
KAIAUSDT,2024-11-04 00:00:00,0.0001
KAIAUSDT,2024-11-03 16:00:00,0.0001
KAIAUSDT,2024-11-03 08:00:00,0.0001
KAIAUSDT,2024-11-03 00:00:00,0.0001
KAIAUSDT,2024-11-02 16:00:00,0.0001
KAIAUSDT,2024-11-02 08:00:00,0.0001
KAIAUSDT,2024-11-02 00:00:00,0.0001
KAIAUSDT,2024-11-01 16:00:00,0.00000769
KAIAUSDT,2024-11-01 08:00:00,0.0001
GOATUSDT,2024-12-14 00:00:00,0.00032588
GOATUSDT,2024-12-13 16:00:00,0.00021676
GOATUSDT,2024-12-13 08:00:00,0.0001
GOATUSDT,2024-12-13 00:00:00,0.0001
GOATUSDT,2024-12-12 16:00:00,0.0001
GOATUSDT,2024-12-12 08:00:00,0.0001
GOATUSDT,2024-12-12 00:00:00,0.0001
GOATUSDT,2024-12-11 16:00:00,0.0001
GOATUSDT,2024-12-11 08:00:00,0.0001
GOATUSDT,2024-12-11 00:00:00,0.0001
GOATUSDT,2024-12-10 16:00:00,0.0001
GOATUSDT,2024-12-10 08:00:00,0.0001
GOATUSDT,2024-12-10 00:00:00,0.0001
GOATUSDT,2024-12-09 16:00:00,0.00044888
GOATUSDT,2024-12-09 08:00:00,0.00053099
GOATUSDT,2024-12-09 00:00:00,0.00068312
GOATUSDT,2024-12-08 16:00:00,0.00079879
GOATUSDT,2024-12-08 08:00:00,0.00102126
GOATUSDT,2024-12-08 00:00:00,0.0017817
GOATUSDT,2024-12-07 16:00:00,0.00173547
GOATUSDT,2024-12-07 08:00:00,0.00083537
GOATUSDT,2024-12-07 00:00:00,0.00076858
GOATUSDT,2024-12-06 16:00:00,0.00068272
GOATUSDT,2024-12-06 08:00:00,0.00095973
GOATUSDT,2024-12-06 00:00:00,0.00096419
GOATUSDT,2024-12-05 16:00:00,0.00119126
GOATUSDT,2024-12-05 08:00:00,0.00114225
GOATUSDT,2024-12-05 00:00:00,0.00052561
GOATUSDT,2024-12-04 16:00:00,0.00080643
GOATUSDT,2024-12-04 08:00:00,0.00084861
GOATUSDT,2024-12-04 00:00:00,0.00092105
GOATUSDT,2024-12-03 16:00:00,0.00076243
GOATUSDT,2024-12-03 08:00:00,0.00067218
GOATUSDT,2024-12-03 00:00:00,0.0004151
GOATUSDT,2024-12-02 16:00:00,0.00025056
GOATUSDT,2024-12-02 08:00:00,0.0001288
GOATUSDT,2024-12-02 00:00:00,0.00090095
GOATUSDT,2024-12-01 16:00:00,0.00053682
GOATUSDT,2024-12-01 08:00:00,0.00020565
GOATUSDT,2024-12-01 00:00:00,0.0003037
GOATUSDT,2024-11-30 16:00:00,0.00029104
GOATUSDT,2024-11-30 08:00:00,0.00029268
GOATUSDT,2024-11-30 00:00:00,0.00016892
GOATUSDT,2024-11-29 16:00:00,0.00038922
GOATUSDT,2024-11-29 08:00:00,0.0007198
GOATUSDT,2024-11-29 00:00:00,0.00048216
GOATUSDT,2024-11-28 16:00:00,0.00023658
GOATUSDT,2024-11-28 08:00:00,0.00066847
GOATUSDT,2024-11-28 00:00:00,0.00057206
GOATUSDT,2024-11-27 16:00:00,0.00033368
GOATUSDT,2024-11-27 08:00:00,0.00022888
GOATUSDT,2024-11-27 00:00:00,0.00075991
GOATUSDT,2024-11-26 16:00:00,0.000484
GOATUSDT,2024-11-26 08:00:00,0.00062607
GOATUSDT,2024-11-26 00:00:00,0.00012446
GOATUSDT,2024-11-25 16:00:00,0.00070918
GOATUSDT,2024-11-25 08:00:00,0.00027723
GOATUSDT,2024-11-25 00:00:00,0.00076657
GOATUSDT,2024-11-24 16:00:00,0.00044823
GOATUSDT,2024-11-24 08:00:00,0.00063619
GOATUSDT,2024-11-24 00:00:00,0.00070954
GOATUSDT,2024-11-23 16:00:00,0.0010186
GOATUSDT,2024-11-23 08:00:00,0.00110206
GOATUSDT,2024-11-23 00:00:00,0.00050976
GOATUSDT,2024-11-22 16:00:00,0.00046185
GOATUSDT,2024-11-22 08:00:00,0.00049953
GOATUSDT,2024-11-22 00:00:00,0.0006746
GOATUSDT,2024-11-21 16:00:00,0.00069428
GOATUSDT,2024-11-21 08:00:00,0.00040202
GOATUSDT,2024-11-21 00:00:00,0.00041379
GOATUSDT,2024-11-20 16:00:00,0.00056451
GOATUSDT,2024-11-20 08:00:00,0.00085428
GOATUSDT,2024-11-20 00:00:00,0.00100258
GOATUSDT,2024-11-19 16:00:00,0.00073823
GOATUSDT,2024-11-19 08:00:00,0.00067434
GOATUSDT,2024-11-19 00:00:00,0.00139756
GOATUSDT,2024-11-18 16:00:00,0.00108302
GOATUSDT,2024-11-18 08:00:00,0.0012834
GOATUSDT,2024-11-18 00:00:00,0.00044651
GOATUSDT,2024-11-17 16:00:00,0.00077409
GOATUSDT,2024-11-17 08:00:00,0.00087319
GOATUSDT,2024-11-17 00:00:00,0.00114591
GOATUSDT,2024-11-16 16:00:00,0.00075556
GOATUSDT,2024-11-16 08:00:00,0.00129124
GOATUSDT,2024-11-16 00:00:00,0.0010289
GOATUSDT,2024-11-15 16:00:00,0.0008074
GOATUSDT,2024-11-15 08:00:00,0.00038953
GOATUSDT,2024-11-15 00:00:00,0.00032583
GOATUSDT,2024-11-14 16:00:00,0.0005643
GOATUSDT,2024-11-14 08:00:00,0.00205391
GOATUSDT,2024-11-14 00:00:00,0.00099097
GOATUSDT,2024-11-13 16:00:00,0.00113654
GOATUSDT,2024-11-13 08:00:00,0.00033916
GOATUSDT,2024-11-13 00:00:00,0.00111806
MORPHOUSDT,2024-12-22 00:00:00,0.0001
MORPHOUSDT,2024-12-21 16:00:00,0.0001
MORPHOUSDT,2024-12-21 08:00:00,0.0001
MORPHOUSDT,2024-12-21 00:00:00,0.0001
MORPHOUSDT,2024-12-20 16:00:00,0.0001
MORPHOUSDT,2024-12-20 08:00:00,0.0001
MORPHOUSDT,2024-12-20 00:00:00,0.0001
MORPHOUSDT,2024-12-19 16:00:00,0.0001
MORPHOUSDT,2024-12-19 08:00:00,0.0001
MORPHOUSDT,2024-12-19 00:00:00,0.0001
MORPHOUSDT,2024-12-18 16:00:00,0.0001
MORPHOUSDT,2024-12-18 08:00:00,0.0001
MORPHOUSDT,2024-12-18 00:00:00,0.0001
MORPHOUSDT,2024-12-17 16:00:00,0.0001
MORPHOUSDT,2024-12-17 08:00:00,0.0001
MORPHOUSDT,2024-12-17 00:00:00,0.0001
MORPHOUSDT,2024-12-16 16:00:00,0.0001
MORPHOUSDT,2024-12-16 08:00:00,0.0001
MORPHOUSDT,2024-12-16 00:00:00,0.0001
MORPHOUSDT,2024-12-15 16:00:00,0.0001
MORPHOUSDT,2024-12-15 08:00:00,0.0001
MORPHOUSDT,2024-12-15 00:00:00,0.00011942
MORPHOUSDT,2024-12-14 16:00:00,0.00011016
MORPHOUSDT,2024-12-14 08:00:00,0.00010311
MORPHOUSDT,2024-12-14 00:00:00,0.0001
MORPHOUSDT,2024-12-13 16:00:00,0.0001
MORPHOUSDT,2024-12-13 08:00:00,0.0001
MORPHOUSDT,2024-12-13 00:00:00,0.0001
MORPHOUSDT,2024-12-12 16:00:00,0.0001
MORPHOUSDT,2024-12-12 08:00:00,0.0001
MORPHOUSDT,2024-12-12 00:00:00,0.0001
MORPHOUSDT,2024-12-11 16:00:00,0.0001
MORPHOUSDT,2024-12-11 08:00:00,0.0001
MORPHOUSDT,2024-12-11 00:00:00,0.0001
MORPHOUSDT,2024-12-10 16:00:00,0.0001
MORPHOUSDT,2024-12-10 08:00:00,0.0001
MORPHOUSDT,2024-12-10 00:00:00,0.0001
MORPHOUSDT,2024-12-09 16:00:00,0.0001
MORPHOUSDT,2024-12-09 08:00:00,0.00023707
MORPHOUSDT,2024-12-09 00:00:00,0.00106108
MORPHOUSDT,2024-12-08 16:00:00,0.00108016
MORPHOUSDT,2024-12-08 08:00:00,0.00114665
MORPHOUSDT,2024-12-08 00:00:00,0.00140493
MORPHOUSDT,2024-12-07 16:00:00,0.00123611
MORPHOUSDT,2024-12-07 08:00:00,0.00125104
MORPHOUSDT,2024-12-07 00:00:00,0.00100015
MORPHOUSDT,2024-12-06 16:00:00,0.00088523
MORPHOUSDT,2024-12-06 08:00:00,0.00137235
MORPHOUSDT,2024-12-06 00:00:00,0.0007957
MORPHOUSDT,2024-12-05 16:00:00,0.00089759
MORPHOUSDT,2024-12-05 08:00:00,0.00069073
MORPHOUSDT,2024-12-05 00:00:00,0.00065073
MORPHOUSDT,2024-12-04 16:00:00,0.00067269
MORPHOUSDT,2024-12-04 08:00:00,0.00074949
MORPHOUSDT,2024-12-04 00:00:00,0.00062968
MORPHOUSDT,2024-12-03 16:00:00,0.00041768
MORPHOUSDT,2024-12-03 08:00:00,0.00053226
MORPHOUSDT,2024-12-03 00:00:00,0.00033551
MORPHOUSDT,2024-12-02 16:00:00,0.00019153
MORPHOUSDT,2024-12-02 08:00:00,0.00035743
MORPHOUSDT,2024-12-02 00:00:00,0.00057972
MORPHOUSDT,2024-12-01 16:00:00,0.00045766
MORPHOUSDT,2024-12-01 08:00:00,0.00038553
MORPHOUSDT,2024-12-01 00:00:00,0.0003744
MORPHOUSDT,2024-11-30 16:00:00,0.0002576
MORPHOUSDT,2024-11-30 08:00:00,0.0003372
MORPHOUSDT,2024-11-30 00:00:00,0.00043886
MORPHOUSDT,2024-11-29 16:00:00,0.00037867
MORPHOUSDT,2024-11-29 08:00:00,0.00032648
MORPHOUSDT,2024-11-29 00:00:00,0.00019305
MORPHOUSDT,2024-11-28 16:00:00,0.00031638
MORPHOUSDT,2024-11-28 08:00:00,0.0003467
MORPHOUSDT,2024-11-28 00:00:00,0.00015074
MORPHOUSDT,2024-11-27 16:00:00,0.0001
MORPHOUSDT,2024-11-27 08:00:00,0.0001
MORPHOUSDT,2024-11-27 00:00:00,-0.00010231
MORPHOUSDT,2024-11-26 16:00:00,-0.00002971
MORPHOUSDT,2024-11-26 08:00:00,-0.00051219
MORPHOUSDT,2024-11-26 00:00:00,-0.00003335
MORPHOUSDT,2024-11-25 16:00:00,0.0001
MORPHOUSDT,2024-11-25 08:00:00,-0.00115938
MORPHOUSDT,2024-11-25 00:00:00,-0.00237599
MORPHOUSDT,2024-11-24 16:00:00,-0.00290803
MORPHOUSDT,2024-11-24 08:00:00,-0.00171788
MORPHOUSDT,2024-11-24 00:00:00,-0.00114924
MORPHOUSDT,2024-11-23 16:00:00,-0.00296953
MORPHOUSDT,2024-11-23 08:00:00,-0.00413181
MORPHOUSDT,2024-11-23 00:00:00,-0.00287165
MORPHOUSDT,2024-11-22 16:00:00,-0.00336558
MORPHOUSDT,2024-11-22 08:00:00,0.0001
1000NEIROCTOUSDT,2024-12-21 00:00:00,0.0001
1000NEIROCTOUSDT,2024-12-20 16:00:00,0.0001
1000NEIROCTOUSDT,2024-12-20 08:00:00,0.0001
1000NEIROCTOUSDT,2024-12-20 00:00:00,0.0001
1000NEIROCTOUSDT,2024-12-19 16:00:00,0.0001
1000NEIROCTOUSDT,2024-12-19 08:00:00,0.0001
1000NEIROCTOUSDT,2024-12-19 00:00:00,0.0001
1000NEIROCTOUSDT,2024-12-18 16:00:00,0.0001
1000NEIROCTOUSDT,2024-12-18 08:00:00,0.0001
1000NEIROCTOUSDT,2024-12-18 00:00:00,0.0001
1000NEIROCTOUSDT,2024-12-17 16:00:00,0.0001342
1000NEIROCTOUSDT,2024-12-17 08:00:00,0.0001916
1000NEIROCTOUSDT,2024-12-17 00:00:00,0.00020864
1000NEIROCTOUSDT,2024-12-16 16:00:00,0.00023813
1000NEIROCTOUSDT,2024-12-16 08:00:00,0.00014255
1000NEIROCTOUSDT,2024-12-16 00:00:00,0.0001
1000NEIROCTOUSDT,2024-12-15 16:00:00,0.0001
1000NEIROCTOUSDT,2024-12-15 08:00:00,0.0001
1000NEIROCTOUSDT,2024-12-15 00:00:00,0.0001
1000NEIROCTOUSDT,2024-12-14 16:00:00,0.0001
1000NEIROCTOUSDT,2024-12-14 08:00:00,0.00032818
1000NEIROCTOUSDT,2024-12-14 00:00:00,0.00027619
1000NEIROCTOUSDT,2024-12-13 16:00:00,0.00028665
1000NEIROCTOUSDT,2024-12-13 08:00:00,0.0001
1000NEIROCTOUSDT,2024-12-13 00:00:00,0.0001
1000NEIROCTOUSDT,2024-12-12 16:00:00,0.0001
1000NEIROCTOUSDT,2024-12-12 08:00:00,0.00027998
1000NEIROCTOUSDT,2024-12-12 00:00:00,0.00015218
1000NEIROCTOUSDT,2024-12-11 16:00:00,0.0001
1000NEIROCTOUSDT,2024-12-11 08:00:00,0.0001
1000NEIROCTOUSDT,2024-12-11 00:00:00,0.0001
1000NEIROCTOUSDT,2024-12-10 16:00:00,0.0001
1000NEIROCTOUSDT,2024-12-10 08:00:00,0.0001
1000NEIROCTOUSDT,2024-12-10 00:00:00,0.0001
1000NEIROCTOUSDT,2024-12-09 16:00:00,0.00053929
1000NEIROCTOUSDT,2024-12-09 08:00:00,0.00105712
1000NEIROCTOUSDT,2024-12-09 00:00:00,0.00106871
1000NEIROCTOUSDT,2024-12-08 16:00:00,0.00099088
1000NEIROCTOUSDT,2024-12-08 08:00:00,0.00162725
1000NEIROCTOUSDT,2024-12-08 00:00:00,0.00170808
1000NEIROCTOUSDT,2024-12-07 16:00:00,0.00206238
1000NEIROCTOUSDT,2024-12-07 08:00:00,0.00158475
1000NEIROCTOUSDT,2024-12-07 00:00:00,0.0018686
1000NEIROCTOUSDT,2024-12-06 16:00:00,0.00069414
1000NEIROCTOUSDT,2024-12-06 08:00:00,0.00146386
1000NEIROCTOUSDT,2024-12-06 00:00:00,0.00129014
1000NEIROCTOUSDT,2024-12-05 16:00:00,0.00138947
1000NEIROCTOUSDT,2024-12-05 08:00:00,0.0014744
1000NEIROCTOUSDT,2024-12-05 00:00:00,0.00103042
1000NEIROCTOUSDT,2024-12-04 16:00:00,0.00095015
1000NEIROCTOUSDT,2024-12-04 08:00:00,0.00100612
1000NEIROCTOUSDT,2024-12-04 00:00:00,0.00102174
1000NEIROCTOUSDT,2024-12-03 16:00:00,0.00068086
1000NEIROCTOUSDT,2024-12-03 08:00:00,0.00081674
1000NEIROCTOUSDT,2024-12-03 00:00:00,0.00030823
1000NEIROCTOUSDT,2024-12-02 16:00:00,0.0001
1000NEIROCTOUSDT,2024-12-02 08:00:00,0.00020569
1000NEIROCTOUSDT,2024-12-02 00:00:00,0.00080073
1000NEIROCTOUSDT,2024-12-01 16:00:00,0.00082132
1000NEIROCTOUSDT,2024-12-01 08:00:00,0.00056219
1000NEIROCTOUSDT,2024-12-01 00:00:00,0.00060839
1000NEIROCTOUSDT,2024-11-30 16:00:00,0.00041048
1000NEIROCTOUSDT,2024-11-30 08:00:00,0.00057649
1000NEIROCTOUSDT,2024-11-30 00:00:00,0.00043463
1000NEIROCTOUSDT,2024-11-29 16:00:00,0.00080693
1000NEIROCTOUSDT,2024-11-29 08:00:00,0.0007772
1000NEIROCTOUSDT,2024-11-29 00:00:00,0.00074236
1000NEIROCTOUSDT,2024-11-28 16:00:00,0.00011527
1000NEIROCTOUSDT,2024-11-28 08:00:00,0.00057574
1000NEIROCTOUSDT,2024-11-28 00:00:00,0.00085483
1000NEIROCTOUSDT,2024-11-27 16:00:00,0.00052
1000NEIROCTOUSDT,2024-11-27 08:00:00,0.00061195
1000NEIROCTOUSDT,2024-11-27 00:00:00,0.00044146
1000NEIROCTOUSDT,2024-11-26 16:00:00,0.00024348
1000NEIROCTOUSDT,2024-11-26 08:00:00,0.00022464
1000NEIROCTOUSDT,2024-11-26 00:00:00,0.00033943
1000NEIROCTOUSDT,2024-11-25 16:00:00,0.00068645
1000NEIROCTOUSDT,2024-11-25 08:00:00,0.00036744
1000NEIROCTOUSDT,2024-11-25 00:00:00,0.0002756
1000NEIROCTOUSDT,2024-11-24 16:00:00,0.00027862
1000NEIROCTOUSDT,2024-11-24 08:00:00,0.00050727
1000NEIROCTOUSDT,2024-11-24 00:00:00,0.00034394
1000NEIROCTOUSDT,2024-11-23 16:00:00,0.00090214
1000NEIROCTOUSDT,2024-11-23 08:00:00,0.00054539
1000NEIROCTOUSDT,2024-11-23 00:00:00,0.00024351
1000NEIROCTOUSDT,2024-11-22 16:00:00,0.0003644
1000NEIROCTOUSDT,2024-11-22 08:00:00,0.00042059
1000NEIROCTOUSDT,2024-11-22 00:00:00,0.00076228
1000NEIROCTOUSDT,2024-11-21 16:00:00,0.00050194
1000NEIROCTOUSDT,2024-11-21 08:00:00,0.00021594
1000NEIROCTOUSDT,2024-11-21 00:00:00,0.0001
1000NEIROCTOUSDT,2024-11-20 16:00:00,0.0004867
1000NEIROCTOUSDT,2024-11-20 08:00:00,0.00050023
1000NEIROCTOUSDT,2024-11-20 00:00:00,0.00013501
BANUSDT,2024-12-19 00:00:00,0.0001
BANUSDT,2024-12-18 16:00:00,0.0001
BANUSDT,2024-12-18 08:00:00,0.0001
BANUSDT,2024-12-18 00:00:00,0.0001
BANUSDT,2024-12-17 16:00:00,0.00015648
BANUSDT,2024-12-17 08:00:00,0.00022427
BANUSDT,2024-12-17 00:00:00,0.00035915
BANUSDT,2024-12-16 16:00:00,0.0001
BANUSDT,2024-12-16 08:00:00,0.00016169
BANUSDT,2024-12-16 00:00:00,0.0001
BANUSDT,2024-12-15 16:00:00,0.0001
BANUSDT,2024-12-15 08:00:00,0.00036108
BANUSDT,2024-12-15 00:00:00,0.00030432
BANUSDT,2024-12-14 16:00:00,0.00027986
BANUSDT,2024-12-14 08:00:00,0.00029085
BANUSDT,2024-12-14 00:00:00,0.0001
BANUSDT,2024-12-13 16:00:00,0.00022555
BANUSDT,2024-12-13 08:00:00,0.00018115
BANUSDT,2024-12-13 00:00:00,0.0001
BANUSDT,2024-12-12 16:00:00,0.0001
BANUSDT,2024-12-12 08:00:00,0.0001
BANUSDT,2024-12-12 00:00:00,0.0001
BANUSDT,2024-12-11 16:00:00,0.0001
BANUSDT,2024-12-11 08:00:00,0.0001
BANUSDT,2024-12-11 00:00:00,0.0001
BANUSDT,2024-12-10 16:00:00,0.0001
BANUSDT,2024-12-10 08:00:00,0.0001
BANUSDT,2024-12-10 00:00:00,0.00019596
BANUSDT,2024-12-09 16:00:00,0.00025466
BANUSDT,2024-12-09 08:00:00,0.00035519
BANUSDT,2024-12-09 00:00:00,0.00061837
BANUSDT,2024-12-08 16:00:00,0.00070489
BANUSDT,2024-12-08 08:00:00,0.00078226
BANUSDT,2024-12-08 00:00:00,0.0016926
BANUSDT,2024-12-07 16:00:00,0.0011251
BANUSDT,2024-12-07 08:00:00,0.00149671
BANUSDT,2024-12-07 00:00:00,0.00118187
BANUSDT,2024-12-06 16:00:00,0.00056961
BANUSDT,2024-12-06 08:00:00,0.0015625
BANUSDT,2024-12-06 00:00:00,0.00122082
BANUSDT,2024-12-05 16:00:00,0.00082169
BANUSDT,2024-12-05 08:00:00,0.00089158
BANUSDT,2024-12-05 00:00:00,0.00062986
BANUSDT,2024-12-04 16:00:00,0.00076597
BANUSDT,2024-12-04 08:00:00,0.00047559
BANUSDT,2024-12-04 00:00:00,0.0006667
BANUSDT,2024-12-03 16:00:00,0.00061983
BANUSDT,2024-12-03 08:00:00,0.00047457
BANUSDT,2024-12-03 00:00:00,0.00012173
BANUSDT,2024-12-02 16:00:00,0.0001
BANUSDT,2024-12-02 08:00:00,0.00024738
BANUSDT,2024-12-02 00:00:00,0.0003354
BANUSDT,2024-12-01 16:00:00,0.00049514
BANUSDT,2024-12-01 08:00:00,0.0002812
BANUSDT,2024-12-01 00:00:00,0.00049237
BANUSDT,2024-11-30 16:00:00,0.0001465
BANUSDT,2024-11-30 08:00:00,0.00063612
BANUSDT,2024-11-30 00:00:00,0.00060078
BANUSDT,2024-11-29 16:00:00,0.00053017
BANUSDT,2024-11-29 08:00:00,0.00054857
BANUSDT,2024-11-29 00:00:00,0.00038382
BANUSDT,2024-11-28 16:00:00,0.00026765
BANUSDT,2024-11-28 08:00:00,0.00028484
BANUSDT,2024-11-28 00:00:00,0.00027916
BANUSDT,2024-11-27 16:00:00,0.00020368
BANUSDT,2024-11-27 08:00:00,0.00016854
BANUSDT,2024-11-27 00:00:00,0.0001
BANUSDT,2024-11-26 16:00:00,0.00011003
BANUSDT,2024-11-26 08:00:00,0.00029581
BANUSDT,2024-11-26 00:00:00,0.00033557
BANUSDT,2024-11-25 16:00:00,0.00051883
BANUSDT,2024-11-25 08:00:00,0.00041985
BANUSDT,2024-11-25 00:00:00,0.0005469
BANUSDT,2024-11-24 16:00:00,0.00029286
BANUSDT,2024-11-24 08:00:00,0.00054193
BANUSDT,2024-11-24 00:00:00,0.00041788
BANUSDT,2024-11-23 16:00:00,0.00038194
BANUSDT,2024-11-23 08:00:00,0.00087114
BANUSDT,2024-11-23 00:00:00,0.00061459
BANUSDT,2024-11-22 16:00:00,0.00038842
BANUSDT,2024-11-22 08:00:00,0.00035246
BANUSDT,2024-11-22 00:00:00,0.00040569
BANUSDT,2024-11-21 16:00:00,0.0001
BANUSDT,2024-11-21 08:00:00,0.00042684
BANUSDT,2024-11-21 00:00:00,0.00048077
BANUSDT,2024-11-20 16:00:00,0.00030836
BANUSDT,2024-11-20 08:00:00,0.00059087
BANUSDT,2024-11-20 00:00:00,0.00036554
BANUSDT,2024-11-19 16:00:00,0.00061408
BANUSDT,2024-11-19 08:00:00,0.00066641
BANUSDT,2024-11-19 00:00:00,0.00136927
BANUSDT,2024-11-18 16:00:00,0.00149856
BANUSDT,2024-11-18 08:00:00,0.0001
VIRTUALUSDT,2024-12-21 00:00:00,0.0001
VIRTUALUSDT,2024-12-20 16:00:00,0.0001
VIRTUALUSDT,2024-12-20 08:00:00,0.0001
VIRTUALUSDT,2024-12-20 00:00:00,0.0001
VIRTUALUSDT,2024-12-19 16:00:00,0.0001
VIRTUALUSDT,2024-12-19 08:00:00,0.0001
VIRTUALUSDT,2024-12-19 00:00:00,0.00011611
VIRTUALUSDT,2024-12-18 16:00:00,0.0001
VIRTUALUSDT,2024-12-18 08:00:00,0.0001
VIRTUALUSDT,2024-12-18 00:00:00,0.00021551
VIRTUALUSDT,2024-12-17 16:00:00,0.00023614
VIRTUALUSDT,2024-12-17 08:00:00,0.00033626
VIRTUALUSDT,2024-12-17 00:00:00,0.00064995
VIRTUALUSDT,2024-12-16 16:00:00,0.0001
VIRTUALUSDT,2024-12-16 08:00:00,0.0001
VIRTUALUSDT,2024-12-16 00:00:00,0.0001
VIRTUALUSDT,2024-12-15 16:00:00,0.00017982
VIRTUALUSDT,2024-12-15 08:00:00,0.0001
VIRTUALUSDT,2024-12-15 00:00:00,0.0001
VIRTUALUSDT,2024-12-14 16:00:00,0.0001
VIRTUALUSDT,2024-12-14 08:00:00,0.00010254
VIRTUALUSDT,2024-12-14 00:00:00,0.00020658
VIRTUALUSDT,2024-12-13 16:00:00,0.00028868
VIRTUALUSDT,2024-12-13 08:00:00,0.0001
VIRTUALUSDT,2024-12-13 00:00:00,0.00025638
VIRTUALUSDT,2024-12-12 16:00:00,0.0001
VIRTUALUSDT,2024-12-12 08:00:00,0.00021216
VIRTUALUSDT,2024-12-12 00:00:00,0.00062968
VIRTUALUSDT,2024-12-11 16:00:00,0.0001
VIRTUALUSDT,2024-12-11 08:00:00,0.0001
VIRTUALUSDT,2024-12-11 00:00:00,0.0001
VIRTUALUSDT,2024-12-10 16:00:00,0.0001
VIRTUALUSDT,2024-12-10 08:00:00,0.0001
VIRTUALUSDT,2024-12-10 00:00:00,0.0001
VIRTUALUSDT,2024-12-09 16:00:00,0.0001
VIRTUALUSDT,2024-12-09 08:00:00,0.00018851
VIRTUALUSDT,2024-12-09 00:00:00,0.00044231
VIRTUALUSDT,2024-12-08 16:00:00,0.0001
VIRTUALUSDT,2024-12-08 08:00:00,0.00029649
VIRTUALUSDT,2024-12-08 00:00:00,0.00087315
VIRTUALUSDT,2024-12-07 16:00:00,0.0001
VIRTUALUSDT,2024-12-07 08:00:00,0.0001
VIRTUALUSDT,2024-12-07 00:00:00,0.00025838
VIRTUALUSDT,2024-12-06 16:00:00,0.00016976
VIRTUALUSDT,2024-12-06 08:00:00,0.00123649
VIRTUALUSDT,2024-12-06 00:00:00,0.00103681
VIRTUALUSDT,2024-12-05 16:00:00,0.00105697
VIRTUALUSDT,2024-12-05 08:00:00,0.00072809
VIRTUALUSDT,2024-12-05 00:00:00,0.0001
VIRTUALUSDT,2024-12-04 16:00:00,0.00067044
VIRTUALUSDT,2024-12-04 08:00:00,0.00085656
VIRTUALUSDT,2024-12-04 00:00:00,0.00062598
VIRTUALUSDT,2024-12-03 16:00:00,0.00080199
VIRTUALUSDT,2024-12-03 08:00:00,0.00119096
VIRTUALUSDT,2024-12-03 00:00:00,0.00053308
VIRTUALUSDT,2024-12-02 16:00:00,0.00038154
VIRTUALUSDT,2024-12-02 08:00:00,0.00067685
VIRTUALUSDT,2024-12-02 00:00:00,0.00089412
VIRTUALUSDT,2024-12-01 16:00:00,0.00051348
VIRTUALUSDT,2024-12-01 08:00:00,0.0008619
VIRTUALUSDT,2024-12-01 00:00:00,0.00120101
VIRTUALUSDT,2024-11-30 16:00:00,0.0007192
VIRTUALUSDT,2024-11-30 08:00:00,0.00090804
VIRTUALUSDT,2024-11-30 00:00:00,0.00044443
VIRTUALUSDT,2024-11-29 16:00:00,0.0001
VIRTUALUSDT,2024-11-29 08:00:00,0.0001
VIRTUALUSDT,2024-11-29 00:00:00,0.00074205
VIRTUALUSDT,2024-11-28 16:00:00,0.00056558
VIRTUALUSDT,2024-11-28 08:00:00,0.00012901
VIRTUALUSDT,2024-11-28 00:00:00,0.00076938
VIRTUALUSDT,2024-11-27 16:00:00,0.00017394
VIRTUALUSDT,2024-11-27 08:00:00,0.00025076
VIRTUALUSDT,2024-11-27 00:00:00,0.0001
VIRTUALUSDT,2024-11-26 16:00:00,0.00043626
VIRTUALUSDT,2024-11-26 08:00:00,0.00081257
VIRTUALUSDT,2024-11-26 00:00:00,0.0001
VIRTUALUSDT,2024-11-25 16:00:00,0.0001
VIRTUALUSDT,2024-11-25 08:00:00,0.00051722
VIRTUALUSDT,2024-11-25 00:00:00,0.00013863
VIRTUALUSDT,2024-11-24 16:00:00,0.0001
VIRTUALUSDT,2024-11-24 08:00:00,0.0001
VIRTUALUSDT,2024-11-24 00:00:00,0.0001
VIRTUALUSDT,2024-11-23 16:00:00,0.00017853
VIRTUALUSDT,2024-11-23 08:00:00,0.00026205
VIRTUALUSDT,2024-11-23 00:00:00,0.0001
VIRTUALUSDT,2024-11-22 16:00:00,0.0001
VIRTUALUSDT,2024-11-22 08:00:00,0.0001
VIRTUALUSDT,2024-11-22 00:00:00,0.0001
VIRTUALUSDT,2024-11-21 16:00:00,0.0001
VIRTUALUSDT,2024-11-21 08:00:00,0.0001
VIRTUALUSDT,2024-11-21 00:00:00,0.0001
VIRTUALUSDT,2024-11-20 16:00:00,0.00046324
VIRTUALUSDT,2024-11-20 08:00:00,0.00173203
VIRTUALUSDT,2024-11-20 00:00:00,0.00122141
PNUTUSDT,2024-12-23 00:00:00,0.0001
PNUTUSDT,2024-12-22 16:00:00,0.0001
PNUTUSDT,2024-12-22 08:00:00,0.0001
PNUTUSDT,2024-12-22 00:00:00,0.0001
PNUTUSDT,2024-12-21 16:00:00,0.0001
PNUTUSDT,2024-12-21 08:00:00,0.0001
PNUTUSDT,2024-12-21 00:00:00,0.0001
PNUTUSDT,2024-12-20 16:00:00,0.0001
PNUTUSDT,2024-12-20 08:00:00,0.0001
PNUTUSDT,2024-12-20 00:00:00,0.0001
PNUTUSDT,2024-12-19 16:00:00,0.0001
PNUTUSDT,2024-12-19 08:00:00,0.0001
PNUTUSDT,2024-12-19 00:00:00,0.0001
PNUTUSDT,2024-12-18 16:00:00,0.0001
PNUTUSDT,2024-12-18 08:00:00,0.0001
PNUTUSDT,2024-12-18 00:00:00,0.0001
PNUTUSDT,2024-12-17 16:00:00,0.0001
PNUTUSDT,2024-12-17 08:00:00,0.0001
PNUTUSDT,2024-12-17 00:00:00,0.0001
PNUTUSDT,2024-12-16 16:00:00,0.0001
PNUTUSDT,2024-12-16 08:00:00,0.0001
PNUTUSDT,2024-12-16 00:00:00,0.0001
PNUTUSDT,2024-12-15 16:00:00,0.0001
PNUTUSDT,2024-12-15 08:00:00,0.0001
PNUTUSDT,2024-12-15 00:00:00,0.0001
PNUTUSDT,2024-12-14 16:00:00,0.0001
PNUTUSDT,2024-12-14 08:00:00,0.0001
PNUTUSDT,2024-12-14 00:00:00,0.0001
PNUTUSDT,2024-12-13 16:00:00,0.0001
PNUTUSDT,2024-12-13 08:00:00,0.0001
PNUTUSDT,2024-12-13 00:00:00,0.0001
PNUTUSDT,2024-12-12 16:00:00,0.0001
PNUTUSDT,2024-12-12 08:00:00,0.0001
PNUTUSDT,2024-12-12 00:00:00,0.0001
PNUTUSDT,2024-12-11 16:00:00,0.0001
PNUTUSDT,2024-12-11 08:00:00,0.0001
PNUTUSDT,2024-12-11 00:00:00,0.0001
PNUTUSDT,2024-12-10 16:00:00,0.0001
PNUTUSDT,2024-12-10 08:00:00,0.0001
PNUTUSDT,2024-12-10 00:00:00,0.0001
PNUTUSDT,2024-12-09 16:00:00,0.00032601
PNUTUSDT,2024-12-09 08:00:00,0.00044385
PNUTUSDT,2024-12-09 00:00:00,0.00070119
PNUTUSDT,2024-12-08 16:00:00,0.00051102
PNUTUSDT,2024-12-08 08:00:00,0.00051436
PNUTUSDT,2024-12-08 00:00:00,0.00087203
PNUTUSDT,2024-12-07 16:00:00,0.00104267
PNUTUSDT,2024-12-07 08:00:00,0.00070548
PNUTUSDT,2024-12-07 00:00:00,0.00076505
PNUTUSDT,2024-12-06 16:00:00,0.00050805
PNUTUSDT,2024-12-06 08:00:00,0.00084687
PNUTUSDT,2024-12-06 00:00:00,0.00059976
PNUTUSDT,2024-12-05 16:00:00,0.00099462
PNUTUSDT,2024-12-05 08:00:00,0.00090024
PNUTUSDT,2024-12-05 00:00:00,0.00073279
PNUTUSDT,2024-12-04 16:00:00,0.00070041
PNUTUSDT,2024-12-04 08:00:00,0.0004512
PNUTUSDT,2024-12-04 00:00:00,0.00060081
PNUTUSDT,2024-12-03 16:00:00,0.00050961
PNUTUSDT,2024-12-03 08:00:00,0.00055176
PNUTUSDT,2024-12-03 00:00:00,0.00041453
PNUTUSDT,2024-12-02 16:00:00,0.00034714
PNUTUSDT,2024-12-02 08:00:00,0.00040696
PNUTUSDT,2024-12-02 00:00:00,0.00058459
PNUTUSDT,2024-12-01 16:00:00,0.00039909
PNUTUSDT,2024-12-01 08:00:00,0.00046572
PNUTUSDT,2024-12-01 00:00:00,0.00072143
PNUTUSDT,2024-11-30 16:00:00,0.00063625
PNUTUSDT,2024-11-30 08:00:00,0.00051622
PNUTUSDT,2024-11-30 00:00:00,0.00037248
PNUTUSDT,2024-11-29 16:00:00,0.00040758
PNUTUSDT,2024-11-29 08:00:00,0.00042236
PNUTUSDT,2024-11-29 00:00:00,0.00029704
PNUTUSDT,2024-11-28 16:00:00,0.00020723
PNUTUSDT,2024-11-28 08:00:00,0.00098384
PNUTUSDT,2024-11-28 00:00:00,0.00059702
PNUTUSDT,2024-11-27 16:00:00,0.00026497
PNUTUSDT,2024-11-27 08:00:00,0.00017887
PNUTUSDT,2024-11-27 00:00:00,0.00022839
PNUTUSDT,2024-11-26 16:00:00,0.00013655
PNUTUSDT,2024-11-26 08:00:00,0.00025217
PNUTUSDT,2024-11-26 00:00:00,0.00020741
PNUTUSDT,2024-11-25 16:00:00,0.00024242
PNUTUSDT,2024-11-25 08:00:00,0.00034233
PNUTUSDT,2024-11-25 00:00:00,0.0003879
PNUTUSDT,2024-11-24 16:00:00,0.00036019
PNUTUSDT,2024-11-24 08:00:00,0.00049213
PNUTUSDT,2024-11-24 00:00:00,0.00036825
PNUTUSDT,2024-11-23 16:00:00,0.00073307
PNUTUSDT,2024-11-23 08:00:00,0.00052058
PNUTUSDT,2024-11-23 00:00:00,0.00040639
PNUTUSDT,2024-11-22 16:00:00,0.00047409
PNUTUSDT,2024-11-22 08:00:00,0.00053175
PNUTUSDT,2024-11-22 00:00:00,0.00062401
SPXUSDT,2024-12-22 00:00:00,0.0001
SPXUSDT,2024-12-21 16:00:00,0.0001
SPXUSDT,2024-12-21 08:00:00,0.0001
SPXUSDT,2024-12-21 00:00:00,0.0001
SPXUSDT,2024-12-20 16:00:00,0.0001
SPXUSDT,2024-12-20 08:00:00,0.0001
SPXUSDT,2024-12-20 00:00:00,0.0001
SPXUSDT,2024-12-19 16:00:00,0.0001
SPXUSDT,2024-12-19 08:00:00,0.0001
SPXUSDT,2024-12-19 00:00:00,0.0001
SPXUSDT,2024-12-18 16:00:00,0.0001
SPXUSDT,2024-12-18 08:00:00,0.0001
SPXUSDT,2024-12-18 00:00:00,0.0001
SPXUSDT,2024-12-17 16:00:00,0.0001
SPXUSDT,2024-12-17 08:00:00,0.0001
SPXUSDT,2024-12-17 00:00:00,0.00020219
SPXUSDT,2024-12-16 16:00:00,0.0001
SPXUSDT,2024-12-16 08:00:00,0.00040409
SPXUSDT,2024-12-16 00:00:00,0.0001
SPXUSDT,2024-12-15 16:00:00,-0.00018199
SPXUSDT,2024-12-15 08:00:00,0.00000177
SPXUSDT,2024-12-15 00:00:00,0.0001
SPXUSDT,2024-12-14 16:00:00,0.0001
SPXUSDT,2024-12-14 08:00:00,0.0001
SPXUSDT,2024-12-14 00:00:00,0.0001
SPXUSDT,2024-12-13 16:00:00,0.00009815
SPXUSDT,2024-12-13 08:00:00,0.0001
SPXUSDT,2024-12-13 00:00:00,0.0001
SPXUSDT,2024-12-12 16:00:00,0.00018191
SPXUSDT,2024-12-12 08:00:00,0.00014524
SPXUSDT,2024-12-12 00:00:00,0.00013123
SPXUSDT,2024-12-11 16:00:00,0.0001
SPXUSDT,2024-12-11 08:00:00,0.0001
SPXUSDT,2024-12-11 00:00:00,0.0001
SPXUSDT,2024-12-10 16:00:00,0.00013292
SPXUSDT,2024-12-10 08:00:00,0.0001
SPXUSDT,2024-12-10 00:00:00,0.0001
SPXUSDT,2024-12-09 16:00:00,0.00044712
SPXUSDT,2024-12-09 08:00:00,0.00030187
SPXUSDT,2024-12-09 00:00:00,0.00075422
SPXUSDT,2024-12-08 16:00:00,0.00067294
SPXUSDT,2024-12-08 08:00:00,0.00086379
SPXUSDT,2024-12-08 00:00:00,0.00133851
SPXUSDT,2024-12-07 16:00:00,0.0016547
SPXUSDT,2024-12-07 08:00:00,0.00113062
SPXUSDT,2024-12-07 00:00:00,0.00094882
SPXUSDT,2024-12-06 16:00:00,0.0004248
SPXUSDT,2024-12-06 08:00:00,0.00135387
SPXUSDT,2024-12-06 00:00:00,0.0002421
SPXUSDT,2024-12-05 16:00:00,0.00061952
SPXUSDT,2024-12-05 08:00:00,0.0001
SPXUSDT,2024-12-05 00:00:00,0.0001
SPXUSDT,2024-12-04 16:00:00,0.00078881
SPXUSDT,2024-12-04 08:00:00,0.00109964
SPXUSDT,2024-12-04 00:00:00,0.00020793
SPXUSDT,2024-12-03 16:00:00,0.00012151
SPXUSDT,2024-12-03 08:00:00,0.00052242
SPXUSDT,2024-12-03 00:00:00,0.0001
SPXUSDT,2024-12-02 16:00:00,0.0001
SPXUSDT,2024-12-02 08:00:00,0.0001
SPXUSDT,2024-12-02 00:00:00,0.00065014
SPXUSDT,2024-12-01 16:00:00,0.0001
SPXUSDT,2024-12-01 08:00:00,0.0001
SPXUSDT,2024-12-01 00:00:00,0.0003213
SPXUSDT,2024-11-30 16:00:00,0.0001
SPXUSDT,2024-11-30 08:00:00,0.0004958
SPXUSDT,2024-11-30 00:00:00,0.00025919
SPXUSDT,2024-11-29 16:00:00,0.00038753
SPXUSDT,2024-11-29 08:00:00,0.00022323
SPXUSDT,2024-11-29 00:00:00,0.0002826
SPXUSDT,2024-11-28 16:00:00,0.0001
SPXUSDT,2024-11-28 08:00:00,0.00085617
SPXUSDT,2024-11-28 00:00:00,0.00039776
SPXUSDT,2024-11-27 16:00:00,0.00024364
SPXUSDT,2024-11-27 08:00:00,0.0001
SPXUSDT,2024-11-27 00:00:00,0.00021591
SPXUSDT,2024-11-26 16:00:00,0.0001
SPXUSDT,2024-11-26 08:00:00,0.0001046
SPXUSDT,2024-11-26 00:00:00,0.0001
SPXUSDT,2024-11-25 16:00:00,0.00012716
SPXUSDT,2024-11-25 08:00:00,0.00049276
SPXUSDT,2024-11-25 00:00:00,0.00027054
SPXUSDT,2024-11-24 16:00:00,0.0001
SPXUSDT,2024-11-24 08:00:00,0.00030627
SPXUSDT,2024-11-24 00:00:00,0.00027988
SPXUSDT,2024-11-23 16:00:00,0.00033761
SPXUSDT,2024-11-23 08:00:00,0.0001
SPXUSDT,2024-11-23 00:00:00,0.0001
SPXUSDT,2024-11-22 16:00:00,0.0001
SPXUSDT,2024-11-22 08:00:00,0.0001
SPXUSDT,2024-11-22 00:00:00,0.0001
SPXUSDT,2024-11-21 16:00:00,0.0001
SPXUSDT,2024-11-21 08:00:00,0.0002619
SPXUSDT,2024-11-21 00:00:00,0.0001
CHILLGUYUSDT,2024-12-27 00:00:00,0.0001
CHILLGUYUSDT,2024-12-26 16:00:00,0.0001
CHILLGUYUSDT,2024-12-26 08:00:00,0.0001
CHILLGUYUSDT,2024-12-26 00:00:00,0.0001
CHILLGUYUSDT,2024-12-25 16:00:00,0.0001
CHILLGUYUSDT,2024-12-25 08:00:00,0.0001
CHILLGUYUSDT,2024-12-25 00:00:00,0.0001
CHILLGUYUSDT,2024-12-24 16:00:00,0.0001
CHILLGUYUSDT,2024-12-24 08:00:00,0.0001
CHILLGUYUSDT,2024-12-24 00:00:00,0.0001
CHILLGUYUSDT,2024-12-23 16:00:00,0.0001
CHILLGUYUSDT,2024-12-23 08:00:00,0.0001
CHILLGUYUSDT,2024-12-23 00:00:00,0.0001
CHILLGUYUSDT,2024-12-22 16:00:00,0.0001
CHILLGUYUSDT,2024-12-22 08:00:00,0.0001
CHILLGUYUSDT,2024-12-22 00:00:00,0.0001
CHILLGUYUSDT,2024-12-21 16:00:00,0.0001
CHILLGUYUSDT,2024-12-21 08:00:00,0.0001
CHILLGUYUSDT,2024-12-21 00:00:00,0.0001
CHILLGUYUSDT,2024-12-20 16:00:00,0.0001
CHILLGUYUSDT,2024-12-20 08:00:00,0.0001
CHILLGUYUSDT,2024-12-20 00:00:00,0.0001
CHILLGUYUSDT,2024-12-19 16:00:00,0.0001
CHILLGUYUSDT,2024-12-19 08:00:00,0.0001
CHILLGUYUSDT,2024-12-19 00:00:00,0.0001
CHILLGUYUSDT,2024-12-18 16:00:00,0.00022382
CHILLGUYUSDT,2024-12-18 08:00:00,0.0001196
CHILLGUYUSDT,2024-12-18 00:00:00,0.00021744
CHILLGUYUSDT,2024-12-17 16:00:00,0.00022369
CHILLGUYUSDT,2024-12-17 08:00:00,0.0001
CHILLGUYUSDT,2024-12-17 00:00:00,0.00019516
CHILLGUYUSDT,2024-12-16 16:00:00,0.00020276
CHILLGUYUSDT,2024-12-16 08:00:00,0.00020271
CHILLGUYUSDT,2024-12-16 00:00:00,0.00014069
CHILLGUYUSDT,2024-12-15 16:00:00,0.0001
CHILLGUYUSDT,2024-12-15 08:00:00,0.0001
CHILLGUYUSDT,2024-12-15 00:00:00,0.0001
CHILLGUYUSDT,2024-12-14 16:00:00,0.00041344
CHILLGUYUSDT,2024-12-14 08:00:00,0.00063062
CHILLGUYUSDT,2024-12-14 00:00:00,0.00052507
CHILLGUYUSDT,2024-12-13 16:00:00,0.00031731
CHILLGUYUSDT,2024-12-13 08:00:00,0.0001
CHILLGUYUSDT,2024-12-13 00:00:00,0.00021256
CHILLGUYUSDT,2024-12-12 16:00:00,0.0001
CHILLGUYUSDT,2024-12-12 08:00:00,0.00017819
CHILLGUYUSDT,2024-12-12 00:00:00,0.0001073
CHILLGUYUSDT,2024-12-11 16:00:00,0.0001
CHILLGUYUSDT,2024-12-11 08:00:00,0.0001
CHILLGUYUSDT,2024-12-11 00:00:00,0.0001
CHILLGUYUSDT,2024-12-10 16:00:00,0.0001
CHILLGUYUSDT,2024-12-10 08:00:00,0.00010265
CHILLGUYUSDT,2024-12-10 00:00:00,0.00018106
CHILLGUYUSDT,2024-12-09 16:00:00,0.00031951
CHILLGUYUSDT,2024-12-09 08:00:00,0.00053051
CHILLGUYUSDT,2024-12-09 00:00:00,0.00090702
CHILLGUYUSDT,2024-12-08 16:00:00,0.00083755
CHILLGUYUSDT,2024-12-08 08:00:00,0.00081626
CHILLGUYUSDT,2024-12-08 00:00:00,0.00102086
CHILLGUYUSDT,2024-12-07 16:00:00,0.0010019
CHILLGUYUSDT,2024-12-07 08:00:00,0.00088364
CHILLGUYUSDT,2024-12-07 00:00:00,0.00091897
CHILLGUYUSDT,2024-12-06 16:00:00,0.00049164
CHILLGUYUSDT,2024-12-06 08:00:00,0.00096975
CHILLGUYUSDT,2024-12-06 00:00:00,0.00071011
CHILLGUYUSDT,2024-12-05 16:00:00,0.00093076
CHILLGUYUSDT,2024-12-05 08:00:00,0.00097929
CHILLGUYUSDT,2024-12-05 00:00:00,0.00090582
CHILLGUYUSDT,2024-12-04 16:00:00,0.00092643
CHILLGUYUSDT,2024-12-04 08:00:00,0.00097427
CHILLGUYUSDT,2024-12-04 00:00:00,0.00089903
CHILLGUYUSDT,2024-12-03 16:00:00,0.00079898
CHILLGUYUSDT,2024-12-03 08:00:00,0.00092329
CHILLGUYUSDT,2024-12-03 00:00:00,0.00091237
CHILLGUYUSDT,2024-12-02 16:00:00,0.00044568
CHILLGUYUSDT,2024-12-02 08:00:00,0.00038239
CHILLGUYUSDT,2024-12-02 00:00:00,0.00087076
CHILLGUYUSDT,2024-12-01 16:00:00,0.00063535
CHILLGUYUSDT,2024-12-01 08:00:00,0.00049441
CHILLGUYUSDT,2024-12-01 00:00:00,0.00102057
CHILLGUYUSDT,2024-11-30 16:00:00,0.00101703
CHILLGUYUSDT,2024-11-30 08:00:00,0.00060664
CHILLGUYUSDT,2024-11-30 00:00:00,0.00146485
CHILLGUYUSDT,2024-11-29 16:00:00,0.00060973
CHILLGUYUSDT,2024-11-29 08:00:00,0.0003237
CHILLGUYUSDT,2024-11-29 00:00:00,0.00066548
CHILLGUYUSDT,2024-11-28 16:00:00,0.00047468
CHILLGUYUSDT,2024-11-28 08:00:00,0.00050762
CHILLGUYUSDT,2024-11-28 00:00:00,0.00036771
CHILLGUYUSDT,2024-11-27 16:00:00,0.0003951
CHILLGUYUSDT,2024-11-27 08:00:00,0.00016335
CHILLGUYUSDT,2024-11-27 00:00:00,0.00050884
CHILLGUYUSDT,2024-11-26 16:00:00,0.0003437
CHILLGUYUSDT,2024-11-26 08:00:00,0.00050304
CHILLGUYUSDT,2024-11-26 00:00:00,0.00105636
FUSDT,2025-01-06 00:00:00,0.0001
FUSDT,2025-01-05 16:00:00,0.0001
FUSDT,2025-01-05 08:00:00,0.0001
FUSDT,2025-01-05 00:00:00,0.0001
FUSDT,2025-01-04 16:00:00,0.0001
FUSDT,2025-01-04 08:00:00,0.0001
FUSDT,2025-01-04 00:00:00,0.0001
FUSDT,2025-01-03 16:00:00,0.0001
FUSDT,2025-01-03 08:00:00,0.0001
FUSDT,2025-01-03 00:00:00,0.0001
FUSDT,2025-01-02 16:00:00,0.0001
FUSDT,2025-01-02 08:00:00,0.0001
FUSDT,2025-01-02 00:00:00,0.0001
FUSDT,2025-01-01 16:00:00,0.0001
FUSDT,2025-01-01 08:00:00,0.0001
FUSDT,2025-01-01 00:00:00,0.0001
FUSDT,2024-12-31 16:00:00,0.0001
FUSDT,2024-12-31 08:00:00,0.0001
FUSDT,2024-12-31 00:00:00,0.0001
FUSDT,2024-12-30 16:00:00,0.0001
FUSDT,2024-12-30 08:00:00,0.0001
FUSDT,2024-12-30 00:00:00,0.0001
FUSDT,2024-12-29 16:00:00,0.0001
FUSDT,2024-12-29 08:00:00,0.0001
FUSDT,2024-12-29 00:00:00,0.0001
FUSDT,2024-12-28 16:00:00,0.0001
FUSDT,2024-12-28 08:00:00,0.0001
FUSDT,2024-12-28 00:00:00,0.0001
FUSDT,2024-12-27 16:00:00,-0.00029245
FUSDT,2024-12-27 08:00:00,-0.00030343
FUSDT,2024-12-27 00:00:00,0.0001
FUSDT,2024-12-26 16:00:00,0.0001
FUSDT,2024-12-26 08:00:00,0.0001
FUSDT,2024-12-26 00:00:00,0.0001
FUSDT,2024-12-25 16:00:00,0.0001
FUSDT,2024-12-25 08:00:00,0.0001
FUSDT,2024-12-25 00:00:00,0.0001
FUSDT,2024-12-24 16:00:00,0.0001
FUSDT,2024-12-24 08:00:00,0.0001
FUSDT,2024-12-24 00:00:00,0.0001
FUSDT,2024-12-23 16:00:00,0.0001
FUSDT,2024-12-23 08:00:00,0.0001
FUSDT,2024-12-23 00:00:00,0.0001
FUSDT,2024-12-22 16:00:00,0.0001
FUSDT,2024-12-22 08:00:00,0.0001
FUSDT,2024-12-22 00:00:00,0.0001
FUSDT,2024-12-21 16:00:00,0.0001
FUSDT,2024-12-21 08:00:00,0.0001
FUSDT,2024-12-21 00:00:00,0.0001
FUSDT,2024-12-20 16:00:00,0.0001
FUSDT,2024-12-20 08:00:00,0.0001
FUSDT,2024-12-20 00:00:00,0.0001
FUSDT,2024-12-19 16:00:00,0.0001
FUSDT,2024-12-19 08:00:00,0.0001
FUSDT,2024-12-19 00:00:00,0.0001
FUSDT,2024-12-18 16:00:00,0.0001
FUSDT,2024-12-18 08:00:00,0.0001
FUSDT,2024-12-18 00:00:00,0.0001
FUSDT,2024-12-17 16:00:00,0.0001
FUSDT,2024-12-17 08:00:00,0.0001
FUSDT,2024-12-17 00:00:00,0.0001
FUSDT,2024-12-16 16:00:00,-0.00006501
FUSDT,2024-12-16 08:00:00,-0.00021308
FUSDT,2024-12-16 00:00:00,0.0001
FUSDT,2024-12-15 16:00:00,0.0001
FUSDT,2024-12-15 08:00:00,0.0001
FUSDT,2024-12-15 00:00:00,0.0001
FUSDT,2024-12-14 16:00:00,0.0001
FUSDT,2024-12-14 08:00:00,0.0001
FUSDT,2024-12-14 00:00:00,0.0001
FUSDT,2024-12-13 16:00:00,0.0001
FUSDT,2024-12-13 08:00:00,0.0001
FUSDT,2024-12-13 00:00:00,0.0001
FUSDT,2024-12-12 16:00:00,0.0001
FUSDT,2024-12-12 08:00:00,0.0001
FUSDT,2024-12-12 00:00:00,0.0001
FUSDT,2024-12-11 16:00:00,-0.00045418
FUSDT,2024-12-11 08:00:00,0.0001
FUSDT,2024-12-11 00:00:00,0.0001
FUSDT,2024-12-10 16:00:00,-0.0075
FUSDT,2024-12-10 08:00:00,0.0001
FUSDT,2024-12-10 00:00:00,0.0001
FUSDT,2024-12-09 16:00:00,0.00032857
FUSDT,2024-12-09 08:00:00,0.00062492
FUSDT,2024-12-09 00:00:00,0.00031072
FUSDT,2024-12-08 16:00:00,0.0009945
FUSDT,2024-12-08 08:00:00,0.00086822
FUSDT,2024-12-08 00:00:00,0.00082188
FUSDT,2024-12-07 16:00:00,0.00078597
FUSDT,2024-12-07 08:00:00,0.0001
FUSDT,2024-12-07 00:00:00,0.0001
FUSDT,2024-12-06 16:00:00,-0.00059965
FUSDT,2024-12-06 08:00:00,0.0001
MOVEUSDT,2025-01-09 00:00:00,-0.00017983
MOVEUSDT,2025-01-08 16:00:00,0.0001
MOVEUSDT,2025-01-08 08:00:00,0.0001
MOVEUSDT,2025-01-08 00:00:00,0.00000319
MOVEUSDT,2025-01-07 16:00:00,-0.00014509
MOVEUSDT,2025-01-07 08:00:00,-0.00115795
MOVEUSDT,2025-01-07 00:00:00,-0.00096972
MOVEUSDT,2025-01-06 16:00:00,-0.00053944
MOVEUSDT,2025-01-06 08:00:00,-0.00044943
MOVEUSDT,2025-01-06 00:00:00,-0.00020296
MOVEUSDT,2025-01-05 16:00:00,-0.00082379
MOVEUSDT,2025-01-05 08:00:00,-0.00060732
MOVEUSDT,2025-01-05 00:00:00,0.0001
MOVEUSDT,2025-01-04 16:00:00,-0.000228
MOVEUSDT,2025-01-04 08:00:00,-0.00039899
MOVEUSDT,2025-01-04 00:00:00,0.0001
MOVEUSDT,2025-01-03 16:00:00,0.00004943
MOVEUSDT,2025-01-03 08:00:00,-0.00059343
MOVEUSDT,2025-01-03 00:00:00,-0.00013334
MOVEUSDT,2025-01-02 16:00:00,-0.00020765
MOVEUSDT,2025-01-02 08:00:00,-0.0004567
MOVEUSDT,2025-01-02 00:00:00,-0.00006184
MOVEUSDT,2025-01-01 16:00:00,-0.00018835
MOVEUSDT,2025-01-01 08:00:00,-0.00117519
MOVEUSDT,2025-01-01 00:00:00,-0.00058658
MOVEUSDT,2024-12-31 16:00:00,-0.00059677
MOVEUSDT,2024-12-31 08:00:00,0.0001
MOVEUSDT,2024-12-31 00:00:00,-0.00042089
MOVEUSDT,2024-12-30 16:00:00,-0.0008746
MOVEUSDT,2024-12-30 08:00:00,-0.0007068
MOVEUSDT,2024-12-30 00:00:00,-0.00016671
MOVEUSDT,2024-12-29 16:00:00,-0.00111221
MOVEUSDT,2024-12-29 08:00:00,-0.00072783
MOVEUSDT,2024-12-29 00:00:00,-0.00082777
MOVEUSDT,2024-12-28 16:00:00,-0.00080898
MOVEUSDT,2024-12-28 08:00:00,-0.00035186
MOVEUSDT,2024-12-28 00:00:00,-0.0006367
MOVEUSDT,2024-12-27 16:00:00,-0.00037593
MOVEUSDT,2024-12-27 08:00:00,-0.00042242
MOVEUSDT,2024-12-27 00:00:00,-0.00059898
MOVEUSDT,2024-12-26 16:00:00,-0.0005696
MOVEUSDT,2024-12-26 08:00:00,-0.00089964
MOVEUSDT,2024-12-26 00:00:00,-0.00012937
MOVEUSDT,2024-12-25 16:00:00,-0.00061864
MOVEUSDT,2024-12-25 08:00:00,-0.00172946
MOVEUSDT,2024-12-25 00:00:00,-0.00094402
MOVEUSDT,2024-12-24 16:00:00,-0.00125696
MOVEUSDT,2024-12-24 08:00:00,-0.00147321
MOVEUSDT,2024-12-24 00:00:00,-0.0013839
MOVEUSDT,2024-12-23 16:00:00,-0.00113899
MOVEUSDT,2024-12-23 08:00:00,-0.00058178
MOVEUSDT,2024-12-23 00:00:00,-0.0009205
MOVEUSDT,2024-12-22 16:00:00,-0.00062118
MOVEUSDT,2024-12-22 08:00:00,0.00001049
MOVEUSDT,2024-12-22 00:00:00,-0.00038149
MOVEUSDT,2024-12-21 16:00:00,-0.00134553
MOVEUSDT,2024-12-21 08:00:00,-0.00180646
MOVEUSDT,2024-12-21 00:00:00,-0.00204246
MOVEUSDT,2024-12-20 16:00:00,-0.00117954
MOVEUSDT,2024-12-20 08:00:00,-0.0022222
MOVEUSDT,2024-12-20 00:00:00,-0.00026
MOVEUSDT,2024-12-19 16:00:00,-0.00067527
MOVEUSDT,2024-12-19 08:00:00,-0.00108924
MOVEUSDT,2024-12-19 00:00:00,0.0001
MOVEUSDT,2024-12-18 16:00:00,0.0001
MOVEUSDT,2024-12-18 08:00:00,0.0001
MOVEUSDT,2024-12-18 00:00:00,0.0001
MOVEUSDT,2024-12-17 16:00:00,0.0001
MOVEUSDT,2024-12-17 08:00:00,0.0001
MOVEUSDT,2024-12-17 00:00:00,0.0001
MOVEUSDT,2024-12-16 16:00:00,0.0001
MOVEUSDT,2024-12-16 08:00:00,0.0001
MOVEUSDT,2024-12-16 00:00:00,0.0001
MOVEUSDT,2024-12-15 16:00:00,0.0001
MOVEUSDT,2024-12-15 08:00:00,0.0001
MOVEUSDT,2024-12-15 00:00:00,0.0001
MOVEUSDT,2024-12-14 16:00:00,0.0001
MOVEUSDT,2024-12-14 08:00:00,0.0001
MOVEUSDT,2024-12-14 00:00:00,0.0001
MOVEUSDT,2024-12-13 16:00:00,0.0001
MOVEUSDT,2024-12-13 08:00:00,0.0001
MOVEUSDT,2024-12-13 00:00:00,0.0001
MOVEUSDT,2024-12-12 16:00:00,0.0001
MOVEUSDT,2024-12-12 08:00:00,0.0001
MOVEUSDT,2024-12-12 00:00:00,0.0001
MOVEUSDT,2024-12-11 16:00:00,0.0001
MOVEUSDT,2024-12-11 08:00:00,0.0001
MOVEUSDT,2024-12-11 00:00:00,-0.00001899
MOVEUSDT,2024-12-10 16:00:00,-0.00123046
MOVEUSDT,2024-12-10 08:00:00,-0.00495
MOVEUSDT,2024-12-10 00:00:00,-0.00135718
MOVEUSDT,2024-12-09 16:00:00,-0.00305473
MOVEUSDT,2024-12-09 08:00:00,0.0001
MEUSDT,2025-01-10 00:00:00,0.0001
MEUSDT,2025-01-09 16:00:00,0.0001
MEUSDT,2025-01-09 08:00:00,0.0001
MEUSDT,2025-01-09 00:00:00,0.0001
MEUSDT,2025-01-08 16:00:00,0.0001
MEUSDT,2025-01-08 08:00:00,0.0001
MEUSDT,2025-01-08 00:00:00,0.0001
MEUSDT,2025-01-07 16:00:00,0.0001
MEUSDT,2025-01-07 08:00:00,0.0001
MEUSDT,2025-01-07 00:00:00,0.0001
MEUSDT,2025-01-06 16:00:00,0.0001
MEUSDT,2025-01-06 08:00:00,0.0001
MEUSDT,2025-01-06 00:00:00,0.0001
MEUSDT,2025-01-05 16:00:00,0.0001
MEUSDT,2025-01-05 08:00:00,0.0001
MEUSDT,2025-01-05 00:00:00,0.0001
MEUSDT,2025-01-04 16:00:00,0.0001
MEUSDT,2025-01-04 08:00:00,0.0001
MEUSDT,2025-01-04 00:00:00,0.0001
MEUSDT,2025-01-03 16:00:00,0.0001
MEUSDT,2025-01-03 08:00:00,0.0001
MEUSDT,2025-01-03 00:00:00,0.0001
MEUSDT,2025-01-02 16:00:00,0.0001
MEUSDT,2025-01-02 08:00:00,0.0001
MEUSDT,2025-01-02 00:00:00,0.0001
MEUSDT,2025-01-01 16:00:00,0.0001
MEUSDT,2025-01-01 08:00:00,0.0001
MEUSDT,2025-01-01 00:00:00,0.0001
MEUSDT,2024-12-31 16:00:00,0.0001
MEUSDT,2024-12-31 08:00:00,0.0001
MEUSDT,2024-12-31 00:00:00,-0.00002733
MEUSDT,2024-12-30 16:00:00,0.0001
MEUSDT,2024-12-30 08:00:00,0.00003174
MEUSDT,2024-12-30 00:00:00,0.0001
MEUSDT,2024-12-29 16:00:00,-0.00031942
MEUSDT,2024-12-29 08:00:00,-0.00012808
MEUSDT,2024-12-29 00:00:00,-0.00000977
MEUSDT,2024-12-28 16:00:00,-0.00018375
MEUSDT,2024-12-28 08:00:00,-0.00000893
MEUSDT,2024-12-28 00:00:00,-0.00033383
MEUSDT,2024-12-27 16:00:00,-0.00042573
MEUSDT,2024-12-27 08:00:00,-0.00073079
MEUSDT,2024-12-27 00:00:00,-0.00000769
MEUSDT,2024-12-26 16:00:00,-0.00107222
MEUSDT,2024-12-26 08:00:00,0.00000305
MEUSDT,2024-12-26 00:00:00,0.0001
MEUSDT,2024-12-25 16:00:00,0.0001
MEUSDT,2024-12-25 08:00:00,0.0001
MEUSDT,2024-12-25 00:00:00,0.0001
MEUSDT,2024-12-24 16:00:00,0.0001
MEUSDT,2024-12-24 08:00:00,0.0001
MEUSDT,2024-12-24 00:00:00,0.0001
MEUSDT,2024-12-23 16:00:00,0.0001
MEUSDT,2024-12-23 08:00:00,0.0001
MEUSDT,2024-12-23 00:00:00,0.0001
MEUSDT,2024-12-22 16:00:00,0.0001
MEUSDT,2024-12-22 08:00:00,0.0001
MEUSDT,2024-12-22 00:00:00,0.0001
MEUSDT,2024-12-21 16:00:00,0.0001
MEUSDT,2024-12-21 08:00:00,0.0001
MEUSDT,2024-12-21 00:00:00,0.0001
MEUSDT,2024-12-20 16:00:00,0.0001
MEUSDT,2024-12-20 08:00:00,0.0001
MEUSDT,2024-12-20 00:00:00,0.0001
MEUSDT,2024-12-19 16:00:00,0.0001
MEUSDT,2024-12-19 08:00:00,0.0001
MEUSDT,2024-12-19 00:00:00,0.0001
MEUSDT,2024-12-18 16:00:00,0.0001
MEUSDT,2024-12-18 08:00:00,0.0001
MEUSDT,2024-12-18 00:00:00,0.0001
MEUSDT,2024-12-17 16:00:00,0.00019755
MEUSDT,2024-12-17 08:00:00,0.00015225
MEUSDT,2024-12-17 00:00:00,0.0001
MEUSDT,2024-12-16 16:00:00,0.0001
MEUSDT,2024-12-16 08:00:00,0.0001
MEUSDT,2024-12-16 00:00:00,0.0001
MEUSDT,2024-12-15 16:00:00,0.0001
MEUSDT,2024-12-15 08:00:00,0.0001
MEUSDT,2024-12-15 00:00:00,0.0001
MEUSDT,2024-12-14 16:00:00,0.0001
MEUSDT,2024-12-14 08:00:00,0.0001
MEUSDT,2024-12-14 00:00:00,0.0001
MEUSDT,2024-12-13 16:00:00,0.0001
MEUSDT,2024-12-13 08:00:00,0.0001
MEUSDT,2024-12-13 00:00:00,0.0001
MEUSDT,2024-12-12 16:00:00,0.0001
MEUSDT,2024-12-12 08:00:00,0.0003432
MEUSDT,2024-12-12 00:00:00,0.0001363
MEUSDT,2024-12-11 16:00:00,0.0001
MEUSDT,2024-12-11 08:00:00,-0.00279047
MEUSDT,2024-12-11 00:00:00,-0.00495
MEUSDT,2024-12-10 16:00:00,-0.00495
MEUSDT,2024-12-10 08:00:00,0.0001
MEUSDT,2024-12-10 00:00:00,0.0001
ZEREBROUSDT,2025-01-11 00:00:00,0.0001
ZEREBROUSDT,2025-01-10 16:00:00,0.0001
ZEREBROUSDT,2025-01-10 08:00:00,0.0001
ZEREBROUSDT,2025-01-10 00:00:00,0.0001
ZEREBROUSDT,2025-01-09 16:00:00,0.0001
ZEREBROUSDT,2025-01-09 08:00:00,0.0001
ZEREBROUSDT,2025-01-09 00:00:00,0.0001
ZEREBROUSDT,2025-01-08 16:00:00,0.0001
ZEREBROUSDT,2025-01-08 08:00:00,0.0001
ZEREBROUSDT,2025-01-08 00:00:00,0.00016051
ZEREBROUSDT,2025-01-07 16:00:00,0.00021938
ZEREBROUSDT,2025-01-07 08:00:00,0.0001
ZEREBROUSDT,2025-01-07 00:00:00,0.00011131
ZEREBROUSDT,2025-01-06 16:00:00,0.00017946
ZEREBROUSDT,2025-01-06 08:00:00,0.0001
ZEREBROUSDT,2025-01-06 00:00:00,0.00019154
ZEREBROUSDT,2025-01-05 16:00:00,0.00013439
ZEREBROUSDT,2025-01-05 08:00:00,0.00018831
ZEREBROUSDT,2025-01-05 00:00:00,0.00030002
ZEREBROUSDT,2025-01-04 16:00:00,0.00028729
ZEREBROUSDT,2025-01-04 08:00:00,0.00020704
ZEREBROUSDT,2025-01-04 00:00:00,0.00051681
ZEREBROUSDT,2025-01-03 16:00:00,0.000183
ZEREBROUSDT,2025-01-03 08:00:00,0.00013312
ZEREBROUSDT,2025-01-03 00:00:00,0.00026921
ZEREBROUSDT,2025-01-02 16:00:00,0.0001
ZEREBROUSDT,2025-01-02 08:00:00,0.00057782
ZEREBROUSDT,2025-01-02 00:00:00,0.00113816
ZEREBROUSDT,2025-01-01 16:00:00,0.0001
ZEREBROUSDT,2025-01-01 08:00:00,0.0001
ZEREBROUSDT,2025-01-01 00:00:00,0.0001
ZEREBROUSDT,2024-12-31 16:00:00,0.0001
ZEREBROUSDT,2024-12-31 08:00:00,0.0001
ZEREBROUSDT,2024-12-31 00:00:00,0.0001
ZEREBROUSDT,2024-12-30 16:00:00,0.0001
ZEREBROUSDT,2024-12-30 08:00:00,0.0001
AEROUSDT,2025-01-13 00:00:00,0.0001
AEROUSDT,2025-01-12 16:00:00,0.00012131
AEROUSDT,2025-01-12 08:00:00,0.0001
AEROUSDT,2025-01-12 00:00:00,0.0001
AEROUSDT,2025-01-11 16:00:00,0.0001
AEROUSDT,2025-01-11 08:00:00,0.0001
AEROUSDT,2025-01-11 00:00:00,0.0001
AEROUSDT,2025-01-10 16:00:00,0.0001
AEROUSDT,2025-01-10 08:00:00,0.0001
AEROUSDT,2025-01-10 00:00:00,0.0001
AEROUSDT,2025-01-09 16:00:00,0.0001
AEROUSDT,2025-01-09 08:00:00,0.0001
AEROUSDT,2025-01-09 00:00:00,0.0001
AEROUSDT,2025-01-08 16:00:00,0.0001
AEROUSDT,2025-01-08 08:00:00,-0.00014486
AEROUSDT,2025-01-08 00:00:00,0.0001
AEROUSDT,2025-01-07 16:00:00,0.0001
AEROUSDT,2025-01-07 08:00:00,0.0001
AEROUSDT,2025-01-07 00:00:00,0.0001
AEROUSDT,2025-01-06 16:00:00,0.0001
AEROUSDT,2025-01-06 08:00:00,0.0001
AEROUSDT,2025-01-06 00:00:00,0.00026176
AEROUSDT,2025-01-05 16:00:00,0.00016254
AEROUSDT,2025-01-05 08:00:00,0.00033906
AEROUSDT,2025-01-05 00:00:00,0.0001
AEROUSDT,2025-01-04 16:00:00,0.00015967
AEROUSDT,2025-01-04 08:00:00,0.00031832
AEROUSDT,2025-01-04 00:00:00,0.00015997
AEROUSDT,2025-01-03 16:00:00,0.00014623
AEROUSDT,2025-01-03 08:00:00,0.0001
AEROUSDT,2025-01-03 00:00:00,0.0001
AEROUSDT,2025-01-02 16:00:00,0.0001
AEROUSDT,2025-01-02 08:00:00,0.0001
AEROUSDT,2025-01-02 00:00:00,0.0001
AEROUSDT,2025-01-01 16:00:00,0.0001
AEROUSDT,2025-01-01 08:00:00,0.0001
AEROUSDT,2025-01-01 00:00:00,0.0001
AEROUSDT,2024-12-31 16:00:00,0.0001
AEROUSDT,2024-12-31 08:00:00,0.0001
AEROUSDT,2024-12-31 00:00:00,0.0001
AEROUSDT,2024-12-30 16:00:00,0.0001
AEROUSDT,2024-12-30 08:00:00,0.0001
AEROUSDT,2024-12-30 00:00:00,-0.00044433
AEROUSDT,2024-12-29 16:00:00,0.00006383
AEROUSDT,2024-12-29 08:00:00,0.0001
AEROUSDT,2024-12-29 00:00:00,0.0001
AEROUSDT,2024-12-28 16:00:00,0.0001
AEROUSDT,2024-12-28 08:00:00,-0.00006389
AEROUSDT,2024-12-28 00:00:00,0.0000513
AEROUSDT,2024-12-27 16:00:00,-0.00002791
AEROUSDT,2024-12-27 08:00:00,0.00005331
AEROUSDT,2024-12-27 00:00:00,-0.00013306
AEROUSDT,2024-12-26 16:00:00,0.0001
AEROUSDT,2024-12-26 08:00:00,0.0001
AEROUSDT,2024-12-26 00:00:00,0.0001
AEROUSDT,2024-12-25 16:00:00,0.0001
AEROUSDT,2024-12-25 08:00:00,0.0001
AEROUSDT,2024-12-25 00:00:00,0.0001
AEROUSDT,2024-12-24 16:00:00,0.0001
AEROUSDT,2024-12-24 08:00:00,0.0001
AEROUSDT,2024-12-24 00:00:00,0.0001
AEROUSDT,2024-12-23 16:00:00,-0.00003313
AEROUSDT,2024-12-23 08:00:00,0.0001
AEROUSDT,2024-12-23 00:00:00,-0.00046135
AEROUSDT,2024-12-22 16:00:00,-0.00029165
AEROUSDT,2024-12-22 08:00:00,0.00001935
AEROUSDT,2024-12-22 00:00:00,-0.00144439
AEROUSDT,2024-12-21 16:00:00,-0.00144186
AEROUSDT,2024-12-21 08:00:00,0.0001
AEROUSDT,2024-12-21 00:00:00,0.0001
AEROUSDT,2024-12-20 16:00:00,-0.00007502
AEROUSDT,2024-12-20 08:00:00,0.00000275
AEROUSDT,2024-12-20 00:00:00,-0.00055679
AEROUSDT,2024-12-19 16:00:00,0.00006457
AEROUSDT,2024-12-19 08:00:00,0.0001
AEROUSDT,2024-12-19 00:00:00,0.0001
AEROUSDT,2024-12-18 16:00:00,0.00010729
AEROUSDT,2024-12-18 08:00:00,0.0001
AEROUSDT,2024-12-18 00:00:00,-0.00012659
AEROUSDT,2024-12-17 16:00:00,0.0001
AEROUSDT,2024-12-17 08:00:00,0.0001
AEROUSDT,2024-12-17 00:00:00,0.0001
AEROUSDT,2024-12-16 16:00:00,0.0001
AEROUSDT,2024-12-16 08:00:00,0.0001
AEROUSDT,2024-12-16 00:00:00,0.00023955
AEROUSDT,2024-12-15 16:00:00,0.0001
AEROUSDT,2024-12-15 08:00:00,0.0001
AEROUSDT,2024-12-15 00:00:00,0.0001
AEROUSDT,2024-12-14 16:00:00,0.0001
AEROUSDT,2024-12-14 08:00:00,0.0001
AEROUSDT,2024-12-14 00:00:00,0.0001
AEROUSDT,2024-12-13 16:00:00,0.0001
AEROUSDT,2024-12-13 08:00:00,0.0001
AEROUSDT,2024-12-13 00:00:00,0.0001
VANAUSDT,2025-01-16 00:00:00,0.00005
VANAUSDT,2025-01-15 20:00:00,0.00005
VANAUSDT,2025-01-15 16:00:00,0.00005
VANAUSDT,2025-01-15 12:00:00,-0.00017207
VANAUSDT,2025-01-15 08:00:00,0.00005
VANAUSDT,2025-01-15 04:00:00,-0.00059152
VANAUSDT,2025-01-15 00:00:00,-0.00003308
VANAUSDT,2025-01-14 20:00:00,0.00005
VANAUSDT,2025-01-14 16:00:00,0.00005
VANAUSDT,2025-01-14 12:00:00,-0.00037871
VANAUSDT,2025-01-14 08:00:00,-0.00023787
VANAUSDT,2025-01-14 04:00:00,-0.00389579
VANAUSDT,2025-01-14 00:00:00,-0.00196717
VANAUSDT,2025-01-13 20:00:00,-0.0030103
VANAUSDT,2025-01-13 16:00:00,-0.00148503
VANAUSDT,2025-01-13 12:00:00,-0.00155466
VANAUSDT,2025-01-13 08:00:00,-0.00289187
VANAUSDT,2025-01-13 04:00:00,-0.00202575
VANAUSDT,2025-01-13 00:00:00,-0.00170927
VANAUSDT,2025-01-12 20:00:00,-0.00034248
VANAUSDT,2025-01-12 16:00:00,-0.00063252
VANAUSDT,2025-01-12 12:00:00,-0.0013074
VANAUSDT,2025-01-12 08:00:00,-0.00155728
VANAUSDT,2025-01-12 04:00:00,-0.00168867
VANAUSDT,2025-01-12 00:00:00,-0.00177954
VANAUSDT,2025-01-11 20:00:00,-0.0018554
VANAUSDT,2025-01-11 16:00:00,-0.00081679
VANAUSDT,2025-01-11 12:00:00,-0.000259
VANAUSDT,2025-01-11 08:00:00,-0.00011802
VANAUSDT,2025-01-11 04:00:00,-0.00125742
VANAUSDT,2025-01-11 00:00:00,-0.00193188
VANAUSDT,2025-01-10 20:00:00,-0.00114987
VANAUSDT,2025-01-10 16:00:00,-0.00168589
VANAUSDT,2025-01-10 12:00:00,-0.00073659
VANAUSDT,2025-01-10 08:00:00,-0.00103358
VANAUSDT,2025-01-10 04:00:00,-0.00506522
VANAUSDT,2025-01-10 00:00:00,-0.00114566
VANAUSDT,2025-01-09 20:00:00,-0.00124761
VANAUSDT,2025-01-09 16:00:00,-0.00072717
VANAUSDT,2025-01-09 12:00:00,-0.00021968
VANAUSDT,2025-01-09 08:00:00,-0.00062883
VANAUSDT,2025-01-09 04:00:00,-0.00126083
VANAUSDT,2025-01-09 00:00:00,-0.00267239
VANAUSDT,2025-01-08 20:00:00,-0.0020779
VANAUSDT,2025-01-08 16:00:00,-0.00064806
VANAUSDT,2025-01-08 12:00:00,-0.0001029
VANAUSDT,2025-01-08 08:00:00,-0.00033494
VANAUSDT,2025-01-08 04:00:00,-0.00430468
VANAUSDT,2025-01-08 00:00:00,-0.00090853
VANAUSDT,2025-01-07 20:00:00,0.00005
VANAUSDT,2025-01-07 16:00:00,-0.00004074
VANAUSDT,2025-01-07 12:00:00,-0.00009474
VANAUSDT,2025-01-07 08:00:00,-0.00039905
VANAUSDT,2025-01-07 04:00:00,-0.00008639
VANAUSDT,2025-01-07 00:00:00,0.00005
VANAUSDT,2025-01-06 20:00:00,0.00005
VANAUSDT,2025-01-06 16:00:00,0.00005
VANAUSDT,2025-01-06 12:00:00,0.00005
VANAUSDT,2025-01-06 08:00:00,0.00005
VANAUSDT,2025-01-06 04:00:00,0.00005
VANAUSDT,2025-01-06 00:00:00,0.00005
VANAUSDT,2025-01-05 20:00:00,0.00005
VANAUSDT,2025-01-05 16:00:00,0.00005
VANAUSDT,2025-01-05 12:00:00,0.00005
VANAUSDT,2025-01-05 08:00:00,0.00005
VANAUSDT,2025-01-05 04:00:00,0.00005
VANAUSDT,2025-01-05 00:00:00,0.00005
VANAUSDT,2025-01-04 20:00:00,0.00005
VANAUSDT,2025-01-04 16:00:00,0.00005
VANAUSDT,2025-01-04 12:00:00,0.00005
VANAUSDT,2025-01-04 08:00:00,0.00005
VANAUSDT,2025-01-04 04:00:00,0.00005
VANAUSDT,2025-01-04 00:00:00,0.00005
VANAUSDT,2025-01-03 20:00:00,0.00005
VANAUSDT,2025-01-03 16:00:00,0.00005
VANAUSDT,2025-01-03 12:00:00,0.00005
VANAUSDT,2025-01-03 08:00:00,0.00005
VANAUSDT,2025-01-03 04:00:00,-0.00014362
VANAUSDT,2025-01-03 00:00:00,0.00005
VANAUSDT,2025-01-02 20:00:00,0.00005
VANAUSDT,2025-01-02 16:00:00,0.00005
VANAUSDT,2025-01-02 12:00:00,0.00005
VANAUSDT,2025-01-02 08:00:00,-0.0006974
VANAUSDT,2025-01-02 04:00:00,-0.00180487
VANAUSDT,2025-01-02 00:00:00,0.00005
VANAUSDT,2025-01-01 20:00:00,0.00005
VANAUSDT,2025-01-01 16:00:00,-0.00002604
VANAUSDT,2025-01-01 12:00:00,0.00005
VANAUSDT,2025-01-01 08:00:00,0.00005
VANAUSDT,2025-01-01 04:00:00,0.00004052
VANAUSDT,2025-01-01 00:00:00,0.00005
VANAUSDT,2024-12-31 20:00:00,0.00005
VANAUSDT,2024-12-31 16:00:00,0.00005
VANAUSDT,2024-12-31 12:00:00,0.00005
VANAUSDT,2024-12-31 08:00:00,-0.00008902
VANAUSDT,2024-12-31 04:00:00,-0.00029972
VANAUSDT,2024-12-31 00:00:00,-0.00038459
VANAUSDT,2024-12-30 20:00:00,-0.00024367
VANAUSDT,2024-12-30 16:00:00,0.00000741
VANAUSDT,2024-12-30 12:00:00,-0.00005998
VANAUSDT,2024-12-30 08:00:00,0.00005
VANAUSDT,2024-12-30 04:00:00,0.00005
VANAUSDT,2024-12-30 00:00:00,0.00005
VANAUSDT,2024-12-29 20:00:00,0.00005
VANAUSDT,2024-12-29 16:00:00,0.00005
VANAUSDT,2024-12-29 12:00:00,-0.00005717
VANAUSDT,2024-12-29 08:00:00,-0.00016573
VANAUSDT,2024-12-29 04:00:00,-0.00016075
VANAUSDT,2024-12-29 00:00:00,0.00005
VANAUSDT,2024-12-28 20:00:00,0.00005
VANAUSDT,2024-12-28 16:00:00,0.00005
VANAUSDT,2024-12-28 12:00:00,0.00005
VANAUSDT,2024-12-28 08:00:00,0.00005
VANAUSDT,2024-12-28 04:00:00,0.00005
VANAUSDT,2024-12-28 00:00:00,-0.00018889
VANAUSDT,2024-12-27 20:00:00,-0.00003552
VANAUSDT,2024-12-27 16:00:00,0.00001318
VANAUSDT,2024-12-27 12:00:00,-0.00007333
VANAUSDT,2024-12-27 08:00:00,0.00005
VANAUSDT,2024-12-27 04:00:00,-0.00002759
VANAUSDT,2024-12-27 00:00:00,0.00005
VANAUSDT,2024-12-26 20:00:00,0.00005
VANAUSDT,2024-12-26 16:00:00,-0.00086581
VANAUSDT,2024-12-26 12:00:00,-0.00181063
VANAUSDT,2024-12-26 08:00:00,-0.00316049
VANAUSDT,2024-12-26 04:00:00,-0.00016463
VANAUSDT,2024-12-26 00:00:00,0.00005
VANAUSDT,2024-12-25 20:00:00,0.00005
VANAUSDT,2024-12-25 16:00:00,0.00005
VANAUSDT,2024-12-25 12:00:00,0.00005
VANAUSDT,2024-12-25 08:00:00,-0.00041931
VANAUSDT,2024-12-25 04:00:00,-0.00091464
VANAUSDT,2024-12-25 00:00:00,0.00005
VANAUSDT,2024-12-24 20:00:00,0.00005
VANAUSDT,2024-12-24 16:00:00,0.00005
VANAUSDT,2024-12-24 12:00:00,0.00005
VANAUSDT,2024-12-24 08:00:00,-0.00000646
VANAUSDT,2024-12-24 04:00:00,-0.00014749
VANAUSDT,2024-12-24 00:00:00,0.00000245
VANAUSDT,2024-12-23 20:00:00,0.00005
VANAUSDT,2024-12-23 16:00:00,-0.00000783
VANAUSDT,2024-12-23 12:00:00,-0.00011961
VANAUSDT,2024-12-23 08:00:00,-0.00005183
VANAUSDT,2024-12-23 04:00:00,0.00005
VANAUSDT,2024-12-23 00:00:00,0.00005
VANAUSDT,2024-12-22 20:00:00,0.00005
VANAUSDT,2024-12-22 16:00:00,0.00004843
VANAUSDT,2024-12-22 12:00:00,-0.00001533
VANAUSDT,2024-12-22 08:00:00,0.00005
VANAUSDT,2024-12-22 04:00:00,0.00005
VANAUSDT,2024-12-22 00:00:00,-0.0002513
VANAUSDT,2024-12-21 20:00:00,-0.00014818
VANAUSDT,2024-12-21 16:00:00,-0.00009219
VANAUSDT,2024-12-21 12:00:00,0.00001091
VANAUSDT,2024-12-21 08:00:00,-0.00006402
VANAUSDT,2024-12-21 04:00:00,0.00005
VANAUSDT,2024-12-21 00:00:00,0.00005
VANAUSDT,2024-12-20 20:00:00,0.00005
VANAUSDT,2024-12-20 16:00:00,-0.00026107
VANAUSDT,2024-12-20 12:00:00,0.00005
VANAUSDT,2024-12-20 08:00:00,-0.00056985
VANAUSDT,2024-12-20 04:00:00,-0.00047489
VANAUSDT,2024-12-20 00:00:00,-0.00040243
VANAUSDT,2024-12-19 20:00:00,0.00005
VANAUSDT,2024-12-19 16:00:00,0.00005
VANAUSDT,2024-12-19 12:00:00,0.00005
VANAUSDT,2024-12-19 08:00:00,-0.00006531
VANAUSDT,2024-12-19 04:00:00,0.00005
VANAUSDT,2024-12-19 00:00:00,0.00001132
VANAUSDT,2024-12-18 20:00:00,-0.00000488
VANAUSDT,2024-12-18 16:00:00,0.00005
VANAUSDT,2024-12-18 12:00:00,0.00005
VANAUSDT,2024-12-18 08:00:00,0.00005
VANAUSDT,2024-12-18 04:00:00,0.00005
VANAUSDT,2024-12-18 00:00:00,0.00005
VANAUSDT,2024-12-17 20:00:00,0.00005
VANAUSDT,2024-12-17 16:00:00,0.00005
VANAUSDT,2024-12-17 12:00:00,0.00000639
VANAUSDT,2024-12-17 08:00:00,-0.0066
VANAUSDT,2024-12-17 00:00:00,-0.00495
VANAUSDT,2024-12-16 16:00:00,-0.00495
VANAUSDT,2024-12-16 08:00:00,0.0001
PENGUUSDT,2025-01-17 00:00:00,0.00005
PENGUUSDT,2025-01-16 20:00:00,0.00005
PENGUUSDT,2025-01-16 16:00:00,0.00005
PENGUUSDT,2025-01-16 12:00:00,0.00005
PENGUUSDT,2025-01-16 08:00:00,0.00005
PENGUUSDT,2025-01-16 04:00:00,0.00005
PENGUUSDT,2025-01-16 00:00:00,0.00005
PENGUUSDT,2025-01-15 20:00:00,0.00005
PENGUUSDT,2025-01-15 16:00:00,0.00005
PENGUUSDT,2025-01-15 12:00:00,0.00005
PENGUUSDT,2025-01-15 08:00:00,0.00005
PENGUUSDT,2025-01-15 04:00:00,0.00005
PENGUUSDT,2025-01-15 00:00:00,0.00005
PENGUUSDT,2025-01-14 20:00:00,0.00005
PENGUUSDT,2025-01-14 16:00:00,0.00005
PENGUUSDT,2025-01-14 12:00:00,0.00005
PENGUUSDT,2025-01-14 08:00:00,0.00005
PENGUUSDT,2025-01-14 04:00:00,0.00005
PENGUUSDT,2025-01-14 00:00:00,0.00005
PENGUUSDT,2025-01-13 20:00:00,0.00005
PENGUUSDT,2025-01-13 16:00:00,0.00005
PENGUUSDT,2025-01-13 12:00:00,0.00005
PENGUUSDT,2025-01-13 08:00:00,0.00005
PENGUUSDT,2025-01-13 04:00:00,0.00005
PENGUUSDT,2025-01-13 00:00:00,0.00005
PENGUUSDT,2025-01-12 20:00:00,0.00005
PENGUUSDT,2025-01-12 16:00:00,0.00005
PENGUUSDT,2025-01-12 12:00:00,0.00005
PENGUUSDT,2025-01-12 08:00:00,0.00005
PENGUUSDT,2025-01-12 04:00:00,0.00005
PENGUUSDT,2025-01-12 00:00:00,0.00005
PENGUUSDT,2025-01-11 20:00:00,0.00005
PENGUUSDT,2025-01-11 16:00:00,0.00005
PENGUUSDT,2025-01-11 12:00:00,0.00005
PENGUUSDT,2025-01-11 08:00:00,0.00005
PENGUUSDT,2025-01-11 04:00:00,0.00005
PENGUUSDT,2025-01-11 00:00:00,0.00005
PENGUUSDT,2025-01-10 20:00:00,0.00005
PENGUUSDT,2025-01-10 16:00:00,0.00005
PENGUUSDT,2025-01-10 12:00:00,0.00005
PENGUUSDT,2025-01-10 08:00:00,0.00005
PENGUUSDT,2025-01-10 04:00:00,0.00005
PENGUUSDT,2025-01-10 00:00:00,0.00005
PENGUUSDT,2025-01-09 20:00:00,0.00005
PENGUUSDT,2025-01-09 16:00:00,0.00005
PENGUUSDT,2025-01-09 12:00:00,0.00005
PENGUUSDT,2025-01-09 08:00:00,0.00005
PENGUUSDT,2025-01-09 04:00:00,0.00005
PENGUUSDT,2025-01-09 00:00:00,0.00005
PENGUUSDT,2025-01-08 20:00:00,0.00005
PENGUUSDT,2025-01-08 16:00:00,0.00005
PENGUUSDT,2025-01-08 12:00:00,0.00005
PENGUUSDT,2025-01-08 08:00:00,0.00005
PENGUUSDT,2025-01-08 04:00:00,0.00005
PENGUUSDT,2025-01-08 00:00:00,0.00005
PENGUUSDT,2025-01-07 20:00:00,0.00005
PENGUUSDT,2025-01-07 16:00:00,0.00007485
PENGUUSDT,2025-01-07 12:00:00,0.00005
PENGUUSDT,2025-01-07 08:00:00,0.00005
PENGUUSDT,2025-01-07 04:00:00,0.00032588
PENGUUSDT,2025-01-07 00:00:00,0.00032501
PENGUUSDT,2025-01-06 20:00:00,0.00018953
PENGUUSDT,2025-01-06 16:00:00,0.00028549
PENGUUSDT,2025-01-06 12:00:00,0.00005
PENGUUSDT,2025-01-06 08:00:00,0.00005
PENGUUSDT,2025-01-06 04:00:00,0.00023135
PENGUUSDT,2025-01-06 00:00:00,0.00027024
PENGUUSDT,2025-01-05 20:00:00,0.00010286
PENGUUSDT,2025-01-05 16:00:00,0.00011869
PENGUUSDT,2025-01-05 12:00:00,0.00005
PENGUUSDT,2025-01-05 08:00:00,0.00005
PENGUUSDT,2025-01-05 04:00:00,0.00034597
PENGUUSDT,2025-01-05 00:00:00,0.00025819
PENGUUSDT,2025-01-04 20:00:00,0.00005
PENGUUSDT,2025-01-04 16:00:00,0.00005
PENGUUSDT,2025-01-04 12:00:00,0.00011291
PENGUUSDT,2025-01-04 08:00:00,0.00013109
PENGUUSDT,2025-01-04 04:00:00,0.00033159
PENGUUSDT,2025-01-04 00:00:00,0.00028269
PENGUUSDT,2025-01-03 20:00:00,0.00005
PENGUUSDT,2025-01-03 16:00:00,0.00016665
PENGUUSDT,2025-01-03 12:00:00,0.00018423
PENGUUSDT,2025-01-03 08:00:00,0.00005
PENGUUSDT,2025-01-03 04:00:00,0.00005
PENGUUSDT,2025-01-03 00:00:00,0.00005
PENGUUSDT,2025-01-02 20:00:00,0.00005
PENGUUSDT,2025-01-02 16:00:00,0.0001409
PENGUUSDT,2025-01-02 12:00:00,0.00018403
PENGUUSDT,2025-01-02 08:00:00,0.0000705
PENGUUSDT,2025-01-02 04:00:00,0.00018821
PENGUUSDT,2025-01-02 00:00:00,0.00005
PENGUUSDT,2025-01-01 20:00:00,0.00005
PENGUUSDT,2025-01-01 16:00:00,0.00005
PENGUUSDT,2025-01-01 12:00:00,0.00005
PENGUUSDT,2025-01-01 08:00:00,0.00005
PENGUUSDT,2025-01-01 04:00:00,0.00005
PENGUUSDT,2025-01-01 00:00:00,0.00005
PENGUUSDT,2024-12-31 20:00:00,0.00005
PENGUUSDT,2024-12-31 16:00:00,0.00005
PENGUUSDT,2024-12-31 12:00:00,0.00005
PENGUUSDT,2024-12-31 08:00:00,0.00005
PENGUUSDT,2024-12-31 04:00:00,0.00005
PENGUUSDT,2024-12-31 00:00:00,0.00005
PENGUUSDT,2024-12-30 20:00:00,0.00005
PENGUUSDT,2024-12-30 16:00:00,0.00005
PENGUUSDT,2024-12-30 12:00:00,0.00005
PENGUUSDT,2024-12-30 08:00:00,0.00005
PENGUUSDT,2024-12-30 04:00:00,0.00005
PENGUUSDT,2024-12-30 00:00:00,0.00005
PENGUUSDT,2024-12-29 20:00:00,0.00005
PENGUUSDT,2024-12-29 16:00:00,0.00005
PENGUUSDT,2024-12-29 12:00:00,0.00005
PENGUUSDT,2024-12-29 08:00:00,0.00005
PENGUUSDT,2024-12-29 04:00:00,0.00005
PENGUUSDT,2024-12-29 00:00:00,0.00005
PENGUUSDT,2024-12-28 20:00:00,0.00005
PENGUUSDT,2024-12-28 16:00:00,0.00005
PENGUUSDT,2024-12-28 12:00:00,0.00005
PENGUUSDT,2024-12-28 08:00:00,0.00005
PENGUUSDT,2024-12-28 04:00:00,0.00005
PENGUUSDT,2024-12-28 00:00:00,0.00005
PENGUUSDT,2024-12-27 20:00:00,0.00005
PENGUUSDT,2024-12-27 16:00:00,0.00005
PENGUUSDT,2024-12-27 12:00:00,0.00005
PENGUUSDT,2024-12-27 08:00:00,0.00005
PENGUUSDT,2024-12-27 04:00:00,0.00005
PENGUUSDT,2024-12-27 00:00:00,0.00005
PENGUUSDT,2024-12-26 20:00:00,0.00005
PENGUUSDT,2024-12-26 16:00:00,0.00005
PENGUUSDT,2024-12-26 12:00:00,0.00005
PENGUUSDT,2024-12-26 08:00:00,0.00005
PENGUUSDT,2024-12-26 04:00:00,0.00005
PENGUUSDT,2024-12-26 00:00:00,0.00005
PENGUUSDT,2024-12-25 20:00:00,0.00005
PENGUUSDT,2024-12-25 16:00:00,0.00005
PENGUUSDT,2024-12-25 12:00:00,0.00005
PENGUUSDT,2024-12-25 08:00:00,0.00005
PENGUUSDT,2024-12-25 04:00:00,0.00005
PENGUUSDT,2024-12-25 00:00:00,0.00005
PENGUUSDT,2024-12-24 20:00:00,0.00005
PENGUUSDT,2024-12-24 16:00:00,0.00005
PENGUUSDT,2024-12-24 12:00:00,0.00005
PENGUUSDT,2024-12-24 08:00:00,0.00005
PENGUUSDT,2024-12-24 04:00:00,0.00005
PENGUUSDT,2024-12-24 00:00:00,0.00005
PENGUUSDT,2024-12-23 20:00:00,0.00005
PENGUUSDT,2024-12-23 16:00:00,0.00005
PENGUUSDT,2024-12-23 12:00:00,0.00005
PENGUUSDT,2024-12-23 08:00:00,0.00005
PENGUUSDT,2024-12-23 04:00:00,0.00005
PENGUUSDT,2024-12-23 00:00:00,0.00005
PENGUUSDT,2024-12-22 20:00:00,0.00005
PENGUUSDT,2024-12-22 16:00:00,0.00005
PENGUUSDT,2024-12-22 12:00:00,0.00005
PENGUUSDT,2024-12-22 08:00:00,0.00005
PENGUUSDT,2024-12-22 04:00:00,0.00005
PENGUUSDT,2024-12-22 00:00:00,0.00005
PENGUUSDT,2024-12-21 20:00:00,0.00005
PENGUUSDT,2024-12-21 16:00:00,0.00005
PENGUUSDT,2024-12-21 12:00:00,0.00005
PENGUUSDT,2024-12-21 08:00:00,0.00005
PENGUUSDT,2024-12-21 04:00:00,0.00005
PENGUUSDT,2024-12-21 00:00:00,0.00005
PENGUUSDT,2024-12-20 20:00:00,0.00005
PENGUUSDT,2024-12-20 16:00:00,0.00005
PENGUUSDT,2024-12-20 12:00:00,0.00005
PENGUUSDT,2024-12-20 08:00:00,0.00005
PENGUUSDT,2024-12-20 04:00:00,0.00005
PENGUUSDT,2024-12-20 00:00:00,0.00005
PENGUUSDT,2024-12-19 20:00:00,0.00005
PENGUUSDT,2024-12-19 16:00:00,0.00005
PENGUUSDT,2024-12-19 12:00:00,0.00005
PENGUUSDT,2024-12-19 08:00:00,0.00005
PENGUUSDT,2024-12-19 04:00:00,0.00005
PENGUUSDT,2024-12-19 00:00:00,0.00005
PENGUUSDT,2024-12-18 20:00:00,0.00005
PENGUUSDT,2024-12-18 16:00:00,0.00005
PENGUUSDT,2024-12-18 12:00:00,0.00005
PENGUUSDT,2024-12-18 08:00:00,0.00006088
PENGUUSDT,2024-12-18 04:00:00,0.00005
PENGUUSDT,2024-12-18 00:00:00,0.00030201
PENGUUSDT,2024-12-17 20:00:00,0.00005
PENGUUSDT,2024-12-17 16:00:00,-0.00495
PENGUUSDT,2024-12-17 12:00:00,0.00005
ALCHUSDT,2025-01-26 00:00:00,0.0001
ALCHUSDT,2025-01-25 16:00:00,0.0001
ALCHUSDT,2025-01-25 08:00:00,0.0001
ALCHUSDT,2025-01-25 00:00:00,0.0001
ALCHUSDT,2025-01-24 16:00:00,0.0001
ALCHUSDT,2025-01-24 08:00:00,0.0001
ALCHUSDT,2025-01-24 00:00:00,0.0001
ALCHUSDT,2025-01-23 16:00:00,0.0001
ALCHUSDT,2025-01-23 08:00:00,0.0001
ALCHUSDT,2025-01-23 00:00:00,0.0001
ALCHUSDT,2025-01-22 16:00:00,0.0001
ALCHUSDT,2025-01-22 08:00:00,0.0001
ALCHUSDT,2025-01-22 00:00:00,0.0001
ALCHUSDT,2025-01-21 16:00:00,0.0001
ALCHUSDT,2025-01-21 08:00:00,0.0001
ALCHUSDT,2025-01-21 00:00:00,0.0001
ALCHUSDT,2025-01-20 16:00:00,0.0001
ALCHUSDT,2025-01-20 08:00:00,0.0001
ALCHUSDT,2025-01-20 00:00:00,0.00012504
ALCHUSDT,2025-01-19 16:00:00,0.00025505
ALCHUSDT,2025-01-19 08:00:00,0.0001
ALCHUSDT,2025-01-19 00:00:00,0.0001
ALCHUSDT,2025-01-18 16:00:00,0.00021164
ALCHUSDT,2025-01-18 08:00:00,0.0001
ALCHUSDT,2025-01-18 00:00:00,0.0001
ALCHUSDT,2025-01-17 16:00:00,0.0001
ALCHUSDT,2025-01-17 08:00:00,0.0001
ALCHUSDT,2025-01-17 00:00:00,0.0001
ALCHUSDT,2025-01-16 16:00:00,0.0001
ALCHUSDT,2025-01-16 08:00:00,0.0001
ALCHUSDT,2025-01-16 00:00:00,0.0001
ALCHUSDT,2025-01-15 16:00:00,0.0001
ALCHUSDT,2025-01-15 08:00:00,0.0001
ALCHUSDT,2025-01-15 00:00:00,0.0001
ALCHUSDT,2025-01-14 16:00:00,0.0001
ALCHUSDT,2025-01-14 08:00:00,0.0001
ALCHUSDT,2025-01-14 00:00:00,0.0001
ALCHUSDT,2025-01-13 16:00:00,0.0001
ALCHUSDT,2025-01-13 08:00:00,0.0001
ALCHUSDT,2025-01-13 00:00:00,0.0001
ALCHUSDT,2025-01-12 16:00:00,0.0001
ALCHUSDT,2025-01-12 08:00:00,0.0001
ALCHUSDT,2025-01-12 00:00:00,0.0001
ALCHUSDT,2025-01-11 16:00:00,0.0001
ALCHUSDT,2025-01-11 08:00:00,0.0001
ALCHUSDT,2025-01-11 00:00:00,0.0001
ALCHUSDT,2025-01-10 16:00:00,0.0001
ALCHUSDT,2025-01-10 08:00:00,0.0001
ALCHUSDT,2025-01-10 00:00:00,0.0001
ALCHUSDT,2025-01-09 16:00:00,0.0001
ALCHUSDT,2025-01-09 08:00:00,0.0001
ALCHUSDT,2025-01-09 00:00:00,0.0001
ALCHUSDT,2025-01-08 16:00:00,0.0001
ALCHUSDT,2025-01-08 08:00:00,0.00011799
ALCHUSDT,2025-01-08 00:00:00,0.00024439
ALCHUSDT,2025-01-07 16:00:00,0.0001
ALCHUSDT,2025-01-07 08:00:00,0.0001
ALCHUSDT,2025-01-07 00:00:00,0.0001
FLOCKUSDT,2025-01-31 00:00:00,0.00005
FLOCKUSDT,2025-01-30 20:00:00,0.00005
FLOCKUSDT,2025-01-30 16:00:00,0.00005
FLOCKUSDT,2025-01-30 12:00:00,0.00005
FLOCKUSDT,2025-01-30 08:00:00,0.00005
FLOCKUSDT,2025-01-30 04:00:00,0.00005
FLOCKUSDT,2025-01-30 00:00:00,0.00005
FLOCKUSDT,2025-01-29 20:00:00,0.00005
FLOCKUSDT,2025-01-29 16:00:00,0.00005
FLOCKUSDT,2025-01-29 12:00:00,0.00005
FLOCKUSDT,2025-01-29 08:00:00,0.00005
FLOCKUSDT,2025-01-29 04:00:00,0.00005
FLOCKUSDT,2025-01-29 00:00:00,0.00005
FLOCKUSDT,2025-01-28 20:00:00,0.00005
FLOCKUSDT,2025-01-28 16:00:00,0.00005
FLOCKUSDT,2025-01-28 12:00:00,0.00005
FLOCKUSDT,2025-01-28 08:00:00,0.00005
FLOCKUSDT,2025-01-28 04:00:00,0.00005
FLOCKUSDT,2025-01-28 00:00:00,0.00005
FLOCKUSDT,2025-01-27 20:00:00,0.00005
FLOCKUSDT,2025-01-27 16:00:00,0.00005
FLOCKUSDT,2025-01-27 12:00:00,0.00005
FLOCKUSDT,2025-01-27 08:00:00,0.00005
FLOCKUSDT,2025-01-27 04:00:00,0.00005
FLOCKUSDT,2025-01-27 00:00:00,0.00005
FLOCKUSDT,2025-01-26 20:00:00,0.00005
FLOCKUSDT,2025-01-26 16:00:00,0.00005
FLOCKUSDT,2025-01-26 12:00:00,0.00005
FLOCKUSDT,2025-01-26 08:00:00,0.00005
FLOCKUSDT,2025-01-26 04:00:00,0.00005
FLOCKUSDT,2025-01-26 00:00:00,0.00005
FLOCKUSDT,2025-01-25 20:00:00,0.00005
FLOCKUSDT,2025-01-25 16:00:00,0.00005
FLOCKUSDT,2025-01-25 12:00:00,0.00000794
FLOCKUSDT,2025-01-25 08:00:00,-0.00079346
FLOCKUSDT,2025-01-25 04:00:00,-0.00024699
FLOCKUSDT,2025-01-25 00:00:00,-0.00010464
FLOCKUSDT,2025-01-24 20:00:00,-0.00117055
FLOCKUSDT,2025-01-24 16:00:00,0.00005
FLOCKUSDT,2025-01-24 12:00:00,-0.00003549
FLOCKUSDT,2025-01-24 08:00:00,0.00005
FLOCKUSDT,2025-01-24 04:00:00,0.00005
FLOCKUSDT,2025-01-24 00:00:00,0.00005
FLOCKUSDT,2025-01-23 20:00:00,0.00005
FLOCKUSDT,2025-01-23 16:00:00,-0.00163319
FLOCKUSDT,2025-01-23 12:00:00,-0.0006587
FLOCKUSDT,2025-01-23 08:00:00,-0.00503355
FLOCKUSDT,2025-01-23 04:00:00,-0.0075
FLOCKUSDT,2025-01-23 00:00:00,0.00005
FLOCKUSDT,2025-01-22 20:00:00,0.00005
FLOCKUSDT,2025-01-22 16:00:00,-0.00233257
FLOCKUSDT,2025-01-22 12:00:00,-0.00047599
FLOCKUSDT,2025-01-22 08:00:00,0.00005
FLOCKUSDT,2025-01-22 04:00:00,0.00005
FLOCKUSDT,2025-01-22 00:00:00,0.00005
FLOCKUSDT,2025-01-21 20:00:00,0.00005
FLOCKUSDT,2025-01-21 16:00:00,0.00005
FLOCKUSDT,2025-01-21 12:00:00,0.00005
FLOCKUSDT,2025-01-21 08:00:00,0.00005
FLOCKUSDT,2025-01-21 04:00:00,0.00005
FLOCKUSDT,2025-01-21 00:00:00,0.00005
FLOCKUSDT,2025-01-20 20:00:00,0.00005
FLOCKUSDT,2025-01-20 16:00:00,0.00005
FLOCKUSDT,2025-01-20 12:00:00,0.00005
FLOCKUSDT,2025-01-20 08:00:00,0.00005
FLOCKUSDT,2025-01-20 04:00:00,0.00005
FLOCKUSDT,2025-01-20 00:00:00,0.00005
FLOCKUSDT,2025-01-19 20:00:00,0.00005
FLOCKUSDT,2025-01-19 16:00:00,0.00005
FLOCKUSDT,2025-01-19 12:00:00,0.00005
FLOCKUSDT,2025-01-19 08:00:00,0.00005
FLOCKUSDT,2025-01-19 04:00:00,0.00005
FLOCKUSDT,2025-01-19 00:00:00,0.00005
FLOCKUSDT,2025-01-18 20:00:00,0.00005
FLOCKUSDT,2025-01-18 16:00:00,0.00005
FLOCKUSDT,2025-01-18 12:00:00,0.00005
FLOCKUSDT,2025-01-18 08:00:00,0.00005
FLOCKUSDT,2025-01-18 04:00:00,0.00005
FLOCKUSDT,2025-01-18 00:00:00,0.00005
FLOCKUSDT,2025-01-17 20:00:00,0.00005
FLOCKUSDT,2025-01-17 16:00:00,0.00005
FLOCKUSDT,2025-01-17 12:00:00,0.00005
FLOCKUSDT,2025-01-17 08:00:00,0.00005
FLOCKUSDT,2025-01-17 04:00:00,0.00005
FLOCKUSDT,2025-01-17 00:00:00,0.00005
FLOCKUSDT,2025-01-16 20:00:00,0.00005
FLOCKUSDT,2025-01-16 16:00:00,0.00005
FLOCKUSDT,2025-01-16 12:00:00,0.00005
FLOCKUSDT,2025-01-16 08:00:00,0.00032544
FLOCKUSDT,2025-01-16 04:00:00,0.00005
FLOCKUSDT,2025-01-16 00:00:00,0.00005
FLOCKUSDT,2025-01-15 20:00:00,0.00005
FLOCKUSDT,2025-01-15 16:00:00,0.00005
FLOCKUSDT,2025-01-15 12:00:00,0.00005
FLOCKUSDT,2025-01-15 08:00:00,0.00005
FLOCKUSDT,2025-01-15 04:00:00,0.00005
FLOCKUSDT,2025-01-15 00:00:00,0.00005
FLOCKUSDT,2025-01-14 20:00:00,0.00005
FLOCKUSDT,2025-01-14 16:00:00,0.00005
FLOCKUSDT,2025-01-14 12:00:00,0.00005
FLOCKUSDT,2025-01-14 08:00:00,0.00005
FLOCKUSDT,2025-01-14 04:00:00,0.00005
FLOCKUSDT,2025-01-14 00:00:00,0.00005
FLOCKUSDT,2025-01-13 20:00:00,0.00005
FLOCKUSDT,2025-01-13 16:00:00,0.00005
FLOCKUSDT,2025-01-13 12:00:00,0.00005
FLOCKUSDT,2025-01-13 08:00:00,0.00005
FLOCKUSDT,2025-01-13 04:00:00,-0.00007965
FLOCKUSDT,2025-01-13 00:00:00,0.00005
FLOCKUSDT,2025-01-12 20:00:00,0.00005
FLOCKUSDT,2025-01-12 16:00:00,0.00005
FLOCKUSDT,2025-01-12 12:00:00,0.00005
FLOCKUSDT,2025-01-12 08:00:00,0.00005
FLOCKUSDT,2025-01-12 04:00:00,0.00005
FLOCKUSDT,2025-01-12 00:00:00,0.00005
FLOCKUSDT,2025-01-11 20:00:00,0.00005
FLOCKUSDT,2025-01-11 16:00:00,-0.00003448
FLOCKUSDT,2025-01-11 12:00:00,-0.00028315
FLOCKUSDT,2025-01-11 08:00:00,-0.00011141
FLOCKUSDT,2025-01-11 04:00:00,0.00005
FLOCKUSDT,2025-01-11 00:00:00,0.00005
FLOCKUSDT,2025-01-10 20:00:00,0.00005
FLOCKUSDT,2025-01-10 16:00:00,0.00005
FLOCKUSDT,2025-01-10 12:00:00,0.00005
FLOCKUSDT,2025-01-10 08:00:00,-0.00056331
FLOCKUSDT,2025-01-10 04:00:00,0.00005
FLOCKUSDT,2025-01-10 00:00:00,-0.00046687
FLOCKUSDT,2025-01-09 20:00:00,-0.00182633
FLOCKUSDT,2025-01-09 16:00:00,-0.0014805
FLOCKUSDT,2025-01-09 12:00:00,0.00005
FLOCKUSDT,2025-01-09 08:00:00,0.00005
SONICUSDT,2025-02-07 00:00:00,0.00000996
SONICUSDT,2025-02-06 23:00:00,0.0000125
SONICUSDT,2025-02-06 22:00:00,0.0000125
SONICUSDT,2025-02-06 21:00:00,-0.00004608
SONICUSDT,2025-02-06 20:00:00,0.00000825
SONICUSDT,2025-02-06 19:00:00,-0.00000429
SONICUSDT,2025-02-06 18:00:00,0.0000125
SONICUSDT,2025-02-06 17:00:00,0.0000125
SONICUSDT,2025-02-06 16:00:00,0.0000125
SONICUSDT,2025-02-06 15:00:00,0.0000125
SONICUSDT,2025-02-06 14:00:00,0.0000125
SONICUSDT,2025-02-06 13:00:00,0.0000125
SONICUSDT,2025-02-06 12:00:00,-0.00013043
SONICUSDT,2025-02-06 11:00:00,-0.00009514
SONICUSDT,2025-02-06 10:00:00,0.00000679
SONICUSDT,2025-02-06 09:00:00,0.0000125
SONICUSDT,2025-02-06 08:00:00,0.0000125
SONICUSDT,2025-02-06 07:00:00,0.0000125
SONICUSDT,2025-02-06 06:00:00,0.0000125
SONICUSDT,2025-02-06 05:00:00,0.0000125
SONICUSDT,2025-02-06 04:00:00,0.0000125
SONICUSDT,2025-02-06 03:00:00,0.0000125
SONICUSDT,2025-02-06 02:00:00,0.0000125
SONICUSDT,2025-02-06 01:00:00,0.0000125
SONICUSDT,2025-02-06 00:00:00,0.0000125
SONICUSDT,2025-02-05 23:00:00,0.0000125
SONICUSDT,2025-02-05 22:00:00,0.0000125
SONICUSDT,2025-02-05 21:00:00,0.0000125
SONICUSDT,2025-02-05 20:00:00,0.0000125
SONICUSDT,2025-02-05 19:00:00,0.0000125
SONICUSDT,2025-02-05 18:00:00,0.0000125
SONICUSDT,2025-02-05 17:00:00,0.0000125
SONICUSDT,2025-02-05 16:00:00,0.0000125
SONICUSDT,2025-02-05 15:00:00,0.0000125
SONICUSDT,2025-02-05 14:00:00,0.0000125
SONICUSDT,2025-02-05 13:00:00,0.0000125
SONICUSDT,2025-02-05 12:00:00,0.0000125
SONICUSDT,2025-02-05 11:00:00,0.0000125
SONICUSDT,2025-02-05 10:00:00,0.0000119
SONICUSDT,2025-02-05 09:00:00,0.0000125
SONICUSDT,2025-02-05 08:00:00,0.0000125
SONICUSDT,2025-02-05 07:00:00,0.0000125
SONICUSDT,2025-02-05 06:00:00,0.0000125
SONICUSDT,2025-02-05 05:00:00,-0.00002872
SONICUSDT,2025-02-05 04:00:00,-0.00001221
SONICUSDT,2025-02-05 03:00:00,0.0000125
SONICUSDT,2025-02-05 02:00:00,-0.00008729
SONICUSDT,2025-02-05 01:00:00,0.0000125
SONICUSDT,2025-02-05 00:00:00,0.0000125
SONICUSDT,2025-02-04 23:00:00,0.0000125
SONICUSDT,2025-02-04 22:00:00,0.00000567
SONICUSDT,2025-02-04 21:00:00,-0.00007677
SONICUSDT,2025-02-04 20:00:00,0.0000125
SONICUSDT,2025-02-04 19:00:00,0.0000125
SONICUSDT,2025-02-04 18:00:00,-0.00007816
SONICUSDT,2025-02-04 17:00:00,-0.00001254
SONICUSDT,2025-02-04 16:00:00,0.0000125
SONICUSDT,2025-02-04 15:00:00,0.0000125
SONICUSDT,2025-02-04 14:00:00,-0.00005505
SONICUSDT,2025-02-04 13:00:00,0.0000125
SONICUSDT,2025-02-04 12:00:00,-0.00000363
SONICUSDT,2025-02-04 11:00:00,-0.00003447
SONICUSDT,2025-02-04 10:00:00,-0.00012395
SONICUSDT,2025-02-04 09:00:00,-0.00000082
SONICUSDT,2025-02-04 08:00:00,0.0000125
SONICUSDT,2025-02-04 07:00:00,-0.00009257
SONICUSDT,2025-02-04 06:00:00,0.0000125
SONICUSDT,2025-02-04 05:00:00,0.0000125
SONICUSDT,2025-02-04 04:00:00,0.0000125
SONICUSDT,2025-02-04 03:00:00,0.0000125
SONICUSDT,2025-02-04 02:00:00,0.0000125
SONICUSDT,2025-02-04 01:00:00,0.0000125
SONICUSDT,2025-02-04 00:00:00,0.0000125
SONICUSDT,2025-02-03 23:00:00,0.0000125
SONICUSDT,2025-02-03 22:00:00,0.0000125
SONICUSDT,2025-02-03 21:00:00,0.0000125
SONICUSDT,2025-02-03 20:00:00,0.0000125
SONICUSDT,2025-02-03 19:00:00,0.0000125
SONICUSDT,2025-02-03 18:00:00,0.0000125
SONICUSDT,2025-02-03 17:00:00,0.0000125
SONICUSDT,2025-02-03 16:00:00,0.0000125
SONICUSDT,2025-02-03 15:00:00,0.0000125
SONICUSDT,2025-02-03 14:00:00,0.0000125
SONICUSDT,2025-02-03 13:00:00,-0.00000298
SONICUSDT,2025-02-03 12:00:00,0.0000125
SONICUSDT,2025-02-03 11:00:00,0.0000125
SONICUSDT,2025-02-03 10:00:00,-0.00004856
SONICUSDT,2025-02-03 09:00:00,0.0000125
SONICUSDT,2025-02-03 08:00:00,0.0000125
SONICUSDT,2025-02-03 07:00:00,0.0000125
SONICUSDT,2025-02-03 06:00:00,0.0000125
SONICUSDT,2025-02-03 05:00:00,0.0000125
SONICUSDT,2025-02-03 04:00:00,0.0000125
SONICUSDT,2025-02-03 03:00:00,0.0000125
SONICUSDT,2025-02-03 02:00:00,-0.00006714
SONICUSDT,2025-02-03 01:00:00,0.0000125
SONICUSDT,2025-02-03 00:00:00,-0.00000572
SONICUSDT,2025-02-02 23:00:00,0.0000125
SONICUSDT,2025-02-02 22:00:00,0.0000125
SONICUSDT,2025-02-02 21:00:00,0.0000125
SONICUSDT,2025-02-02 20:00:00,0.0000125
SONICUSDT,2025-02-02 19:00:00,0.0000125
SONICUSDT,2025-02-02 18:00:00,0.0000125
SONICUSDT,2025-02-02 17:00:00,0.0000125
SONICUSDT,2025-02-02 16:00:00,0.0000125
SONICUSDT,2025-02-02 15:00:00,0.0000125
SONICUSDT,2025-02-02 14:00:00,0.0000125
SONICUSDT,2025-02-02 13:00:00,0.0000125
SONICUSDT,2025-02-02 12:00:00,0.0000125
SONICUSDT,2025-02-02 11:00:00,0.0000125
SONICUSDT,2025-02-02 10:00:00,0.0000125
SONICUSDT,2025-02-02 09:00:00,0.0000125
SONICUSDT,2025-02-02 08:00:00,0.0000125
SONICUSDT,2025-02-02 07:00:00,0.0000125
SONICUSDT,2025-02-02 06:00:00,0.0000125
SONICUSDT,2025-02-02 05:00:00,0.0000125
SONICUSDT,2025-02-02 04:00:00,0.0000125
SONICUSDT,2025-02-02 03:00:00,0.0000125
SONICUSDT,2025-02-02 02:00:00,0.0000125
SONICUSDT,2025-02-02 01:00:00,0.0000125
SONICUSDT,2025-02-02 00:00:00,0.0000125
SONICUSDT,2025-02-01 23:00:00,-0.00005472
SONICUSDT,2025-02-01 22:00:00,-0.00000724
SONICUSDT,2025-02-01 21:00:00,0.0000125
SONICUSDT,2025-02-01 20:00:00,0.0000125
SONICUSDT,2025-02-01 19:00:00,0.0000125
SONICUSDT,2025-02-01 18:00:00,0.0000125
SONICUSDT,2025-02-01 17:00:00,0.0000125
SONICUSDT,2025-02-01 16:00:00,0.0000125
SONICUSDT,2025-02-01 15:00:00,0.0000125
SONICUSDT,2025-02-01 14:00:00,0.0000125
SONICUSDT,2025-02-01 13:00:00,0.0000125
SONICUSDT,2025-02-01 12:00:00,0.0000125
SONICUSDT,2025-02-01 11:00:00,0.0000125
SONICUSDT,2025-02-01 10:00:00,0.0000125
SONICUSDT,2025-02-01 09:00:00,0.0000125
SONICUSDT,2025-02-01 08:00:00,0.0000125
SONICUSDT,2025-02-01 07:00:00,-0.00001771
SONICUSDT,2025-02-01 06:00:00,0.0000125
SONICUSDT,2025-02-01 05:00:00,0.0000125
SONICUSDT,2025-02-01 04:00:00,0.0000125
SONICUSDT,2025-02-01 03:00:00,0.0000125
SONICUSDT,2025-02-01 02:00:00,0.0000125
SONICUSDT,2025-02-01 01:00:00,0.0000125
SONICUSDT,2025-02-01 00:00:00,0.0000125
SONICUSDT,2025-01-31 23:00:00,0.0000125
SONICUSDT,2025-01-31 22:00:00,0.0000125
SONICUSDT,2025-01-31 21:00:00,0.0000125
SONICUSDT,2025-01-31 20:00:00,0.0000125
SONICUSDT,2025-01-31 19:00:00,0.0000125
SONICUSDT,2025-01-31 18:00:00,0.0000125
SONICUSDT,2025-01-31 17:00:00,0.0000125
SONICUSDT,2025-01-31 16:00:00,0.0000125
SONICUSDT,2025-01-31 15:00:00,0.0000125
SONICUSDT,2025-01-31 14:00:00,0.0000125
SONICUSDT,2025-01-31 13:00:00,0.0000125
SONICUSDT,2025-01-31 12:00:00,0.0000125
SONICUSDT,2025-01-31 11:00:00,0.0000125
SONICUSDT,2025-01-31 10:00:00,0.0000125
SONICUSDT,2025-01-31 09:00:00,0.0000125
SONICUSDT,2025-01-31 08:00:00,0.0000125
SONICUSDT,2025-01-31 07:00:00,0.0000125
SONICUSDT,2025-01-31 06:00:00,0.0000125
SONICUSDT,2025-01-31 05:00:00,0.0000125
SONICUSDT,2025-01-31 04:00:00,0.0000125
SONICUSDT,2025-01-31 03:00:00,0.0000125
SONICUSDT,2025-01-31 02:00:00,0.0000125
SONICUSDT,2025-01-31 01:00:00,0.0000125
SONICUSDT,2025-01-31 00:00:00,0.0000125
SONICUSDT,2025-01-30 23:00:00,0.0000125
SONICUSDT,2025-01-30 22:00:00,0.0000125
SONICUSDT,2025-01-30 21:00:00,0.0000125
SONICUSDT,2025-01-30 20:00:00,0.0000125
SONICUSDT,2025-01-30 19:00:00,0.0000125
SONICUSDT,2025-01-30 18:00:00,0.0000125
SONICUSDT,2025-01-30 17:00:00,0.0000125
SONICUSDT,2025-01-30 16:00:00,0.0000125
SONICUSDT,2025-01-30 15:00:00,0.0000125
SONICUSDT,2025-01-30 14:00:00,0.0000125
SONICUSDT,2025-01-30 13:00:00,0.0000125
SONICUSDT,2025-01-30 12:00:00,0.0000125
SONICUSDT,2025-01-30 11:00:00,0.0000125
SONICUSDT,2025-01-30 10:00:00,0.0000125
SONICUSDT,2025-01-30 09:00:00,0.0000125
SONICUSDT,2025-01-30 08:00:00,0.0000125
SONICUSDT,2025-01-30 07:00:00,0.0000125
SONICUSDT,2025-01-30 06:00:00,0.0000125
SONICUSDT,2025-01-30 05:00:00,0.0000125
SONICUSDT,2025-01-30 04:00:00,0.0000125
SONICUSDT,2025-01-30 03:00:00,0.0000125
SONICUSDT,2025-01-30 02:00:00,0.0000125
SONICUSDT,2025-01-30 01:00:00,0.0000125
SONICUSDT,2025-01-30 00:00:00,0.0000125
SONICUSDT,2025-01-29 23:00:00,0.0000125
SONICUSDT,2025-01-29 22:00:00,0.0000125
SONICUSDT,2025-01-29 21:00:00,0.0000125
SONICUSDT,2025-01-29 20:00:00,0.0000125
SONICUSDT,2025-01-29 19:00:00,0.0000125
SONICUSDT,2025-01-29 18:00:00,0.0000125
SONICUSDT,2025-01-29 17:00:00,0.0000125
AIXBTUSDT,2025-02-10 00:00:00,-0.00012798
AIXBTUSDT,2025-02-09 20:00:00,-0.00004288
AIXBTUSDT,2025-02-09 16:00:00,-0.00015246
AIXBTUSDT,2025-02-09 12:00:00,0.00005
AIXBTUSDT,2025-02-09 08:00:00,0.00005
AIXBTUSDT,2025-02-09 04:00:00,0.00005
AIXBTUSDT,2025-02-09 00:00:00,0.00005
AIXBTUSDT,2025-02-08 20:00:00,0.00005
AIXBTUSDT,2025-02-08 16:00:00,0.00002767
AIXBTUSDT,2025-02-08 12:00:00,-0.00008071
AIXBTUSDT,2025-02-08 08:00:00,0.00005
AIXBTUSDT,2025-02-08 04:00:00,0.00005
AIXBTUSDT,2025-02-08 00:00:00,0.00005
AIXBTUSDT,2025-02-07 20:00:00,0.00005
AIXBTUSDT,2025-02-07 16:00:00,0.00005
AIXBTUSDT,2025-02-07 12:00:00,0.00005
AIXBTUSDT,2025-02-07 08:00:00,0.00005
AIXBTUSDT,2025-02-07 04:00:00,0.00005
AIXBTUSDT,2025-02-07 00:00:00,0.00005
AIXBTUSDT,2025-02-06 20:00:00,0.00005
AIXBTUSDT,2025-02-06 16:00:00,0.00005
AIXBTUSDT,2025-02-06 12:00:00,0.00005
AIXBTUSDT,2025-02-06 08:00:00,0.00005
AIXBTUSDT,2025-02-06 04:00:00,0.00005
AIXBTUSDT,2025-02-06 00:00:00,0.00005
AIXBTUSDT,2025-02-05 20:00:00,0.00005
AIXBTUSDT,2025-02-05 16:00:00,0.00005
AIXBTUSDT,2025-02-05 12:00:00,0.00005
AIXBTUSDT,2025-02-05 08:00:00,0.00005
AIXBTUSDT,2025-02-05 04:00:00,0.00005
AIXBTUSDT,2025-02-05 00:00:00,0.00005
AIXBTUSDT,2025-02-04 20:00:00,0.00005
AIXBTUSDT,2025-02-04 16:00:00,0.00005
AIXBTUSDT,2025-02-04 12:00:00,0.00002065
AIXBTUSDT,2025-02-04 08:00:00,0.00005
AIXBTUSDT,2025-02-04 04:00:00,0.00005
AIXBTUSDT,2025-02-04 00:00:00,0.00005
AIXBTUSDT,2025-02-03 20:00:00,0.00005
AIXBTUSDT,2025-02-03 16:00:00,0.00005
AIXBTUSDT,2025-02-03 12:00:00,0.00005
AIXBTUSDT,2025-02-03 08:00:00,0.00005
AIXBTUSDT,2025-02-03 04:00:00,0.00005
AIXBTUSDT,2025-02-03 00:00:00,0.00005
AIXBTUSDT,2025-02-02 20:00:00,0.00005
AIXBTUSDT,2025-02-02 16:00:00,0.00005
AIXBTUSDT,2025-02-02 12:00:00,0.00005
AIXBTUSDT,2025-02-02 08:00:00,0.00005
AIXBTUSDT,2025-02-02 04:00:00,0.00005
AIXBTUSDT,2025-02-02 00:00:00,0.00005
AIXBTUSDT,2025-02-01 20:00:00,0.00005
AIXBTUSDT,2025-02-01 16:00:00,0.00005
AIXBTUSDT,2025-02-01 12:00:00,0.00005
AIXBTUSDT,2025-02-01 08:00:00,0.00005
AIXBTUSDT,2025-02-01 04:00:00,0.00005
AIXBTUSDT,2025-02-01 00:00:00,0.00005
AIXBTUSDT,2025-01-31 20:00:00,0.00005
AIXBTUSDT,2025-01-31 16:00:00,0.00005
AIXBTUSDT,2025-01-31 12:00:00,0.00005
AIXBTUSDT,2025-01-31 08:00:00,0.00005
AIXBTUSDT,2025-01-31 04:00:00,0.00005
AIXBTUSDT,2025-01-31 00:00:00,0.00005
AIXBTUSDT,2025-01-30 20:00:00,0.00005
AIXBTUSDT,2025-01-30 16:00:00,0.00005
AIXBTUSDT,2025-01-30 12:00:00,0.00005
AIXBTUSDT,2025-01-30 08:00:00,0.00005
AIXBTUSDT,2025-01-30 04:00:00,0.00005
AIXBTUSDT,2025-01-30 00:00:00,0.00005
AIXBTUSDT,2025-01-29 20:00:00,0.00005
AIXBTUSDT,2025-01-29 16:00:00,0.00005
AIXBTUSDT,2025-01-29 12:00:00,0.00005
AIXBTUSDT,2025-01-29 08:00:00,0.00005
AIXBTUSDT,2025-01-29 04:00:00,0.00005
AIXBTUSDT,2025-01-29 00:00:00,0.00005
AIXBTUSDT,2025-01-28 20:00:00,0.00005
AIXBTUSDT,2025-01-28 16:00:00,0.00005
AIXBTUSDT,2025-01-28 12:00:00,0.00005
AIXBTUSDT,2025-01-28 08:00:00,0.00005
AIXBTUSDT,2025-01-28 04:00:00,0.00005
AIXBTUSDT,2025-01-28 00:00:00,0.00005
AIXBTUSDT,2025-01-27 20:00:00,0.00005
AIXBTUSDT,2025-01-27 16:00:00,0.00005
AIXBTUSDT,2025-01-27 12:00:00,0.00005
AIXBTUSDT,2025-01-27 08:00:00,0.00005
AIXBTUSDT,2025-01-27 04:00:00,0.00005
AIXBTUSDT,2025-01-27 00:00:00,0.00005
AIXBTUSDT,2025-01-26 20:00:00,0.00005
AIXBTUSDT,2025-01-26 16:00:00,0.00005
AIXBTUSDT,2025-01-26 12:00:00,0.00005
AIXBTUSDT,2025-01-26 08:00:00,0.00005
AIXBTUSDT,2025-01-26 04:00:00,0.00005
AIXBTUSDT,2025-01-26 00:00:00,0.00005
AIXBTUSDT,2025-01-25 20:00:00,0.00005
AIXBTUSDT,2025-01-25 16:00:00,0.00005
AIXBTUSDT,2025-01-25 12:00:00,0.00005
AIXBTUSDT,2025-01-25 08:00:00,0.00005
AIXBTUSDT,2025-01-25 04:00:00,0.00005
AIXBTUSDT,2025-01-25 00:00:00,0.00005
AIXBTUSDT,2025-01-24 20:00:00,0.00005
AIXBTUSDT,2025-01-24 16:00:00,0.00005
AIXBTUSDT,2025-01-24 12:00:00,0.00005
AIXBTUSDT,2025-01-24 08:00:00,0.00005
AIXBTUSDT,2025-01-24 04:00:00,0.00005
AIXBTUSDT,2025-01-24 00:00:00,0.00005
AIXBTUSDT,2025-01-23 20:00:00,0.00005
AIXBTUSDT,2025-01-23 16:00:00,0.00005
AIXBTUSDT,2025-01-23 12:00:00,0.00005
AIXBTUSDT,2025-01-23 08:00:00,0.00005
AIXBTUSDT,2025-01-23 04:00:00,0.00005
AIXBTUSDT,2025-01-23 00:00:00,0.00005
AIXBTUSDT,2025-01-22 20:00:00,0.00005
AIXBTUSDT,2025-01-22 16:00:00,0.00005
AIXBTUSDT,2025-01-22 12:00:00,0.00005
AIXBTUSDT,2025-01-22 08:00:00,0.00005
AIXBTUSDT,2025-01-22 04:00:00,0.00005
AIXBTUSDT,2025-01-22 00:00:00,0.00005
AIXBTUSDT,2025-01-21 20:00:00,0.00005
AIXBTUSDT,2025-01-21 16:00:00,0.00005
AIXBTUSDT,2025-01-21 12:00:00,0.00005
AIXBTUSDT,2025-01-21 08:00:00,0.00005
AIXBTUSDT,2025-01-21 04:00:00,0.00005
AIXBTUSDT,2025-01-21 00:00:00,0.00005
AIXBTUSDT,2025-01-20 20:00:00,0.00005
AIXBTUSDT,2025-01-20 16:00:00,0.00005
AIXBTUSDT,2025-01-20 12:00:00,0.00005
AIXBTUSDT,2025-01-20 08:00:00,0.00005
AIXBTUSDT,2025-01-20 04:00:00,0.00005
AIXBTUSDT,2025-01-20 00:00:00,0.00005
AIXBTUSDT,2025-01-19 20:00:00,0.00005
AIXBTUSDT,2025-01-19 16:00:00,0.00005
AIXBTUSDT,2025-01-19 12:00:00,0.00005
AIXBTUSDT,2025-01-19 08:00:00,0.00005
AIXBTUSDT,2025-01-19 04:00:00,0.00005
AIXBTUSDT,2025-01-19 00:00:00,0.00005
AIXBTUSDT,2025-01-18 20:00:00,0.00005
AIXBTUSDT,2025-01-18 16:00:00,0.00005
AIXBTUSDT,2025-01-18 12:00:00,0.00005
AIXBTUSDT,2025-01-18 08:00:00,0.00005
AIXBTUSDT,2025-01-18 04:00:00,0.00005
AIXBTUSDT,2025-01-18 00:00:00,0.00005
AIXBTUSDT,2025-01-17 20:00:00,0.00005
AIXBTUSDT,2025-01-17 16:00:00,0.00005
AIXBTUSDT,2025-01-17 12:00:00,0.00005
AIXBTUSDT,2025-01-17 08:00:00,0.00005
AIXBTUSDT,2025-01-17 04:00:00,0.00005
AIXBTUSDT,2025-01-17 00:00:00,0.00005
AIXBTUSDT,2025-01-16 20:00:00,0.00005
AIXBTUSDT,2025-01-16 16:00:00,0.00005
AIXBTUSDT,2025-01-16 12:00:00,0.00005
AIXBTUSDT,2025-01-16 08:00:00,0.00005
AIXBTUSDT,2025-01-16 04:00:00,0.00005
AIXBTUSDT,2025-01-16 00:00:00,0.00005
AIXBTUSDT,2025-01-15 20:00:00,0.00005
AIXBTUSDT,2025-01-15 16:00:00,0.00005
AIXBTUSDT,2025-01-15 12:00:00,0.00005
AIXBTUSDT,2025-01-15 08:00:00,0.0001
AIXBTUSDT,2025-01-15 00:00:00,0.0001
AIXBTUSDT,2025-01-14 16:00:00,0.0001
AIXBTUSDT,2025-01-14 08:00:00,0.0001
AIXBTUSDT,2025-01-14 00:00:00,0.0001
AIXBTUSDT,2025-01-13 16:00:00,0.0001
AIXBTUSDT,2025-01-13 08:00:00,0.0001
AIXBTUSDT,2025-01-13 00:00:00,0.0001
AIXBTUSDT,2025-01-12 16:00:00,0.0001
AIXBTUSDT,2025-01-12 08:00:00,0.0001
AIXBTUSDT,2025-01-12 00:00:00,0.0001
AIXBTUSDT,2025-01-11 16:00:00,0.0001
AIXBTUSDT,2025-01-11 08:00:00,0.0001
AIXBTUSDT,2025-01-11 00:00:00,0.0001
AIXBTUSDT,2025-01-10 16:00:00,0.0001
AIXBTUSDT,2025-01-10 08:00:00,0.0001
AIXBTUSDT,2025-01-10 00:00:00,0.0001
SUSDT,2025-02-15 00:00:00,0.0001
SUSDT,2025-02-14 16:00:00,0.0001
SUSDT,2025-02-14 08:00:00,0.0001
SUSDT,2025-02-14 00:00:00,0.0001
SUSDT,2025-02-13 16:00:00,-0.00018402
SUSDT,2025-02-13 08:00:00,0.0001
SUSDT,2025-02-13 00:00:00,0.0001
SUSDT,2025-02-12 16:00:00,0.0001
SUSDT,2025-02-12 08:00:00,0.0001
SUSDT,2025-02-12 00:00:00,0.0001
SUSDT,2025-02-11 16:00:00,0.0001
SUSDT,2025-02-11 08:00:00,0.0001
SUSDT,2025-02-11 00:00:00,0.0001
SUSDT,2025-02-10 16:00:00,0.0001
SUSDT,2025-02-10 08:00:00,0.00002433
SUSDT,2025-02-10 00:00:00,0.00007396
SUSDT,2025-02-09 16:00:00,0.0001
SUSDT,2025-02-09 08:00:00,-0.000093
SUSDT,2025-02-09 00:00:00,0.00007455
SUSDT,2025-02-08 16:00:00,0.0001
SUSDT,2025-02-08 08:00:00,0.0001
SUSDT,2025-02-08 00:00:00,-0.00043989
SUSDT,2025-02-07 16:00:00,0.0001
SUSDT,2025-02-07 08:00:00,-0.0000589
SUSDT,2025-02-07 00:00:00,0.00004904
SUSDT,2025-02-06 16:00:00,-0.00015713
SUSDT,2025-02-06 08:00:00,0.00000082
SUSDT,2025-02-06 00:00:00,0.00004413
SUSDT,2025-02-05 16:00:00,0.0001
SUSDT,2025-02-05 08:00:00,-0.0000828
SUSDT,2025-02-05 00:00:00,0.00001142
SUSDT,2025-02-04 16:00:00,-0.00001789
SUSDT,2025-02-04 08:00:00,0.0001
SUSDT,2025-02-04 00:00:00,0.0001
SUSDT,2025-02-03 16:00:00,-0.00006195
SUSDT,2025-02-03 08:00:00,-0.00027085
SUSDT,2025-02-03 00:00:00,0.0001
SUSDT,2025-02-02 16:00:00,0.0001
SUSDT,2025-02-02 08:00:00,0.0001
SUSDT,2025-02-02 00:00:00,0.0001
SUSDT,2025-02-01 16:00:00,0.0001
SUSDT,2025-02-01 08:00:00,0.0001
SUSDT,2025-02-01 00:00:00,0.0001
SUSDT,2025-01-31 16:00:00,0.0001
SUSDT,2025-01-31 08:00:00,0.0001
SUSDT,2025-01-31 00:00:00,0.0001
SUSDT,2025-01-30 16:00:00,0.0001
SUSDT,2025-01-30 08:00:00,0.0001
SUSDT,2025-01-30 00:00:00,0.0001
SUSDT,2025-01-29 16:00:00,0.0001
SUSDT,2025-01-29 08:00:00,0.0001
SUSDT,2025-01-29 00:00:00,0.0001
SUSDT,2025-01-28 16:00:00,0.0001
SUSDT,2025-01-28 08:00:00,0.0001
SUSDT,2025-01-28 00:00:00,0.0001
SUSDT,2025-01-27 16:00:00,0.0001
SUSDT,2025-01-27 08:00:00,0.0001
SUSDT,2025-01-27 00:00:00,0.0001
SUSDT,2025-01-26 16:00:00,0.0001
SUSDT,2025-01-26 08:00:00,0.0001
SUSDT,2025-01-26 00:00:00,0.0001
SUSDT,2025-01-25 16:00:00,0.0001
SUSDT,2025-01-25 08:00:00,0.0001
SUSDT,2025-01-25 00:00:00,0.0001
SUSDT,2025-01-24 16:00:00,0.0001
SUSDT,2025-01-24 08:00:00,0.0001
SUSDT,2025-01-24 00:00:00,0.0001
SUSDT,2025-01-23 16:00:00,0.0001
SUSDT,2025-01-23 08:00:00,0.0001
SUSDT,2025-01-23 00:00:00,0.0001
SUSDT,2025-01-22 16:00:00,0.0001
SUSDT,2025-01-22 08:00:00,0.0001
SUSDT,2025-01-22 00:00:00,0.0001
SUSDT,2025-01-21 16:00:00,0.0001
SUSDT,2025-01-21 08:00:00,0.0001
SUSDT,2025-01-21 00:00:00,0.0001
SUSDT,2025-01-20 16:00:00,0.0001
SUSDT,2025-01-20 08:00:00,0.0001
SUSDT,2025-01-20 00:00:00,0.00010393
SUSDT,2025-01-19 16:00:00,0.0001
SUSDT,2025-01-19 08:00:00,0.0001
SUSDT,2025-01-19 00:00:00,0.0001
SUSDT,2025-01-18 16:00:00,0.0001
SUSDT,2025-01-18 08:00:00,0.0001
SUSDT,2025-01-18 00:00:00,0.0001
SUSDT,2025-01-17 16:00:00,0.0001
SUSDT,2025-01-17 08:00:00,0.0001
SUSDT,2025-01-17 00:00:00,0.0001
SUSDT,2025-01-16 16:00:00,0.0001
SUSDT,2025-01-16 08:00:00,0.0001
SUSDT,2025-01-16 00:00:00,0.00020511
SUSDT,2025-01-15 16:00:00,0.00068269
SUSDT,2025-01-15 08:00:00,0.0001
BMTUSDT,2025-04-11 00:00:00,0.00005
BMTUSDT,2025-04-10 20:00:00,0.00005
BMTUSDT,2025-04-10 16:00:00,0.00001936
BMTUSDT,2025-04-10 12:00:00,0.00005
BMTUSDT,2025-04-10 08:00:00,0.00005
BMTUSDT,2025-04-10 04:00:00,0.00005
BMTUSDT,2025-04-10 00:00:00,0.00005
BMTUSDT,2025-04-09 20:00:00,0.00005
BMTUSDT,2025-04-09 16:00:00,0.00005
BMTUSDT,2025-04-09 12:00:00,0.00005
BMTUSDT,2025-04-09 08:00:00,0.00005
BMTUSDT,2025-04-09 04:00:00,0.00005
BMTUSDT,2025-04-09 00:00:00,0.00005
BMTUSDT,2025-04-08 20:00:00,0.00005
BMTUSDT,2025-04-08 16:00:00,0.00005
BMTUSDT,2025-04-08 12:00:00,-0.00011773
BMTUSDT,2025-04-08 08:00:00,0.00005
BMTUSDT,2025-04-08 04:00:00,0.00005
BMTUSDT,2025-04-08 00:00:00,0.00005
BMTUSDT,2025-04-07 20:00:00,0.00005
BMTUSDT,2025-04-07 16:00:00,0.00005
BMTUSDT,2025-04-07 12:00:00,0.00005
BMTUSDT,2025-04-07 08:00:00,0.00005
BMTUSDT,2025-04-07 04:00:00,0.00005
BMTUSDT,2025-04-07 00:00:00,0.00005
BMTUSDT,2025-04-06 20:00:00,0.00005
BMTUSDT,2025-04-06 16:00:00,-0.00021108
BMTUSDT,2025-04-06 12:00:00,-0.00127309
BMTUSDT,2025-04-06 08:00:00,-0.00006523
BMTUSDT,2025-04-06 04:00:00,0.00005
BMTUSDT,2025-04-06 00:00:00,0.00005
BMTUSDT,2025-04-05 20:00:00,-0.00048065
BMTUSDT,2025-04-05 16:00:00,0.00003815
BMTUSDT,2025-04-05 12:00:00,0.00005
BMTUSDT,2025-04-05 08:00:00,-0.00006519
BMTUSDT,2025-04-05 04:00:00,0.00002764
BMTUSDT,2025-04-05 00:00:00,0.00005
BMTUSDT,2025-04-04 20:00:00,-0.00000973
BMTUSDT,2025-04-04 16:00:00,0.00005
BMTUSDT,2025-04-04 12:00:00,-0.00002787
BMTUSDT,2025-04-04 08:00:00,-0.00018562
BMTUSDT,2025-04-04 04:00:00,0.00005
BMTUSDT,2025-04-04 00:00:00,0.00005
BMTUSDT,2025-04-03 20:00:00,0.00005
BMTUSDT,2025-04-03 16:00:00,0.00005
BMTUSDT,2025-04-03 12:00:00,0.00005
BMTUSDT,2025-04-03 08:00:00,0.00005
BMTUSDT,2025-04-03 04:00:00,0.00005
BMTUSDT,2025-04-03 00:00:00,0.00005
BMTUSDT,2025-04-02 20:00:00,0.00005
BMTUSDT,2025-04-02 16:00:00,0.00005
BMTUSDT,2025-04-02 12:00:00,0.00005
BMTUSDT,2025-04-02 08:00:00,-0.00001699
BMTUSDT,2025-04-02 04:00:00,-0.00001074
BMTUSDT,2025-04-02 00:00:00,0.00005
BMTUSDT,2025-04-01 20:00:00,0.00005
BMTUSDT,2025-04-01 16:00:00,0.00005
BMTUSDT,2025-04-01 12:00:00,-0.00027014
BMTUSDT,2025-04-01 08:00:00,-0.00016169
BMTUSDT,2025-04-01 04:00:00,0.00005
BMTUSDT,2025-04-01 00:00:00,-0.00026392
BMTUSDT,2025-03-31 20:00:00,0.00005
BMTUSDT,2025-03-31 16:00:00,-0.00008882
BMTUSDT,2025-03-31 12:00:00,-0.0000189
BMTUSDT,2025-03-31 08:00:00,0.00005
BMTUSDT,2025-03-31 04:00:00,0.00000199
BMTUSDT,2025-03-31 00:00:00,0.00005
BMTUSDT,2025-03-30 20:00:00,0.00005
BMTUSDT,2025-03-30 16:00:00,-0.00012643
BMTUSDT,2025-03-30 12:00:00,-0.0003158
BMTUSDT,2025-03-30 08:00:00,0.00005
BMTUSDT,2025-03-30 04:00:00,0.00005
BMTUSDT,2025-03-30 00:00:00,0.00005
BMTUSDT,2025-03-29 20:00:00,0.00005
BMTUSDT,2025-03-29 16:00:00,0.00005
BMTUSDT,2025-03-29 12:00:00,0.00005
BMTUSDT,2025-03-29 08:00:00,-0.0000033
BMTUSDT,2025-03-29 04:00:00,-0.00029693
BMTUSDT,2025-03-29 00:00:00,-0.00029162
BMTUSDT,2025-03-28 20:00:00,-0.00022889
BMTUSDT,2025-03-28 16:00:00,-0.00015879
BMTUSDT,2025-03-28 12:00:00,0.00000505
BMTUSDT,2025-03-28 08:00:00,-0.00014746
BMTUSDT,2025-03-28 04:00:00,0.000014
BMTUSDT,2025-03-28 00:00:00,0.00005
BMTUSDT,2025-03-27 20:00:00,-0.00010428
BMTUSDT,2025-03-27 16:00:00,0.00005
BMTUSDT,2025-03-27 12:00:00,0.00005
BMTUSDT,2025-03-27 08:00:00,0.00005
BMTUSDT,2025-03-27 04:00:00,0.00005
BMTUSDT,2025-03-27 00:00:00,0.00005
BMTUSDT,2025-03-26 20:00:00,0.00005
BMTUSDT,2025-03-26 16:00:00,0.00005
BMTUSDT,2025-03-26 12:00:00,0.00005
BMTUSDT,2025-03-26 08:00:00,0.00005
BMTUSDT,2025-03-26 04:00:00,0.00005
BMTUSDT,2025-03-26 00:00:00,0.00005
BMTUSDT,2025-03-25 20:00:00,0.00005
BMTUSDT,2025-03-25 16:00:00,0.00005
BMTUSDT,2025-03-25 12:00:00,-0.00033511
BMTUSDT,2025-03-25 08:00:00,-0.00014908
BMTUSDT,2025-03-25 04:00:00,-0.00003886
BMTUSDT,2025-03-25 00:00:00,0.00005
BMTUSDT,2025-03-24 20:00:00,0.00001384
BMTUSDT,2025-03-24 16:00:00,-0.00014906
BMTUSDT,2025-03-24 12:00:00,0.00004408
BMTUSDT,2025-03-24 08:00:00,0.00005
BMTUSDT,2025-03-24 04:00:00,-0.00046777
BMTUSDT,2025-03-24 00:00:00,-0.00012126
BMTUSDT,2025-03-23 20:00:00,-0.00005944
BMTUSDT,2025-03-23 16:00:00,-0.00012044
BMTUSDT,2025-03-23 12:00:00,-0.00019135
BMTUSDT,2025-03-23 08:00:00,-0.00026553
BMTUSDT,2025-03-23 04:00:00,-0.00032372
BMTUSDT,2025-03-23 00:00:00,-0.00000233
BMTUSDT,2025-03-22 20:00:00,0.00005
BMTUSDT,2025-03-22 16:00:00,0.00005
BMTUSDT,2025-03-22 12:00:00,-0.00031962
BMTUSDT,2025-03-22 08:00:00,0.00002862
BMTUSDT,2025-03-22 04:00:00,0.00005
BMTUSDT,2025-03-22 00:00:00,0.00005
BMTUSDT,2025-03-21 20:00:00,0.00005
BMTUSDT,2025-03-21 16:00:00,-0.00002399
BMTUSDT,2025-03-21 12:00:00,0.00005
BMTUSDT,2025-03-21 08:00:00,0.00005
BMTUSDT,2025-03-21 04:00:00,-0.00002661
BMTUSDT,2025-03-21 00:00:00,-0.00086075
BMTUSDT,2025-03-20 20:00:00,-0.00065058
BMTUSDT,2025-03-20 16:00:00,0.00001583
BMTUSDT,2025-03-20 12:00:00,-0.00022192
BMTUSDT,2025-03-20 08:00:00,-0.00000304
BMTUSDT,2025-03-20 04:00:00,-0.00024047
BMTUSDT,2025-03-20 00:00:00,0.0000265
BMTUSDT,2025-03-19 20:00:00,-0.00017552
BMTUSDT,2025-03-19 16:00:00,-0.00033853
BMTUSDT,2025-03-19 12:00:00,-0.00078179
BMTUSDT,2025-03-19 08:00:00,-0.00195167
BMTUSDT,2025-03-19 04:00:00,-0.00150224
BMTUSDT,2025-03-19 00:00:00,-0.00291312
BMTUSDT,2025-03-18 20:00:00,-0.00380542
BMTUSDT,2025-03-18 16:00:00,-0.01875
BMTUSDT,2025-03-18 12:00:00,-0.00652141
BMTUSDT,2025-03-18 08:00:00,-0.00854835
BMTUSDT,2025-03-18 04:00:00,-0.01772143
BMTUSDT,2025-03-18 00:00:00,0.00005
BMTUSDT,2025-03-17 20:00:00,-0.00003962
BMTUSDT,2025-03-17 16:00:00,-0.00072521
BMTUSDT,2025-03-17 12:00:00,-0.00398782
BMTUSDT,2025-03-17 08:00:00,-0.00413202
BMTUSDT,2025-03-17 04:00:00,-0.0001393
BMTUSDT,2025-03-17 00:00:00,-0.0000031
BMTUSDT,2025-03-16 20:00:00,0.00005
BMTUSDT,2025-03-16 16:00:00,0.00005
BMTUSDT,2025-03-16 12:00:00,0.00005
BMTUSDT,2025-03-16 08:00:00,0.00005
BMTUSDT,2025-03-16 04:00:00,0.00005
BMTUSDT,2025-03-16 00:00:00,0.00005
BMTUSDT,2025-03-15 20:00:00,0.00005
BMTUSDT,2025-03-15 16:00:00,0.00005
BMTUSDT,2025-03-15 12:00:00,0.00005
BMTUSDT,2025-03-15 08:00:00,-0.00048395
BMTUSDT,2025-03-15 04:00:00,-0.00079549
BMTUSDT,2025-03-15 00:00:00,-0.00043511
BMTUSDT,2025-03-14 20:00:00,-0.00055652
BMTUSDT,2025-03-14 16:00:00,-0.00050053
BMTUSDT,2025-03-14 12:00:00,-0.00458932
BMTUSDT,2025-03-14 08:00:00,-0.0018103
BMTUSDT,2025-03-14 04:00:00,0.00002076
BMTUSDT,2025-03-14 00:00:00,0.00005
BMTUSDT,2025-03-13 20:00:00,0.00005
BMTUSDT,2025-03-13 16:00:00,-0.00059681
BMTUSDT,2025-03-13 12:00:00,-0.00270506
BMTUSDT,2025-03-13 08:00:00,0.00005
1000TOSHIUSDT,2025-02-14 00:00:00,-0.00194134
1000TOSHIUSDT,2025-02-13 20:00:00,-0.00284726
1000TOSHIUSDT,2025-02-13 16:00:00,-0.00228514
1000TOSHIUSDT,2025-02-13 12:00:00,-0.00160959
1000TOSHIUSDT,2025-02-13 08:00:00,-0.00131486
1000TOSHIUSDT,2025-02-13 04:00:00,-0.0045101
1000TOSHIUSDT,2025-02-13 00:00:00,-0.00337886
1000TOSHIUSDT,2025-02-12 20:00:00,-0.00014917
1000TOSHIUSDT,2025-02-12 16:00:00,0.00005
1000TOSHIUSDT,2025-02-12 12:00:00,0.00005
1000TOSHIUSDT,2025-02-12 08:00:00,0.00005
1000TOSHIUSDT,2025-02-12 04:00:00,0.00005
1000TOSHIUSDT,2025-02-12 00:00:00,0.00005
1000TOSHIUSDT,2025-02-11 20:00:00,0.00005
1000TOSHIUSDT,2025-02-11 16:00:00,-0.00025195
1000TOSHIUSDT,2025-02-11 12:00:00,-0.00113783
1000TOSHIUSDT,2025-02-11 08:00:00,-0.00018255
1000TOSHIUSDT,2025-02-11 04:00:00,-0.00125954
1000TOSHIUSDT,2025-02-11 00:00:00,-0.00378007
1000TOSHIUSDT,2025-02-10 20:00:00,-0.00255763
1000TOSHIUSDT,2025-02-10 16:00:00,-0.00058299
1000TOSHIUSDT,2025-02-10 12:00:00,-0.00002628
1000TOSHIUSDT,2025-02-10 08:00:00,-0.0004682
1000TOSHIUSDT,2025-02-10 04:00:00,-0.00202036
1000TOSHIUSDT,2025-02-10 00:00:00,-0.00297106
1000TOSHIUSDT,2025-02-09 20:00:00,-0.00037037
1000TOSHIUSDT,2025-02-09 16:00:00,0.00005
1000TOSHIUSDT,2025-02-09 12:00:00,-0.00056172
1000TOSHIUSDT,2025-02-09 08:00:00,-0.00017378
1000TOSHIUSDT,2025-02-09 04:00:00,-0.00291881
1000TOSHIUSDT,2025-02-09 00:00:00,0.00005
1000TOSHIUSDT,2025-02-08 20:00:00,0.00005
1000TOSHIUSDT,2025-02-08 16:00:00,-0.0022546
1000TOSHIUSDT,2025-02-08 12:00:00,-0.00090421
1000TOSHIUSDT,2025-02-08 08:00:00,-0.00028424
1000TOSHIUSDT,2025-02-08 04:00:00,0.00005
1000TOSHIUSDT,2025-02-08 00:00:00,-0.00033383
1000TOSHIUSDT,2025-02-07 20:00:00,-0.00248303
1000TOSHIUSDT,2025-02-07 16:00:00,-0.00225651
1000TOSHIUSDT,2025-02-07 12:00:00,-0.0011605
1000TOSHIUSDT,2025-02-07 08:00:00,0.00005
1000TOSHIUSDT,2025-02-07 04:00:00,0.00005
1000TOSHIUSDT,2025-02-07 00:00:00,-0.00000797
1000TOSHIUSDT,2025-02-06 20:00:00,-0.00102991
1000TOSHIUSDT,2025-02-06 16:00:00,-0.00181383
1000TOSHIUSDT,2025-02-06 12:00:00,-0.00223654
1000TOSHIUSDT,2025-02-06 08:00:00,-0.00120859
1000TOSHIUSDT,2025-02-06 04:00:00,-0.00043864
1000TOSHIUSDT,2025-02-06 00:00:00,-0.00036179
1000TOSHIUSDT,2025-02-05 20:00:00,-0.00409408
1000TOSHIUSDT,2025-02-05 16:00:00,-0.0020917
1000TOSHIUSDT,2025-02-05 12:00:00,-0.00347095
1000TOSHIUSDT,2025-02-05 08:00:00,-0.00161723
1000TOSHIUSDT,2025-02-05 04:00:00,-0.00201941
1000TOSHIUSDT,2025-02-05 00:00:00,-0.00221614
1000TOSHIUSDT,2025-02-04 20:00:00,-0.00438923
1000TOSHIUSDT,2025-02-04 16:00:00,-0.00149628
1000TOSHIUSDT,2025-02-04 12:00:00,-0.00361213
1000TOSHIUSDT,2025-02-04 08:00:00,-0.00267366
1000TOSHIUSDT,2025-02-04 04:00:00,-0.00052851
1000TOSHIUSDT,2025-02-04 00:00:00,-0.00199099
1000TOSHIUSDT,2025-02-03 20:00:00,-0.00309548
1000TOSHIUSDT,2025-02-03 16:00:00,-0.01055756
1000TOSHIUSDT,2025-02-03 12:00:00,0.00005
1000TOSHIUSDT,2025-02-03 08:00:00,-0.00011588
1000TOSHIUSDT,2025-02-03 04:00:00,-0.00164088
1000TOSHIUSDT,2025-02-03 00:00:00,0.0000263
1000TOSHIUSDT,2025-02-02 20:00:00,0.00005
1000TOSHIUSDT,2025-02-02 16:00:00,0.00005
1000TOSHIUSDT,2025-02-02 12:00:00,-0.00117671
1000TOSHIUSDT,2025-02-02 08:00:00,-0.00209659
1000TOSHIUSDT,2025-02-02 04:00:00,-0.00092523
1000TOSHIUSDT,2025-02-02 00:00:00,-0.00239867
1000TOSHIUSDT,2025-02-01 20:00:00,-0.00216218
1000TOSHIUSDT,2025-02-01 16:00:00,-0.00522437
1000TOSHIUSDT,2025-02-01 12:00:00,-0.00008429
1000TOSHIUSDT,2025-02-01 08:00:00,-0.00274765
1000TOSHIUSDT,2025-02-01 04:00:00,-0.00354043
1000TOSHIUSDT,2025-02-01 00:00:00,-0.00236318
1000TOSHIUSDT,2025-01-31 20:00:00,-0.00438785
1000TOSHIUSDT,2025-01-31 16:00:00,-0.0016622
1000TOSHIUSDT,2025-01-31 12:00:00,-0.00200514
1000TOSHIUSDT,2025-01-31 08:00:00,-0.00455746
1000TOSHIUSDT,2025-01-31 04:00:00,-0.00385114
1000TOSHIUSDT,2025-01-31 00:00:00,-0.00791273
1000TOSHIUSDT,2025-01-30 20:00:00,-0.00373579
1000TOSHIUSDT,2025-01-30 16:00:00,-0.00249212
1000TOSHIUSDT,2025-01-30 12:00:00,-0.00334875
1000TOSHIUSDT,2025-01-30 08:00:00,-0.0035913
1000TOSHIUSDT,2025-01-30 04:00:00,-0.00367728
1000TOSHIUSDT,2025-01-30 00:00:00,-0.00277828
1000TOSHIUSDT,2025-01-29 20:00:00,-0.00184269
1000TOSHIUSDT,2025-01-29 16:00:00,-0.01062482
1000TOSHIUSDT,2025-01-29 12:00:00,-0.00517371
1000TOSHIUSDT,2025-01-29 08:00:00,-0.00373334
1000TOSHIUSDT,2025-01-29 04:00:00,-0.00639459
1000TOSHIUSDT,2025-01-29 00:00:00,-0.01104374
1000TOSHIUSDT,2025-01-28 20:00:00,-0.00700577
1000TOSHIUSDT,2025-01-28 16:00:00,-0.0039931
1000TOSHIUSDT,2025-01-28 12:00:00,-0.00224391
1000TOSHIUSDT,2025-01-28 08:00:00,-0.00216422
1000TOSHIUSDT,2025-01-28 04:00:00,-0.00934766
1000TOSHIUSDT,2025-01-28 00:00:00,-0.0029533
1000TOSHIUSDT,2025-01-27 20:00:00,0.00005
1000TOSHIUSDT,2025-01-27 16:00:00,-0.00026476
1000TOSHIUSDT,2025-01-27 12:00:00,-0.00295405
1000TOSHIUSDT,2025-01-27 08:00:00,-0.00804845
1000TOSHIUSDT,2025-01-27 04:00:00,-0.01397545
1000TOSHIUSDT,2025-01-27 00:00:00,-0.00659241
1000TOSHIUSDT,2025-01-26 20:00:00,-0.00298463
1000TOSHIUSDT,2025-01-26 16:00:00,-0.0355342
1000TOSHIUSDT,2025-01-26 12:00:00,-0.03376589
1000TOSHIUSDT,2025-01-26 08:00:00,-0.01229451
1000TOSHIUSDT,2025-01-26 04:00:00,-0.02418652
1000TOSHIUSDT,2025-01-26 00:00:00,-0.00275329
1000TOSHIUSDT,2025-01-25 20:00:00,-0.04
1000TOSHIUSDT,2025-01-25 16:00:00,-0.03
1000TOSHIUSDT,2025-01-25 08:00:00,-0.02120988
1000TOSHIUSDT,2025-01-25 00:00:00,-0.03
1000TOSHIUSDT,2025-01-24 16:00:00,-0.01007553
1000TOSHIUSDT,2025-01-24 08:00:00,-0.00560676
1000TOSHIUSDT,2025-01-24 00:00:00,-0.02749709
1000TOSHIUSDT,2025-01-23 16:00:00,-0.00207842
1000TOSHIUSDT,2025-01-23 08:00:00,0.0001
1000TOSHIUSDT,2025-01-23 00:00:00,-0.00674551
1000TOSHIUSDT,2025-01-22 16:00:00,0.0001
1000TOSHIUSDT,2025-01-22 08:00:00,-0.00041368
1000TOSHIUSDT,2025-01-22 00:00:00,0.0001
1000TOSHIUSDT,2025-01-21 16:00:00,-0.00313406
1000TOSHIUSDT,2025-01-21 08:00:00,0.0001
1000TOSHIUSDT,2025-01-21 00:00:00,0.0001
1000TOSHIUSDT,2025-01-20 16:00:00,-0.00019659
1000TOSHIUSDT,2025-01-20 08:00:00,-0.00131761
1000TOSHIUSDT,2025-01-20 00:00:00,0.0001
1000TOSHIUSDT,2025-01-19 16:00:00,-0.00124185
1000TOSHIUSDT,2025-01-19 08:00:00,-0.00306866
1000TOSHIUSDT,2025-01-19 00:00:00,0.0001
1000TOSHIUSDT,2025-01-18 16:00:00,0.0001
1000TOSHIUSDT,2025-01-18 08:00:00,0.0001
1000TOSHIUSDT,2025-01-18 00:00:00,-0.00895771
1000TOSHIUSDT,2025-01-17 16:00:00,-0.00417493
1000TOSHIUSDT,2025-01-17 08:00:00,-0.00091109
1000TOSHIUSDT,2025-01-17 00:00:00,0.0001
1000TOSHIUSDT,2025-01-16 16:00:00,-0.00005459
1000TOSHIUSDT,2025-01-16 08:00:00,-0.00250527
1000TOSHIUSDT,2025-01-16 00:00:00,-0.00376073
1000TOSHIUSDT,2025-01-15 16:00:00,-0.02229088
1000TOSHIUSDT,2025-01-15 08:00:00,-0.00543543
1000TOSHIUSDT,2025-01-15 00:00:00,-0.0088793
1000TOSHIUSDT,2025-01-14 16:00:00,0.0001
1000TOSHIUSDT,2025-01-14 08:00:00,0.0001
1000TOSHIUSDT,2025-01-14 00:00:00,0.0001
TRUMPUSDT,2025-02-18 00:00:00,0.00005
TRUMPUSDT,2025-02-17 20:00:00,0.00002728
TRUMPUSDT,2025-02-17 16:00:00,-0.00000148
TRUMPUSDT,2025-02-17 12:00:00,-0.00005145
TRUMPUSDT,2025-02-17 08:00:00,0.00005
TRUMPUSDT,2025-02-17 04:00:00,0.00005
TRUMPUSDT,2025-02-17 00:00:00,0.00005
TRUMPUSDT,2025-02-16 20:00:00,0.00005
TRUMPUSDT,2025-02-16 16:00:00,0.00005
TRUMPUSDT,2025-02-16 12:00:00,0.00005
TRUMPUSDT,2025-02-16 08:00:00,0.00005
TRUMPUSDT,2025-02-16 04:00:00,0.00005
TRUMPUSDT,2025-02-16 00:00:00,0.00005
TRUMPUSDT,2025-02-15 20:00:00,0.00005
TRUMPUSDT,2025-02-15 16:00:00,-0.0000065
TRUMPUSDT,2025-02-15 12:00:00,0.00005
TRUMPUSDT,2025-02-15 08:00:00,0.00005
TRUMPUSDT,2025-02-15 04:00:00,-0.00015638
TRUMPUSDT,2025-02-15 00:00:00,-0.00001243
TRUMPUSDT,2025-02-14 20:00:00,0.00005
TRUMPUSDT,2025-02-14 16:00:00,-0.00002973
TRUMPUSDT,2025-02-14 12:00:00,0.00000783
TRUMPUSDT,2025-02-14 08:00:00,0.00005
TRUMPUSDT,2025-02-14 04:00:00,0.00005
TRUMPUSDT,2025-02-14 00:00:00,0.00005
TRUMPUSDT,2025-02-13 20:00:00,0.00005
TRUMPUSDT,2025-02-13 16:00:00,0.00005
TRUMPUSDT,2025-02-13 12:00:00,0.00005
TRUMPUSDT,2025-02-13 08:00:00,-0.00013702
TRUMPUSDT,2025-02-13 04:00:00,-0.00002311
TRUMPUSDT,2025-02-13 00:00:00,0.00005
TRUMPUSDT,2025-02-12 20:00:00,0.00005
TRUMPUSDT,2025-02-12 16:00:00,-0.00002848
TRUMPUSDT,2025-02-12 12:00:00,0.00001875
TRUMPUSDT,2025-02-12 08:00:00,0.00005
TRUMPUSDT,2025-02-12 04:00:00,-0.00002538
TRUMPUSDT,2025-02-12 00:00:00,-0.00001542
TRUMPUSDT,2025-02-11 20:00:00,0.0000238
TRUMPUSDT,2025-02-11 16:00:00,-0.00007226
TRUMPUSDT,2025-02-11 12:00:00,0.00002171
TRUMPUSDT,2025-02-11 08:00:00,0.00005
TRUMPUSDT,2025-02-11 04:00:00,0.00005
TRUMPUSDT,2025-02-11 00:00:00,0.00005
TRUMPUSDT,2025-02-10 20:00:00,0.00005
TRUMPUSDT,2025-02-10 16:00:00,0.00005
TRUMPUSDT,2025-02-10 12:00:00,0.00005
TRUMPUSDT,2025-02-10 08:00:00,-0.00012939
TRUMPUSDT,2025-02-10 04:00:00,0.00001069
TRUMPUSDT,2025-02-10 00:00:00,0.00001143
TRUMPUSDT,2025-02-09 20:00:00,0.00005
TRUMPUSDT,2025-02-09 16:00:00,0.00005
TRUMPUSDT,2025-02-09 12:00:00,0.00005
TRUMPUSDT,2025-02-09 08:00:00,0.00005
TRUMPUSDT,2025-02-09 04:00:00,0.00004877
TRUMPUSDT,2025-02-09 00:00:00,0.00005
TRUMPUSDT,2025-02-08 20:00:00,0.00005
TRUMPUSDT,2025-02-08 16:00:00,0.00005
TRUMPUSDT,2025-02-08 12:00:00,0.00005
TRUMPUSDT,2025-02-08 08:00:00,0.00005
TRUMPUSDT,2025-02-08 04:00:00,-0.00000901
TRUMPUSDT,2025-02-08 00:00:00,-0.00005328
TRUMPUSDT,2025-02-07 20:00:00,-0.00007875
TRUMPUSDT,2025-02-07 16:00:00,0.00000481
TRUMPUSDT,2025-02-07 12:00:00,0.00004034
TRUMPUSDT,2025-02-07 08:00:00,-0.0000118
TRUMPUSDT,2025-02-07 04:00:00,0.00000869
TRUMPUSDT,2025-02-07 00:00:00,-0.00005805
TRUMPUSDT,2025-02-06 20:00:00,-0.0000585
TRUMPUSDT,2025-02-06 16:00:00,0.00004804
TRUMPUSDT,2025-02-06 12:00:00,-0.00008696
TRUMPUSDT,2025-02-06 08:00:00,0.0000089
TRUMPUSDT,2025-02-06 04:00:00,-0.00001237
TRUMPUSDT,2025-02-06 00:00:00,0.00000679
TRUMPUSDT,2025-02-05 20:00:00,0.00005
TRUMPUSDT,2025-02-05 16:00:00,0.00005
TRUMPUSDT,2025-02-05 12:00:00,0.00005
TRUMPUSDT,2025-02-05 08:00:00,0.00005
TRUMPUSDT,2025-02-05 04:00:00,0.00002459
TRUMPUSDT,2025-02-05 00:00:00,0.0000282
TRUMPUSDT,2025-02-04 20:00:00,0.00005
TRUMPUSDT,2025-02-04 16:00:00,0.00005
TRUMPUSDT,2025-02-04 12:00:00,-0.00006292
TRUMPUSDT,2025-02-04 08:00:00,-0.00008562
TRUMPUSDT,2025-02-04 04:00:00,0.00005
TRUMPUSDT,2025-02-04 00:00:00,0.00005
TRUMPUSDT,2025-02-03 20:00:00,0.00005
TRUMPUSDT,2025-02-03 16:00:00,0.00005
TRUMPUSDT,2025-02-03 12:00:00,0.00005
TRUMPUSDT,2025-02-03 08:00:00,0.00005
TRUMPUSDT,2025-02-03 04:00:00,0.00005
TRUMPUSDT,2025-02-03 00:00:00,0.00005
TRUMPUSDT,2025-02-02 20:00:00,0.00005
TRUMPUSDT,2025-02-02 16:00:00,0.00005
TRUMPUSDT,2025-02-02 12:00:00,0.00005
TRUMPUSDT,2025-02-02 08:00:00,-0.00009089
TRUMPUSDT,2025-02-02 04:00:00,-0.00004876
TRUMPUSDT,2025-02-02 00:00:00,0.00005
TRUMPUSDT,2025-02-01 20:00:00,0.00005
TRUMPUSDT,2025-02-01 16:00:00,0.00005
TRUMPUSDT,2025-02-01 12:00:00,0.00005
TRUMPUSDT,2025-02-01 08:00:00,0.00005
TRUMPUSDT,2025-02-01 04:00:00,0.00005
TRUMPUSDT,2025-02-01 00:00:00,0.00005
TRUMPUSDT,2025-01-31 20:00:00,0.00005
TRUMPUSDT,2025-01-31 16:00:00,0.00005
TRUMPUSDT,2025-01-31 12:00:00,0.00005
TRUMPUSDT,2025-01-31 08:00:00,0.00005
TRUMPUSDT,2025-01-31 04:00:00,0.00005
TRUMPUSDT,2025-01-31 00:00:00,0.00005
TRUMPUSDT,2025-01-30 20:00:00,0.00005
TRUMPUSDT,2025-01-30 16:00:00,0.00005
TRUMPUSDT,2025-01-30 12:00:00,0.00005
TRUMPUSDT,2025-01-30 08:00:00,0.00005
TRUMPUSDT,2025-01-30 04:00:00,0.00005
TRUMPUSDT,2025-01-30 00:00:00,0.00005
TRUMPUSDT,2025-01-29 20:00:00,0.00005
TRUMPUSDT,2025-01-29 16:00:00,0.00005
TRUMPUSDT,2025-01-29 12:00:00,0.00005
TRUMPUSDT,2025-01-29 08:00:00,0.00005
TRUMPUSDT,2025-01-29 04:00:00,0.00005
TRUMPUSDT,2025-01-29 00:00:00,0.00005
TRUMPUSDT,2025-01-28 20:00:00,0.00005
TRUMPUSDT,2025-01-28 16:00:00,0.00005
TRUMPUSDT,2025-01-28 12:00:00,0.00005
TRUMPUSDT,2025-01-28 08:00:00,0.00005
TRUMPUSDT,2025-01-28 04:00:00,0.00005
TRUMPUSDT,2025-01-28 00:00:00,0.00005
TRUMPUSDT,2025-01-27 20:00:00,0.00005
TRUMPUSDT,2025-01-27 16:00:00,0.00005
TRUMPUSDT,2025-01-27 12:00:00,0.00005
TRUMPUSDT,2025-01-27 08:00:00,0.00005
TRUMPUSDT,2025-01-27 04:00:00,0.00005
TRUMPUSDT,2025-01-27 00:00:00,0.00005
TRUMPUSDT,2025-01-26 20:00:00,0.00005
TRUMPUSDT,2025-01-26 16:00:00,0.00005
TRUMPUSDT,2025-01-26 12:00:00,0.00005
TRUMPUSDT,2025-01-26 08:00:00,0.00005
TRUMPUSDT,2025-01-26 04:00:00,0.00005
TRUMPUSDT,2025-01-26 00:00:00,0.00005
TRUMPUSDT,2025-01-25 20:00:00,0.00005
TRUMPUSDT,2025-01-25 16:00:00,0.00005
TRUMPUSDT,2025-01-25 12:00:00,0.00005
TRUMPUSDT,2025-01-25 08:00:00,0.00005
TRUMPUSDT,2025-01-25 04:00:00,0.00005
TRUMPUSDT,2025-01-25 00:00:00,0.00005
TRUMPUSDT,2025-01-24 20:00:00,0.00005
TRUMPUSDT,2025-01-24 16:00:00,0.00005
TRUMPUSDT,2025-01-24 12:00:00,0.00005
TRUMPUSDT,2025-01-24 08:00:00,0.00005
TRUMPUSDT,2025-01-24 04:00:00,0.00005
TRUMPUSDT,2025-01-24 00:00:00,0.00005
TRUMPUSDT,2025-01-23 20:00:00,0.00005
TRUMPUSDT,2025-01-23 16:00:00,0.00005
TRUMPUSDT,2025-01-23 12:00:00,0.00005
TRUMPUSDT,2025-01-23 08:00:00,0.00005
TRUMPUSDT,2025-01-23 04:00:00,0.00005
TRUMPUSDT,2025-01-23 00:00:00,0.00007864
TRUMPUSDT,2025-01-22 20:00:00,0.00005
TRUMPUSDT,2025-01-22 16:00:00,0.00005
TRUMPUSDT,2025-01-22 12:00:00,0.00005
TRUMPUSDT,2025-01-22 08:00:00,0.00005
TRUMPUSDT,2025-01-22 04:00:00,0.00005
TRUMPUSDT,2025-01-22 00:00:00,0.00005
TRUMPUSDT,2025-01-21 20:00:00,0.00012756
TRUMPUSDT,2025-01-21 16:00:00,0.00016211
TRUMPUSDT,2025-01-21 12:00:00,0.00005
TRUMPUSDT,2025-01-21 08:00:00,0.00005
TRUMPUSDT,2025-01-21 04:00:00,0.00005
TRUMPUSDT,2025-01-21 00:00:00,0.00005
TRUMPUSDT,2025-01-20 20:00:00,0.00018298
TRUMPUSDT,2025-01-20 16:00:00,0.00013066
TRUMPUSDT,2025-01-20 12:00:00,0.00028508
TRUMPUSDT,2025-01-20 08:00:00,0.00036174
TRUMPUSDT,2025-01-20 04:00:00,0.00220003
TRUMPUSDT,2025-01-20 00:00:00,0.00084316
TRUMPUSDT,2025-01-19 20:00:00,0.0002916
TRUMPUSDT,2025-01-19 16:00:00,0.00041902
TRUMPUSDT,2025-01-19 12:00:00,0.00689936
TRUMPUSDT,2025-01-19 08:00:00,0.00038989
TRUMPUSDT,2025-01-19 04:00:00,0.00070765
TRUMPUSDT,2025-01-19 00:00:00,0.00007651
TRUMPUSDT,2025-01-18 20:00:00,0.00175303
TRUMPUSDT,2025-01-18 16:00:00,0.00250206
TRUMPUSDT,2025-01-18 12:00:00,0.00005
TRUMPUSDT,2025-01-18 08:00:00,0.00005
PLUMEUSDT,2025-02-21 00:00:00,0.00005
PLUMEUSDT,2025-02-20 20:00:00,0.00005
PLUMEUSDT,2025-02-20 16:00:00,0.00005
PLUMEUSDT,2025-02-20 12:00:00,0.00005
PLUMEUSDT,2025-02-20 08:00:00,0.00005
PLUMEUSDT,2025-02-20 04:00:00,-0.00013695
PLUMEUSDT,2025-02-20 00:00:00,-0.00058334
PLUMEUSDT,2025-02-19 20:00:00,-0.00008013
PLUMEUSDT,2025-02-19 16:00:00,-0.00036273
PLUMEUSDT,2025-02-19 12:00:00,-0.00083585
PLUMEUSDT,2025-02-19 08:00:00,-0.00069973
PLUMEUSDT,2025-02-19 04:00:00,-0.00090636
PLUMEUSDT,2025-02-19 00:00:00,-0.00076628
PLUMEUSDT,2025-02-18 20:00:00,0.00005
PLUMEUSDT,2025-02-18 16:00:00,-0.00191073
PLUMEUSDT,2025-02-18 12:00:00,-0.00009707
PLUMEUSDT,2025-02-18 08:00:00,0.00005
PLUMEUSDT,2025-02-18 04:00:00,0.00005
PLUMEUSDT,2025-02-18 00:00:00,0.00005
PLUMEUSDT,2025-02-17 20:00:00,0.00005
PLUMEUSDT,2025-02-17 16:00:00,0.00005
PLUMEUSDT,2025-02-17 12:00:00,0.00005
PLUMEUSDT,2025-02-17 08:00:00,0.00005
PLUMEUSDT,2025-02-17 04:00:00,0.00005
PLUMEUSDT,2025-02-17 00:00:00,0.00005
PLUMEUSDT,2025-02-16 20:00:00,0.00005
PLUMEUSDT,2025-02-16 16:00:00,0.00005
PLUMEUSDT,2025-02-16 12:00:00,0.00005
PLUMEUSDT,2025-02-16 08:00:00,0.00005
PLUMEUSDT,2025-02-16 04:00:00,0.00005
PLUMEUSDT,2025-02-16 00:00:00,0.00005
PLUMEUSDT,2025-02-15 20:00:00,0.00005
PLUMEUSDT,2025-02-15 16:00:00,0.00005
PLUMEUSDT,2025-02-15 12:00:00,0.00005
PLUMEUSDT,2025-02-15 08:00:00,0.00005
PLUMEUSDT,2025-02-15 04:00:00,0.00005
PLUMEUSDT,2025-02-15 00:00:00,0.00005
PLUMEUSDT,2025-02-14 20:00:00,0.00005
PLUMEUSDT,2025-02-14 16:00:00,0.00005
PLUMEUSDT,2025-02-14 12:00:00,0.00005
PLUMEUSDT,2025-02-14 08:00:00,0.00005
PLUMEUSDT,2025-02-14 04:00:00,0.00005
PLUMEUSDT,2025-02-14 00:00:00,0.00005
PLUMEUSDT,2025-02-13 20:00:00,0.00005
PLUMEUSDT,2025-02-13 16:00:00,0.00005
PLUMEUSDT,2025-02-13 12:00:00,0.00005
PLUMEUSDT,2025-02-13 08:00:00,0.00005
PLUMEUSDT,2025-02-13 04:00:00,0.00005
PLUMEUSDT,2025-02-13 00:00:00,0.00005
PLUMEUSDT,2025-02-12 20:00:00,0.00005
PLUMEUSDT,2025-02-12 16:00:00,0.00005
PLUMEUSDT,2025-02-12 12:00:00,0.00005
PLUMEUSDT,2025-02-12 08:00:00,0.00005
PLUMEUSDT,2025-02-12 04:00:00,0.00005
PLUMEUSDT,2025-02-12 00:00:00,0.00005
PLUMEUSDT,2025-02-11 20:00:00,0.00005
PLUMEUSDT,2025-02-11 16:00:00,0.00005
PLUMEUSDT,2025-02-11 12:00:00,0.00005
PLUMEUSDT,2025-02-11 08:00:00,0.00005
PLUMEUSDT,2025-02-11 04:00:00,0.00005
PLUMEUSDT,2025-02-11 00:00:00,-0.00019906
PLUMEUSDT,2025-02-10 20:00:00,0.00005
PLUMEUSDT,2025-02-10 16:00:00,0.00005
PLUMEUSDT,2025-02-10 12:00:00,0.00005
PLUMEUSDT,2025-02-10 08:00:00,0.00005
PLUMEUSDT,2025-02-10 04:00:00,0.00005
PLUMEUSDT,2025-02-10 00:00:00,0.00005
PLUMEUSDT,2025-02-09 20:00:00,0.00005
PLUMEUSDT,2025-02-09 16:00:00,0.00005
PLUMEUSDT,2025-02-09 12:00:00,0.00005
PLUMEUSDT,2025-02-09 08:00:00,0.00005
PLUMEUSDT,2025-02-09 04:00:00,0.00005
PLUMEUSDT,2025-02-09 00:00:00,0.00005
PLUMEUSDT,2025-02-08 20:00:00,0.00005
PLUMEUSDT,2025-02-08 16:00:00,0.00005
PLUMEUSDT,2025-02-08 12:00:00,0.00005
PLUMEUSDT,2025-02-08 08:00:00,0.00005
PLUMEUSDT,2025-02-08 04:00:00,-0.00013574
PLUMEUSDT,2025-02-08 00:00:00,0.00005
PLUMEUSDT,2025-02-07 20:00:00,0.00005
PLUMEUSDT,2025-02-07 16:00:00,0.00005
PLUMEUSDT,2025-02-07 12:00:00,0.00005
PLUMEUSDT,2025-02-07 08:00:00,0.00005
PLUMEUSDT,2025-02-07 04:00:00,0.00005
PLUMEUSDT,2025-02-07 00:00:00,0.00005
PLUMEUSDT,2025-02-06 20:00:00,0.00005
PLUMEUSDT,2025-02-06 16:00:00,0.00005
PLUMEUSDT,2025-02-06 12:00:00,0.00005
PLUMEUSDT,2025-02-06 08:00:00,0.00005
PLUMEUSDT,2025-02-06 04:00:00,0.00005
PLUMEUSDT,2025-02-06 00:00:00,0.00005
PLUMEUSDT,2025-02-05 20:00:00,0.00005
PLUMEUSDT,2025-02-05 16:00:00,0.00005
PLUMEUSDT,2025-02-05 12:00:00,0.00005
PLUMEUSDT,2025-02-05 08:00:00,-0.00025693
PLUMEUSDT,2025-02-05 04:00:00,-0.00294591
PLUMEUSDT,2025-02-05 00:00:00,-0.00164253
PLUMEUSDT,2025-02-04 20:00:00,-0.00106402
PLUMEUSDT,2025-02-04 16:00:00,-0.00253856
PLUMEUSDT,2025-02-04 12:00:00,-0.00125733
PLUMEUSDT,2025-02-04 08:00:00,0.00005
PLUMEUSDT,2025-02-04 04:00:00,0.00005
PLUMEUSDT,2025-02-04 00:00:00,0.00005
PLUMEUSDT,2025-02-03 20:00:00,0.00005
PLUMEUSDT,2025-02-03 16:00:00,0.00005
PLUMEUSDT,2025-02-03 12:00:00,0.00005
PLUMEUSDT,2025-02-03 08:00:00,0.00005
PLUMEUSDT,2025-02-03 04:00:00,-0.00050038
PLUMEUSDT,2025-02-03 00:00:00,0.00005
PLUMEUSDT,2025-02-02 20:00:00,0.00005
PLUMEUSDT,2025-02-02 16:00:00,-0.00068406
PLUMEUSDT,2025-02-02 12:00:00,0.00005
PLUMEUSDT,2025-02-02 08:00:00,0.00005
PLUMEUSDT,2025-02-02 04:00:00,0.00005
PLUMEUSDT,2025-02-02 00:00:00,0.00005
PLUMEUSDT,2025-02-01 20:00:00,-0.00056313
PLUMEUSDT,2025-02-01 16:00:00,-0.00044989
PLUMEUSDT,2025-02-01 12:00:00,-0.00149512
PLUMEUSDT,2025-02-01 08:00:00,-0.00094613
PLUMEUSDT,2025-02-01 04:00:00,-0.00028112
PLUMEUSDT,2025-02-01 00:00:00,0.00002691
PLUMEUSDT,2025-01-31 20:00:00,-0.00348624
PLUMEUSDT,2025-01-31 16:00:00,0.00005
PLUMEUSDT,2025-01-31 12:00:00,0.00005
PLUMEUSDT,2025-01-31 08:00:00,0.00000608
PLUMEUSDT,2025-01-31 04:00:00,0.00002573
PLUMEUSDT,2025-01-31 00:00:00,0.00005
PLUMEUSDT,2025-01-30 20:00:00,0.00005
PLUMEUSDT,2025-01-30 16:00:00,0.00005
PLUMEUSDT,2025-01-30 12:00:00,0.00005
PLUMEUSDT,2025-01-30 08:00:00,0.00005
PLUMEUSDT,2025-01-30 04:00:00,0.00005
PLUMEUSDT,2025-01-30 00:00:00,0.00005
PLUMEUSDT,2025-01-29 20:00:00,-0.00091535
PLUMEUSDT,2025-01-29 16:00:00,-0.00076871
PLUMEUSDT,2025-01-29 12:00:00,0.00005
PLUMEUSDT,2025-01-29 08:00:00,-0.00048544
PLUMEUSDT,2025-01-29 04:00:00,0.00005
PLUMEUSDT,2025-01-29 00:00:00,-0.00132443
PLUMEUSDT,2025-01-28 20:00:00,-0.00016876
PLUMEUSDT,2025-01-28 16:00:00,0.00005
PLUMEUSDT,2025-01-28 12:00:00,0.00005
PLUMEUSDT,2025-01-28 08:00:00,0.00005
PLUMEUSDT,2025-01-28 04:00:00,0.00005
PLUMEUSDT,2025-01-28 00:00:00,0.00005
PLUMEUSDT,2025-01-27 20:00:00,0.00005
PLUMEUSDT,2025-01-27 16:00:00,0.00005
PLUMEUSDT,2025-01-27 12:00:00,0.00005
PLUMEUSDT,2025-01-27 08:00:00,0.00005
PLUMEUSDT,2025-01-27 04:00:00,0.00005
PLUMEUSDT,2025-01-27 00:00:00,0.00005
PLUMEUSDT,2025-01-26 20:00:00,0.00005
PLUMEUSDT,2025-01-26 16:00:00,0.00005
PLUMEUSDT,2025-01-26 12:00:00,0.00005
PLUMEUSDT,2025-01-26 08:00:00,0.00005
PLUMEUSDT,2025-01-26 04:00:00,0.00005
PLUMEUSDT,2025-01-26 00:00:00,0.00005
PLUMEUSDT,2025-01-25 20:00:00,0.00005
PLUMEUSDT,2025-01-25 16:00:00,0.00005
PLUMEUSDT,2025-01-25 12:00:00,0.00005
PLUMEUSDT,2025-01-25 08:00:00,0.00005
PLUMEUSDT,2025-01-25 04:00:00,-0.00019813
PLUMEUSDT,2025-01-25 00:00:00,0.00005
PLUMEUSDT,2025-01-24 20:00:00,-0.00042101
PLUMEUSDT,2025-01-24 16:00:00,0.00005
PLUMEUSDT,2025-01-24 12:00:00,0.00005
PLUMEUSDT,2025-01-24 08:00:00,0.00005
ANIMEUSDT,2025-02-23 00:00:00,0.000025
ANIMEUSDT,2025-02-22 22:00:00,0.000025
ANIMEUSDT,2025-02-22 20:00:00,0.00008365
ANIMEUSDT,2025-02-22 18:00:00,0.000025
ANIMEUSDT,2025-02-22 16:00:00,0.000025
ANIMEUSDT,2025-02-22 14:00:00,0.000025
ANIMEUSDT,2025-02-22 12:00:00,0.000025
ANIMEUSDT,2025-02-22 10:00:00,0.000025
ANIMEUSDT,2025-02-22 08:00:00,0.000025
ANIMEUSDT,2025-02-22 06:00:00,0.000025
ANIMEUSDT,2025-02-22 04:00:00,0.000025
ANIMEUSDT,2025-02-22 02:00:00,0.000025
ANIMEUSDT,2025-02-22 00:00:00,0.000025
ANIMEUSDT,2025-02-21 22:00:00,0.000025
ANIMEUSDT,2025-02-21 20:00:00,0.000025
ANIMEUSDT,2025-02-21 18:00:00,0.000025
ANIMEUSDT,2025-02-21 16:00:00,0.000025
ANIMEUSDT,2025-02-21 14:00:00,0.000025
ANIMEUSDT,2025-02-21 12:00:00,0.000025
ANIMEUSDT,2025-02-21 10:00:00,0.000025
ANIMEUSDT,2025-02-21 08:00:00,0.000025
ANIMEUSDT,2025-02-21 06:00:00,0.000025
ANIMEUSDT,2025-02-21 04:00:00,0.000025
ANIMEUSDT,2025-02-21 02:00:00,0.000025
ANIMEUSDT,2025-02-21 00:00:00,0.000025
ANIMEUSDT,2025-02-20 22:00:00,0.000025
ANIMEUSDT,2025-02-20 20:00:00,0.000025
ANIMEUSDT,2025-02-20 18:00:00,0.000025
ANIMEUSDT,2025-02-20 16:00:00,0.000025
ANIMEUSDT,2025-02-20 14:00:00,0.000025
ANIMEUSDT,2025-02-20 12:00:00,0.000025
ANIMEUSDT,2025-02-20 10:00:00,0.000025
ANIMEUSDT,2025-02-20 08:00:00,0.000025
ANIMEUSDT,2025-02-20 06:00:00,0.000025
ANIMEUSDT,2025-02-20 04:00:00,0.000025
ANIMEUSDT,2025-02-20 02:00:00,0.000025
ANIMEUSDT,2025-02-20 00:00:00,0.000025
ANIMEUSDT,2025-02-19 22:00:00,0.000025
ANIMEUSDT,2025-02-19 20:00:00,0.000025
ANIMEUSDT,2025-02-19 18:00:00,0.000025
ANIMEUSDT,2025-02-19 16:00:00,0.000025
ANIMEUSDT,2025-02-19 14:00:00,0.000025
ANIMEUSDT,2025-02-19 12:00:00,0.000025
ANIMEUSDT,2025-02-19 10:00:00,0.000025
ANIMEUSDT,2025-02-19 08:00:00,0.000025
ANIMEUSDT,2025-02-19 06:00:00,0.000025
ANIMEUSDT,2025-02-19 04:00:00,0.000025
ANIMEUSDT,2025-02-19 02:00:00,0.000025
ANIMEUSDT,2025-02-19 00:00:00,0.000025
ANIMEUSDT,2025-02-18 22:00:00,0.000025
ANIMEUSDT,2025-02-18 20:00:00,0.000025
ANIMEUSDT,2025-02-18 18:00:00,0.000025
ANIMEUSDT,2025-02-18 16:00:00,0.000025
ANIMEUSDT,2025-02-18 14:00:00,0.000025
ANIMEUSDT,2025-02-18 12:00:00,0.000025
ANIMEUSDT,2025-02-18 10:00:00,0.000025
ANIMEUSDT,2025-02-18 08:00:00,0.000025
ANIMEUSDT,2025-02-18 06:00:00,0.000025
ANIMEUSDT,2025-02-18 04:00:00,0.000025
ANIMEUSDT,2025-02-18 02:00:00,0.000025
ANIMEUSDT,2025-02-18 00:00:00,0.000025
ANIMEUSDT,2025-02-17 22:00:00,0.000025
ANIMEUSDT,2025-02-17 20:00:00,-0.00004749
ANIMEUSDT,2025-02-17 18:00:00,-0.00000823
ANIMEUSDT,2025-02-17 16:00:00,0.000025
ANIMEUSDT,2025-02-17 14:00:00,0.000025
ANIMEUSDT,2025-02-17 12:00:00,0.000025
ANIMEUSDT,2025-02-17 10:00:00,0.000025
ANIMEUSDT,2025-02-17 08:00:00,0.000025
ANIMEUSDT,2025-02-17 06:00:00,0.000025
ANIMEUSDT,2025-02-17 04:00:00,0.000025
ANIMEUSDT,2025-02-17 02:00:00,0.000025
ANIMEUSDT,2025-02-17 00:00:00,0.000025
ANIMEUSDT,2025-02-16 22:00:00,0.000025
ANIMEUSDT,2025-02-16 20:00:00,0.000025
ANIMEUSDT,2025-02-16 18:00:00,0.000025
ANIMEUSDT,2025-02-16 16:00:00,0.000025
ANIMEUSDT,2025-02-16 14:00:00,0.000025
ANIMEUSDT,2025-02-16 12:00:00,0.000025
ANIMEUSDT,2025-02-16 10:00:00,0.000025
ANIMEUSDT,2025-02-16 08:00:00,0.000025
ANIMEUSDT,2025-02-16 06:00:00,0.000025
ANIMEUSDT,2025-02-16 04:00:00,0.000025
ANIMEUSDT,2025-02-16 02:00:00,0.00001916
ANIMEUSDT,2025-02-16 00:00:00,-0.00020057
ANIMEUSDT,2025-02-15 22:00:00,-0.00001147
ANIMEUSDT,2025-02-15 20:00:00,-0.00010147
ANIMEUSDT,2025-02-15 18:00:00,0.000025
ANIMEUSDT,2025-02-15 16:00:00,-0.00003216
ANIMEUSDT,2025-02-15 14:00:00,0.000025
ANIMEUSDT,2025-02-15 12:00:00,-0.00016253
ANIMEUSDT,2025-02-15 10:00:00,0.00001064
ANIMEUSDT,2025-02-15 08:00:00,-0.00002426
ANIMEUSDT,2025-02-15 06:00:00,0.000025
ANIMEUSDT,2025-02-15 04:00:00,0.000025
ANIMEUSDT,2025-02-15 02:00:00,0.000025
ANIMEUSDT,2025-02-15 00:00:00,0.000025
ANIMEUSDT,2025-02-14 22:00:00,0.000025
ANIMEUSDT,2025-02-14 20:00:00,0.000025
ANIMEUSDT,2025-02-14 18:00:00,0.000025
ANIMEUSDT,2025-02-14 16:00:00,0.000025
ANIMEUSDT,2025-02-14 14:00:00,0.000025
ANIMEUSDT,2025-02-14 12:00:00,0.000025
ANIMEUSDT,2025-02-14 10:00:00,0.000025
ANIMEUSDT,2025-02-14 08:00:00,0.000025
ANIMEUSDT,2025-02-14 06:00:00,0.000025
ANIMEUSDT,2025-02-14 04:00:00,0.000025
ANIMEUSDT,2025-02-14 02:00:00,0.000025
ANIMEUSDT,2025-02-14 00:00:00,0.000025
ANIMEUSDT,2025-02-13 22:00:00,0.000025
ANIMEUSDT,2025-02-13 20:00:00,0.000025
ANIMEUSDT,2025-02-13 18:00:00,0.000025
ANIMEUSDT,2025-02-13 16:00:00,0.000025
ANIMEUSDT,2025-02-13 14:00:00,0.000025
ANIMEUSDT,2025-02-13 12:00:00,0.000025
ANIMEUSDT,2025-02-13 10:00:00,0.000025
ANIMEUSDT,2025-02-13 08:00:00,0.000025
ANIMEUSDT,2025-02-13 06:00:00,0.000025
ANIMEUSDT,2025-02-13 04:00:00,0.000025
ANIMEUSDT,2025-02-13 02:00:00,0.000025
ANIMEUSDT,2025-02-13 00:00:00,0.000025
ANIMEUSDT,2025-02-12 22:00:00,0.000025
ANIMEUSDT,2025-02-12 20:00:00,0.000025
ANIMEUSDT,2025-02-12 18:00:00,0.000025
ANIMEUSDT,2025-02-12 16:00:00,0.000025
ANIMEUSDT,2025-02-12 14:00:00,0.000025
ANIMEUSDT,2025-02-12 12:00:00,0.000025
ANIMEUSDT,2025-02-12 10:00:00,-0.00002668
ANIMEUSDT,2025-02-12 08:00:00,0.000025
ANIMEUSDT,2025-02-12 06:00:00,0.000025
ANIMEUSDT,2025-02-12 04:00:00,0.000025
ANIMEUSDT,2025-02-12 02:00:00,-0.00019038
ANIMEUSDT,2025-02-12 00:00:00,-0.00061241
ANIMEUSDT,2025-02-11 22:00:00,-0.00077664
ANIMEUSDT,2025-02-11 20:00:00,-0.00033258
ANIMEUSDT,2025-02-11 18:00:00,0.000025
ANIMEUSDT,2025-02-11 16:00:00,0.000025
ANIMEUSDT,2025-02-11 14:00:00,0.000025
ANIMEUSDT,2025-02-11 12:00:00,0.000025
ANIMEUSDT,2025-02-11 10:00:00,0.000025
ANIMEUSDT,2025-02-11 08:00:00,0.000025
ANIMEUSDT,2025-02-11 06:00:00,0.000025
ANIMEUSDT,2025-02-11 04:00:00,0.000025
ANIMEUSDT,2025-02-11 02:00:00,0.000025
ANIMEUSDT,2025-02-11 00:00:00,0.000025
ANIMEUSDT,2025-02-10 22:00:00,0.000025
ANIMEUSDT,2025-02-10 20:00:00,0.000025
ANIMEUSDT,2025-02-10 18:00:00,0.000025
ANIMEUSDT,2025-02-10 16:00:00,0.000025
ANIMEUSDT,2025-02-10 14:00:00,0.000025
ANIMEUSDT,2025-02-10 12:00:00,0.000025
ANIMEUSDT,2025-02-10 10:00:00,0.000025
ANIMEUSDT,2025-02-10 08:00:00,0.000025
ANIMEUSDT,2025-02-10 06:00:00,0.000025
ANIMEUSDT,2025-02-10 04:00:00,0.000025
ANIMEUSDT,2025-02-10 02:00:00,-0.00072833
ANIMEUSDT,2025-02-10 00:00:00,0.000025
ANIMEUSDT,2025-02-09 22:00:00,0.000025
ANIMEUSDT,2025-02-09 20:00:00,-0.00009204
ANIMEUSDT,2025-02-09 18:00:00,0.000025
ANIMEUSDT,2025-02-09 16:00:00,0.000025
ANIMEUSDT,2025-02-09 14:00:00,0.000025
ANIMEUSDT,2025-02-09 12:00:00,0.000025
ANIMEUSDT,2025-02-09 10:00:00,0.000025
ANIMEUSDT,2025-02-09 08:00:00,0.000025
ANIMEUSDT,2025-02-09 06:00:00,0.000025
ANIMEUSDT,2025-02-09 04:00:00,0.000025
ANIMEUSDT,2025-02-09 02:00:00,0.000025
ANIMEUSDT,2025-02-09 00:00:00,0.000025
ANIMEUSDT,2025-02-08 22:00:00,0.000025
ANIMEUSDT,2025-02-08 20:00:00,0.000025
ANIMEUSDT,2025-02-08 18:00:00,0.000025
ANIMEUSDT,2025-02-08 16:00:00,-0.00003083
ANIMEUSDT,2025-02-08 14:00:00,0.00000063
ANIMEUSDT,2025-02-08 12:00:00,0.000025
ANIMEUSDT,2025-02-08 10:00:00,0.000025
ANIMEUSDT,2025-02-08 08:00:00,0.000025
ANIMEUSDT,2025-02-08 06:00:00,0.00002467
ANIMEUSDT,2025-02-08 04:00:00,-0.00010512
ANIMEUSDT,2025-02-08 02:00:00,0.000025
ANIMEUSDT,2025-02-08 00:00:00,-0.00009593
ANIMEUSDT,2025-02-07 22:00:00,0.000025
ANIMEUSDT,2025-02-07 20:00:00,0.000025
ANIMEUSDT,2025-02-07 18:00:00,0.000025
ANIMEUSDT,2025-02-07 16:00:00,0.000025
ANIMEUSDT,2025-02-07 14:00:00,0.000025
ANIMEUSDT,2025-02-07 12:00:00,0.000025
ANIMEUSDT,2025-02-07 10:00:00,0.000025
ANIMEUSDT,2025-02-07 08:00:00,0.000025
ANIMEUSDT,2025-02-07 06:00:00,0.000025
ANIMEUSDT,2025-02-07 04:00:00,0.000025
ANIMEUSDT,2025-02-07 02:00:00,0.000025
ANIMEUSDT,2025-02-07 00:00:00,0.000025
ANIMEUSDT,2025-02-06 22:00:00,0.000025
ANIMEUSDT,2025-02-06 20:00:00,0.000025
ANIMEUSDT,2025-02-06 18:00:00,0.000025
ANIMEUSDT,2025-02-06 16:00:00,0.000025
ANIMEUSDT,2025-02-06 14:00:00,0.000025
ANIMEUSDT,2025-02-06 12:00:00,0.000025
ANIMEUSDT,2025-02-06 10:00:00,0.000025
BERAUSDT,2025-03-09 00:00:00,-0.00032342
BERAUSDT,2025-03-08 22:00:00,-0.00042568
BERAUSDT,2025-03-08 20:00:00,-0.00016682
BERAUSDT,2025-03-08 18:00:00,-0.00009033
BERAUSDT,2025-03-08 16:00:00,-0.00007562
BERAUSDT,2025-03-08 14:00:00,-0.00010541
BERAUSDT,2025-03-08 12:00:00,-0.00001942
BERAUSDT,2025-03-08 10:00:00,-0.00022367
BERAUSDT,2025-03-08 08:00:00,-0.00030227
BERAUSDT,2025-03-08 06:00:00,0.00000397
BERAUSDT,2025-03-08 04:00:00,-0.00030293
BERAUSDT,2025-03-08 02:00:00,-0.00071634
BERAUSDT,2025-03-08 00:00:00,-0.00038546
BERAUSDT,2025-03-07 22:00:00,-0.00007267
BERAUSDT,2025-03-07 20:00:00,0.000025
BERAUSDT,2025-03-07 18:00:00,-0.00008949
BERAUSDT,2025-03-07 16:00:00,0.000025
BERAUSDT,2025-03-07 14:00:00,-0.00010594
BERAUSDT,2025-03-07 12:00:00,0.000025
BERAUSDT,2025-03-07 10:00:00,-0.00030889
BERAUSDT,2025-03-07 08:00:00,-0.00044326
BERAUSDT,2025-03-07 06:00:00,-0.00028019
BERAUSDT,2025-03-07 04:00:00,-0.0000471
BERAUSDT,2025-03-07 02:00:00,-0.00025522
BERAUSDT,2025-03-07 00:00:00,-0.00025793
BERAUSDT,2025-03-06 22:00:00,-0.00036601
BERAUSDT,2025-03-06 20:00:00,-0.00048021
BERAUSDT,2025-03-06 18:00:00,-0.00010135
BERAUSDT,2025-03-06 16:00:00,-0.00001541
BERAUSDT,2025-03-06 14:00:00,-0.00027378
BERAUSDT,2025-03-06 12:00:00,0.00001855
BERAUSDT,2025-03-06 10:00:00,-0.00015389
BERAUSDT,2025-03-06 08:00:00,-0.00054551
BERAUSDT,2025-03-06 06:00:00,-0.00077285
BERAUSDT,2025-03-06 04:00:00,-0.00083968
BERAUSDT,2025-03-06 02:00:00,-0.00138306
BERAUSDT,2025-03-06 00:00:00,-0.00070408
BERAUSDT,2025-03-05 22:00:00,-0.00053438
BERAUSDT,2025-03-05 20:00:00,-0.00036166
BERAUSDT,2025-03-05 18:00:00,-0.00036737
BERAUSDT,2025-03-05 16:00:00,-0.00003013
BERAUSDT,2025-03-05 14:00:00,-0.00049846
BERAUSDT,2025-03-05 12:00:00,-0.00089167
BERAUSDT,2025-03-05 10:00:00,-0.00098964
BERAUSDT,2025-03-05 08:00:00,-0.00071442
BERAUSDT,2025-03-05 06:00:00,-0.00012535
BERAUSDT,2025-03-05 04:00:00,-0.00033309
BERAUSDT,2025-03-05 02:00:00,-0.00047754
BERAUSDT,2025-03-05 00:00:00,-0.0002975
BERAUSDT,2025-03-04 22:00:00,-0.00017715
BERAUSDT,2025-03-04 20:00:00,-0.00018163
BERAUSDT,2025-03-04 18:00:00,-0.00002456
BERAUSDT,2025-03-04 16:00:00,-0.00013973
BERAUSDT,2025-03-04 14:00:00,-0.00018264
BERAUSDT,2025-03-04 12:00:00,-0.00001236
BERAUSDT,2025-03-04 10:00:00,-0.00019318
BERAUSDT,2025-03-04 08:00:00,-0.00009431
BERAUSDT,2025-03-04 06:00:00,-0.00022206
BERAUSDT,2025-03-04 04:00:00,-0.00019398
BERAUSDT,2025-03-04 02:00:00,-0.0000366
BERAUSDT,2025-03-04 00:00:00,-0.0001861
BERAUSDT,2025-03-03 22:00:00,-0.0002011
BERAUSDT,2025-03-03 20:00:00,-0.00042309
BERAUSDT,2025-03-03 18:00:00,-0.00040172
BERAUSDT,2025-03-03 16:00:00,-0.00019992
BERAUSDT,2025-03-03 14:00:00,-0.00033156
BERAUSDT,2025-03-03 12:00:00,-0.00015699
BERAUSDT,2025-03-03 10:00:00,-0.00008018
BERAUSDT,2025-03-03 08:00:00,-0.00045433
BERAUSDT,2025-03-03 06:00:00,-0.00059921
BERAUSDT,2025-03-03 04:00:00,-0.00030589
BERAUSDT,2025-03-03 02:00:00,-0.00025416
BERAUSDT,2025-03-03 00:00:00,-0.00032025
BERAUSDT,2025-03-02 22:00:00,-0.00030585
BERAUSDT,2025-03-02 20:00:00,0.000025
BERAUSDT,2025-03-02 18:00:00,-0.00015053
BERAUSDT,2025-03-02 16:00:00,-0.00026033
BERAUSDT,2025-03-02 14:00:00,-0.00011138
BERAUSDT,2025-03-02 12:00:00,-0.00014571
BERAUSDT,2025-03-02 10:00:00,-0.00031173
BERAUSDT,2025-03-02 08:00:00,-0.00041689
BERAUSDT,2025-03-02 06:00:00,-0.00013892
BERAUSDT,2025-03-02 04:00:00,-0.00028275
BERAUSDT,2025-03-02 02:00:00,-0.00007579
BERAUSDT,2025-03-02 00:00:00,0.00000462
BERAUSDT,2025-03-01 22:00:00,-0.00015272
BERAUSDT,2025-03-01 20:00:00,-0.00036645
BERAUSDT,2025-03-01 18:00:00,-0.00025886
BERAUSDT,2025-03-01 16:00:00,-0.00010941
BERAUSDT,2025-03-01 14:00:00,-0.00008966
BERAUSDT,2025-03-01 12:00:00,-0.00015369
BERAUSDT,2025-03-01 10:00:00,-0.0003653
BERAUSDT,2025-03-01 08:00:00,-0.00025031
BERAUSDT,2025-03-01 06:00:00,-0.00036898
BERAUSDT,2025-03-01 04:00:00,-0.00021324
BERAUSDT,2025-03-01 02:00:00,0.0000156
BERAUSDT,2025-03-01 00:00:00,-0.00005779
BERAUSDT,2025-02-28 22:00:00,0.000025
BERAUSDT,2025-02-28 20:00:00,0.000025
BERAUSDT,2025-02-28 18:00:00,0.000025
BERAUSDT,2025-02-28 16:00:00,0.000025
BERAUSDT,2025-02-28 14:00:00,0.000025
BERAUSDT,2025-02-28 12:00:00,0.000025
BERAUSDT,2025-02-28 10:00:00,-0.00012662
BERAUSDT,2025-02-28 08:00:00,0.000025
BERAUSDT,2025-02-28 06:00:00,0.000025
BERAUSDT,2025-02-28 04:00:00,0.000025
BERAUSDT,2025-02-28 02:00:00,0.000025
BERAUSDT,2025-02-28 00:00:00,-0.00022279
BERAUSDT,2025-02-27 22:00:00,0.000025
BERAUSDT,2025-02-27 20:00:00,0.000025
BERAUSDT,2025-02-27 18:00:00,0.000025
BERAUSDT,2025-02-27 16:00:00,-0.00029095
BERAUSDT,2025-02-27 14:00:00,-0.00023309
BERAUSDT,2025-02-27 12:00:00,-0.00063729
BERAUSDT,2025-02-27 10:00:00,-0.00016376
BERAUSDT,2025-02-27 08:00:00,-0.00024646
BERAUSDT,2025-02-27 06:00:00,-0.00021678
BERAUSDT,2025-02-27 04:00:00,-0.00023746
BERAUSDT,2025-02-27 02:00:00,-0.00019523
BERAUSDT,2025-02-27 00:00:00,-0.00010378
BERAUSDT,2025-02-26 22:00:00,0.000025
BERAUSDT,2025-02-26 20:00:00,0.000025
BERAUSDT,2025-02-26 18:00:00,-0.00014794
BERAUSDT,2025-02-26 16:00:00,-0.00035845
BERAUSDT,2025-02-26 14:00:00,0.000025
BERAUSDT,2025-02-26 12:00:00,-0.00064645
BERAUSDT,2025-02-26 10:00:00,-0.00025496
BERAUSDT,2025-02-26 08:00:00,-0.00005353
BERAUSDT,2025-02-26 06:00:00,0.00002167
BERAUSDT,2025-02-26 04:00:00,-0.00007005
BERAUSDT,2025-02-26 02:00:00,-0.00007568
BERAUSDT,2025-02-26 00:00:00,0.000025
BERAUSDT,2025-02-25 22:00:00,0.000025
BERAUSDT,2025-02-25 20:00:00,-0.00011537
BERAUSDT,2025-02-25 18:00:00,0.000025
BERAUSDT,2025-02-25 16:00:00,0.000025
BERAUSDT,2025-02-25 14:00:00,0.000025
BERAUSDT,2025-02-25 12:00:00,0.000025
BERAUSDT,2025-02-25 10:00:00,0.000025
BERAUSDT,2025-02-25 08:00:00,0.000025
BERAUSDT,2025-02-25 06:00:00,0.000025
BERAUSDT,2025-02-25 04:00:00,0.000025
BERAUSDT,2025-02-25 02:00:00,0.000025
BERAUSDT,2025-02-25 00:00:00,0.000025
BERAUSDT,2025-02-24 22:00:00,-0.0003975
BERAUSDT,2025-02-24 20:00:00,-0.00023908
BERAUSDT,2025-02-24 18:00:00,-0.00055787
BERAUSDT,2025-02-24 16:00:00,0.000025
BERAUSDT,2025-02-24 14:00:00,-0.00001194
BERAUSDT,2025-02-24 12:00:00,0.00001946
BERAUSDT,2025-02-24 10:00:00,-0.00000107
BERAUSDT,2025-02-24 08:00:00,0.000025
BERAUSDT,2025-02-24 06:00:00,0.000025
BERAUSDT,2025-02-24 04:00:00,0.000025
BERAUSDT,2025-02-24 02:00:00,-0.00083304
BERAUSDT,2025-02-24 00:00:00,-0.00061297
BERAUSDT,2025-02-23 22:00:00,-0.00033354
BERAUSDT,2025-02-23 20:00:00,-0.00035214
BERAUSDT,2025-02-23 18:00:00,-0.00030355
BERAUSDT,2025-02-23 16:00:00,0.000025
BERAUSDT,2025-02-23 14:00:00,0.000025
BERAUSDT,2025-02-23 12:00:00,-0.00022654
BERAUSDT,2025-02-23 10:00:00,-0.0005161
BERAUSDT,2025-02-23 08:00:00,-0.00075383
BERAUSDT,2025-02-23 06:00:00,-0.00094836
BERAUSDT,2025-02-23 04:00:00,-0.00015833
BERAUSDT,2025-02-23 02:00:00,-0.00057262
BERAUSDT,2025-02-23 00:00:00,-0.00040207
BERAUSDT,2025-02-22 22:00:00,-0.00037717
BERAUSDT,2025-02-22 20:00:00,-0.0009112
BERAUSDT,2025-02-22 18:00:00,-0.00062091
BERAUSDT,2025-02-22 16:00:00,-0.00004038
BERAUSDT,2025-02-22 14:00:00,-0.00005655
BERAUSDT,2025-02-22 12:00:00,-0.00024529
BERAUSDT,2025-02-22 10:00:00,-0.00001971
BERAUSDT,2025-02-22 08:00:00,-0.0001848
BERAUSDT,2025-02-22 06:00:00,0.000025
BERAUSDT,2025-02-22 04:00:00,0.000025
BERAUSDT,2025-02-22 02:00:00,0.000025
BERAUSDT,2025-02-22 00:00:00,0.000025
BERAUSDT,2025-02-21 22:00:00,0.00030041
BERAUSDT,2025-02-21 20:00:00,-0.00000172
BERAUSDT,2025-02-21 18:00:00,0.00001685
BERAUSDT,2025-02-21 16:00:00,-0.00005358
BERAUSDT,2025-02-21 14:00:00,-0.00022623
BERAUSDT,2025-02-21 12:00:00,-0.00028868
BERAUSDT,2025-02-21 10:00:00,-0.00020382
BERAUSDT,2025-02-21 08:00:00,-0.00021745
BERAUSDT,2025-02-21 06:00:00,-0.00022088
BERAUSDT,2025-02-21 04:00:00,-0.00009262
BERAUSDT,2025-02-21 02:00:00,-0.00011604
BERAUSDT,2025-02-21 00:00:00,-0.00111208
BERAUSDT,2025-02-20 22:00:00,-0.00043935
BERAUSDT,2025-02-20 20:00:00,-0.00093491
BERAUSDT,2025-02-20 18:00:00,-0.00061787
BERAUSDT,2025-02-20 16:00:00,0.000025
BERAUSDT,2025-02-20 14:00:00,0.000025
BERAUSDT,2025-02-20 12:00:00,-0.00058908
BERAUSDT,2025-02-20 10:00:00,-0.00131849
B3USDT,2025-03-13 00:00:00,0.000025
B3USDT,2025-03-12 22:00:00,0.000025
B3USDT,2025-03-12 20:00:00,0.000025
B3USDT,2025-03-12 18:00:00,0.000025
B3USDT,2025-03-12 16:00:00,-0.00321063
B3USDT,2025-03-12 14:00:00,-0.00136641
B3USDT,2025-03-12 12:00:00,-0.00041938
B3USDT,2025-03-12 10:00:00,-0.0006676
B3USDT,2025-03-12 08:00:00,-0.00040856
B3USDT,2025-03-12 06:00:00,0.000025
B3USDT,2025-03-12 04:00:00,0.000025
B3USDT,2025-03-12 02:00:00,0.000025
B3USDT,2025-03-12 00:00:00,0.000025
B3USDT,2025-03-11 22:00:00,0.000025
B3USDT,2025-03-11 20:00:00,0.000025
B3USDT,2025-03-11 18:00:00,0.000025
B3USDT,2025-03-11 16:00:00,-0.0017962
B3USDT,2025-03-11 14:00:00,-0.00227001
B3USDT,2025-03-11 12:00:00,-0.00569638
B3USDT,2025-03-11 10:00:00,-0.00311365
B3USDT,2025-03-11 08:00:00,-0.00268881
B3USDT,2025-03-11 06:00:00,-0.00197932
B3USDT,2025-03-11 04:00:00,-0.00015899
B3USDT,2025-03-11 02:00:00,0.000025
B3USDT,2025-03-11 00:00:00,-0.00118738
B3USDT,2025-03-10 22:00:00,-0.00063246
B3USDT,2025-03-10 20:00:00,-0.00070727
B3USDT,2025-03-10 18:00:00,-0.000147
B3USDT,2025-03-10 16:00:00,-0.00134198
B3USDT,2025-03-10 14:00:00,-0.0028973
B3USDT,2025-03-10 12:00:00,-0.00112451
B3USDT,2025-03-10 10:00:00,-0.00266024
B3USDT,2025-03-10 08:00:00,-0.00038117
B3USDT,2025-03-10 06:00:00,-0.00043322
B3USDT,2025-03-10 04:00:00,-0.00323981
B3USDT,2025-03-10 02:00:00,-0.00480828
B3USDT,2025-03-10 00:00:00,-0.00484627
B3USDT,2025-03-09 22:00:00,-0.00132949
B3USDT,2025-03-09 20:00:00,-0.00069499
B3USDT,2025-03-09 18:00:00,-0.00024329
B3USDT,2025-03-09 16:00:00,-0.00165799
B3USDT,2025-03-09 14:00:00,-0.003203
B3USDT,2025-03-09 12:00:00,-0.01
B3USDT,2025-03-09 10:00:00,-0.00432785
B3USDT,2025-03-09 08:00:00,-0.00555053
B3USDT,2025-03-09 06:00:00,-0.00432781
B3USDT,2025-03-09 04:00:00,-0.0035556
B3USDT,2025-03-09 02:00:00,-0.00007469
B3USDT,2025-03-09 00:00:00,0.000025
B3USDT,2025-03-08 22:00:00,0.000025
B3USDT,2025-03-08 20:00:00,0.000025
B3USDT,2025-03-08 18:00:00,0.000025
B3USDT,2025-03-08 16:00:00,0.000025
B3USDT,2025-03-08 14:00:00,0.00002124
B3USDT,2025-03-08 12:00:00,-0.00022052
B3USDT,2025-03-08 10:00:00,-0.00037109
B3USDT,2025-03-08 08:00:00,-0.0000875
B3USDT,2025-03-08 06:00:00,0.000025
B3USDT,2025-03-08 04:00:00,-0.0000881
B3USDT,2025-03-08 02:00:00,0.000025
B3USDT,2025-03-08 00:00:00,0.000025
B3USDT,2025-03-07 22:00:00,0.000025
B3USDT,2025-03-07 20:00:00,0.000025
B3USDT,2025-03-07 18:00:00,0.000025
B3USDT,2025-03-07 16:00:00,0.000025
B3USDT,2025-03-07 14:00:00,0.000025
B3USDT,2025-03-07 12:00:00,0.000025
B3USDT,2025-03-07 10:00:00,0.000025
B3USDT,2025-03-07 08:00:00,0.000025
B3USDT,2025-03-07 06:00:00,0.000025
B3USDT,2025-03-07 04:00:00,0.000025
B3USDT,2025-03-07 02:00:00,0.000025
B3USDT,2025-03-07 00:00:00,0.000025
B3USDT,2025-03-06 22:00:00,0.000025
B3USDT,2025-03-06 20:00:00,0.000025
B3USDT,2025-03-06 18:00:00,0.000025
B3USDT,2025-03-06 16:00:00,0.000025
B3USDT,2025-03-06 14:00:00,0.000025
B3USDT,2025-03-06 12:00:00,0.000025
B3USDT,2025-03-06 10:00:00,0.000025
B3USDT,2025-03-06 08:00:00,0.000025
B3USDT,2025-03-06 06:00:00,0.000025
B3USDT,2025-03-06 04:00:00,0.000025
B3USDT,2025-03-06 02:00:00,0.000025
B3USDT,2025-03-06 00:00:00,0.000025
B3USDT,2025-03-05 22:00:00,0.000025
B3USDT,2025-03-05 20:00:00,0.000025
B3USDT,2025-03-05 18:00:00,0.000025
B3USDT,2025-03-05 16:00:00,0.000025
B3USDT,2025-03-05 14:00:00,0.000025
B3USDT,2025-03-05 12:00:00,0.000025
B3USDT,2025-03-05 10:00:00,0.000025
B3USDT,2025-03-05 08:00:00,0.000025
B3USDT,2025-03-05 06:00:00,0.000025
B3USDT,2025-03-05 04:00:00,0.000025
B3USDT,2025-03-05 02:00:00,0.000025
B3USDT,2025-03-05 00:00:00,0.000025
B3USDT,2025-03-04 22:00:00,0.000025
B3USDT,2025-03-04 20:00:00,0.000025
B3USDT,2025-03-04 18:00:00,0.000025
B3USDT,2025-03-04 16:00:00,0.000025
B3USDT,2025-03-04 14:00:00,0.000025
B3USDT,2025-03-04 12:00:00,0.000025
B3USDT,2025-03-04 10:00:00,0.000025
B3USDT,2025-03-04 08:00:00,0.000025
B3USDT,2025-03-04 06:00:00,0.000025
B3USDT,2025-03-04 04:00:00,0.000025
B3USDT,2025-03-04 02:00:00,0.000025
B3USDT,2025-03-04 00:00:00,0.000025
B3USDT,2025-03-03 22:00:00,0.000025
B3USDT,2025-03-03 20:00:00,0.000025
B3USDT,2025-03-03 18:00:00,0.000025
B3USDT,2025-03-03 16:00:00,0.000025
B3USDT,2025-03-03 14:00:00,0.000025
B3USDT,2025-03-03 12:00:00,0.000025
B3USDT,2025-03-03 10:00:00,0.000025
B3USDT,2025-03-03 08:00:00,0.000025
B3USDT,2025-03-03 06:00:00,0.000025
B3USDT,2025-03-03 04:00:00,0.000025
B3USDT,2025-03-03 02:00:00,0.000025
B3USDT,2025-03-03 00:00:00,0.000025
B3USDT,2025-03-02 22:00:00,0.000025
B3USDT,2025-03-02 20:00:00,0.000025
B3USDT,2025-03-02 18:00:00,0.000025
B3USDT,2025-03-02 16:00:00,0.000025
B3USDT,2025-03-02 14:00:00,0.000025
B3USDT,2025-03-02 12:00:00,0.000025
B3USDT,2025-03-02 10:00:00,0.000025
B3USDT,2025-03-02 08:00:00,0.000025
B3USDT,2025-03-02 06:00:00,0.000025
B3USDT,2025-03-02 04:00:00,0.000025
B3USDT,2025-03-02 02:00:00,0.000025
B3USDT,2025-03-02 00:00:00,0.000025
B3USDT,2025-03-01 22:00:00,0.000025
B3USDT,2025-03-01 20:00:00,0.000025
B3USDT,2025-03-01 18:00:00,0.000025
B3USDT,2025-03-01 16:00:00,-0.00010667
B3USDT,2025-03-01 14:00:00,0.000025
B3USDT,2025-03-01 12:00:00,0.000025
B3USDT,2025-03-01 10:00:00,0.000025
B3USDT,2025-03-01 08:00:00,0.000025
B3USDT,2025-03-01 06:00:00,0.000025
B3USDT,2025-03-01 04:00:00,0.000025
B3USDT,2025-03-01 02:00:00,0.000025
B3USDT,2025-03-01 00:00:00,0.000025
B3USDT,2025-02-28 22:00:00,0.000025
B3USDT,2025-02-28 20:00:00,0.000025
B3USDT,2025-02-28 18:00:00,0.000025
B3USDT,2025-02-28 16:00:00,0.000025
B3USDT,2025-02-28 14:00:00,0.000025
B3USDT,2025-02-28 12:00:00,0.000025
B3USDT,2025-02-28 10:00:00,0.000025
B3USDT,2025-02-28 08:00:00,0.000025
B3USDT,2025-02-28 06:00:00,0.000025
B3USDT,2025-02-28 04:00:00,0.000025
B3USDT,2025-02-28 02:00:00,0.000025
B3USDT,2025-02-28 00:00:00,0.000025
B3USDT,2025-02-27 22:00:00,0.000025
B3USDT,2025-02-27 20:00:00,0.000025
B3USDT,2025-02-27 18:00:00,0.000025
B3USDT,2025-02-27 16:00:00,0.000025
B3USDT,2025-02-27 14:00:00,0.000025
B3USDT,2025-02-27 12:00:00,0.000025
B3USDT,2025-02-27 10:00:00,0.000025
B3USDT,2025-02-27 08:00:00,0.000025
B3USDT,2025-02-27 06:00:00,0.000025
B3USDT,2025-02-27 04:00:00,0.000025
B3USDT,2025-02-27 02:00:00,0.000025
B3USDT,2025-02-27 00:00:00,0.000025
B3USDT,2025-02-26 22:00:00,0.000025
B3USDT,2025-02-26 20:00:00,0.000025
B3USDT,2025-02-26 18:00:00,0.000025
B3USDT,2025-02-26 16:00:00,0.000025
B3USDT,2025-02-26 14:00:00,0.000025
B3USDT,2025-02-26 12:00:00,0.000025
B3USDT,2025-02-26 10:00:00,0.000025
B3USDT,2025-02-26 08:00:00,0.000025
B3USDT,2025-02-26 06:00:00,0.000025
B3USDT,2025-02-26 04:00:00,0.000025
B3USDT,2025-02-26 02:00:00,0.000025
B3USDT,2025-02-26 00:00:00,0.000025
B3USDT,2025-02-25 22:00:00,0.000025
B3USDT,2025-02-25 20:00:00,0.000025
B3USDT,2025-02-25 18:00:00,0.000025
B3USDT,2025-02-25 16:00:00,0.000025
B3USDT,2025-02-25 14:00:00,0.000025
B3USDT,2025-02-25 12:00:00,0.000025
B3USDT,2025-02-25 10:00:00,0.000025
B3USDT,2025-02-25 08:00:00,0.000025
B3USDT,2025-02-25 06:00:00,0.000025
B3USDT,2025-02-25 04:00:00,0.000025
B3USDT,2025-02-25 02:00:00,0.000025
B3USDT,2025-02-25 00:00:00,0.000025
B3USDT,2025-02-24 22:00:00,0.000025
B3USDT,2025-02-24 20:00:00,0.000025
B3USDT,2025-02-24 18:00:00,0.000025
B3USDT,2025-02-24 16:00:00,0.000025
B3USDT,2025-02-24 14:00:00,0.000025
B3USDT,2025-02-24 12:00:00,0.000025
B3USDT,2025-02-24 10:00:00,0.000025
ROAMUSDT,2025-04-06 00:00:00,0.00005
ROAMUSDT,2025-04-05 20:00:00,0.00005
ROAMUSDT,2025-04-05 16:00:00,0.00005
ROAMUSDT,2025-04-05 12:00:00,0.00005
ROAMUSDT,2025-04-05 08:00:00,0.00005
ROAMUSDT,2025-04-05 04:00:00,-0.00003032
ROAMUSDT,2025-04-05 00:00:00,0.00005
ROAMUSDT,2025-04-04 20:00:00,0.00005
ROAMUSDT,2025-04-04 16:00:00,-0.00014201
ROAMUSDT,2025-04-04 12:00:00,0.00005
ROAMUSDT,2025-04-04 08:00:00,0.00005
ROAMUSDT,2025-04-04 04:00:00,0.00005
ROAMUSDT,2025-04-04 00:00:00,0.00005
ROAMUSDT,2025-04-03 20:00:00,0.00005
ROAMUSDT,2025-04-03 16:00:00,0.00005
ROAMUSDT,2025-04-03 12:00:00,0.00005
ROAMUSDT,2025-04-03 08:00:00,0.00005
ROAMUSDT,2025-04-03 04:00:00,0.00005
ROAMUSDT,2025-04-03 00:00:00,-0.00010457
ROAMUSDT,2025-04-02 20:00:00,0.00005
ROAMUSDT,2025-04-02 16:00:00,0.00005
ROAMUSDT,2025-04-02 12:00:00,0.00005
ROAMUSDT,2025-04-02 08:00:00,0.00005
ROAMUSDT,2025-04-02 04:00:00,0.00005
ROAMUSDT,2025-04-02 00:00:00,0.00005
ROAMUSDT,2025-04-01 20:00:00,0.00005
ROAMUSDT,2025-04-01 16:00:00,0.00005
ROAMUSDT,2025-04-01 12:00:00,0.00005
ROAMUSDT,2025-04-01 08:00:00,0.00005
ROAMUSDT,2025-04-01 04:00:00,0.00005
ROAMUSDT,2025-04-01 00:00:00,0.00005
ROAMUSDT,2025-03-31 20:00:00,0.00005
ROAMUSDT,2025-03-31 16:00:00,0.00005
ROAMUSDT,2025-03-31 12:00:00,0.00005
ROAMUSDT,2025-03-31 08:00:00,0.00005
ROAMUSDT,2025-03-31 04:00:00,0.00005
ROAMUSDT,2025-03-31 00:00:00,0.00005
ROAMUSDT,2025-03-30 20:00:00,0.00005
ROAMUSDT,2025-03-30 16:00:00,0.00005
ROAMUSDT,2025-03-30 12:00:00,0.00005
ROAMUSDT,2025-03-30 08:00:00,0.00005
ROAMUSDT,2025-03-30 04:00:00,0.00005
ROAMUSDT,2025-03-30 00:00:00,0.00002561
ROAMUSDT,2025-03-29 20:00:00,0.00005
ROAMUSDT,2025-03-29 16:00:00,0.00005
ROAMUSDT,2025-03-29 12:00:00,0.00005
ROAMUSDT,2025-03-29 08:00:00,0.00005
ROAMUSDT,2025-03-29 04:00:00,0.00005
ROAMUSDT,2025-03-29 00:00:00,0.00005
ROAMUSDT,2025-03-28 20:00:00,0.00005
ROAMUSDT,2025-03-28 16:00:00,0.00005
ROAMUSDT,2025-03-28 12:00:00,0.00005
ROAMUSDT,2025-03-28 08:00:00,0.00005
ROAMUSDT,2025-03-28 04:00:00,0.00005
ROAMUSDT,2025-03-28 00:00:00,0.00005
ROAMUSDT,2025-03-27 20:00:00,0.00005
ROAMUSDT,2025-03-27 16:00:00,0.00005
ROAMUSDT,2025-03-27 12:00:00,0.00005
ROAMUSDT,2025-03-27 08:00:00,0.00005
ROAMUSDT,2025-03-27 04:00:00,0.00005
ROAMUSDT,2025-03-27 00:00:00,0.00005
ROAMUSDT,2025-03-26 20:00:00,0.00005
ROAMUSDT,2025-03-26 16:00:00,0.00005
ROAMUSDT,2025-03-26 12:00:00,0.00005
ROAMUSDT,2025-03-26 08:00:00,0.00005
ROAMUSDT,2025-03-26 04:00:00,0.00005
ROAMUSDT,2025-03-26 00:00:00,0.00005
ROAMUSDT,2025-03-25 20:00:00,0.00005
ROAMUSDT,2025-03-25 16:00:00,0.00005
ROAMUSDT,2025-03-25 12:00:00,0.00005
ROAMUSDT,2025-03-25 08:00:00,0.00005
ROAMUSDT,2025-03-25 04:00:00,0.00005
ROAMUSDT,2025-03-25 00:00:00,0.00005
ROAMUSDT,2025-03-24 20:00:00,0.00005
ROAMUSDT,2025-03-24 16:00:00,0.00005
ROAMUSDT,2025-03-24 12:00:00,0.00005
ROAMUSDT,2025-03-24 08:00:00,0.00005
ROAMUSDT,2025-03-24 04:00:00,0.00005
ROAMUSDT,2025-03-24 00:00:00,0.00005
ROAMUSDT,2025-03-23 20:00:00,0.00005
ROAMUSDT,2025-03-23 16:00:00,0.00005
ROAMUSDT,2025-03-23 12:00:00,0.00005
ROAMUSDT,2025-03-23 08:00:00,0.00005
ROAMUSDT,2025-03-23 04:00:00,0.00005
ROAMUSDT,2025-03-23 00:00:00,0.00005
ROAMUSDT,2025-03-22 20:00:00,0.00005
ROAMUSDT,2025-03-22 16:00:00,0.00005
ROAMUSDT,2025-03-22 12:00:00,0.00005
ROAMUSDT,2025-03-22 08:00:00,0.00005
ROAMUSDT,2025-03-22 04:00:00,0.00005
ROAMUSDT,2025-03-22 00:00:00,0.00005
ROAMUSDT,2025-03-21 20:00:00,0.00005
ROAMUSDT,2025-03-21 16:00:00,0.00005
ROAMUSDT,2025-03-21 12:00:00,0.00005
ROAMUSDT,2025-03-21 08:00:00,0.00005
ROAMUSDT,2025-03-21 04:00:00,0.00005
ROAMUSDT,2025-03-21 00:00:00,0.00005
ROAMUSDT,2025-03-20 20:00:00,0.00005
ROAMUSDT,2025-03-20 16:00:00,0.00005
ROAMUSDT,2025-03-20 12:00:00,0.00005
ROAMUSDT,2025-03-20 08:00:00,0.00005
ROAMUSDT,2025-03-20 04:00:00,0.00005
ROAMUSDT,2025-03-20 00:00:00,0.00005
ROAMUSDT,2025-03-19 20:00:00,0.00005
ROAMUSDT,2025-03-19 16:00:00,0.00005
ROAMUSDT,2025-03-19 12:00:00,0.00005
ROAMUSDT,2025-03-19 08:00:00,0.00005
ROAMUSDT,2025-03-19 04:00:00,0.00005
ROAMUSDT,2025-03-19 00:00:00,0.00005
ROAMUSDT,2025-03-18 20:00:00,0.00005
ROAMUSDT,2025-03-18 16:00:00,0.00005
ROAMUSDT,2025-03-18 12:00:00,0.00005
ROAMUSDT,2025-03-18 08:00:00,-0.00156411
ROAMUSDT,2025-03-18 04:00:00,-0.00011833
ROAMUSDT,2025-03-18 00:00:00,0.00005
ROAMUSDT,2025-03-17 20:00:00,0.00005
ROAMUSDT,2025-03-17 16:00:00,-0.00003808
ROAMUSDT,2025-03-17 12:00:00,0.00005
ROAMUSDT,2025-03-17 08:00:00,0.00005
ROAMUSDT,2025-03-17 04:00:00,-0.00005692
ROAMUSDT,2025-03-17 00:00:00,0.00005
ROAMUSDT,2025-03-16 20:00:00,0.00005
ROAMUSDT,2025-03-16 16:00:00,0.00005
ROAMUSDT,2025-03-16 12:00:00,0.00005
ROAMUSDT,2025-03-16 08:00:00,-0.00054033
ROAMUSDT,2025-03-16 04:00:00,0.00005
ROAMUSDT,2025-03-16 00:00:00,0.00005
ROAMUSDT,2025-03-15 20:00:00,0.00005
ROAMUSDT,2025-03-15 16:00:00,0.00005
ROAMUSDT,2025-03-15 12:00:00,0.00005
ROAMUSDT,2025-03-15 08:00:00,0.00005
ROAMUSDT,2025-03-15 04:00:00,0.00005
ROAMUSDT,2025-03-15 00:00:00,0.00005
ROAMUSDT,2025-03-14 20:00:00,0.00005
ROAMUSDT,2025-03-14 16:00:00,-0.00027598
ROAMUSDT,2025-03-14 12:00:00,-0.00051085
ROAMUSDT,2025-03-14 08:00:00,-0.0002123
ROAMUSDT,2025-03-14 04:00:00,-0.00049539
ROAMUSDT,2025-03-14 00:00:00,0.00005
ROAMUSDT,2025-03-13 20:00:00,0.00001186
ROAMUSDT,2025-03-13 16:00:00,0.00005
ROAMUSDT,2025-03-13 12:00:00,0.00005
ROAMUSDT,2025-03-13 08:00:00,0.00005
ROAMUSDT,2025-03-13 04:00:00,-0.00006784
ROAMUSDT,2025-03-13 00:00:00,-0.00028261
ROAMUSDT,2025-03-12 20:00:00,-0.00021991
ROAMUSDT,2025-03-12 16:00:00,0.00001629
ROAMUSDT,2025-03-12 12:00:00,0.00005
ROAMUSDT,2025-03-12 08:00:00,-0.00012876
ROAMUSDT,2025-03-12 04:00:00,0.00005
ROAMUSDT,2025-03-12 00:00:00,0.00005
ROAMUSDT,2025-03-11 20:00:00,0.00005
ROAMUSDT,2025-03-11 16:00:00,0.00005
ROAMUSDT,2025-03-11 12:00:00,-0.00070316
ROAMUSDT,2025-03-11 08:00:00,-0.0001883
ROAMUSDT,2025-03-11 04:00:00,-0.00012141
ROAMUSDT,2025-03-11 00:00:00,-0.00631649
ROAMUSDT,2025-03-10 20:00:00,-0.00676066
ROAMUSDT,2025-03-10 16:00:00,-0.00282431
ROAMUSDT,2025-03-10 12:00:00,-0.00175536
ROAMUSDT,2025-03-10 08:00:00,-0.00035089
ROAMUSDT,2025-03-10 04:00:00,0.00005
ROAMUSDT,2025-03-10 00:00:00,0.00005
ROAMUSDT,2025-03-09 20:00:00,0.00005
ROAMUSDT,2025-03-09 16:00:00,0.00001618
ROAMUSDT,2025-03-09 12:00:00,0.00000718
ROAMUSDT,2025-03-09 08:00:00,-0.00087994
ROAMUSDT,2025-03-09 04:00:00,-0.0005142
ROAMUSDT,2025-03-09 00:00:00,0.00005
ROAMUSDT,2025-03-08 20:00:00,0.00005
ROAMUSDT,2025-03-08 16:00:00,0.00005
ROAMUSDT,2025-03-08 12:00:00,0.00005
ROAMUSDT,2025-03-08 08:00:00,0.00005
ROAMUSDT,2025-03-08 04:00:00,0.00005
ROAMUSDT,2025-03-08 00:00:00,0.00005
ROAMUSDT,2025-03-07 20:00:00,-0.00042471
ROAMUSDT,2025-03-07 16:00:00,-0.0010511
ROAMUSDT,2025-03-07 12:00:00,-0.0002731
ROAMUSDT,2025-03-07 08:00:00,0.00005
REDUSDT,2025-04-06 00:00:00,0.00005
REDUSDT,2025-04-05 20:00:00,0.00003165
REDUSDT,2025-04-05 16:00:00,-0.00000552
REDUSDT,2025-04-05 12:00:00,0.00005
REDUSDT,2025-04-05 08:00:00,0.00005
REDUSDT,2025-04-05 04:00:00,0.00005
REDUSDT,2025-04-05 00:00:00,0.00005
REDUSDT,2025-04-04 20:00:00,0.00005
REDUSDT,2025-04-04 16:00:00,0.00005
REDUSDT,2025-04-04 12:00:00,0.00005
REDUSDT,2025-04-04 08:00:00,0.00005
REDUSDT,2025-04-04 04:00:00,0.00005
REDUSDT,2025-04-04 00:00:00,0.00005
REDUSDT,2025-04-03 20:00:00,0.00005
REDUSDT,2025-04-03 16:00:00,0.00001276
REDUSDT,2025-04-03 12:00:00,0.00005
REDUSDT,2025-04-03 08:00:00,0.00005
REDUSDT,2025-04-03 04:00:00,0.00005
REDUSDT,2025-04-03 00:00:00,0.00005
REDUSDT,2025-04-02 20:00:00,0.00005
REDUSDT,2025-04-02 16:00:00,0.00005
REDUSDT,2025-04-02 12:00:00,0.00005
REDUSDT,2025-04-02 08:00:00,-0.0000817
REDUSDT,2025-04-02 04:00:00,0.00005
REDUSDT,2025-04-02 00:00:00,-0.00001683
REDUSDT,2025-04-01 20:00:00,-0.0001474
REDUSDT,2025-04-01 16:00:00,0.00005
REDUSDT,2025-04-01 12:00:00,0.00005
REDUSDT,2025-04-01 08:00:00,0.00004623
REDUSDT,2025-04-01 04:00:00,-0.00008218
REDUSDT,2025-04-01 00:00:00,0.00005
REDUSDT,2025-03-31 20:00:00,0.00005
REDUSDT,2025-03-31 16:00:00,0.00003294
REDUSDT,2025-03-31 12:00:00,0.0000145
REDUSDT,2025-03-31 08:00:00,0.00004774
REDUSDT,2025-03-31 04:00:00,0.00005
REDUSDT,2025-03-31 00:00:00,-0.00002779
REDUSDT,2025-03-30 20:00:00,0.00005
REDUSDT,2025-03-30 16:00:00,0.00005
REDUSDT,2025-03-30 12:00:00,0.00005
REDUSDT,2025-03-30 08:00:00,0.00005
REDUSDT,2025-03-30 04:00:00,-0.0002453
REDUSDT,2025-03-30 00:00:00,-0.0015077
REDUSDT,2025-03-29 20:00:00,-0.00033156
REDUSDT,2025-03-29 16:00:00,-0.00008204
REDUSDT,2025-03-29 12:00:00,-0.00014858
REDUSDT,2025-03-29 08:00:00,-0.00013611
REDUSDT,2025-03-29 04:00:00,0.00005
REDUSDT,2025-03-29 00:00:00,0.00005
REDUSDT,2025-03-28 20:00:00,0.00005
REDUSDT,2025-03-28 16:00:00,0.00005
REDUSDT,2025-03-28 12:00:00,-0.0000324
REDUSDT,2025-03-28 08:00:00,-0.00014104
REDUSDT,2025-03-28 04:00:00,-0.00003814
REDUSDT,2025-03-28 00:00:00,-0.00071909
REDUSDT,2025-03-27 20:00:00,-0.00096671
REDUSDT,2025-03-27 16:00:00,-0.0007138
REDUSDT,2025-03-27 12:00:00,-0.00124103
REDUSDT,2025-03-27 08:00:00,-0.00130239
REDUSDT,2025-03-27 04:00:00,-0.00214019
REDUSDT,2025-03-27 00:00:00,-0.00145938
REDUSDT,2025-03-26 20:00:00,-0.00070649
REDUSDT,2025-03-26 16:00:00,-0.00053115
REDUSDT,2025-03-26 12:00:00,0.00000514
REDUSDT,2025-03-26 08:00:00,-0.00067528
REDUSDT,2025-03-26 04:00:00,-0.00144368
REDUSDT,2025-03-26 00:00:00,-0.00184489
REDUSDT,2025-03-25 20:00:00,-0.00048664
REDUSDT,2025-03-25 16:00:00,-0.00063656
REDUSDT,2025-03-25 12:00:00,-0.00289993
REDUSDT,2025-03-25 08:00:00,-0.0060496
REDUSDT,2025-03-25 04:00:00,-0.00162372
REDUSDT,2025-03-25 00:00:00,0.00005
REDUSDT,2025-03-24 20:00:00,0.00005
REDUSDT,2025-03-24 16:00:00,0.00005
REDUSDT,2025-03-24 12:00:00,0.00005
REDUSDT,2025-03-24 08:00:00,-0.00004672
REDUSDT,2025-03-24 04:00:00,-0.00002501
REDUSDT,2025-03-24 00:00:00,-0.00023273
REDUSDT,2025-03-23 20:00:00,0.00005
REDUSDT,2025-03-23 16:00:00,0.00005
REDUSDT,2025-03-23 12:00:00,0.00001292
REDUSDT,2025-03-23 08:00:00,-0.00037063
REDUSDT,2025-03-23 04:00:00,0.00002784
REDUSDT,2025-03-23 00:00:00,-0.00003476
REDUSDT,2025-03-22 20:00:00,0.00000481
REDUSDT,2025-03-22 16:00:00,0.00005
REDUSDT,2025-03-22 12:00:00,-0.00013514
REDUSDT,2025-03-22 08:00:00,-0.00000585
REDUSDT,2025-03-22 04:00:00,0.00001419
REDUSDT,2025-03-22 00:00:00,-0.00001954
REDUSDT,2025-03-21 20:00:00,0.00005
REDUSDT,2025-03-21 16:00:00,0.00004268
REDUSDT,2025-03-21 12:00:00,0.00005
REDUSDT,2025-03-21 08:00:00,-0.00046063
REDUSDT,2025-03-21 04:00:00,0.00005
REDUSDT,2025-03-21 00:00:00,-0.00041261
REDUSDT,2025-03-20 20:00:00,-0.00053268
REDUSDT,2025-03-20 16:00:00,-0.0001
REDUSDT,2025-03-20 12:00:00,0.00003484
REDUSDT,2025-03-20 08:00:00,0.00005
REDUSDT,2025-03-20 04:00:00,0.00005
REDUSDT,2025-03-20 00:00:00,0.00005
REDUSDT,2025-03-19 20:00:00,0.00005
REDUSDT,2025-03-19 16:00:00,0.00005
REDUSDT,2025-03-19 12:00:00,-0.0008992
REDUSDT,2025-03-19 08:00:00,-0.0006804
REDUSDT,2025-03-19 04:00:00,-0.00195657
REDUSDT,2025-03-19 00:00:00,0.00005
REDUSDT,2025-03-18 20:00:00,-0.00045813
REDUSDT,2025-03-18 16:00:00,0.00005
REDUSDT,2025-03-18 12:00:00,-0.00004769
REDUSDT,2025-03-18 08:00:00,0.00005
REDUSDT,2025-03-18 04:00:00,0.00000642
REDUSDT,2025-03-18 00:00:00,0.00005
REDUSDT,2025-03-17 20:00:00,0.00005
REDUSDT,2025-03-17 16:00:00,-0.00080976
REDUSDT,2025-03-17 12:00:00,0.00001436
REDUSDT,2025-03-17 08:00:00,-0.00012456
REDUSDT,2025-03-17 04:00:00,-0.00038498
REDUSDT,2025-03-17 00:00:00,-0.0001476
REDUSDT,2025-03-16 20:00:00,-0.00005536
REDUSDT,2025-03-16 16:00:00,0.00005
REDUSDT,2025-03-16 12:00:00,-0.00008494
REDUSDT,2025-03-16 08:00:00,-0.00038249
REDUSDT,2025-03-16 04:00:00,-0.00025491
REDUSDT,2025-03-16 00:00:00,-0.00092564
REDUSDT,2025-03-15 20:00:00,-0.0044027
REDUSDT,2025-03-15 16:00:00,-0.0013646
REDUSDT,2025-03-15 12:00:00,-0.01
REDUSDT,2025-03-15 08:00:00,-0.00724278
REDUSDT,2025-03-15 04:00:00,-0.0033466
REDUSDT,2025-03-15 00:00:00,-0.00215417
REDUSDT,2025-03-14 20:00:00,-0.00431346
REDUSDT,2025-03-14 16:00:00,-0.00193938
REDUSDT,2025-03-14 12:00:00,-0.00142673
REDUSDT,2025-03-14 08:00:00,-0.0008305
REDUSDT,2025-03-14 04:00:00,-0.00086179
REDUSDT,2025-03-14 00:00:00,-0.00129908
REDUSDT,2025-03-13 20:00:00,-0.00061474
REDUSDT,2025-03-13 16:00:00,-0.00140739
REDUSDT,2025-03-13 12:00:00,-0.00680224
REDUSDT,2025-03-13 08:00:00,-0.0075
REDUSDT,2025-03-13 04:00:00,-0.0075
REDUSDT,2025-03-13 00:00:00,-0.00239137
REDUSDT,2025-03-12 20:00:00,-0.00520109
REDUSDT,2025-03-12 16:00:00,-0.00294994
REDUSDT,2025-03-12 12:00:00,-0.00003063
REDUSDT,2025-03-12 08:00:00,-0.00021773
REDUSDT,2025-03-12 04:00:00,-0.00039831
REDUSDT,2025-03-12 00:00:00,-0.00037969
REDUSDT,2025-03-11 20:00:00,0.00005
REDUSDT,2025-03-11 16:00:00,0.00005
REDUSDT,2025-03-11 12:00:00,0.00005
REDUSDT,2025-03-11 08:00:00,0.00005
REDUSDT,2025-03-11 04:00:00,0.00005
REDUSDT,2025-03-11 00:00:00,0.00005
REDUSDT,2025-03-10 20:00:00,0.00005
REDUSDT,2025-03-10 16:00:00,0.00005
REDUSDT,2025-03-10 12:00:00,0.00005
REDUSDT,2025-03-10 08:00:00,0.00005
REDUSDT,2025-03-10 04:00:00,-0.00023972
REDUSDT,2025-03-10 00:00:00,0.00005
REDUSDT,2025-03-09 20:00:00,0.00005
REDUSDT,2025-03-09 16:00:00,-0.00023866
REDUSDT,2025-03-09 12:00:00,0.00005
REDUSDT,2025-03-09 08:00:00,-0.00007213
REDUSDT,2025-03-09 04:00:00,-0.0001645
REDUSDT,2025-03-09 00:00:00,0.00005
REDUSDT,2025-03-08 20:00:00,0.00005
REDUSDT,2025-03-08 16:00:00,0.00005
REDUSDT,2025-03-08 12:00:00,0.00005
REDUSDT,2025-03-08 08:00:00,-0.00018596
REDUSDT,2025-03-08 04:00:00,0.00005
REDUSDT,2025-03-08 00:00:00,0.00005
REDUSDT,2025-03-07 20:00:00,0.00005
REDUSDT,2025-03-07 16:00:00,-0.00011641
REDUSDT,2025-03-07 12:00:00,-0.00122144
REDUSDT,2025-03-07 08:00:00,-0.00070356
REDUSDT,2025-03-07 04:00:00,0.00005
REDUSDT,2025-03-07 00:00:00,0.00005
REDUSDT,2025-03-06 20:00:00,-0.0004243
REDUSDT,2025-03-06 16:00:00,-0.00295734
REDUSDT,2025-03-06 12:00:00,0.00005
REDUSDT,2025-03-06 08:00:00,0.00005
REDUSDT,2025-03-06 04:00:00,0.00005
REDUSDT,2025-03-06 00:00:00,0.00005
BRUSDT,2025-04-20 00:00:00,0.00005
BRUSDT,2025-04-19 20:00:00,0.00005
BRUSDT,2025-04-19 16:00:00,0.00005
BRUSDT,2025-04-19 12:00:00,-0.00014255
BRUSDT,2025-04-19 08:00:00,0.00005
BRUSDT,2025-04-19 04:00:00,0.00005
BRUSDT,2025-04-19 00:00:00,0.00005
BRUSDT,2025-04-18 20:00:00,-0.00005673
BRUSDT,2025-04-18 16:00:00,-0.0001292
BRUSDT,2025-04-18 12:00:00,0.00005
BRUSDT,2025-04-18 08:00:00,0.00005
BRUSDT,2025-04-18 04:00:00,-0.00027301
BRUSDT,2025-04-18 00:00:00,0.00005
BRUSDT,2025-04-17 20:00:00,0.00005
BRUSDT,2025-04-17 16:00:00,-0.00005231
BRUSDT,2025-04-17 12:00:00,-0.00004378
BRUSDT,2025-04-17 08:00:00,0.00001387
BRUSDT,2025-04-17 04:00:00,0.00005
BRUSDT,2025-04-17 00:00:00,0.00005
BRUSDT,2025-04-16 20:00:00,0.00005
BRUSDT,2025-04-16 16:00:00,0.00005
BRUSDT,2025-04-16 12:00:00,0.00005
BRUSDT,2025-04-16 08:00:00,0.00005
BRUSDT,2025-04-16 04:00:00,0.00005
BRUSDT,2025-04-16 00:00:00,0.00005
BRUSDT,2025-04-15 20:00:00,0.00005
BRUSDT,2025-04-15 16:00:00,0.00005
BRUSDT,2025-04-15 12:00:00,0.00005
BRUSDT,2025-04-15 08:00:00,-0.00000189
BRUSDT,2025-04-15 04:00:00,0.00005
BRUSDT,2025-04-15 00:00:00,0.00005
BRUSDT,2025-04-14 20:00:00,0.00005
BRUSDT,2025-04-14 16:00:00,0.00005
BRUSDT,2025-04-14 12:00:00,0.00005
BRUSDT,2025-04-14 08:00:00,0.00005
BRUSDT,2025-04-14 04:00:00,0.00005
BRUSDT,2025-04-14 00:00:00,0.00005
BRUSDT,2025-04-13 20:00:00,0.00005
BRUSDT,2025-04-13 16:00:00,0.00005
BRUSDT,2025-04-13 12:00:00,0.00004082
BRUSDT,2025-04-13 08:00:00,0.00005
BRUSDT,2025-04-13 04:00:00,0.00005
BRUSDT,2025-04-13 00:00:00,0.00005
BRUSDT,2025-04-12 20:00:00,0.00005
BRUSDT,2025-04-12 16:00:00,-0.00017567
BRUSDT,2025-04-12 12:00:00,0.00005
BRUSDT,2025-04-12 08:00:00,-0.00041084
BRUSDT,2025-04-12 04:00:00,0.00005
BRUSDT,2025-04-12 00:00:00,0.00005
BRUSDT,2025-04-11 20:00:00,-0.00007637
BRUSDT,2025-04-11 16:00:00,0.00003942
BRUSDT,2025-04-11 12:00:00,0.00005
BRUSDT,2025-04-11 08:00:00,0.00005
BRUSDT,2025-04-11 04:00:00,0.00005
BRUSDT,2025-04-11 00:00:00,0.00005
BRUSDT,2025-04-10 20:00:00,0.00005
BRUSDT,2025-04-10 16:00:00,0.00005
BRUSDT,2025-04-10 12:00:00,0.00005
BRUSDT,2025-04-10 08:00:00,0.00005
BRUSDT,2025-04-10 04:00:00,0.00005
BRUSDT,2025-04-10 00:00:00,0.00005
BRUSDT,2025-04-09 20:00:00,0.00005
BRUSDT,2025-04-09 16:00:00,0.00005
BRUSDT,2025-04-09 12:00:00,0.00005
BRUSDT,2025-04-09 08:00:00,0.00005
BRUSDT,2025-04-09 04:00:00,0.00005
BRUSDT,2025-04-09 00:00:00,0.00005
BRUSDT,2025-04-08 20:00:00,0.00005
BRUSDT,2025-04-08 16:00:00,0.00005
BRUSDT,2025-04-08 12:00:00,0.00005
BRUSDT,2025-04-08 08:00:00,-0.00001466
BRUSDT,2025-04-08 04:00:00,0.00005
BRUSDT,2025-04-08 00:00:00,0.00005
BRUSDT,2025-04-07 20:00:00,0.00005
BRUSDT,2025-04-07 16:00:00,0.00005
BRUSDT,2025-04-07 12:00:00,0.00005
BRUSDT,2025-04-07 08:00:00,0.00005
BRUSDT,2025-04-07 04:00:00,0.00005
BRUSDT,2025-04-07 00:00:00,0.00005
BRUSDT,2025-04-06 20:00:00,0.00005
BRUSDT,2025-04-06 16:00:00,0.00005
BRUSDT,2025-04-06 12:00:00,0.00005
BRUSDT,2025-04-06 08:00:00,0.00005
BRUSDT,2025-04-06 04:00:00,-0.00002994
BRUSDT,2025-04-06 00:00:00,-0.00007897
BRUSDT,2025-04-05 20:00:00,0.00005
BRUSDT,2025-04-05 16:00:00,0.00005
BRUSDT,2025-04-05 12:00:00,0.00005
BRUSDT,2025-04-05 08:00:00,0.00002955
BRUSDT,2025-04-05 04:00:00,-0.00003499
BRUSDT,2025-04-05 00:00:00,0.00005
BRUSDT,2025-04-04 20:00:00,0.00005
BRUSDT,2025-04-04 16:00:00,0.00005
BRUSDT,2025-04-04 12:00:00,0.00005
BRUSDT,2025-04-04 08:00:00,0.00005
BRUSDT,2025-04-04 04:00:00,0.00005
BRUSDT,2025-04-04 00:00:00,0.00005
BRUSDT,2025-04-03 20:00:00,-0.00001878
BRUSDT,2025-04-03 16:00:00,0.00005
BRUSDT,2025-04-03 12:00:00,0.00005
BRUSDT,2025-04-03 08:00:00,0.00005
BRUSDT,2025-04-03 04:00:00,0.00000505
BRUSDT,2025-04-03 00:00:00,0.00005
BRUSDT,2025-04-02 20:00:00,0.00005
BRUSDT,2025-04-02 16:00:00,0.00005
BRUSDT,2025-04-02 12:00:00,0.00005
BRUSDT,2025-04-02 08:00:00,0.00004071
BRUSDT,2025-04-02 04:00:00,-0.00020383
BRUSDT,2025-04-02 00:00:00,-0.00001347
BRUSDT,2025-04-01 20:00:00,0.00005
BRUSDT,2025-04-01 16:00:00,0.00005
BRUSDT,2025-04-01 12:00:00,0.00005
BRUSDT,2025-04-01 08:00:00,0.00005
BRUSDT,2025-04-01 04:00:00,0.00005
BRUSDT,2025-04-01 00:00:00,0.00005
BRUSDT,2025-03-31 20:00:00,0.00005
BRUSDT,2025-03-31 16:00:00,0.00005
BRUSDT,2025-03-31 12:00:00,0.00005
BRUSDT,2025-03-31 08:00:00,-0.00002445
BRUSDT,2025-03-31 04:00:00,0.00005
BRUSDT,2025-03-31 00:00:00,0.00005
BRUSDT,2025-03-30 20:00:00,0.00005
BRUSDT,2025-03-30 16:00:00,0.00005
BRUSDT,2025-03-30 12:00:00,0.00005
BRUSDT,2025-03-30 08:00:00,0.00005
BRUSDT,2025-03-30 04:00:00,0.00005
BRUSDT,2025-03-30 00:00:00,0.00005
BRUSDT,2025-03-29 20:00:00,0.00005
BRUSDT,2025-03-29 16:00:00,0.00005
BRUSDT,2025-03-29 12:00:00,0.00005
BRUSDT,2025-03-29 08:00:00,0.00005
BRUSDT,2025-03-29 04:00:00,0.00005
BRUSDT,2025-03-29 00:00:00,0.00005
BRUSDT,2025-03-28 20:00:00,0.00005
BRUSDT,2025-03-28 16:00:00,0.00005
BRUSDT,2025-03-28 12:00:00,0.00005
BRUSDT,2025-03-28 08:00:00,-0.00016191
BRUSDT,2025-03-28 04:00:00,-0.00023154
BRUSDT,2025-03-28 00:00:00,0.00005
BRUSDT,2025-03-27 20:00:00,0.00005
BRUSDT,2025-03-27 16:00:00,0.00005
BRUSDT,2025-03-27 12:00:00,0.00005
BRUSDT,2025-03-27 08:00:00,0.0000026
BRUSDT,2025-03-27 04:00:00,-0.00011589
BRUSDT,2025-03-27 00:00:00,0.00005
BRUSDT,2025-03-26 20:00:00,-0.00036749
BRUSDT,2025-03-26 16:00:00,-0.00025439
BRUSDT,2025-03-26 12:00:00,0.00005
BRUSDT,2025-03-26 08:00:00,-0.000577
BRUSDT,2025-03-26 04:00:00,-0.00047368
BRUSDT,2025-03-26 00:00:00,-0.00007343
BRUSDT,2025-03-25 20:00:00,0.00005
BRUSDT,2025-03-25 16:00:00,0.00005
BRUSDT,2025-03-25 12:00:00,0.00005
BRUSDT,2025-03-25 08:00:00,0.00005
BRUSDT,2025-03-25 04:00:00,0.00005
BRUSDT,2025-03-25 00:00:00,-0.00064835
BRUSDT,2025-03-24 20:00:00,-0.00021159
BRUSDT,2025-03-24 16:00:00,-0.00055051
BRUSDT,2025-03-24 12:00:00,-0.00024955
BRUSDT,2025-03-24 08:00:00,0.00005
BRUSDT,2025-03-24 04:00:00,0.00005
BRUSDT,2025-03-24 00:00:00,0.00005
BRUSDT,2025-03-23 20:00:00,0.00005
BRUSDT,2025-03-23 16:00:00,0.00005
BRUSDT,2025-03-23 12:00:00,0.00005
BRUSDT,2025-03-23 08:00:00,-0.00009351
BRUSDT,2025-03-23 04:00:00,-0.0006165
BRUSDT,2025-03-23 00:00:00,-0.00214848
BRUSDT,2025-03-22 20:00:00,0.00005
BRUSDT,2025-03-22 16:00:00,0.00005
BRUSDT,2025-03-22 12:00:00,-0.00008153
BRUSDT,2025-03-22 08:00:00,-0.00043342
BRUSDT,2025-03-22 04:00:00,-0.00150382
BRUSDT,2025-03-22 00:00:00,0.00005
BRUSDT,2025-03-21 20:00:00,0.00005
BRUSDT,2025-03-21 16:00:00,0.00005
BRUSDT,2025-03-21 12:00:00,-0.00160079
BRUSDT,2025-03-21 08:00:00,-0.00158556
BRUSDT,2025-03-21 04:00:00,-0.00050927
BRUSDT,2025-03-21 00:00:00,-0.00154426
BRUSDT,2025-03-20 20:00:00,-0.00003179
BRUSDT,2025-03-20 16:00:00,-0.0002649
BRUSDT,2025-03-20 12:00:00,0.00005
WALUSDT,2025-04-27 00:00:00,0.0000125
WALUSDT,2025-04-26 23:00:00,-0.00017973
WALUSDT,2025-04-26 22:00:00,0.0000125
WALUSDT,2025-04-26 21:00:00,-0.00015322
WALUSDT,2025-04-26 20:00:00,0.0000125
WALUSDT,2025-04-26 19:00:00,0.0000125
WALUSDT,2025-04-26 18:00:00,0.0000125
WALUSDT,2025-04-26 17:00:00,0.0000125
WALUSDT,2025-04-26 16:00:00,0.0000125
WALUSDT,2025-04-26 15:00:00,0.0000125
WALUSDT,2025-04-26 14:00:00,0.0000125
WALUSDT,2025-04-26 13:00:00,0.0000125
WALUSDT,2025-04-26 12:00:00,0.0000125
WALUSDT,2025-04-26 11:00:00,0.0000125
WALUSDT,2025-04-26 10:00:00,0.0000125
WALUSDT,2025-04-26 09:00:00,0.0000125
WALUSDT,2025-04-26 08:00:00,0.0000125
WALUSDT,2025-04-26 07:00:00,-0.00001794
WALUSDT,2025-04-26 06:00:00,-0.00014307
WALUSDT,2025-04-26 05:00:00,-0.00024364
WALUSDT,2025-04-26 04:00:00,-0.00015357
WALUSDT,2025-04-26 03:00:00,-0.00041374
WALUSDT,2025-04-26 02:00:00,-0.00008827
WALUSDT,2025-04-26 01:00:00,0.0000125
WALUSDT,2025-04-26 00:00:00,0.0000125
WALUSDT,2025-04-25 23:00:00,0.0000125
WALUSDT,2025-04-25 22:00:00,0.0000125
WALUSDT,2025-04-25 21:00:00,-0.00003615
WALUSDT,2025-04-25 20:00:00,-0.00003089
WALUSDT,2025-04-25 19:00:00,-0.0006653
WALUSDT,2025-04-25 18:00:00,-0.00003542
WALUSDT,2025-04-25 17:00:00,-0.00051983
WALUSDT,2025-04-25 16:00:00,-0.00019876
WALUSDT,2025-04-25 15:00:00,0.0000125
WALUSDT,2025-04-25 14:00:00,0.0000125
WALUSDT,2025-04-25 13:00:00,0.0000125
WALUSDT,2025-04-25 12:00:00,-0.00014624
WALUSDT,2025-04-25 11:00:00,0.0000125
WALUSDT,2025-04-25 10:00:00,0.0000125
WALUSDT,2025-04-25 09:00:00,-0.00000525
WALUSDT,2025-04-25 08:00:00,-0.00015929
WALUSDT,2025-04-25 07:00:00,-0.00007767
WALUSDT,2025-04-25 06:00:00,-0.00024217
WALUSDT,2025-04-25 05:00:00,-0.00024005
WALUSDT,2025-04-25 04:00:00,0.0000125
WALUSDT,2025-04-25 03:00:00,0.0000125
WALUSDT,2025-04-25 02:00:00,-0.00020797
WALUSDT,2025-04-25 01:00:00,-0.00013422
WALUSDT,2025-04-25 00:00:00,0.00000863
WALUSDT,2025-04-24 23:00:00,-0.00015482
WALUSDT,2025-04-24 22:00:00,0.0000125
WALUSDT,2025-04-24 21:00:00,0.0000125
WALUSDT,2025-04-24 20:00:00,-0.00014214
WALUSDT,2025-04-24 19:00:00,-0.00046204
WALUSDT,2025-04-24 18:00:00,-0.0002918
WALUSDT,2025-04-24 17:00:00,-0.0003355
WALUSDT,2025-04-24 16:00:00,-0.00054104
WALUSDT,2025-04-24 15:00:00,-0.00014547
WALUSDT,2025-04-24 14:00:00,0.0000125
WALUSDT,2025-04-24 13:00:00,0.0000125
WALUSDT,2025-04-24 12:00:00,0.0000125
WALUSDT,2025-04-24 11:00:00,-0.00008394
WALUSDT,2025-04-24 10:00:00,0.0000125
WALUSDT,2025-04-24 09:00:00,-0.00002622
WALUSDT,2025-04-24 08:00:00,-0.00007284
WALUSDT,2025-04-24 07:00:00,0.0000125
WALUSDT,2025-04-24 06:00:00,0.0000125
WALUSDT,2025-04-24 05:00:00,0.0000125
WALUSDT,2025-04-24 04:00:00,-0.00011128
WALUSDT,2025-04-24 03:00:00,0.0000125
WALUSDT,2025-04-24 02:00:00,0.0000125
WALUSDT,2025-04-24 01:00:00,0.0000125
WALUSDT,2025-04-24 00:00:00,-0.00012281
WALUSDT,2025-04-23 23:00:00,-0.00008972
WALUSDT,2025-04-23 22:00:00,0.0000074
WALUSDT,2025-04-23 21:00:00,-0.00019839
WALUSDT,2025-04-23 20:00:00,-0.00024268
WALUSDT,2025-04-23 19:00:00,-0.00013336
WALUSDT,2025-04-23 18:00:00,-0.00019674
WALUSDT,2025-04-23 17:00:00,0.0000125
WALUSDT,2025-04-23 16:00:00,0.0000125
WALUSDT,2025-04-23 15:00:00,0.0000125
WALUSDT,2025-04-23 14:00:00,0.0000125
WALUSDT,2025-04-23 13:00:00,0.0000125
WALUSDT,2025-04-23 12:00:00,0.0000125
WALUSDT,2025-04-23 11:00:00,0.0000125
WALUSDT,2025-04-23 10:00:00,0.0000125
WALUSDT,2025-04-23 09:00:00,-0.00006056
WALUSDT,2025-04-23 08:00:00,-0.00013628
WALUSDT,2025-04-23 07:00:00,-0.00008794
WALUSDT,2025-04-23 06:00:00,0.0000125
WALUSDT,2025-04-23 05:00:00,-0.00002725
WALUSDT,2025-04-23 04:00:00,0.0000125
WALUSDT,2025-04-23 03:00:00,-0.00023377
WALUSDT,2025-04-23 02:00:00,-0.00068423
WALUSDT,2025-04-23 01:00:00,-0.00020428
WALUSDT,2025-04-23 00:00:00,-0.00010847
WALUSDT,2025-04-22 23:00:00,-0.00003662
WALUSDT,2025-04-22 22:00:00,-0.00003747
WALUSDT,2025-04-22 21:00:00,-0.00004941
WALUSDT,2025-04-22 20:00:00,-0.00003318
WALUSDT,2025-04-22 19:00:00,0.0000125
WALUSDT,2025-04-22 18:00:00,0.0000125
WALUSDT,2025-04-22 17:00:00,0.0000125
WALUSDT,2025-04-22 16:00:00,0.0000125
WALUSDT,2025-04-22 15:00:00,-0.00021796
WALUSDT,2025-04-22 14:00:00,-0.00003365
WALUSDT,2025-04-22 13:00:00,-0.00020076
WALUSDT,2025-04-22 12:00:00,-0.00003257
WALUSDT,2025-04-22 11:00:00,-0.00010386
WALUSDT,2025-04-22 10:00:00,0.0000125
WALUSDT,2025-04-22 09:00:00,-0.00021903
WALUSDT,2025-04-22 08:00:00,0.0000125
WALUSDT,2025-04-22 07:00:00,-0.00018058
WALUSDT,2025-04-22 06:00:00,0.0000125
WALUSDT,2025-04-22 05:00:00,-0.00023779
WALUSDT,2025-04-22 04:00:00,-0.00014015
WALUSDT,2025-04-22 03:00:00,-0.00013596
WALUSDT,2025-04-22 02:00:00,-0.00006732
WALUSDT,2025-04-22 01:00:00,-0.00010296
WALUSDT,2025-04-22 00:00:00,0.00000678
WALUSDT,2025-04-21 23:00:00,0.0000125
WALUSDT,2025-04-21 22:00:00,0.0000125
WALUSDT,2025-04-21 21:00:00,-0.00015928
WALUSDT,2025-04-21 20:00:00,-0.00024967
WALUSDT,2025-04-21 19:00:00,-0.00003496
WALUSDT,2025-04-21 18:00:00,0.0000125
WALUSDT,2025-04-21 17:00:00,0.0000125
WALUSDT,2025-04-21 16:00:00,0.0000125
WALUSDT,2025-04-21 15:00:00,0.0000125
WALUSDT,2025-04-21 14:00:00,0.0000125
WALUSDT,2025-04-21 13:00:00,0.0000125
WALUSDT,2025-04-21 12:00:00,-0.00014198
WALUSDT,2025-04-21 11:00:00,-0.00054334
WALUSDT,2025-04-21 10:00:00,-0.00070447
WALUSDT,2025-04-21 09:00:00,-0.00046423
WALUSDT,2025-04-21 08:00:00,-0.00058174
WALUSDT,2025-04-21 07:00:00,-0.00089318
WALUSDT,2025-04-21 06:00:00,-0.00059907
WALUSDT,2025-04-21 05:00:00,-0.00030049
WALUSDT,2025-04-21 04:00:00,-0.00046002
WALUSDT,2025-04-21 03:00:00,-0.00029428
WALUSDT,2025-04-21 02:00:00,-0.0003684
WALUSDT,2025-04-21 01:00:00,-0.00038046
WALUSDT,2025-04-21 00:00:00,-0.00025965
WALUSDT,2025-04-20 23:00:00,-0.00014909
WALUSDT,2025-04-20 22:00:00,-0.00025889
WALUSDT,2025-04-20 21:00:00,-0.00040413
WALUSDT,2025-04-20 20:00:00,-0.00011689
WALUSDT,2025-04-20 19:00:00,0.0000125
WALUSDT,2025-04-20 18:00:00,-0.00023243
WALUSDT,2025-04-20 17:00:00,0.0000125
WALUSDT,2025-04-20 16:00:00,-0.00022484
WALUSDT,2025-04-20 15:00:00,-0.00023939
WALUSDT,2025-04-20 14:00:00,-0.00000397
WALUSDT,2025-04-20 13:00:00,-0.00006805
WALUSDT,2025-04-20 12:00:00,0.0000125
WALUSDT,2025-04-20 11:00:00,-0.00025023
WALUSDT,2025-04-20 10:00:00,-0.00010918
WALUSDT,2025-04-20 09:00:00,-0.00007138
WALUSDT,2025-04-20 08:00:00,0.0000125
WALUSDT,2025-04-20 07:00:00,-0.00005584
WALUSDT,2025-04-20 06:00:00,0.0000125
WALUSDT,2025-04-20 05:00:00,0.0000125
WALUSDT,2025-04-20 04:00:00,0.0000125
WALUSDT,2025-04-20 03:00:00,-0.00022671
WALUSDT,2025-04-20 02:00:00,-0.00037843
WALUSDT,2025-04-20 01:00:00,-0.00024672
WALUSDT,2025-04-20 00:00:00,-0.00002786
WALUSDT,2025-04-19 23:00:00,-0.00009227
WALUSDT,2025-04-19 22:00:00,0.0000125
WALUSDT,2025-04-19 21:00:00,-0.00008435
WALUSDT,2025-04-19 20:00:00,-0.00014828
WALUSDT,2025-04-19 19:00:00,-0.00019679
WALUSDT,2025-04-19 18:00:00,-0.00014388
WALUSDT,2025-04-19 17:00:00,0.0000125
WALUSDT,2025-04-19 16:00:00,-0.00010891
WALUSDT,2025-04-19 15:00:00,0.0000125
WALUSDT,2025-04-19 14:00:00,-0.00015868
WALUSDT,2025-04-19 13:00:00,-0.00028958
WALUSDT,2025-04-19 12:00:00,-0.000332
WALUSDT,2025-04-19 11:00:00,-0.000049
WALUSDT,2025-04-19 10:00:00,-0.00026281
WALUSDT,2025-04-19 09:00:00,-0.00069734
WALUSDT,2025-04-19 08:00:00,-0.00090498
WALUSDT,2025-04-19 07:00:00,-0.00032097
WALUSDT,2025-04-19 06:00:00,-0.00013989
WALUSDT,2025-04-19 05:00:00,-0.00007347
WALUSDT,2025-04-19 04:00:00,-0.00017415
WALUSDT,2025-04-19 03:00:00,0.0000052
WALUSDT,2025-04-19 02:00:00,0.0000125
WALUSDT,2025-04-19 01:00:00,-0.00009384
WALUSDT,2025-04-19 00:00:00,0.00000407
WALUSDT,2025-04-18 23:00:00,-0.00022125
WALUSDT,2025-04-18 22:00:00,0.0000125
WALUSDT,2025-04-18 21:00:00,-0.00004881
WALUSDT,2025-04-18 20:00:00,0.0000125
WALUSDT,2025-04-18 19:00:00,0.0000125
WALUSDT,2025-04-18 18:00:00,0.0000125
WALUSDT,2025-04-18 17:00:00,0.0000125
PARTIUSDT,2025-04-25 00:00:00,0.00005
PARTIUSDT,2025-04-24 20:00:00,-0.00026633
PARTIUSDT,2025-04-24 16:00:00,-0.00003869
PARTIUSDT,2025-04-24 12:00:00,0.00005
PARTIUSDT,2025-04-24 08:00:00,-0.00003546
PARTIUSDT,2025-04-24 04:00:00,-0.00011785
PARTIUSDT,2025-04-24 00:00:00,0.00005
PARTIUSDT,2025-04-23 20:00:00,-0.00009486
PARTIUSDT,2025-04-23 16:00:00,0.00005
PARTIUSDT,2025-04-23 12:00:00,-0.00007275
PARTIUSDT,2025-04-23 08:00:00,0.000018
PARTIUSDT,2025-04-23 04:00:00,-0.0001845
PARTIUSDT,2025-04-23 00:00:00,0.00005
PARTIUSDT,2025-04-22 20:00:00,-0.000349
PARTIUSDT,2025-04-22 16:00:00,-0.0001267
PARTIUSDT,2025-04-22 12:00:00,-0.00036619
PARTIUSDT,2025-04-22 08:00:00,-0.00004327
PARTIUSDT,2025-04-22 04:00:00,0.00004203
PARTIUSDT,2025-04-22 00:00:00,-0.00009245
PARTIUSDT,2025-04-21 20:00:00,0.00005
PARTIUSDT,2025-04-21 16:00:00,0.00005
PARTIUSDT,2025-04-21 12:00:00,-0.00028019
PARTIUSDT,2025-04-21 08:00:00,0.00005
PARTIUSDT,2025-04-21 04:00:00,0.00005
PARTIUSDT,2025-04-21 00:00:00,0.00005
PARTIUSDT,2025-04-20 20:00:00,0.00005
PARTIUSDT,2025-04-20 16:00:00,0.00005
PARTIUSDT,2025-04-20 12:00:00,0.00005
PARTIUSDT,2025-04-20 08:00:00,0.00004032
PARTIUSDT,2025-04-20 04:00:00,0.00005
PARTIUSDT,2025-04-20 00:00:00,0.00005
PARTIUSDT,2025-04-19 20:00:00,0.00005
PARTIUSDT,2025-04-19 16:00:00,0.00005
PARTIUSDT,2025-04-19 12:00:00,0.00005
PARTIUSDT,2025-04-19 08:00:00,0.00005
PARTIUSDT,2025-04-19 04:00:00,-0.00010727
PARTIUSDT,2025-04-19 00:00:00,0.00005
PARTIUSDT,2025-04-18 20:00:00,0.00005
PARTIUSDT,2025-04-18 16:00:00,0.00001285
PARTIUSDT,2025-04-18 12:00:00,0.00005
PARTIUSDT,2025-04-18 08:00:00,0.00005
PARTIUSDT,2025-04-18 04:00:00,-0.00008955
PARTIUSDT,2025-04-18 00:00:00,0.00005
PARTIUSDT,2025-04-17 20:00:00,0.00005
PARTIUSDT,2025-04-17 16:00:00,0.00005
PARTIUSDT,2025-04-17 12:00:00,0.00005
PARTIUSDT,2025-04-17 08:00:00,0.00005
PARTIUSDT,2025-04-17 04:00:00,0.00005
PARTIUSDT,2025-04-17 00:00:00,0.00005
PARTIUSDT,2025-04-16 20:00:00,0.00005
PARTIUSDT,2025-04-16 16:00:00,0.00005
PARTIUSDT,2025-04-16 12:00:00,0.00005
PARTIUSDT,2025-04-16 08:00:00,-0.00009356
PARTIUSDT,2025-04-16 04:00:00,-0.00029708
PARTIUSDT,2025-04-16 00:00:00,0.00005
PARTIUSDT,2025-04-15 20:00:00,0.00005
PARTIUSDT,2025-04-15 16:00:00,0.00005
PARTIUSDT,2025-04-15 12:00:00,-0.00013731
PARTIUSDT,2025-04-15 08:00:00,0.00005
PARTIUSDT,2025-04-15 04:00:00,0.00005
PARTIUSDT,2025-04-15 00:00:00,0.00005
PARTIUSDT,2025-04-14 20:00:00,0.00005
PARTIUSDT,2025-04-14 16:00:00,0.00004399
PARTIUSDT,2025-04-14 12:00:00,-0.00004728
PARTIUSDT,2025-04-14 08:00:00,-0.00003375
PARTIUSDT,2025-04-14 04:00:00,-0.00012102
PARTIUSDT,2025-04-14 00:00:00,0.00005
PARTIUSDT,2025-04-13 20:00:00,-0.00003695
PARTIUSDT,2025-04-13 16:00:00,0.00005
PARTIUSDT,2025-04-13 12:00:00,0.00005
PARTIUSDT,2025-04-13 08:00:00,-0.00005185
PARTIUSDT,2025-04-13 04:00:00,-0.00012
PARTIUSDT,2025-04-13 00:00:00,0.00005
PARTIUSDT,2025-04-12 20:00:00,-0.00028688
PARTIUSDT,2025-04-12 16:00:00,0.00005
PARTIUSDT,2025-04-12 12:00:00,0.00005
PARTIUSDT,2025-04-12 08:00:00,0.00005
PARTIUSDT,2025-04-12 04:00:00,0.00001508
PARTIUSDT,2025-04-12 00:00:00,0.00005
PARTIUSDT,2025-04-11 20:00:00,0.00005
PARTIUSDT,2025-04-11 16:00:00,0.00005
PARTIUSDT,2025-04-11 12:00:00,-0.00016303
PARTIUSDT,2025-04-11 08:00:00,-0.00019809
PARTIUSDT,2025-04-11 04:00:00,0.00005
PARTIUSDT,2025-04-11 00:00:00,-0.00005939
PARTIUSDT,2025-04-10 20:00:00,0.00005
PARTIUSDT,2025-04-10 16:00:00,0.00005
PARTIUSDT,2025-04-10 12:00:00,0.00005
PARTIUSDT,2025-04-10 08:00:00,0.00005
PARTIUSDT,2025-04-10 04:00:00,-0.00004814
PARTIUSDT,2025-04-10 00:00:00,0.00005
PARTIUSDT,2025-04-09 20:00:00,-0.00001137
PARTIUSDT,2025-04-09 16:00:00,0.00005
PARTIUSDT,2025-04-09 12:00:00,0.00005
PARTIUSDT,2025-04-09 08:00:00,0.00005
PARTIUSDT,2025-04-09 04:00:00,0.00005
PARTIUSDT,2025-04-09 00:00:00,0.00005
PARTIUSDT,2025-04-08 20:00:00,0.00005
PARTIUSDT,2025-04-08 16:00:00,0.00005
PARTIUSDT,2025-04-08 12:00:00,0.00005
PARTIUSDT,2025-04-08 08:00:00,0.00005
PARTIUSDT,2025-04-08 04:00:00,0.00005
PARTIUSDT,2025-04-08 00:00:00,0.00005
PARTIUSDT,2025-04-07 20:00:00,0.00005
PARTIUSDT,2025-04-07 16:00:00,0.00005
PARTIUSDT,2025-04-07 12:00:00,0.00005
PARTIUSDT,2025-04-07 08:00:00,0.00005
PARTIUSDT,2025-04-07 04:00:00,0.00005
PARTIUSDT,2025-04-07 00:00:00,0.00005
PARTIUSDT,2025-04-06 20:00:00,0.00005
PARTIUSDT,2025-04-06 16:00:00,0.00005
PARTIUSDT,2025-04-06 12:00:00,0.00005
PARTIUSDT,2025-04-06 08:00:00,-0.00019267
PARTIUSDT,2025-04-06 04:00:00,-0.00018865
PARTIUSDT,2025-04-06 00:00:00,0.00005
PARTIUSDT,2025-04-05 20:00:00,0.00005
PARTIUSDT,2025-04-05 16:00:00,0.00001517
PARTIUSDT,2025-04-05 12:00:00,-0.00050504
PARTIUSDT,2025-04-05 08:00:00,0.00005
PARTIUSDT,2025-04-05 04:00:00,0.00005
PARTIUSDT,2025-04-05 00:00:00,0.00005
PARTIUSDT,2025-04-04 20:00:00,0.00005
PARTIUSDT,2025-04-04 16:00:00,0.00005
PARTIUSDT,2025-04-04 12:00:00,0.00005
PARTIUSDT,2025-04-04 08:00:00,0.00005
PARTIUSDT,2025-04-04 04:00:00,0.00005
PARTIUSDT,2025-04-04 00:00:00,0.00005
PARTIUSDT,2025-04-03 20:00:00,0.00005
PARTIUSDT,2025-04-03 16:00:00,0.00005
PARTIUSDT,2025-04-03 12:00:00,0.00005
PARTIUSDT,2025-04-03 08:00:00,0.00005
PARTIUSDT,2025-04-03 04:00:00,0.00005
PARTIUSDT,2025-04-03 00:00:00,0.00005
PARTIUSDT,2025-04-02 20:00:00,0.00005
PARTIUSDT,2025-04-02 16:00:00,0.00005
PARTIUSDT,2025-04-02 12:00:00,0.00005
PARTIUSDT,2025-04-02 08:00:00,0.00005
PARTIUSDT,2025-04-02 04:00:00,0.00005
PARTIUSDT,2025-04-02 00:00:00,0.00005
PARTIUSDT,2025-04-01 20:00:00,0.00005
PARTIUSDT,2025-04-01 16:00:00,0.00004481
PARTIUSDT,2025-04-01 12:00:00,-0.00006142
PARTIUSDT,2025-04-01 08:00:00,-0.00015305
PARTIUSDT,2025-04-01 04:00:00,0.00005
PARTIUSDT,2025-04-01 00:00:00,0.00005
PARTIUSDT,2025-03-31 20:00:00,0.00005
PARTIUSDT,2025-03-31 16:00:00,0.00005
PARTIUSDT,2025-03-31 12:00:00,-0.0000023
PARTIUSDT,2025-03-31 08:00:00,0.00005
PARTIUSDT,2025-03-31 04:00:00,0.00005
PARTIUSDT,2025-03-31 00:00:00,0.00005
PARTIUSDT,2025-03-30 20:00:00,0.00005
PARTIUSDT,2025-03-30 16:00:00,0.00005
PARTIUSDT,2025-03-30 12:00:00,0.00005
PARTIUSDT,2025-03-30 08:00:00,0.00005
PARTIUSDT,2025-03-30 04:00:00,-0.00005039
PARTIUSDT,2025-03-30 00:00:00,0.00005
PARTIUSDT,2025-03-29 20:00:00,0.00005
PARTIUSDT,2025-03-29 16:00:00,0.00005
PARTIUSDT,2025-03-29 12:00:00,0.00005
PARTIUSDT,2025-03-29 08:00:00,0.00005
PARTIUSDT,2025-03-29 04:00:00,0.00005
PARTIUSDT,2025-03-29 00:00:00,0.00005
PARTIUSDT,2025-03-28 20:00:00,0.00005
PARTIUSDT,2025-03-28 16:00:00,0.00005
PARTIUSDT,2025-03-28 12:00:00,-0.00092051
PARTIUSDT,2025-03-28 08:00:00,-0.00133857
PARTIUSDT,2025-03-28 04:00:00,-0.0027906
PARTIUSDT,2025-03-28 00:00:00,0.00005
PARTIUSDT,2025-03-27 20:00:00,0.00005
PARTIUSDT,2025-03-27 16:00:00,0.00005
PARTIUSDT,2025-03-27 12:00:00,0.00005
PARTIUSDT,2025-03-27 08:00:00,-0.00009166
PARTIUSDT,2025-03-27 04:00:00,-0.00091438
PARTIUSDT,2025-03-27 00:00:00,-0.00097815
PARTIUSDT,2025-03-26 20:00:00,-0.00135222
PARTIUSDT,2025-03-26 16:00:00,0.00005
PARTIUSDT,2025-03-26 12:00:00,-0.0005712
PARTIUSDT,2025-03-26 08:00:00,-0.00070098
PARTIUSDT,2025-03-26 04:00:00,-0.00158498
PARTIUSDT,2025-03-26 00:00:00,-0.00271376
PARTIUSDT,2025-03-25 20:00:00,-0.00104186
PARTIUSDT,2025-03-25 16:00:00,-0.00074554
PARTIUSDT,2025-03-25 12:00:00,0.00005
XAUTUSDT,2025-05-12 00:00:00,0.00005
XAUTUSDT,2025-05-11 20:00:00,0.00005
XAUTUSDT,2025-05-11 16:00:00,0.00005
XAUTUSDT,2025-05-11 12:00:00,0.00005
XAUTUSDT,2025-05-11 08:00:00,0.00005
XAUTUSDT,2025-05-11 04:00:00,0.00005
XAUTUSDT,2025-05-11 00:00:00,0.00005
XAUTUSDT,2025-05-10 20:00:00,0.00005
XAUTUSDT,2025-05-10 16:00:00,0.00005
XAUTUSDT,2025-05-10 12:00:00,0.00005
XAUTUSDT,2025-05-10 08:00:00,0.00005
XAUTUSDT,2025-05-10 04:00:00,0.00005
XAUTUSDT,2025-05-10 00:00:00,0.00005
XAUTUSDT,2025-05-09 20:00:00,0.00005
XAUTUSDT,2025-05-09 16:00:00,0.00005
XAUTUSDT,2025-05-09 12:00:00,0.00005
XAUTUSDT,2025-05-09 08:00:00,0.00005
XAUTUSDT,2025-05-09 04:00:00,0.00005
XAUTUSDT,2025-05-09 00:00:00,0.00005
XAUTUSDT,2025-05-08 20:00:00,0.00005
XAUTUSDT,2025-05-08 16:00:00,0.00005
XAUTUSDT,2025-05-08 12:00:00,0.00005
XAUTUSDT,2025-05-08 08:00:00,0.00005
XAUTUSDT,2025-05-08 04:00:00,-0.00001559
XAUTUSDT,2025-05-08 00:00:00,0.00005
XAUTUSDT,2025-05-07 20:00:00,0.00000499
XAUTUSDT,2025-05-07 16:00:00,-0.00002337
XAUTUSDT,2025-05-07 12:00:00,-0.00004719
XAUTUSDT,2025-05-07 08:00:00,-0.00008061
XAUTUSDT,2025-05-07 04:00:00,0.00005
XAUTUSDT,2025-05-07 00:00:00,0.00005
XAUTUSDT,2025-05-06 20:00:00,-0.00001352
XAUTUSDT,2025-05-06 16:00:00,0.00004987
XAUTUSDT,2025-05-06 12:00:00,-0.00000474
XAUTUSDT,2025-05-06 08:00:00,0.00004706
XAUTUSDT,2025-05-06 04:00:00,0.00002261
XAUTUSDT,2025-05-06 00:00:00,-0.00002973
XAUTUSDT,2025-05-05 20:00:00,0.00001679
XAUTUSDT,2025-05-05 16:00:00,0.00005
XAUTUSDT,2025-05-05 12:00:00,0.00005
XAUTUSDT,2025-05-05 08:00:00,0.00005
XAUTUSDT,2025-05-05 04:00:00,0.00005
XAUTUSDT,2025-05-05 00:00:00,0.00005
XAUTUSDT,2025-05-04 20:00:00,0.00005
XAUTUSDT,2025-05-04 16:00:00,0.00005
XAUTUSDT,2025-05-04 12:00:00,0.00005
XAUTUSDT,2025-05-04 08:00:00,0.00005
XAUTUSDT,2025-05-04 04:00:00,0.00005
XAUTUSDT,2025-05-04 00:00:00,0.00005
XAUTUSDT,2025-05-03 20:00:00,0.00005
XAUTUSDT,2025-05-03 16:00:00,0.00005
XAUTUSDT,2025-05-03 12:00:00,0.00005
XAUTUSDT,2025-05-03 08:00:00,0.00005
XAUTUSDT,2025-05-03 04:00:00,0.00002268
XAUTUSDT,2025-05-03 00:00:00,-0.00000373
XAUTUSDT,2025-05-02 20:00:00,0.00002711
XAUTUSDT,2025-05-02 16:00:00,-0.00000734
XAUTUSDT,2025-05-02 12:00:00,0.00005
XAUTUSDT,2025-05-02 08:00:00,0.00003858
XAUTUSDT,2025-05-02 04:00:00,0.00005
XAUTUSDT,2025-05-02 00:00:00,0.00005
XAUTUSDT,2025-05-01 20:00:00,0.00005
XAUTUSDT,2025-05-01 16:00:00,0.00005
XAUTUSDT,2025-05-01 12:00:00,0.00005
XAUTUSDT,2025-05-01 08:00:00,0.00005
XAUTUSDT,2025-05-01 04:00:00,0.00005
XAUTUSDT,2025-05-01 00:00:00,0.00005
XAUTUSDT,2025-04-30 20:00:00,0.00005
XAUTUSDT,2025-04-30 16:00:00,0.00005
XAUTUSDT,2025-04-30 12:00:00,0.00005
XAUTUSDT,2025-04-30 08:00:00,0.00005
XAUTUSDT,2025-04-30 04:00:00,0.00005
XAUTUSDT,2025-04-30 00:00:00,0.00005
XAUTUSDT,2025-04-29 20:00:00,0.00005
XAUTUSDT,2025-04-29 16:00:00,0.00005
XAUTUSDT,2025-04-29 12:00:00,0.00005
XAUTUSDT,2025-04-29 08:00:00,0.00005
XAUTUSDT,2025-04-29 04:00:00,0.00005
XAUTUSDT,2025-04-29 00:00:00,0.00005
XAUTUSDT,2025-04-28 20:00:00,0.00005
XAUTUSDT,2025-04-28 16:00:00,0.00005
XAUTUSDT,2025-04-28 12:00:00,0.00005
XAUTUSDT,2025-04-28 08:00:00,0.00005
XAUTUSDT,2025-04-28 04:00:00,0.00005
XAUTUSDT,2025-04-28 00:00:00,0.00005
XAUTUSDT,2025-04-27 20:00:00,0.00005
XAUTUSDT,2025-04-27 16:00:00,0.00005
XAUTUSDT,2025-04-27 12:00:00,0.00005
XAUTUSDT,2025-04-27 08:00:00,0.00005
XAUTUSDT,2025-04-27 04:00:00,0.00005
XAUTUSDT,2025-04-27 00:00:00,0.00005
XAUTUSDT,2025-04-26 20:00:00,0.00005
XAUTUSDT,2025-04-26 16:00:00,0.00005
XAUTUSDT,2025-04-26 12:00:00,0.00005
XAUTUSDT,2025-04-26 08:00:00,0.00005
XAUTUSDT,2025-04-26 04:00:00,0.00005
XAUTUSDT,2025-04-26 00:00:00,0.00005
XAUTUSDT,2025-04-25 20:00:00,0.00005
XAUTUSDT,2025-04-25 16:00:00,0.00005
XAUTUSDT,2025-04-25 12:00:00,0.00005
XAUTUSDT,2025-04-25 08:00:00,0.00005
XAUTUSDT,2025-04-25 04:00:00,0.00005
XAUTUSDT,2025-04-25 00:00:00,0.00005
XAUTUSDT,2025-04-24 20:00:00,0.00005
XAUTUSDT,2025-04-24 16:00:00,0.00005
XAUTUSDT,2025-04-24 12:00:00,0.00005
XAUTUSDT,2025-04-24 08:00:00,0.00005
XAUTUSDT,2025-04-24 04:00:00,0.00005
XAUTUSDT,2025-04-24 00:00:00,0.00005
XAUTUSDT,2025-04-23 20:00:00,0.00005
XAUTUSDT,2025-04-23 16:00:00,0.00005
XAUTUSDT,2025-04-23 12:00:00,0.00005
XAUTUSDT,2025-04-23 08:00:00,0.00005
XAUTUSDT,2025-04-23 04:00:00,0.00005
XAUTUSDT,2025-04-23 00:00:00,0.00005
XAUTUSDT,2025-04-22 20:00:00,0.00005
XAUTUSDT,2025-04-22 16:00:00,0.00005
XAUTUSDT,2025-04-22 12:00:00,0.00005
XAUTUSDT,2025-04-22 08:00:00,-0.00056065
XAUTUSDT,2025-04-22 04:00:00,-0.00004548
XAUTUSDT,2025-04-22 00:00:00,0.00005
XAUTUSDT,2025-04-21 20:00:00,-0.00078731
XAUTUSDT,2025-04-21 16:00:00,-0.00012614
XAUTUSDT,2025-04-21 12:00:00,0.00005
XAUTUSDT,2025-04-21 08:00:00,0.00005
XAUTUSDT,2025-04-21 04:00:00,0.00004049
XAUTUSDT,2025-04-21 00:00:00,0.00005
XAUTUSDT,2025-04-20 20:00:00,-0.00000819
XAUTUSDT,2025-04-20 16:00:00,0.00005
XAUTUSDT,2025-04-20 12:00:00,0.00005
XAUTUSDT,2025-04-20 08:00:00,-0.00000751
XAUTUSDT,2025-04-20 04:00:00,0.00005
XAUTUSDT,2025-04-20 00:00:00,0.00005
XAUTUSDT,2025-04-19 20:00:00,0.00005
XAUTUSDT,2025-04-19 16:00:00,0.00005
XAUTUSDT,2025-04-19 12:00:00,0.00005
XAUTUSDT,2025-04-19 08:00:00,0.00005
XAUTUSDT,2025-04-19 04:00:00,-0.00009398
XAUTUSDT,2025-04-19 00:00:00,0.00005
XAUTUSDT,2025-04-18 20:00:00,0.00005
XAUTUSDT,2025-04-18 16:00:00,0.00005
XAUTUSDT,2025-04-18 12:00:00,0.00005
XAUTUSDT,2025-04-18 08:00:00,0.00005
XAUTUSDT,2025-04-18 04:00:00,-0.00015833
XAUTUSDT,2025-04-18 00:00:00,-0.0000514
XAUTUSDT,2025-04-17 20:00:00,0.00005
XAUTUSDT,2025-04-17 16:00:00,0.00005
XAUTUSDT,2025-04-17 12:00:00,0.00003131
XAUTUSDT,2025-04-17 08:00:00,-0.0004302
XAUTUSDT,2025-04-17 04:00:00,-0.00024161
XAUTUSDT,2025-04-17 00:00:00,0.00004491
XAUTUSDT,2025-04-16 20:00:00,-0.00000021
XAUTUSDT,2025-04-16 16:00:00,0.00005
XAUTUSDT,2025-04-16 12:00:00,-0.00011111
XAUTUSDT,2025-04-16 08:00:00,0.00005
XAUTUSDT,2025-04-16 04:00:00,0.0000475
XAUTUSDT,2025-04-16 00:00:00,0.00005
XAUTUSDT,2025-04-15 20:00:00,0.00005
XAUTUSDT,2025-04-15 16:00:00,0.00005
XAUTUSDT,2025-04-15 12:00:00,0.00005
XAUTUSDT,2025-04-15 08:00:00,-0.00034552
XAUTUSDT,2025-04-15 04:00:00,0.00005
XAUTUSDT,2025-04-15 00:00:00,0.00005
XAUTUSDT,2025-04-14 20:00:00,0.00005
XAUTUSDT,2025-04-14 16:00:00,-0.00082363
XAUTUSDT,2025-04-14 12:00:00,-0.00100935
XAUTUSDT,2025-04-14 08:00:00,-0.00049794
XAUTUSDT,2025-04-14 04:00:00,0.00005
XAUTUSDT,2025-04-14 00:00:00,-0.00121693
XAUTUSDT,2025-04-13 20:00:00,0.00005
XAUTUSDT,2025-04-13 16:00:00,-0.0004036
XAUTUSDT,2025-04-13 12:00:00,-0.00050858
XAUTUSDT,2025-04-13 08:00:00,-0.00005805
XAUTUSDT,2025-04-13 04:00:00,-0.00013448
XAUTUSDT,2025-04-13 00:00:00,-0.00022844
XAUTUSDT,2025-04-12 20:00:00,-0.00007099
XAUTUSDT,2025-04-12 16:00:00,-0.00027771
XAUTUSDT,2025-04-12 12:00:00,0.00005
XAUTUSDT,2025-04-12 08:00:00,0.00005
XAUTUSDT,2025-04-12 04:00:00,0.00005
XAUTUSDT,2025-04-12 00:00:00,-0.00061034
XAUTUSDT,2025-04-11 20:00:00,-0.00031696
XAUTUSDT,2025-04-11 16:00:00,-0.00061889
XAUTUSDT,2025-04-11 12:00:00,-0.00065615
XAUTUSDT,2025-04-11 08:00:00,-0.00003352
XAUTUSDT,2025-04-11 04:00:00,0.00005
XAUTUSDT,2025-04-11 00:00:00,-0.00004766
VETUSDT,2025-05-15 00:00:00,0.0001
VETUSDT,2025-05-14 16:00:00,0.0001
VETUSDT,2025-05-14 08:00:00,0.0001
VETUSDT,2025-05-14 00:00:00,0.0001
VETUSDT,2025-05-13 16:00:00,0.0001
VETUSDT,2025-05-13 08:00:00,0.0001
VETUSDT,2025-05-13 00:00:00,0.0001
VETUSDT,2025-05-12 16:00:00,0.0001
VETUSDT,2025-05-12 08:00:00,0.0001
VETUSDT,2025-05-12 00:00:00,0.0001
VETUSDT,2025-05-11 16:00:00,0.0001
VETUSDT,2025-05-11 08:00:00,0.0001
VETUSDT,2025-05-11 00:00:00,0.0001
VETUSDT,2025-05-10 16:00:00,0.0001
VETUSDT,2025-05-10 08:00:00,0.0001
VETUSDT,2025-05-10 00:00:00,0.0001
VETUSDT,2025-05-09 16:00:00,0.0001
VETUSDT,2025-05-09 08:00:00,0.0001
VETUSDT,2025-05-09 00:00:00,0.0001
VETUSDT,2025-05-08 16:00:00,0.0001
VETUSDT,2025-05-08 08:00:00,0.0001
VETUSDT,2025-05-08 00:00:00,0.0001
VETUSDT,2025-05-07 16:00:00,0.0001
VETUSDT,2025-05-07 08:00:00,0.0001
VETUSDT,2025-05-07 00:00:00,-0.00015236
VETUSDT,2025-05-06 16:00:00,0.00006973
VETUSDT,2025-05-06 08:00:00,0.00009879
VETUSDT,2025-05-06 00:00:00,0.00007434
VETUSDT,2025-05-05 16:00:00,0.0001
VETUSDT,2025-05-05 08:00:00,0.0001
VETUSDT,2025-05-05 00:00:00,0.00003013
VETUSDT,2025-05-04 16:00:00,-0.0000533
VETUSDT,2025-05-04 08:00:00,-0.00016419
VETUSDT,2025-05-04 00:00:00,-0.00000314
VETUSDT,2025-05-03 16:00:00,-0.00001012
VETUSDT,2025-05-03 08:00:00,0.0001
VETUSDT,2025-05-03 00:00:00,-0.00003038
VETUSDT,2025-05-02 16:00:00,0.00001727
VETUSDT,2025-05-02 08:00:00,0.00009138
VETUSDT,2025-05-02 00:00:00,0.0001
VETUSDT,2025-05-01 16:00:00,0.0001
VETUSDT,2025-05-01 08:00:00,0.0001
VETUSDT,2025-05-01 00:00:00,0.0001
VETUSDT,2025-04-30 16:00:00,-0.00000866
VETUSDT,2025-04-30 08:00:00,-0.00005894
VETUSDT,2025-04-30 00:00:00,-0.00010196
VETUSDT,2025-04-29 16:00:00,0.0001
VETUSDT,2025-04-29 08:00:00,-0.00000016
VETUSDT,2025-04-29 00:00:00,0.0001
VETUSDT,2025-04-28 16:00:00,0.00009395
VETUSDT,2025-04-28 08:00:00,0.0001
VETUSDT,2025-04-28 00:00:00,0.0001
VETUSDT,2025-04-27 16:00:00,0.0001
VETUSDT,2025-04-27 08:00:00,0.0001
VETUSDT,2025-04-27 00:00:00,0.0001
VETUSDT,2025-04-26 16:00:00,0.0001
VETUSDT,2025-04-26 08:00:00,0.0001
VETUSDT,2025-04-26 00:00:00,0.00007312
VETUSDT,2025-04-25 16:00:00,0.0001
VETUSDT,2025-04-25 08:00:00,0.0001
VETUSDT,2025-04-25 00:00:00,-0.00002587
VETUSDT,2025-04-24 16:00:00,-0.00000565
VETUSDT,2025-04-24 08:00:00,-0.00001769
VETUSDT,2025-04-24 00:00:00,0.0001
VETUSDT,2025-04-23 16:00:00,0.0001
VETUSDT,2025-04-23 08:00:00,0.0001
VETUSDT,2025-04-23 00:00:00,0.0001
VETUSDT,2025-04-22 16:00:00,0.0001
VETUSDT,2025-04-22 08:00:00,0.00009691
VETUSDT,2025-04-22 00:00:00,0.0001
VETUSDT,2025-04-21 16:00:00,0.0001
VETUSDT,2025-04-21 08:00:00,0.0001
VETUSDT,2025-04-21 00:00:00,0.0001
VETUSDT,2025-04-20 16:00:00,0.0001
VETUSDT,2025-04-20 08:00:00,0.0001
VETUSDT,2025-04-20 00:00:00,0.0001
VETUSDT,2025-04-19 16:00:00,0.0001
VETUSDT,2025-04-19 08:00:00,0.0001
VETUSDT,2025-04-19 00:00:00,0.0001
VETUSDT,2025-04-18 16:00:00,0.00001072
VETUSDT,2025-04-18 08:00:00,0.00009069
VETUSDT,2025-04-18 00:00:00,0.0001
VETUSDT,2025-04-17 16:00:00,0.0001
VETUSDT,2025-04-17 08:00:00,0.0001
VETUSDT,2025-04-17 00:00:00,0.0001
VETUSDT,2025-04-16 16:00:00,-0.00002783
VETUSDT,2025-04-16 08:00:00,0.0000169
VETUSDT,2025-04-16 00:00:00,-0.00009062
VETUSDT,2025-04-15 16:00:00,0.00005544
VETUSDT,2025-04-15 08:00:00,0.00008134
VETUSDT,2025-04-15 00:00:00,-0.00016565
VETUSDT,2025-04-14 16:00:00,-0.00032182
VETUSDT,2025-04-14 08:00:00,0.0001
VETUSDT,2025-04-14 00:00:00,0.0001
WCTUSDT,2025-05-16 00:00:00,-0.00023504
WCTUSDT,2025-05-15 23:00:00,-0.00012087
WCTUSDT,2025-05-15 22:00:00,-0.00009569
WCTUSDT,2025-05-15 21:00:00,-0.00020642
WCTUSDT,2025-05-15 20:00:00,-0.0001694
WCTUSDT,2025-05-15 19:00:00,0.0000125
WCTUSDT,2025-05-15 18:00:00,-0.00010266
WCTUSDT,2025-05-15 17:00:00,0.0000125
WCTUSDT,2025-05-15 16:00:00,0.0000125
WCTUSDT,2025-05-15 15:00:00,0.0000125
WCTUSDT,2025-05-15 14:00:00,-0.00002877
WCTUSDT,2025-05-15 13:00:00,0.0000125
WCTUSDT,2025-05-15 12:00:00,0.0000125
WCTUSDT,2025-05-15 11:00:00,-0.00011717
WCTUSDT,2025-05-15 10:00:00,-0.0000766
WCTUSDT,2025-05-15 09:00:00,0.0000125
WCTUSDT,2025-05-15 08:00:00,-0.00001816
WCTUSDT,2025-05-15 07:00:00,-0.00038467
WCTUSDT,2025-05-15 06:00:00,-0.00125771
WCTUSDT,2025-05-15 05:00:00,-0.00049757
WCTUSDT,2025-05-15 04:00:00,-0.00016799
WCTUSDT,2025-05-15 03:00:00,0.0000125
WCTUSDT,2025-05-15 02:00:00,0.0000125
WCTUSDT,2025-05-15 01:00:00,0.0000125
WCTUSDT,2025-05-15 00:00:00,-0.00034309
WCTUSDT,2025-05-14 23:00:00,0.0000125
WCTUSDT,2025-05-14 22:00:00,-0.0000552
WCTUSDT,2025-05-14 21:00:00,0.0000125
WCTUSDT,2025-05-14 20:00:00,0.00000233
WCTUSDT,2025-05-14 19:00:00,0.0000125
WCTUSDT,2025-05-14 18:00:00,-0.00029385
WCTUSDT,2025-05-14 17:00:00,0.0000125
WCTUSDT,2025-05-14 16:00:00,0.0000125
WCTUSDT,2025-05-14 15:00:00,0.0000125
WCTUSDT,2025-05-14 14:00:00,0.0000125
WCTUSDT,2025-05-14 13:00:00,0.0000125
WCTUSDT,2025-05-14 12:00:00,0.0000125
WCTUSDT,2025-05-14 11:00:00,0.0000125
WCTUSDT,2025-05-14 10:00:00,0.0000125
WCTUSDT,2025-05-14 09:00:00,0.0000125
WCTUSDT,2025-05-14 08:00:00,0.0000125
WCTUSDT,2025-05-14 07:00:00,0.0000125
WCTUSDT,2025-05-14 06:00:00,0.0000125
WCTUSDT,2025-05-14 05:00:00,0.0000125
WCTUSDT,2025-05-14 04:00:00,-0.00007782
WCTUSDT,2025-05-14 03:00:00,0.0000125
WCTUSDT,2025-05-14 02:00:00,0.0000125
WCTUSDT,2025-05-14 01:00:00,0.0000125
WCTUSDT,2025-05-14 00:00:00,0.0000125
WCTUSDT,2025-05-13 23:00:00,0.0000125
WCTUSDT,2025-05-13 22:00:00,0.0000125
WCTUSDT,2025-05-13 21:00:00,0.0000125
WCTUSDT,2025-05-13 20:00:00,0.0000125
WCTUSDT,2025-05-13 19:00:00,0.0000125
WCTUSDT,2025-05-13 18:00:00,0.0000125
WCTUSDT,2025-05-13 17:00:00,0.0000125
WCTUSDT,2025-05-13 16:00:00,0.0000125
WCTUSDT,2025-05-13 15:00:00,0.0000125
WCTUSDT,2025-05-13 14:00:00,0.0000125
WCTUSDT,2025-05-13 13:00:00,0.0000125
WCTUSDT,2025-05-13 12:00:00,0.0000125
WCTUSDT,2025-05-13 11:00:00,0.0000125
WCTUSDT,2025-05-13 10:00:00,0.0000125
WCTUSDT,2025-05-13 09:00:00,0.0000125
WCTUSDT,2025-05-13 08:00:00,0.0000125
WCTUSDT,2025-05-13 07:00:00,0.0000125
WCTUSDT,2025-05-13 06:00:00,0.0000125
WCTUSDT,2025-05-13 05:00:00,0.0000125
WCTUSDT,2025-05-13 04:00:00,0.0000125
WCTUSDT,2025-05-13 03:00:00,0.0000125
WCTUSDT,2025-05-13 02:00:00,0.0000125
WCTUSDT,2025-05-13 01:00:00,0.0000125
WCTUSDT,2025-05-13 00:00:00,0.0000125
WCTUSDT,2025-05-12 23:00:00,0.0000125
WCTUSDT,2025-05-12 22:00:00,0.0000125
WCTUSDT,2025-05-12 21:00:00,0.0000125
WCTUSDT,2025-05-12 20:00:00,0.0000125
WCTUSDT,2025-05-12 19:00:00,-0.00006035
WCTUSDT,2025-05-12 18:00:00,-0.00027713
WCTUSDT,2025-05-12 17:00:00,0.0000125
WCTUSDT,2025-05-12 16:00:00,0.0000125
WCTUSDT,2025-05-12 15:00:00,0.0000125
WCTUSDT,2025-05-12 14:00:00,0.0000125
WCTUSDT,2025-05-12 13:00:00,0.0000125
WCTUSDT,2025-05-12 12:00:00,0.0000125
WCTUSDT,2025-05-12 11:00:00,-0.00026359
WCTUSDT,2025-05-12 10:00:00,0.0000125
WCTUSDT,2025-05-12 09:00:00,0.0000125
WCTUSDT,2025-05-12 08:00:00,0.0000125
WCTUSDT,2025-05-12 07:00:00,0.0000125
WCTUSDT,2025-05-12 06:00:00,0.0000125
WCTUSDT,2025-05-12 05:00:00,0.0000125
WCTUSDT,2025-05-12 04:00:00,0.0000125
WCTUSDT,2025-05-12 03:00:00,0.0000125
WCTUSDT,2025-05-12 02:00:00,0.0000125
WCTUSDT,2025-05-12 01:00:00,0.0000125
WCTUSDT,2025-05-12 00:00:00,0.0000125
WCTUSDT,2025-05-11 23:00:00,0.0000125
WCTUSDT,2025-05-11 22:00:00,0.0000125
WCTUSDT,2025-05-11 21:00:00,-0.00002215
WCTUSDT,2025-05-11 20:00:00,0.0000125
WCTUSDT,2025-05-11 19:00:00,0.0000125
WCTUSDT,2025-05-11 18:00:00,-0.00014534
WCTUSDT,2025-05-11 17:00:00,-0.00001374
WCTUSDT,2025-05-11 16:00:00,-0.00014481
WCTUSDT,2025-05-11 15:00:00,0.0000125
WCTUSDT,2025-05-11 14:00:00,0.0000125
WCTUSDT,2025-05-11 13:00:00,0.0000125
WCTUSDT,2025-05-11 12:00:00,0.0000125
WCTUSDT,2025-05-11 11:00:00,0.0000125
WCTUSDT,2025-05-11 10:00:00,0.0000125
WCTUSDT,2025-05-11 09:00:00,0.0000125
WCTUSDT,2025-05-11 08:00:00,0.0000125
WCTUSDT,2025-05-11 07:00:00,0.0000125
WCTUSDT,2025-05-11 06:00:00,0.0000125
WCTUSDT,2025-05-11 05:00:00,0.0000125
WCTUSDT,2025-05-11 04:00:00,0.0000125
WCTUSDT,2025-05-11 03:00:00,0.0000125
WCTUSDT,2025-05-11 02:00:00,0.0000125
WCTUSDT,2025-05-11 01:00:00,0.0000125
WCTUSDT,2025-05-11 00:00:00,0.0000125
WCTUSDT,2025-05-10 23:00:00,0.0000125
WCTUSDT,2025-05-10 22:00:00,0.0000125
WCTUSDT,2025-05-10 21:00:00,0.0000125
WCTUSDT,2025-05-10 20:00:00,0.0000125
WCTUSDT,2025-05-10 19:00:00,0.0000125
WCTUSDT,2025-05-10 18:00:00,0.0000125
WCTUSDT,2025-05-10 17:00:00,0.0000125
WCTUSDT,2025-05-10 16:00:00,0.0000125
WCTUSDT,2025-05-10 15:00:00,0.0000125
WCTUSDT,2025-05-10 14:00:00,0.0000125
WCTUSDT,2025-05-10 13:00:00,0.0000125
WCTUSDT,2025-05-10 12:00:00,0.0000125
WCTUSDT,2025-05-10 11:00:00,0.0000125
WCTUSDT,2025-05-10 10:00:00,0.0000125
WCTUSDT,2025-05-10 09:00:00,0.0000125
WCTUSDT,2025-05-10 08:00:00,0.0000125
WCTUSDT,2025-05-10 07:00:00,0.0000125
WCTUSDT,2025-05-10 06:00:00,0.0000125
WCTUSDT,2025-05-10 05:00:00,0.0000125
WCTUSDT,2025-05-10 04:00:00,0.0000125
WCTUSDT,2025-05-10 03:00:00,0.0000125
WCTUSDT,2025-05-10 02:00:00,0.0000125
WCTUSDT,2025-05-10 01:00:00,0.0000125
WCTUSDT,2025-05-10 00:00:00,0.0000125
WCTUSDT,2025-05-09 23:00:00,0.0000125
WCTUSDT,2025-05-09 22:00:00,0.0000125
WCTUSDT,2025-05-09 21:00:00,0.0000125
WCTUSDT,2025-05-09 20:00:00,0.0000125
WCTUSDT,2025-05-09 19:00:00,0.0000125
WCTUSDT,2025-05-09 18:00:00,0.0000125
WCTUSDT,2025-05-09 17:00:00,0.0000125
WCTUSDT,2025-05-09 16:00:00,0.0000125
WCTUSDT,2025-05-09 15:00:00,0.0000125
WCTUSDT,2025-05-09 14:00:00,0.0000125
WCTUSDT,2025-05-09 13:00:00,0.0000125
WCTUSDT,2025-05-09 12:00:00,0.0000125
WCTUSDT,2025-05-09 11:00:00,0.0000125
WCTUSDT,2025-05-09 10:00:00,0.0000125
WCTUSDT,2025-05-09 09:00:00,0.0000125
WCTUSDT,2025-05-09 08:00:00,0.0000125
WCTUSDT,2025-05-09 07:00:00,0.0000125
WCTUSDT,2025-05-09 06:00:00,0.0000125
WCTUSDT,2025-05-09 05:00:00,0.0000125
WCTUSDT,2025-05-09 04:00:00,0.0000125
WCTUSDT,2025-05-09 03:00:00,0.0000125
WCTUSDT,2025-05-09 02:00:00,0.0000125
WCTUSDT,2025-05-09 01:00:00,0.0000125
WCTUSDT,2025-05-09 00:00:00,0.0000125
WCTUSDT,2025-05-08 23:00:00,0.0000125
WCTUSDT,2025-05-08 22:00:00,0.0000125
WCTUSDT,2025-05-08 21:00:00,0.0000125
WCTUSDT,2025-05-08 20:00:00,0.0000125
WCTUSDT,2025-05-08 19:00:00,0.0000125
WCTUSDT,2025-05-08 18:00:00,0.0000125
WCTUSDT,2025-05-08 17:00:00,0.0000125
WCTUSDT,2025-05-08 16:00:00,0.0000125
WCTUSDT,2025-05-08 15:00:00,0.0000125
WCTUSDT,2025-05-08 14:00:00,0.0000125
WCTUSDT,2025-05-08 13:00:00,0.0000125
WCTUSDT,2025-05-08 12:00:00,0.0000125
WCTUSDT,2025-05-08 11:00:00,0.0000125
WCTUSDT,2025-05-08 10:00:00,0.0000125
WCTUSDT,2025-05-08 09:00:00,0.0000125
WCTUSDT,2025-05-08 08:00:00,0.0000125
WCTUSDT,2025-05-08 07:00:00,0.0000125
WCTUSDT,2025-05-08 06:00:00,0.0000125
WCTUSDT,2025-05-08 05:00:00,0.0000125
WCTUSDT,2025-05-08 04:00:00,0.0000125
WCTUSDT,2025-05-08 03:00:00,0.0000125
WCTUSDT,2025-05-08 02:00:00,0.0000125
WCTUSDT,2025-05-08 01:00:00,0.0000125
WCTUSDT,2025-05-08 00:00:00,0.0000125
WCTUSDT,2025-05-07 23:00:00,0.0000125
WCTUSDT,2025-05-07 22:00:00,0.0000125
WCTUSDT,2025-05-07 21:00:00,0.0000125
WCTUSDT,2025-05-07 20:00:00,0.0000125
WCTUSDT,2025-05-07 19:00:00,0.0000125
WCTUSDT,2025-05-07 18:00:00,0.0000125
WCTUSDT,2025-05-07 17:00:00,0.0000125
HYPERUSDT,2025-05-23 00:00:00,0.00005
HYPERUSDT,2025-05-22 20:00:00,0.00005
HYPERUSDT,2025-05-22 16:00:00,0.00005
HYPERUSDT,2025-05-22 12:00:00,0.00005
HYPERUSDT,2025-05-22 08:00:00,0.00005
HYPERUSDT,2025-05-22 04:00:00,0.00005
HYPERUSDT,2025-05-22 00:00:00,0.00005
HYPERUSDT,2025-05-21 20:00:00,0.00005
HYPERUSDT,2025-05-21 16:00:00,0.00005
HYPERUSDT,2025-05-21 12:00:00,0.00005
HYPERUSDT,2025-05-21 08:00:00,0.00005
HYPERUSDT,2025-05-21 04:00:00,0.00005
HYPERUSDT,2025-05-21 00:00:00,0.00005
HYPERUSDT,2025-05-20 20:00:00,0.00005
HYPERUSDT,2025-05-20 16:00:00,0.00005
HYPERUSDT,2025-05-20 12:00:00,0.00005
HYPERUSDT,2025-05-20 08:00:00,0.00005
HYPERUSDT,2025-05-20 04:00:00,0.00005
HYPERUSDT,2025-05-20 00:00:00,0.00005
HYPERUSDT,2025-05-19 20:00:00,0.00005
HYPERUSDT,2025-05-19 16:00:00,0.00005
HYPERUSDT,2025-05-19 12:00:00,0.00005
HYPERUSDT,2025-05-19 08:00:00,0.00005
HYPERUSDT,2025-05-19 04:00:00,0.00005
HYPERUSDT,2025-05-19 00:00:00,0.00005
HYPERUSDT,2025-05-18 20:00:00,0.00005
HYPERUSDT,2025-05-18 16:00:00,0.00005
HYPERUSDT,2025-05-18 12:00:00,0.00005
HYPERUSDT,2025-05-18 08:00:00,0.00005
HYPERUSDT,2025-05-18 04:00:00,0.00005
HYPERUSDT,2025-05-18 00:00:00,0.00005
HYPERUSDT,2025-05-17 20:00:00,0.00005
HYPERUSDT,2025-05-17 16:00:00,0.00005
HYPERUSDT,2025-05-17 12:00:00,0.00005
HYPERUSDT,2025-05-17 08:00:00,0.00005
HYPERUSDT,2025-05-17 04:00:00,0.00005
HYPERUSDT,2025-05-17 00:00:00,0.00005
HYPERUSDT,2025-05-16 20:00:00,0.00005
HYPERUSDT,2025-05-16 16:00:00,0.00005
HYPERUSDT,2025-05-16 12:00:00,0.00005
HYPERUSDT,2025-05-16 08:00:00,0.00005
HYPERUSDT,2025-05-16 04:00:00,0.00005
HYPERUSDT,2025-05-16 00:00:00,0.00005
HYPERUSDT,2025-05-15 20:00:00,0.00005
HYPERUSDT,2025-05-15 16:00:00,0.00005
HYPERUSDT,2025-05-15 12:00:00,0.00005
HYPERUSDT,2025-05-15 08:00:00,0.00005
HYPERUSDT,2025-05-15 04:00:00,0.00005
HYPERUSDT,2025-05-15 00:00:00,0.00005
HYPERUSDT,2025-05-14 20:00:00,0.00005
HYPERUSDT,2025-05-14 16:00:00,0.00005
HYPERUSDT,2025-05-14 12:00:00,0.00005
HYPERUSDT,2025-05-14 08:00:00,0.00005
HYPERUSDT,2025-05-14 04:00:00,0.00005
HYPERUSDT,2025-05-14 00:00:00,0.00005
HYPERUSDT,2025-05-13 20:00:00,0.00005
HYPERUSDT,2025-05-13 16:00:00,0.00005
HYPERUSDT,2025-05-13 12:00:00,0.00005
HYPERUSDT,2025-05-13 08:00:00,0.00005
HYPERUSDT,2025-05-13 04:00:00,0.00005
HYPERUSDT,2025-05-13 00:00:00,0.00005
HYPERUSDT,2025-05-12 20:00:00,0.00005
HYPERUSDT,2025-05-12 16:00:00,0.00005
HYPERUSDT,2025-05-12 12:00:00,0.00005
HYPERUSDT,2025-05-12 08:00:00,0.00005
HYPERUSDT,2025-05-12 04:00:00,0.00005
HYPERUSDT,2025-05-12 00:00:00,0.00005
HYPERUSDT,2025-05-11 20:00:00,0.00005
HYPERUSDT,2025-05-11 16:00:00,0.00005
HYPERUSDT,2025-05-11 12:00:00,0.00005
HYPERUSDT,2025-05-11 08:00:00,0.00005
HYPERUSDT,2025-05-11 04:00:00,0.00005
HYPERUSDT,2025-05-11 00:00:00,0.00005
HYPERUSDT,2025-05-10 20:00:00,0.00005
HYPERUSDT,2025-05-10 16:00:00,0.00005
HYPERUSDT,2025-05-10 12:00:00,0.00005
HYPERUSDT,2025-05-10 08:00:00,0.00005
HYPERUSDT,2025-05-10 04:00:00,0.00005
HYPERUSDT,2025-05-10 00:00:00,0.00005
HYPERUSDT,2025-05-09 20:00:00,0.00005
HYPERUSDT,2025-05-09 16:00:00,0.00005
HYPERUSDT,2025-05-09 12:00:00,0.00005
HYPERUSDT,2025-05-09 08:00:00,0.00005
HYPERUSDT,2025-05-09 04:00:00,0.00005
HYPERUSDT,2025-05-09 00:00:00,0.00005
HYPERUSDT,2025-05-08 20:00:00,0.00005
HYPERUSDT,2025-05-08 16:00:00,0.00005
HYPERUSDT,2025-05-08 12:00:00,0.00005
HYPERUSDT,2025-05-08 08:00:00,0.00005
HYPERUSDT,2025-05-08 04:00:00,0.00005
HYPERUSDT,2025-05-08 00:00:00,0.00005
HYPERUSDT,2025-05-07 20:00:00,0.00005
HYPERUSDT,2025-05-07 16:00:00,0.00005
HYPERUSDT,2025-05-07 12:00:00,0.00005
HYPERUSDT,2025-05-07 08:00:00,0.00005
HYPERUSDT,2025-05-07 04:00:00,0.00005
HYPERUSDT,2025-05-07 00:00:00,0.00005
HYPERUSDT,2025-05-06 20:00:00,0.00005
HYPERUSDT,2025-05-06 16:00:00,0.00005
HYPERUSDT,2025-05-06 12:00:00,0.00005
HYPERUSDT,2025-05-06 08:00:00,0.00005
HYPERUSDT,2025-05-06 04:00:00,0.00005
HYPERUSDT,2025-05-06 00:00:00,0.00005
HYPERUSDT,2025-05-05 20:00:00,0.00005
HYPERUSDT,2025-05-05 16:00:00,0.00005
HYPERUSDT,2025-05-05 12:00:00,0.00005
HYPERUSDT,2025-05-05 08:00:00,0.00005
HYPERUSDT,2025-05-05 04:00:00,0.00005
HYPERUSDT,2025-05-05 00:00:00,0.00005
HYPERUSDT,2025-05-04 20:00:00,0.00005
HYPERUSDT,2025-05-04 16:00:00,0.00005
HYPERUSDT,2025-05-04 12:00:00,0.00005
HYPERUSDT,2025-05-04 08:00:00,0.00005
HYPERUSDT,2025-05-04 04:00:00,0.00005
HYPERUSDT,2025-05-04 00:00:00,0.00005
HYPERUSDT,2025-05-03 20:00:00,0.00005
HYPERUSDT,2025-05-03 16:00:00,0.00005
HYPERUSDT,2025-05-03 12:00:00,0.00005
HYPERUSDT,2025-05-03 08:00:00,0.00005
HYPERUSDT,2025-05-03 04:00:00,0.00005
HYPERUSDT,2025-05-03 00:00:00,0.00005
HYPERUSDT,2025-05-02 20:00:00,0.00005
HYPERUSDT,2025-05-02 16:00:00,0.00005
HYPERUSDT,2025-05-02 12:00:00,0.00005
HYPERUSDT,2025-05-02 08:00:00,0.00005
HYPERUSDT,2025-05-02 04:00:00,0.00005
HYPERUSDT,2025-05-02 00:00:00,0.00005
HYPERUSDT,2025-05-01 20:00:00,0.00005
HYPERUSDT,2025-05-01 16:00:00,0.00005
HYPERUSDT,2025-05-01 12:00:00,0.00005
HYPERUSDT,2025-05-01 08:00:00,0.00005
HYPERUSDT,2025-05-01 04:00:00,0.00005
HYPERUSDT,2025-05-01 00:00:00,0.00005
HYPERUSDT,2025-04-30 20:00:00,0.00005
HYPERUSDT,2025-04-30 16:00:00,0.00005
HYPERUSDT,2025-04-30 12:00:00,0.00005
HYPERUSDT,2025-04-30 08:00:00,0.00005
HYPERUSDT,2025-04-30 04:00:00,0.00005
HYPERUSDT,2025-04-30 00:00:00,0.00005
HYPERUSDT,2025-04-29 20:00:00,0.00005
HYPERUSDT,2025-04-29 16:00:00,0.00005
HYPERUSDT,2025-04-29 12:00:00,0.00005
HYPERUSDT,2025-04-29 08:00:00,0.00005
HYPERUSDT,2025-04-29 04:00:00,0.00005
HYPERUSDT,2025-04-29 00:00:00,0.00005
HYPERUSDT,2025-04-28 20:00:00,0.00005
HYPERUSDT,2025-04-28 16:00:00,0.00005
HYPERUSDT,2025-04-28 12:00:00,0.00005
HYPERUSDT,2025-04-28 08:00:00,0.00005
HYPERUSDT,2025-04-28 04:00:00,0.00005
HYPERUSDT,2025-04-28 00:00:00,0.00005
HYPERUSDT,2025-04-27 20:00:00,0.00005
HYPERUSDT,2025-04-27 16:00:00,0.00005
HYPERUSDT,2025-04-27 12:00:00,0.00005
HYPERUSDT,2025-04-27 08:00:00,0.00005
HYPERUSDT,2025-04-27 04:00:00,0.00005
HYPERUSDT,2025-04-27 00:00:00,0.00005
HYPERUSDT,2025-04-26 20:00:00,0.00005
HYPERUSDT,2025-04-26 16:00:00,0.00005
HYPERUSDT,2025-04-26 12:00:00,0.00005
HYPERUSDT,2025-04-26 08:00:00,0.00005
HYPERUSDT,2025-04-26 04:00:00,0.00005
HYPERUSDT,2025-04-26 00:00:00,0.00005
HYPERUSDT,2025-04-25 20:00:00,0.00005
HYPERUSDT,2025-04-25 16:00:00,0.00005
HYPERUSDT,2025-04-25 12:00:00,0.00005
HYPERUSDT,2025-04-25 08:00:00,0.00005
HYPERUSDT,2025-04-25 04:00:00,0.00005
HYPERUSDT,2025-04-25 00:00:00,0.00005
HYPERUSDT,2025-04-24 20:00:00,0.00005
HYPERUSDT,2025-04-24 16:00:00,0.00005
HYPERUSDT,2025-04-24 12:00:00,0.00005
HYPERUSDT,2025-04-24 08:00:00,0.00005
HYPERUSDT,2025-04-24 04:00:00,0.00003492
HYPERUSDT,2025-04-24 00:00:00,0.00002172
HYPERUSDT,2025-04-23 20:00:00,0.00005
HYPERUSDT,2025-04-23 16:00:00,0.00005
HYPERUSDT,2025-04-23 12:00:00,0.00005
HYPERUSDT,2025-04-23 08:00:00,0.00005
HYPERUSDT,2025-04-23 04:00:00,0.00005
HYPERUSDT,2025-04-23 00:00:00,0.00005
HYPERUSDT,2025-04-22 20:00:00,0.00005
HYPERUSDT,2025-04-22 16:00:00,-0.00113139
HYPERUSDT,2025-04-22 12:00:00,0.00005
ZORAUSDT,2025-05-24 00:00:00,0.00005
ZORAUSDT,2025-05-23 20:00:00,0.00005
ZORAUSDT,2025-05-23 16:00:00,0.00005
ZORAUSDT,2025-05-23 12:00:00,0.00005
ZORAUSDT,2025-05-23 08:00:00,0.00005
ZORAUSDT,2025-05-23 04:00:00,0.00005
ZORAUSDT,2025-05-23 00:00:00,0.00005
ZORAUSDT,2025-05-22 20:00:00,0.00005
ZORAUSDT,2025-05-22 16:00:00,0.00005
ZORAUSDT,2025-05-22 12:00:00,0.00005
ZORAUSDT,2025-05-22 08:00:00,0.00005
ZORAUSDT,2025-05-22 04:00:00,0.00005
ZORAUSDT,2025-05-22 00:00:00,0.00005
ZORAUSDT,2025-05-21 20:00:00,0.00005
ZORAUSDT,2025-05-21 16:00:00,0.00005
ZORAUSDT,2025-05-21 12:00:00,0.00005
ZORAUSDT,2025-05-21 08:00:00,0.00005
ZORAUSDT,2025-05-21 04:00:00,0.00005
ZORAUSDT,2025-05-21 00:00:00,0.00005
ZORAUSDT,2025-05-20 20:00:00,0.00005
ZORAUSDT,2025-05-20 16:00:00,0.00005
ZORAUSDT,2025-05-20 12:00:00,0.00005
ZORAUSDT,2025-05-20 08:00:00,0.00005
ZORAUSDT,2025-05-20 04:00:00,0.00005
ZORAUSDT,2025-05-20 00:00:00,0.00005
ZORAUSDT,2025-05-19 20:00:00,0.00005
ZORAUSDT,2025-05-19 16:00:00,0.00005
ZORAUSDT,2025-05-19 12:00:00,0.00005
ZORAUSDT,2025-05-19 08:00:00,0.00005
ZORAUSDT,2025-05-19 04:00:00,0.00005
ZORAUSDT,2025-05-19 00:00:00,0.00005
ZORAUSDT,2025-05-18 20:00:00,0.00005
ZORAUSDT,2025-05-18 16:00:00,0.00005
ZORAUSDT,2025-05-18 12:00:00,0.00005
ZORAUSDT,2025-05-18 08:00:00,0.00005
ZORAUSDT,2025-05-18 04:00:00,0.00005
ZORAUSDT,2025-05-18 00:00:00,0.00005
ZORAUSDT,2025-05-17 20:00:00,0.00005
ZORAUSDT,2025-05-17 16:00:00,0.00005
ZORAUSDT,2025-05-17 12:00:00,0.00005
ZORAUSDT,2025-05-17 08:00:00,0.00005
ZORAUSDT,2025-05-17 04:00:00,0.00005
ZORAUSDT,2025-05-17 00:00:00,0.00005
ZORAUSDT,2025-05-16 20:00:00,0.00005
ZORAUSDT,2025-05-16 16:00:00,0.00005
ZORAUSDT,2025-05-16 12:00:00,0.00005
ZORAUSDT,2025-05-16 08:00:00,0.00005
ZORAUSDT,2025-05-16 04:00:00,0.00005
ZORAUSDT,2025-05-16 00:00:00,0.00005
ZORAUSDT,2025-05-15 20:00:00,0.00005
ZORAUSDT,2025-05-15 16:00:00,0.00005
ZORAUSDT,2025-05-15 12:00:00,0.00005
ZORAUSDT,2025-05-15 08:00:00,0.00005
ZORAUSDT,2025-05-15 04:00:00,0.00005
ZORAUSDT,2025-05-15 00:00:00,0.00005
ZORAUSDT,2025-05-14 20:00:00,0.00005
ZORAUSDT,2025-05-14 16:00:00,0.00005
ZORAUSDT,2025-05-14 12:00:00,0.00005
ZORAUSDT,2025-05-14 08:00:00,0.00005
ZORAUSDT,2025-05-14 04:00:00,0.00005
ZORAUSDT,2025-05-14 00:00:00,0.00005
ZORAUSDT,2025-05-13 20:00:00,0.00005
ZORAUSDT,2025-05-13 16:00:00,0.00005
ZORAUSDT,2025-05-13 12:00:00,0.00005
ZORAUSDT,2025-05-13 08:00:00,0.00005
ZORAUSDT,2025-05-13 04:00:00,0.00005
ZORAUSDT,2025-05-13 00:00:00,0.00005
ZORAUSDT,2025-05-12 20:00:00,0.00005
ZORAUSDT,2025-05-12 16:00:00,0.00005
ZORAUSDT,2025-05-12 12:00:00,0.00005
ZORAUSDT,2025-05-12 08:00:00,0.00005
ZORAUSDT,2025-05-12 04:00:00,0.00005
ZORAUSDT,2025-05-12 00:00:00,0.00005
ZORAUSDT,2025-05-11 20:00:00,0.00005
ZORAUSDT,2025-05-11 16:00:00,0.00005
ZORAUSDT,2025-05-11 12:00:00,0.00005
ZORAUSDT,2025-05-11 08:00:00,0.00005
ZORAUSDT,2025-05-11 04:00:00,0.00005
ZORAUSDT,2025-05-11 00:00:00,0.00005
ZORAUSDT,2025-05-10 20:00:00,-0.00017338
ZORAUSDT,2025-05-10 16:00:00,-0.00178371
ZORAUSDT,2025-05-10 12:00:00,-0.00026082
ZORAUSDT,2025-05-10 08:00:00,0.00005
ZORAUSDT,2025-05-10 04:00:00,0.00005
ZORAUSDT,2025-05-10 00:00:00,0.00005
ZORAUSDT,2025-05-09 20:00:00,0.00005
ZORAUSDT,2025-05-09 16:00:00,0.00005
ZORAUSDT,2025-05-09 12:00:00,-0.00076756
ZORAUSDT,2025-05-09 08:00:00,0.00005
ZORAUSDT,2025-05-09 04:00:00,-0.00030191
ZORAUSDT,2025-05-09 00:00:00,-0.00028284
ZORAUSDT,2025-05-08 20:00:00,0.00005
ZORAUSDT,2025-05-08 16:00:00,0.00005
ZORAUSDT,2025-05-08 12:00:00,0.00005
ZORAUSDT,2025-05-08 08:00:00,0.00005
ZORAUSDT,2025-05-08 04:00:00,0.00005
ZORAUSDT,2025-05-08 00:00:00,0.00005
ZORAUSDT,2025-05-07 20:00:00,0.00005
ZORAUSDT,2025-05-07 16:00:00,0.00003803
ZORAUSDT,2025-05-07 12:00:00,0.00005
ZORAUSDT,2025-05-07 08:00:00,0.00004959
ZORAUSDT,2025-05-07 04:00:00,-0.00073154
ZORAUSDT,2025-05-07 00:00:00,0.00005
ZORAUSDT,2025-05-06 20:00:00,0.00005
ZORAUSDT,2025-05-06 16:00:00,0.00005
ZORAUSDT,2025-05-06 12:00:00,0.00005
ZORAUSDT,2025-05-06 08:00:00,0.00005
ZORAUSDT,2025-05-06 04:00:00,0.00005
ZORAUSDT,2025-05-06 00:00:00,0.00005
ZORAUSDT,2025-05-05 20:00:00,0.00005
ZORAUSDT,2025-05-05 16:00:00,0.00005
ZORAUSDT,2025-05-05 12:00:00,0.00005
ZORAUSDT,2025-05-05 08:00:00,0.00005
ZORAUSDT,2025-05-05 04:00:00,0.00005
ZORAUSDT,2025-05-05 00:00:00,0.00005
ZORAUSDT,2025-05-04 20:00:00,0.00005
ZORAUSDT,2025-05-04 16:00:00,0.00005
ZORAUSDT,2025-05-04 12:00:00,0.00005
ZORAUSDT,2025-05-04 08:00:00,0.00005
ZORAUSDT,2025-05-04 04:00:00,0.00005
ZORAUSDT,2025-05-04 00:00:00,0.00005
ZORAUSDT,2025-05-03 20:00:00,0.00005
ZORAUSDT,2025-05-03 16:00:00,0.00005
ZORAUSDT,2025-05-03 12:00:00,0.00005
ZORAUSDT,2025-05-03 08:00:00,0.00005
ZORAUSDT,2025-05-03 04:00:00,0.00005
ZORAUSDT,2025-05-03 00:00:00,0.00005
ZORAUSDT,2025-05-02 20:00:00,0.00005
ZORAUSDT,2025-05-02 16:00:00,0.00005
ZORAUSDT,2025-05-02 12:00:00,0.00005
ZORAUSDT,2025-05-02 08:00:00,0.00005
ZORAUSDT,2025-05-02 04:00:00,0.00005
ZORAUSDT,2025-05-02 00:00:00,0.00005
ZORAUSDT,2025-05-01 20:00:00,0.00005
ZORAUSDT,2025-05-01 16:00:00,0.00005
ZORAUSDT,2025-05-01 12:00:00,0.00005
ZORAUSDT,2025-05-01 08:00:00,0.00005
ZORAUSDT,2025-05-01 04:00:00,0.00005
ZORAUSDT,2025-05-01 00:00:00,0.00005
ZORAUSDT,2025-04-30 20:00:00,0.00005
ZORAUSDT,2025-04-30 16:00:00,0.00005
ZORAUSDT,2025-04-30 12:00:00,0.00005
ZORAUSDT,2025-04-30 08:00:00,0.00005
ZORAUSDT,2025-04-30 04:00:00,-0.00084444
ZORAUSDT,2025-04-30 00:00:00,0.00005
ZORAUSDT,2025-04-29 20:00:00,-0.00067708
ZORAUSDT,2025-04-29 16:00:00,-0.00146639
ZORAUSDT,2025-04-29 12:00:00,-0.0002556
ZORAUSDT,2025-04-29 08:00:00,0.00005
ZORAUSDT,2025-04-29 04:00:00,-0.00173371
ZORAUSDT,2025-04-29 00:00:00,-0.00129115
ZORAUSDT,2025-04-28 20:00:00,-0.00122917
ZORAUSDT,2025-04-28 16:00:00,-0.00361918
ZORAUSDT,2025-04-28 12:00:00,-0.000816
ZORAUSDT,2025-04-28 08:00:00,0.00005
ZORAUSDT,2025-04-28 04:00:00,-0.00078798
ZORAUSDT,2025-04-28 00:00:00,-0.00073277
ZORAUSDT,2025-04-27 20:00:00,-0.00130392
ZORAUSDT,2025-04-27 16:00:00,-0.00363256
ZORAUSDT,2025-04-27 12:00:00,-0.0038228
ZORAUSDT,2025-04-27 08:00:00,-0.00065156
ZORAUSDT,2025-04-27 04:00:00,-0.00183749
ZORAUSDT,2025-04-27 00:00:00,0.00005
ZORAUSDT,2025-04-26 20:00:00,0.00005
ZORAUSDT,2025-04-26 16:00:00,-0.00266713
ZORAUSDT,2025-04-26 12:00:00,-0.00259493
ZORAUSDT,2025-04-26 08:00:00,-0.00306175
ZORAUSDT,2025-04-26 04:00:00,-0.00162332
ZORAUSDT,2025-04-26 00:00:00,-0.00061396
ZORAUSDT,2025-04-25 20:00:00,-0.00334981
ZORAUSDT,2025-04-25 16:00:00,-0.00226869
ZORAUSDT,2025-04-25 12:00:00,-0.00065274
ZORAUSDT,2025-04-25 08:00:00,0.00005
INITUSDT,2025-05-25 00:00:00,0.00005
INITUSDT,2025-05-24 20:00:00,-0.00004641
INITUSDT,2025-05-24 16:00:00,0.00004834
INITUSDT,2025-05-24 12:00:00,0.00000223
INITUSDT,2025-05-24 08:00:00,-0.00000282
INITUSDT,2025-05-24 04:00:00,0.00005
INITUSDT,2025-05-24 00:00:00,0.00005
INITUSDT,2025-05-23 20:00:00,0.00005
INITUSDT,2025-05-23 16:00:00,0.00005
INITUSDT,2025-05-23 12:00:00,0.00005
INITUSDT,2025-05-23 08:00:00,0.00005
INITUSDT,2025-05-23 04:00:00,0.00005
INITUSDT,2025-05-23 00:00:00,0.00005
INITUSDT,2025-05-22 20:00:00,0.00005
INITUSDT,2025-05-22 16:00:00,0.00005
INITUSDT,2025-05-22 12:00:00,0.00005
INITUSDT,2025-05-22 08:00:00,0.00005
INITUSDT,2025-05-22 04:00:00,0.00005
INITUSDT,2025-05-22 00:00:00,0.00005
INITUSDT,2025-05-21 20:00:00,0.00005
INITUSDT,2025-05-21 16:00:00,0.00005
INITUSDT,2025-05-21 12:00:00,0.00005
INITUSDT,2025-05-21 08:00:00,0.00005
INITUSDT,2025-05-21 04:00:00,0.00005
INITUSDT,2025-05-21 00:00:00,0.00005
INITUSDT,2025-05-20 20:00:00,0.00005
INITUSDT,2025-05-20 16:00:00,0.00005
INITUSDT,2025-05-20 12:00:00,0.00005
INITUSDT,2025-05-20 08:00:00,0.00005
INITUSDT,2025-05-20 04:00:00,0.00005
INITUSDT,2025-05-20 00:00:00,0.00005
INITUSDT,2025-05-19 20:00:00,0.00005
INITUSDT,2025-05-19 16:00:00,0.00005
INITUSDT,2025-05-19 12:00:00,0.00001611
INITUSDT,2025-05-19 08:00:00,0.00005
INITUSDT,2025-05-19 04:00:00,0.00005
INITUSDT,2025-05-19 00:00:00,0.00005
INITUSDT,2025-05-18 20:00:00,0.00005
INITUSDT,2025-05-18 16:00:00,0.00005
INITUSDT,2025-05-18 12:00:00,0.00005
INITUSDT,2025-05-18 08:00:00,0.00005
INITUSDT,2025-05-18 04:00:00,0.00005
INITUSDT,2025-05-18 00:00:00,0.00005
INITUSDT,2025-05-17 20:00:00,0.00005
INITUSDT,2025-05-17 16:00:00,0.00005
INITUSDT,2025-05-17 12:00:00,-0.00007017
INITUSDT,2025-05-17 08:00:00,0.00005
INITUSDT,2025-05-17 04:00:00,0.00005
INITUSDT,2025-05-17 00:00:00,0.00005
INITUSDT,2025-05-16 20:00:00,0.00005
INITUSDT,2025-05-16 16:00:00,0.00005
INITUSDT,2025-05-16 12:00:00,0.00005
INITUSDT,2025-05-16 08:00:00,0.00005
INITUSDT,2025-05-16 04:00:00,0.00005
INITUSDT,2025-05-16 00:00:00,0.00005
INITUSDT,2025-05-15 20:00:00,0.00005
INITUSDT,2025-05-15 16:00:00,0.00005
INITUSDT,2025-05-15 12:00:00,0.00005
INITUSDT,2025-05-15 08:00:00,0.00005
INITUSDT,2025-05-15 04:00:00,0.00005
INITUSDT,2025-05-15 00:00:00,0.00005
INITUSDT,2025-05-14 20:00:00,0.00005
INITUSDT,2025-05-14 16:00:00,0.00005
INITUSDT,2025-05-14 12:00:00,0.00005
INITUSDT,2025-05-14 08:00:00,0.00005
INITUSDT,2025-05-14 04:00:00,0.00005
INITUSDT,2025-05-14 00:00:00,0.00005
INITUSDT,2025-05-13 20:00:00,0.00005
INITUSDT,2025-05-13 16:00:00,0.00005
INITUSDT,2025-05-13 12:00:00,0.00005
INITUSDT,2025-05-13 08:00:00,0.00005
INITUSDT,2025-05-13 04:00:00,0.00005
INITUSDT,2025-05-13 00:00:00,0.00005
INITUSDT,2025-05-12 20:00:00,0.00005
INITUSDT,2025-05-12 16:00:00,0.00005
INITUSDT,2025-05-12 12:00:00,0.00005
INITUSDT,2025-05-12 08:00:00,0.00005
INITUSDT,2025-05-12 04:00:00,0.00005
INITUSDT,2025-05-12 00:00:00,0.00005
INITUSDT,2025-05-11 20:00:00,0.00005
INITUSDT,2025-05-11 16:00:00,0.00005
INITUSDT,2025-05-11 12:00:00,0.00005
INITUSDT,2025-05-11 08:00:00,0.00005
INITUSDT,2025-05-11 04:00:00,0.00010892
INITUSDT,2025-05-11 00:00:00,0.00018676
INITUSDT,2025-05-10 20:00:00,0.00050454
INITUSDT,2025-05-10 16:00:00,0.00005
INITUSDT,2025-05-10 12:00:00,0.00005
INITUSDT,2025-05-10 08:00:00,0.00005
INITUSDT,2025-05-10 04:00:00,0.00005
INITUSDT,2025-05-10 00:00:00,0.00005
INITUSDT,2025-05-09 20:00:00,0.00005
INITUSDT,2025-05-09 16:00:00,0.00005
INITUSDT,2025-05-09 12:00:00,0.00005
INITUSDT,2025-05-09 08:00:00,0.00005
INITUSDT,2025-05-09 04:00:00,0.00005
INITUSDT,2025-05-09 00:00:00,0.00005
INITUSDT,2025-05-08 20:00:00,0.00005
INITUSDT,2025-05-08 16:00:00,0.00005
INITUSDT,2025-05-08 12:00:00,0.00005
INITUSDT,2025-05-08 08:00:00,0.00005
INITUSDT,2025-05-08 04:00:00,0.00005
INITUSDT,2025-05-08 00:00:00,0.00005
INITUSDT,2025-05-07 20:00:00,0.00005
INITUSDT,2025-05-07 16:00:00,0.00005
INITUSDT,2025-05-07 12:00:00,0.00005
INITUSDT,2025-05-07 08:00:00,0.00001982
INITUSDT,2025-05-07 04:00:00,0.00005
INITUSDT,2025-05-07 00:00:00,0.00000932
INITUSDT,2025-05-06 20:00:00,0.00005
INITUSDT,2025-05-06 16:00:00,0.00005
INITUSDT,2025-05-06 12:00:00,-0.00000559
INITUSDT,2025-05-06 08:00:00,0.00005
INITUSDT,2025-05-06 04:00:00,0.00005
INITUSDT,2025-05-06 00:00:00,0.00005
INITUSDT,2025-05-05 20:00:00,0.00005
INITUSDT,2025-05-05 16:00:00,0.00005
INITUSDT,2025-05-05 12:00:00,-0.0000274
INITUSDT,2025-05-05 08:00:00,0.00005
INITUSDT,2025-05-05 04:00:00,0.00005
INITUSDT,2025-05-05 00:00:00,0.00005
INITUSDT,2025-05-04 20:00:00,0.00005
INITUSDT,2025-05-04 16:00:00,0.00005
INITUSDT,2025-05-04 12:00:00,0.00005
INITUSDT,2025-05-04 08:00:00,0.00005
INITUSDT,2025-05-04 04:00:00,0.00005
INITUSDT,2025-05-04 00:00:00,0.00005
INITUSDT,2025-05-03 20:00:00,0.00005
INITUSDT,2025-05-03 16:00:00,0.00005
INITUSDT,2025-05-03 12:00:00,0.00005
INITUSDT,2025-05-03 08:00:00,0.00005
INITUSDT,2025-05-03 04:00:00,0.00005
INITUSDT,2025-05-03 00:00:00,0.00005
INITUSDT,2025-05-02 20:00:00,0.00005
INITUSDT,2025-05-02 16:00:00,0.00005
INITUSDT,2025-05-02 12:00:00,0.00005
INITUSDT,2025-05-02 08:00:00,0.00005
INITUSDT,2025-05-02 04:00:00,0.00005
INITUSDT,2025-05-02 00:00:00,0.00005
INITUSDT,2025-05-01 20:00:00,0.00005
INITUSDT,2025-05-01 16:00:00,0.00005
INITUSDT,2025-05-01 12:00:00,0.00005
INITUSDT,2025-05-01 08:00:00,0.00005
INITUSDT,2025-05-01 04:00:00,0.00005
INITUSDT,2025-05-01 00:00:00,0.00005
INITUSDT,2025-04-30 20:00:00,0.00005
INITUSDT,2025-04-30 16:00:00,0.00005
INITUSDT,2025-04-30 12:00:00,0.00005
INITUSDT,2025-04-30 08:00:00,0.00005
INITUSDT,2025-04-30 04:00:00,0.00005
INITUSDT,2025-04-30 00:00:00,0.00005
INITUSDT,2025-04-29 20:00:00,0.00005
INITUSDT,2025-04-29 16:00:00,0.00005
INITUSDT,2025-04-29 12:00:00,0.00005
INITUSDT,2025-04-29 08:00:00,0.00005
INITUSDT,2025-04-29 04:00:00,0.00005
INITUSDT,2025-04-29 00:00:00,0.00005
INITUSDT,2025-04-28 20:00:00,0.00005
INITUSDT,2025-04-28 16:00:00,0.00005
INITUSDT,2025-04-28 12:00:00,0.00005
INITUSDT,2025-04-28 08:00:00,0.00005
INITUSDT,2025-04-28 04:00:00,0.00005
INITUSDT,2025-04-28 00:00:00,0.00005
INITUSDT,2025-04-27 20:00:00,0.00005
INITUSDT,2025-04-27 16:00:00,0.00005
INITUSDT,2025-04-27 12:00:00,0.00005
INITUSDT,2025-04-27 08:00:00,0.00005
INITUSDT,2025-04-27 04:00:00,0.00005
INITUSDT,2025-04-27 00:00:00,0.0001707
INITUSDT,2025-04-26 20:00:00,0.00005
INITUSDT,2025-04-26 16:00:00,0.00005
INITUSDT,2025-04-26 12:00:00,0.00005
INITUSDT,2025-04-26 08:00:00,0.00005
INITUSDT,2025-04-26 04:00:00,0.00005
INITUSDT,2025-04-26 00:00:00,0.00005
INITUSDT,2025-04-25 20:00:00,0.00005
INITUSDT,2025-04-25 16:00:00,0.00005
INITUSDT,2025-04-25 12:00:00,0.00005
INITUSDT,2025-04-25 08:00:00,0.00005
INITUSDT,2025-04-25 04:00:00,0.00005
INITUSDT,2025-04-25 00:00:00,0.00005
INITUSDT,2025-04-24 20:00:00,0.00005
INITUSDT,2025-04-24 16:00:00,0.00005
INITUSDT,2025-04-24 12:00:00,-0.00162044
INITUSDT,2025-04-24 08:00:00,0.00005
INITUSDT,2025-04-24 04:00:00,0.00005
INITUSDT,2025-04-24 00:00:00,0.00005
SIGNUSDT,2025-05-29 00:00:00,0.0000125
SIGNUSDT,2025-05-28 23:00:00,0.0000125
SIGNUSDT,2025-05-28 22:00:00,0.0000125
SIGNUSDT,2025-05-28 21:00:00,0.0000125
SIGNUSDT,2025-05-28 20:00:00,0.0000125
SIGNUSDT,2025-05-28 19:00:00,0.0000125
SIGNUSDT,2025-05-28 18:00:00,0.0000125
SIGNUSDT,2025-05-28 17:00:00,0.0000125
SIGNUSDT,2025-05-28 16:00:00,0.0000125
SIGNUSDT,2025-05-28 15:00:00,0.0000125
SIGNUSDT,2025-05-28 14:00:00,0.0000125
SIGNUSDT,2025-05-28 13:00:00,0.0000125
SIGNUSDT,2025-05-28 12:00:00,0.0000125
SIGNUSDT,2025-05-28 11:00:00,0.0000125
SIGNUSDT,2025-05-28 10:00:00,0.0000125
SIGNUSDT,2025-05-28 09:00:00,0.0000125
SIGNUSDT,2025-05-28 08:00:00,0.0000125
SIGNUSDT,2025-05-28 07:00:00,0.0000125
SIGNUSDT,2025-05-28 06:00:00,0.0000125
SIGNUSDT,2025-05-28 05:00:00,0.0000125
SIGNUSDT,2025-05-28 04:00:00,0.0000125
SIGNUSDT,2025-05-28 03:00:00,0.0000125
SIGNUSDT,2025-05-28 02:00:00,0.0000125
SIGNUSDT,2025-05-28 01:00:00,0.0000125
SIGNUSDT,2025-05-28 00:00:00,0.0000125
SIGNUSDT,2025-05-27 23:00:00,0.0000125
SIGNUSDT,2025-05-27 22:00:00,0.0000125
SIGNUSDT,2025-05-27 21:00:00,0.0000125
SIGNUSDT,2025-05-27 20:00:00,0.0000125
SIGNUSDT,2025-05-27 19:00:00,0.0000125
SIGNUSDT,2025-05-27 18:00:00,0.0000125
SIGNUSDT,2025-05-27 17:00:00,0.0000125
SIGNUSDT,2025-05-27 16:00:00,0.0000125
SIGNUSDT,2025-05-27 15:00:00,0.0000125
SIGNUSDT,2025-05-27 14:00:00,0.0000125
SIGNUSDT,2025-05-27 13:00:00,0.0000125
SIGNUSDT,2025-05-27 12:00:00,0.0000125
SIGNUSDT,2025-05-27 11:00:00,0.0000125
SIGNUSDT,2025-05-27 10:00:00,0.0000125
SIGNUSDT,2025-05-27 09:00:00,0.0000125
SIGNUSDT,2025-05-27 08:00:00,0.0000125
SIGNUSDT,2025-05-27 07:00:00,0.0000125
SIGNUSDT,2025-05-27 06:00:00,0.0000125
SIGNUSDT,2025-05-27 05:00:00,0.0000125
SIGNUSDT,2025-05-27 04:00:00,0.0000125
SIGNUSDT,2025-05-27 03:00:00,0.0000125
SIGNUSDT,2025-05-27 02:00:00,0.0000125
SIGNUSDT,2025-05-27 01:00:00,0.0000125
SIGNUSDT,2025-05-27 00:00:00,0.0000125
SIGNUSDT,2025-05-26 23:00:00,0.0000125
SIGNUSDT,2025-05-26 22:00:00,0.0000125
SIGNUSDT,2025-05-26 21:00:00,0.0000125
SIGNUSDT,2025-05-26 20:00:00,0.0000125
SIGNUSDT,2025-05-26 19:00:00,0.0000125
SIGNUSDT,2025-05-26 18:00:00,0.0000125
SIGNUSDT,2025-05-26 17:00:00,0.0000125
SIGNUSDT,2025-05-26 16:00:00,0.0000125
SIGNUSDT,2025-05-26 15:00:00,0.0000125
SIGNUSDT,2025-05-26 14:00:00,0.0000125
SIGNUSDT,2025-05-26 13:00:00,0.0000125
SIGNUSDT,2025-05-26 12:00:00,0.0000125
SIGNUSDT,2025-05-26 11:00:00,0.0000125
SIGNUSDT,2025-05-26 10:00:00,0.0000125
SIGNUSDT,2025-05-26 09:00:00,0.0000125
SIGNUSDT,2025-05-26 08:00:00,0.0000125
SIGNUSDT,2025-05-26 07:00:00,0.0000125
SIGNUSDT,2025-05-26 06:00:00,0.0000125
SIGNUSDT,2025-05-26 05:00:00,0.0000125
SIGNUSDT,2025-05-26 04:00:00,0.0000125
SIGNUSDT,2025-05-26 03:00:00,0.0000125
SIGNUSDT,2025-05-26 02:00:00,0.0000125
SIGNUSDT,2025-05-26 01:00:00,0.0000125
SIGNUSDT,2025-05-26 00:00:00,0.0000125
SIGNUSDT,2025-05-25 23:00:00,0.0000125
SIGNUSDT,2025-05-25 22:00:00,0.0000125
SIGNUSDT,2025-05-25 21:00:00,0.0000125
SIGNUSDT,2025-05-25 20:00:00,0.0000125
SIGNUSDT,2025-05-25 19:00:00,0.0000125
SIGNUSDT,2025-05-25 18:00:00,0.0000125
SIGNUSDT,2025-05-25 17:00:00,0.0000125
SIGNUSDT,2025-05-25 16:00:00,0.0000125
SIGNUSDT,2025-05-25 15:00:00,0.0000125
SIGNUSDT,2025-05-25 14:00:00,0.0000125
SIGNUSDT,2025-05-25 13:00:00,0.0000125
SIGNUSDT,2025-05-25 12:00:00,0.0000125
SIGNUSDT,2025-05-25 11:00:00,0.0000125
SIGNUSDT,2025-05-25 10:00:00,0.0000125
SIGNUSDT,2025-05-25 09:00:00,0.0000125
SIGNUSDT,2025-05-25 08:00:00,0.0000125
SIGNUSDT,2025-05-25 07:00:00,0.0000125
SIGNUSDT,2025-05-25 06:00:00,0.0000125
SIGNUSDT,2025-05-25 05:00:00,0.0000125
SIGNUSDT,2025-05-25 04:00:00,0.0000125
SIGNUSDT,2025-05-25 03:00:00,0.0000125
SIGNUSDT,2025-05-25 02:00:00,0.0000125
SIGNUSDT,2025-05-25 01:00:00,0.0000125
SIGNUSDT,2025-05-25 00:00:00,0.0000125
SIGNUSDT,2025-05-24 23:00:00,0.0000125
SIGNUSDT,2025-05-24 22:00:00,0.0000125
SIGNUSDT,2025-05-24 21:00:00,0.0000125
SIGNUSDT,2025-05-24 20:00:00,0.0000125
SIGNUSDT,2025-05-24 19:00:00,0.0000125
SIGNUSDT,2025-05-24 18:00:00,0.0000125
SIGNUSDT,2025-05-24 17:00:00,0.0000125
SIGNUSDT,2025-05-24 16:00:00,0.0000125
SIGNUSDT,2025-05-24 15:00:00,0.0000125
SIGNUSDT,2025-05-24 14:00:00,0.0000125
SIGNUSDT,2025-05-24 13:00:00,0.0000125
SIGNUSDT,2025-05-24 12:00:00,0.0000125
SIGNUSDT,2025-05-24 11:00:00,0.0000125
SIGNUSDT,2025-05-24 10:00:00,0.0000125
SIGNUSDT,2025-05-24 09:00:00,0.0000125
SIGNUSDT,2025-05-24 08:00:00,0.0000125
SIGNUSDT,2025-05-24 07:00:00,0.0000125
SIGNUSDT,2025-05-24 06:00:00,0.0000125
SIGNUSDT,2025-05-24 05:00:00,0.0000125
SIGNUSDT,2025-05-24 04:00:00,0.0000125
SIGNUSDT,2025-05-24 03:00:00,0.0000125
SIGNUSDT,2025-05-24 02:00:00,0.0000125
SIGNUSDT,2025-05-24 01:00:00,0.0000125
SIGNUSDT,2025-05-24 00:00:00,0.0000125
SIGNUSDT,2025-05-23 23:00:00,0.0000125
SIGNUSDT,2025-05-23 22:00:00,0.0000125
SIGNUSDT,2025-05-23 21:00:00,0.0000125
SIGNUSDT,2025-05-23 20:00:00,0.0000125
SIGNUSDT,2025-05-23 19:00:00,0.0000125
SIGNUSDT,2025-05-23 18:00:00,0.0000125
SIGNUSDT,2025-05-23 17:00:00,0.0000125
SIGNUSDT,2025-05-23 16:00:00,0.0000125
SIGNUSDT,2025-05-23 15:00:00,0.0000125
SIGNUSDT,2025-05-23 14:00:00,0.0000125
SIGNUSDT,2025-05-23 13:00:00,0.0000125
SIGNUSDT,2025-05-23 12:00:00,0.0000125
SIGNUSDT,2025-05-23 11:00:00,0.0000125
SIGNUSDT,2025-05-23 10:00:00,0.0000125
SIGNUSDT,2025-05-23 09:00:00,0.0000125
SIGNUSDT,2025-05-23 08:00:00,0.0000125
SIGNUSDT,2025-05-23 07:00:00,0.0000125
SIGNUSDT,2025-05-23 06:00:00,0.0000125
SIGNUSDT,2025-05-23 05:00:00,0.0000125
SIGNUSDT,2025-05-23 04:00:00,0.0000125
SIGNUSDT,2025-05-23 03:00:00,0.0000125
SIGNUSDT,2025-05-23 02:00:00,0.0000125
SIGNUSDT,2025-05-23 01:00:00,0.0000125
SIGNUSDT,2025-05-23 00:00:00,0.0000125
SIGNUSDT,2025-05-22 23:00:00,0.0000125
SIGNUSDT,2025-05-22 22:00:00,0.0000125
SIGNUSDT,2025-05-22 21:00:00,0.0000125
SIGNUSDT,2025-05-22 20:00:00,0.0000125
SIGNUSDT,2025-05-22 19:00:00,0.0000125
SIGNUSDT,2025-05-22 18:00:00,0.0000125
SIGNUSDT,2025-05-22 17:00:00,0.0000125
SIGNUSDT,2025-05-22 16:00:00,0.0000125
SIGNUSDT,2025-05-22 15:00:00,0.0000125
SIGNUSDT,2025-05-22 14:00:00,0.0000125
SIGNUSDT,2025-05-22 13:00:00,0.0000125
SIGNUSDT,2025-05-22 12:00:00,0.0000125
SIGNUSDT,2025-05-22 11:00:00,0.0000125
SIGNUSDT,2025-05-22 10:00:00,0.0000125
SIGNUSDT,2025-05-22 09:00:00,0.0000125
SIGNUSDT,2025-05-22 08:00:00,0.0000125
SIGNUSDT,2025-05-22 07:00:00,0.0000125
SIGNUSDT,2025-05-22 06:00:00,0.0000125
SIGNUSDT,2025-05-22 05:00:00,0.0000125
SIGNUSDT,2025-05-22 04:00:00,0.0000125
SIGNUSDT,2025-05-22 03:00:00,0.0000125
SIGNUSDT,2025-05-22 02:00:00,0.0000125
SIGNUSDT,2025-05-22 01:00:00,0.0000125
SIGNUSDT,2025-05-22 00:00:00,0.0000125
SIGNUSDT,2025-05-21 23:00:00,0.0000125
SIGNUSDT,2025-05-21 22:00:00,0.0000125
SIGNUSDT,2025-05-21 21:00:00,0.0000125
SIGNUSDT,2025-05-21 20:00:00,0.0000125
SIGNUSDT,2025-05-21 19:00:00,0.0000125
SIGNUSDT,2025-05-21 18:00:00,0.0000125
SIGNUSDT,2025-05-21 17:00:00,0.0000125
SIGNUSDT,2025-05-21 16:00:00,0.0000125
SIGNUSDT,2025-05-21 15:00:00,0.0000125
SIGNUSDT,2025-05-21 14:00:00,0.0000125
SIGNUSDT,2025-05-21 13:00:00,0.0000125
SIGNUSDT,2025-05-21 12:00:00,0.0000125
SIGNUSDT,2025-05-21 11:00:00,0.0000125
SIGNUSDT,2025-05-21 10:00:00,0.0000125
SIGNUSDT,2025-05-21 09:00:00,0.0000125
SIGNUSDT,2025-05-21 08:00:00,0.0000125
SIGNUSDT,2025-05-21 07:00:00,0.0000125
SIGNUSDT,2025-05-21 06:00:00,0.0000125
SIGNUSDT,2025-05-21 05:00:00,0.0000125
SIGNUSDT,2025-05-21 04:00:00,0.0000125
SIGNUSDT,2025-05-21 03:00:00,0.0000125
SIGNUSDT,2025-05-21 02:00:00,0.0000125
SIGNUSDT,2025-05-21 01:00:00,0.0000125
SIGNUSDT,2025-05-21 00:00:00,0.0000125
SIGNUSDT,2025-05-20 23:00:00,0.0000125
SIGNUSDT,2025-05-20 22:00:00,0.0000125
SIGNUSDT,2025-05-20 21:00:00,0.0000125
SIGNUSDT,2025-05-20 20:00:00,0.0000125
SIGNUSDT,2025-05-20 19:00:00,0.0000125
SIGNUSDT,2025-05-20 18:00:00,0.0000125
SIGNUSDT,2025-05-20 17:00:00,0.0000125
HAEDALUSDT,2025-05-30 00:00:00,0.00005
HAEDALUSDT,2025-05-29 20:00:00,0.00005
HAEDALUSDT,2025-05-29 16:00:00,0.00005
HAEDALUSDT,2025-05-29 12:00:00,0.00005
HAEDALUSDT,2025-05-29 08:00:00,0.00005
HAEDALUSDT,2025-05-29 04:00:00,0.00005
HAEDALUSDT,2025-05-29 00:00:00,0.00005
HAEDALUSDT,2025-05-28 20:00:00,0.00005
HAEDALUSDT,2025-05-28 16:00:00,-0.00006833
HAEDALUSDT,2025-05-28 12:00:00,-0.00002337
HAEDALUSDT,2025-05-28 08:00:00,-0.00011307
HAEDALUSDT,2025-05-28 04:00:00,-0.00048191
HAEDALUSDT,2025-05-28 00:00:00,-0.00003387
HAEDALUSDT,2025-05-27 20:00:00,0.00005
HAEDALUSDT,2025-05-27 16:00:00,-0.00059976
HAEDALUSDT,2025-05-27 12:00:00,-0.00030286
HAEDALUSDT,2025-05-27 08:00:00,-0.00023646
HAEDALUSDT,2025-05-27 04:00:00,0.00005
HAEDALUSDT,2025-05-27 00:00:00,0.00005
HAEDALUSDT,2025-05-26 20:00:00,0.00005
HAEDALUSDT,2025-05-26 16:00:00,0.00005
HAEDALUSDT,2025-05-26 12:00:00,0.0000275
HAEDALUSDT,2025-05-26 08:00:00,0.00005
HAEDALUSDT,2025-05-26 04:00:00,0.00005
HAEDALUSDT,2025-05-26 00:00:00,0.0000385
HAEDALUSDT,2025-05-25 20:00:00,0.00005
HAEDALUSDT,2025-05-25 16:00:00,0.00002173
HAEDALUSDT,2025-05-25 12:00:00,0.00005
HAEDALUSDT,2025-05-25 08:00:00,0.00005
HAEDALUSDT,2025-05-25 04:00:00,0.00005
HAEDALUSDT,2025-05-25 00:00:00,0.00005
HAEDALUSDT,2025-05-24 20:00:00,0.00005
HAEDALUSDT,2025-05-24 16:00:00,0.00005
HAEDALUSDT,2025-05-24 12:00:00,-0.00000166
HAEDALUSDT,2025-05-24 08:00:00,-0.00013078
HAEDALUSDT,2025-05-24 04:00:00,0.00005
HAEDALUSDT,2025-05-24 00:00:00,-0.00002307
HAEDALUSDT,2025-05-23 20:00:00,-0.00019782
HAEDALUSDT,2025-05-23 16:00:00,-0.00006238
HAEDALUSDT,2025-05-23 12:00:00,-0.00174096
HAEDALUSDT,2025-05-23 08:00:00,-0.002213
HAEDALUSDT,2025-05-23 04:00:00,-0.00187479
HAEDALUSDT,2025-05-23 00:00:00,-0.00159131
HAEDALUSDT,2025-05-22 20:00:00,-0.00370472
HAEDALUSDT,2025-05-22 16:00:00,-0.00483744
HAEDALUSDT,2025-05-22 12:00:00,-0.00731456
HAEDALUSDT,2025-05-22 08:00:00,-0.00042257
HAEDALUSDT,2025-05-22 04:00:00,-0.00058434
HAEDALUSDT,2025-05-22 00:00:00,-0.00095591
HAEDALUSDT,2025-05-21 20:00:00,-0.00275787
HAEDALUSDT,2025-05-21 16:00:00,-0.02017147
HAEDALUSDT,2025-05-21 12:00:00,-0.0084063
HAEDALUSDT,2025-05-21 08:00:00,-0.00020445
HAEDALUSDT,2025-05-21 04:00:00,-0.0002685
HAEDALUSDT,2025-05-21 00:00:00,-0.00028751
HAEDALUSDT,2025-05-20 20:00:00,-0.00151344
HAEDALUSDT,2025-05-20 16:00:00,-0.00076693
HAEDALUSDT,2025-05-20 12:00:00,-0.00020692
HAEDALUSDT,2025-05-20 08:00:00,-0.00053925
HAEDALUSDT,2025-05-20 04:00:00,-0.00027883
HAEDALUSDT,2025-05-20 00:00:00,-0.00076393
HAEDALUSDT,2025-05-19 20:00:00,-0.00061489
HAEDALUSDT,2025-05-19 16:00:00,0.00005
HAEDALUSDT,2025-05-19 12:00:00,0.00005
HAEDALUSDT,2025-05-19 08:00:00,-0.00035778
HAEDALUSDT,2025-05-19 04:00:00,-0.00050292
HAEDALUSDT,2025-05-19 00:00:00,-0.00003971
HAEDALUSDT,2025-05-18 20:00:00,-0.00024177
HAEDALUSDT,2025-05-18 16:00:00,-0.00007641
HAEDALUSDT,2025-05-18 12:00:00,0.00005
HAEDALUSDT,2025-05-18 08:00:00,0.00004285
HAEDALUSDT,2025-05-18 04:00:00,-0.00019231
HAEDALUSDT,2025-05-18 00:00:00,-0.00025708
HAEDALUSDT,2025-05-17 20:00:00,-0.00008052
HAEDALUSDT,2025-05-17 16:00:00,-0.00031879
HAEDALUSDT,2025-05-17 12:00:00,-0.00072443
HAEDALUSDT,2025-05-17 08:00:00,-0.00182845
HAEDALUSDT,2025-05-17 04:00:00,-0.00082467
HAEDALUSDT,2025-05-17 00:00:00,-0.0000487
HAEDALUSDT,2025-05-16 20:00:00,-0.00012745
HAEDALUSDT,2025-05-16 16:00:00,-0.00005043
HAEDALUSDT,2025-05-16 12:00:00,0.0000252
HAEDALUSDT,2025-05-16 08:00:00,-0.00011078
HAEDALUSDT,2025-05-16 04:00:00,-0.00008794
HAEDALUSDT,2025-05-16 00:00:00,0.00005
HAEDALUSDT,2025-05-15 20:00:00,-0.00038462
HAEDALUSDT,2025-05-15 16:00:00,-0.00029213
HAEDALUSDT,2025-05-15 12:00:00,0.00005
HAEDALUSDT,2025-05-15 08:00:00,-0.00019774
HAEDALUSDT,2025-05-15 04:00:00,-0.00070389
HAEDALUSDT,2025-05-15 00:00:00,-0.00035014
HAEDALUSDT,2025-05-14 20:00:00,-0.00083702
HAEDALUSDT,2025-05-14 16:00:00,0.00005
HAEDALUSDT,2025-05-14 12:00:00,0.00005
HAEDALUSDT,2025-05-14 08:00:00,0.00005
HAEDALUSDT,2025-05-14 04:00:00,-0.00006111
HAEDALUSDT,2025-05-14 00:00:00,-0.00041455
HAEDALUSDT,2025-05-13 20:00:00,-0.00025172
HAEDALUSDT,2025-05-13 16:00:00,-0.00013804
HAEDALUSDT,2025-05-13 12:00:00,-0.00082035
HAEDALUSDT,2025-05-13 08:00:00,-0.00105723
HAEDALUSDT,2025-05-13 04:00:00,-0.00072809
HAEDALUSDT,2025-05-13 00:00:00,0.00005
HAEDALUSDT,2025-05-12 20:00:00,-0.00003608
HAEDALUSDT,2025-05-12 16:00:00,-0.00030121
HAEDALUSDT,2025-05-12 12:00:00,-0.00025416
HAEDALUSDT,2025-05-12 08:00:00,-0.00017186
HAEDALUSDT,2025-05-12 04:00:00,-0.00006322
HAEDALUSDT,2025-05-12 00:00:00,-0.0000735
HAEDALUSDT,2025-05-11 20:00:00,-0.00006671
HAEDALUSDT,2025-05-11 16:00:00,-0.00017014
HAEDALUSDT,2025-05-11 12:00:00,0.00003463
HAEDALUSDT,2025-05-11 08:00:00,0.00005
HAEDALUSDT,2025-05-11 04:00:00,-0.00009566
HAEDALUSDT,2025-05-11 00:00:00,0.00005
HAEDALUSDT,2025-05-10 20:00:00,0.00005
HAEDALUSDT,2025-05-10 16:00:00,0.00005
HAEDALUSDT,2025-05-10 12:00:00,0.00005
HAEDALUSDT,2025-05-10 08:00:00,0.00005
HAEDALUSDT,2025-05-10 04:00:00,0.00000897
HAEDALUSDT,2025-05-10 00:00:00,0.00005
HAEDALUSDT,2025-05-09 20:00:00,0.00005
HAEDALUSDT,2025-05-09 16:00:00,0.00005
HAEDALUSDT,2025-05-09 12:00:00,0.00005
HAEDALUSDT,2025-05-09 08:00:00,0.00005
HAEDALUSDT,2025-05-09 04:00:00,0.00005
HAEDALUSDT,2025-05-09 00:00:00,0.00005
HAEDALUSDT,2025-05-08 20:00:00,-0.00067969
HAEDALUSDT,2025-05-08 16:00:00,-0.00079803
HAEDALUSDT,2025-05-08 12:00:00,-0.00037803
HAEDALUSDT,2025-05-08 08:00:00,-0.00038094
HAEDALUSDT,2025-05-08 04:00:00,-0.00096554
HAEDALUSDT,2025-05-08 00:00:00,-0.00107037
HAEDALUSDT,2025-05-07 20:00:00,-0.00063831
HAEDALUSDT,2025-05-07 16:00:00,-0.00107241
HAEDALUSDT,2025-05-07 12:00:00,-0.00017934
HAEDALUSDT,2025-05-07 08:00:00,-0.00040037
HAEDALUSDT,2025-05-07 04:00:00,0.00005
HAEDALUSDT,2025-05-07 00:00:00,-0.00134249
HAEDALUSDT,2025-05-06 20:00:00,0.00005
HAEDALUSDT,2025-05-06 16:00:00,0.00005
HAEDALUSDT,2025-05-06 12:00:00,-0.00050375
HAEDALUSDT,2025-05-06 08:00:00,-0.00018497
HAEDALUSDT,2025-05-06 04:00:00,-0.00048369
HAEDALUSDT,2025-05-06 00:00:00,-0.00028867
HAEDALUSDT,2025-05-05 20:00:00,-0.00022086
HAEDALUSDT,2025-05-05 16:00:00,-0.00077449
HAEDALUSDT,2025-05-05 12:00:00,-0.00125145
HAEDALUSDT,2025-05-05 08:00:00,-0.00072862
HAEDALUSDT,2025-05-05 04:00:00,-0.00096079
HAEDALUSDT,2025-05-05 00:00:00,-0.00061859
HAEDALUSDT,2025-05-04 20:00:00,-0.00167891
HAEDALUSDT,2025-05-04 16:00:00,-0.00142442
HAEDALUSDT,2025-05-04 12:00:00,-0.00147339
HAEDALUSDT,2025-05-04 08:00:00,-0.00175777
HAEDALUSDT,2025-05-04 04:00:00,-0.00150451
HAEDALUSDT,2025-05-04 00:00:00,-0.0001477
HAEDALUSDT,2025-05-03 20:00:00,-0.00263493
HAEDALUSDT,2025-05-03 16:00:00,-0.00171941
HAEDALUSDT,2025-05-03 12:00:00,-0.00170396
HAEDALUSDT,2025-05-03 08:00:00,-0.00028402
HAEDALUSDT,2025-05-03 04:00:00,-0.00165688
HAEDALUSDT,2025-05-03 00:00:00,-0.00289107
HAEDALUSDT,2025-05-02 20:00:00,-0.00110536
HAEDALUSDT,2025-05-02 16:00:00,-0.002068
HAEDALUSDT,2025-05-02 12:00:00,-0.00070911
HAEDALUSDT,2025-05-02 08:00:00,-0.00416267
HAEDALUSDT,2025-05-02 04:00:00,-0.0009229
HAEDALUSDT,2025-05-02 00:00:00,0.00005
HAEDALUSDT,2025-05-01 20:00:00,0.00005
HAEDALUSDT,2025-05-01 16:00:00,0.00005
HAEDALUSDT,2025-05-01 12:00:00,0.00005
HAEDALUSDT,2025-05-01 08:00:00,0.00005
HAEDALUSDT,2025-05-01 04:00:00,0.00063478
HAEDALUSDT,2025-05-01 00:00:00,0.00005
HAEDALUSDT,2025-04-30 20:00:00,0.00005
HAEDALUSDT,2025-04-30 16:00:00,0.00017956
HAEDALUSDT,2025-04-30 12:00:00,0.00005
HAEDALUSDT,2025-04-30 08:00:00,0.00005
SXTUSDT,2025-06-08 00:00:00,0.00001452
SXTUSDT,2025-06-07 20:00:00,0.00005
SXTUSDT,2025-06-07 16:00:00,0.00005
SXTUSDT,2025-06-07 12:00:00,0.00005
SXTUSDT,2025-06-07 08:00:00,0.00005
SXTUSDT,2025-06-07 04:00:00,0.00005
SXTUSDT,2025-06-07 00:00:00,0.00005
SXTUSDT,2025-06-06 20:00:00,0.00005
SXTUSDT,2025-06-06 16:00:00,0.00005
SXTUSDT,2025-06-06 12:00:00,0.00005
SXTUSDT,2025-06-06 08:00:00,0.00005
SXTUSDT,2025-06-06 04:00:00,0.00005
SXTUSDT,2025-06-06 00:00:00,0.00005
SXTUSDT,2025-06-05 20:00:00,0.00005
SXTUSDT,2025-06-05 16:00:00,0.00005
SXTUSDT,2025-06-05 12:00:00,0.00005
SXTUSDT,2025-06-05 08:00:00,0.00005
SXTUSDT,2025-06-05 04:00:00,0.00005
SXTUSDT,2025-06-05 00:00:00,0.00005
SXTUSDT,2025-06-04 20:00:00,0.00005
SXTUSDT,2025-06-04 16:00:00,0.00005
SXTUSDT,2025-06-04 12:00:00,0.00005
SXTUSDT,2025-06-04 08:00:00,0.00005
SXTUSDT,2025-06-04 04:00:00,0.00005
SXTUSDT,2025-06-04 00:00:00,0.00005
SXTUSDT,2025-06-03 20:00:00,0.00005
SXTUSDT,2025-06-03 16:00:00,0.00005
SXTUSDT,2025-06-03 12:00:00,0.00005
SXTUSDT,2025-06-03 08:00:00,0.00005
SXTUSDT,2025-06-03 04:00:00,0.00005
SXTUSDT,2025-06-03 00:00:00,0.00005
SXTUSDT,2025-06-02 20:00:00,0.00005
SXTUSDT,2025-06-02 16:00:00,0.00005
SXTUSDT,2025-06-02 12:00:00,0.00005
SXTUSDT,2025-06-02 08:00:00,0.00005
SXTUSDT,2025-06-02 04:00:00,0.00005
SXTUSDT,2025-06-02 00:00:00,0.00005
SXTUSDT,2025-06-01 20:00:00,0.00005
SXTUSDT,2025-06-01 16:00:00,0.00005
SXTUSDT,2025-06-01 12:00:00,0.00005
SXTUSDT,2025-06-01 08:00:00,0.00005
SXTUSDT,2025-06-01 04:00:00,0.00005
SXTUSDT,2025-06-01 00:00:00,0.00005
SXTUSDT,2025-05-31 20:00:00,0.00005
SXTUSDT,2025-05-31 16:00:00,0.00005
SXTUSDT,2025-05-31 12:00:00,0.00005
SXTUSDT,2025-05-31 08:00:00,0.00005
SXTUSDT,2025-05-31 04:00:00,0.00002114
SXTUSDT,2025-05-31 00:00:00,-0.00003678
SXTUSDT,2025-05-30 20:00:00,0.00005
SXTUSDT,2025-05-30 16:00:00,0.00005
SXTUSDT,2025-05-30 12:00:00,-0.00006547
SXTUSDT,2025-05-30 08:00:00,0.00003467
SXTUSDT,2025-05-30 04:00:00,0.00005
SXTUSDT,2025-05-30 00:00:00,0.00005
SXTUSDT,2025-05-29 20:00:00,0.00005
SXTUSDT,2025-05-29 16:00:00,0.00005
SXTUSDT,2025-05-29 12:00:00,0.00005
SXTUSDT,2025-05-29 08:00:00,0.00005
SXTUSDT,2025-05-29 04:00:00,0.00005
SXTUSDT,2025-05-29 00:00:00,0.00005
SXTUSDT,2025-05-28 20:00:00,0.00004295
SXTUSDT,2025-05-28 16:00:00,0.00001627
SXTUSDT,2025-05-28 12:00:00,0.00005
SXTUSDT,2025-05-28 08:00:00,0.00004488
SXTUSDT,2025-05-28 04:00:00,0.00005
SXTUSDT,2025-05-28 00:00:00,0.00005
SXTUSDT,2025-05-27 20:00:00,0.00005
SXTUSDT,2025-05-27 16:00:00,0.00005
SXTUSDT,2025-05-27 12:00:00,0.00005
SXTUSDT,2025-05-27 08:00:00,0.00005
SXTUSDT,2025-05-27 04:00:00,0.00005
SXTUSDT,2025-05-27 00:00:00,0.00005
SXTUSDT,2025-05-26 20:00:00,0.00005
SXTUSDT,2025-05-26 16:00:00,0.00005
SXTUSDT,2025-05-26 12:00:00,0.00005
SXTUSDT,2025-05-26 08:00:00,0.00005
SXTUSDT,2025-05-26 04:00:00,0.00005
SXTUSDT,2025-05-26 00:00:00,0.00005
SXTUSDT,2025-05-25 20:00:00,0.00005
SXTUSDT,2025-05-25 16:00:00,0.00005
SXTUSDT,2025-05-25 12:00:00,0.00005
SXTUSDT,2025-05-25 08:00:00,0.00005
SXTUSDT,2025-05-25 04:00:00,0.00005
SXTUSDT,2025-05-25 00:00:00,0.00005
SXTUSDT,2025-05-24 20:00:00,0.00005
SXTUSDT,2025-05-24 16:00:00,0.00005
SXTUSDT,2025-05-24 12:00:00,0.00005
SXTUSDT,2025-05-24 08:00:00,0.00005
SXTUSDT,2025-05-24 04:00:00,0.00005
SXTUSDT,2025-05-24 00:00:00,0.00005
SXTUSDT,2025-05-23 20:00:00,0.00005
SXTUSDT,2025-05-23 16:00:00,0.00005
SXTUSDT,2025-05-23 12:00:00,0.00005
SXTUSDT,2025-05-23 08:00:00,0.00005
SXTUSDT,2025-05-23 04:00:00,0.00005
SXTUSDT,2025-05-23 00:00:00,0.00005
SXTUSDT,2025-05-22 20:00:00,0.00005
SXTUSDT,2025-05-22 16:00:00,0.00005
SXTUSDT,2025-05-22 12:00:00,0.00005
SXTUSDT,2025-05-22 08:00:00,0.00005
SXTUSDT,2025-05-22 04:00:00,0.00005
SXTUSDT,2025-05-22 00:00:00,0.00005
SXTUSDT,2025-05-21 20:00:00,0.00005
SXTUSDT,2025-05-21 16:00:00,0.00005
SXTUSDT,2025-05-21 12:00:00,0.00005
SXTUSDT,2025-05-21 08:00:00,-0.00006631
SXTUSDT,2025-05-21 04:00:00,0.0000345
SXTUSDT,2025-05-21 00:00:00,-0.00042406
SXTUSDT,2025-05-20 20:00:00,-0.00027691
SXTUSDT,2025-05-20 16:00:00,-0.000172
SXTUSDT,2025-05-20 12:00:00,0.00005
SXTUSDT,2025-05-20 08:00:00,0.00005
SXTUSDT,2025-05-20 04:00:00,0.00005
SXTUSDT,2025-05-20 00:00:00,0.00005
SXTUSDT,2025-05-19 20:00:00,0.00001033
SXTUSDT,2025-05-19 16:00:00,-0.00016663
SXTUSDT,2025-05-19 12:00:00,-0.00038635
SXTUSDT,2025-05-19 08:00:00,-0.00027573
SXTUSDT,2025-05-19 04:00:00,-0.00013806
SXTUSDT,2025-05-19 00:00:00,-0.0002084
SXTUSDT,2025-05-18 20:00:00,0.00005
SXTUSDT,2025-05-18 16:00:00,0.00005
SXTUSDT,2025-05-18 12:00:00,0.00005
SXTUSDT,2025-05-18 08:00:00,0.00005
SXTUSDT,2025-05-18 04:00:00,-0.00051809
SXTUSDT,2025-05-18 00:00:00,-0.00033891
SXTUSDT,2025-05-17 20:00:00,0.0000337
SXTUSDT,2025-05-17 16:00:00,0.00005
SXTUSDT,2025-05-17 12:00:00,-0.00032895
SXTUSDT,2025-05-17 08:00:00,-0.00008253
SXTUSDT,2025-05-17 04:00:00,0.00000529
SXTUSDT,2025-05-17 00:00:00,0.00005
SXTUSDT,2025-05-16 20:00:00,0.00005
SXTUSDT,2025-05-16 16:00:00,0.00005
SXTUSDT,2025-05-16 12:00:00,0.00005
SXTUSDT,2025-05-16 08:00:00,0.00005
SXTUSDT,2025-05-16 04:00:00,0.00005
SXTUSDT,2025-05-16 00:00:00,0.00005
SXTUSDT,2025-05-15 20:00:00,-0.00027057
SXTUSDT,2025-05-15 16:00:00,-0.00018186
SXTUSDT,2025-05-15 12:00:00,-0.00068779
SXTUSDT,2025-05-15 08:00:00,0.00003677
SXTUSDT,2025-05-15 04:00:00,-0.00006988
SXTUSDT,2025-05-15 00:00:00,0.00005
SXTUSDT,2025-05-14 20:00:00,0.00001296
SXTUSDT,2025-05-14 16:00:00,0.00005
SXTUSDT,2025-05-14 12:00:00,0.00005
SXTUSDT,2025-05-14 08:00:00,0.00005
SXTUSDT,2025-05-14 04:00:00,0.00005
SXTUSDT,2025-05-14 00:00:00,0.00005
SXTUSDT,2025-05-13 20:00:00,0.00005
SXTUSDT,2025-05-13 16:00:00,0.00005
SXTUSDT,2025-05-13 12:00:00,0.00005
SXTUSDT,2025-05-13 08:00:00,0.00005
SXTUSDT,2025-05-13 04:00:00,0.00005
SXTUSDT,2025-05-13 00:00:00,0.00005
SXTUSDT,2025-05-12 20:00:00,0.00005
SXTUSDT,2025-05-12 16:00:00,0.00005
SXTUSDT,2025-05-12 12:00:00,0.00005
SXTUSDT,2025-05-12 08:00:00,0.00005
SXTUSDT,2025-05-12 04:00:00,0.00005
SXTUSDT,2025-05-12 00:00:00,0.00005
SXTUSDT,2025-05-11 20:00:00,0.00005
SXTUSDT,2025-05-11 16:00:00,0.00005
SXTUSDT,2025-05-11 12:00:00,0.00005
SXTUSDT,2025-05-11 08:00:00,0.00005
SXTUSDT,2025-05-11 04:00:00,0.00005
SXTUSDT,2025-05-11 00:00:00,0.00005
SXTUSDT,2025-05-10 20:00:00,0.00005
SXTUSDT,2025-05-10 16:00:00,0.00005
SXTUSDT,2025-05-10 12:00:00,0.00005
SXTUSDT,2025-05-10 08:00:00,0.00005
SXTUSDT,2025-05-10 04:00:00,0.00005
SXTUSDT,2025-05-10 00:00:00,0.00005
SXTUSDT,2025-05-09 20:00:00,0.00005
SXTUSDT,2025-05-09 16:00:00,0.00005
SXTUSDT,2025-05-09 12:00:00,0.00005
SXTUSDT,2025-05-09 08:00:00,0.00005
SXTUSDT,2025-05-09 04:00:00,0.00005
SXTUSDT,2025-05-09 00:00:00,0.00005
SXTUSDT,2025-05-08 20:00:00,0.00005
SXTUSDT,2025-05-08 16:00:00,-0.00015357
SXTUSDT,2025-05-08 12:00:00,0.00005
SXTUSDT,2025-05-08 08:00:00,0.00005
SXTUSDT,2025-05-08 04:00:00,0.00005
SXTUSDT,2025-05-08 00:00:00,0.00005
DOODUSDT,2025-06-09 00:00:00,0.00005
DOODUSDT,2025-06-08 20:00:00,0.00005
DOODUSDT,2025-06-08 16:00:00,0.00005
DOODUSDT,2025-06-08 12:00:00,0.00005
DOODUSDT,2025-06-08 08:00:00,0.00005
DOODUSDT,2025-06-08 04:00:00,0.00005
DOODUSDT,2025-06-08 00:00:00,0.00005
DOODUSDT,2025-06-07 20:00:00,0.00005
DOODUSDT,2025-06-07 16:00:00,0.00005
DOODUSDT,2025-06-07 12:00:00,0.00005
DOODUSDT,2025-06-07 08:00:00,0.00005
DOODUSDT,2025-06-07 04:00:00,0.00005
DOODUSDT,2025-06-07 00:00:00,0.00005
DOODUSDT,2025-06-06 20:00:00,0.00005
DOODUSDT,2025-06-06 16:00:00,0.00005
DOODUSDT,2025-06-06 12:00:00,0.00005
DOODUSDT,2025-06-06 08:00:00,0.00005
DOODUSDT,2025-06-06 04:00:00,0.00005
DOODUSDT,2025-06-06 00:00:00,-0.00001688
DOODUSDT,2025-06-05 20:00:00,0.00005
DOODUSDT,2025-06-05 16:00:00,0.00005
DOODUSDT,2025-06-05 12:00:00,0.00005
DOODUSDT,2025-06-05 08:00:00,0.00005
DOODUSDT,2025-06-05 04:00:00,0.00005
DOODUSDT,2025-06-05 00:00:00,0.00005
DOODUSDT,2025-06-04 20:00:00,0.00005
DOODUSDT,2025-06-04 16:00:00,0.00005
DOODUSDT,2025-06-04 12:00:00,0.00005
DOODUSDT,2025-06-04 08:00:00,0.00005
DOODUSDT,2025-06-04 04:00:00,0.00005
DOODUSDT,2025-06-04 00:00:00,0.00005
DOODUSDT,2025-06-03 20:00:00,0.00005
DOODUSDT,2025-06-03 16:00:00,0.00005
DOODUSDT,2025-06-03 12:00:00,0.00005
DOODUSDT,2025-06-03 08:00:00,0.00005
DOODUSDT,2025-06-03 04:00:00,0.00005
DOODUSDT,2025-06-03 00:00:00,0.00005
DOODUSDT,2025-06-02 20:00:00,0.00005
DOODUSDT,2025-06-02 16:00:00,0.00005
DOODUSDT,2025-06-02 12:00:00,0.00005
DOODUSDT,2025-06-02 08:00:00,0.00005
DOODUSDT,2025-06-02 04:00:00,0.00005
DOODUSDT,2025-06-02 00:00:00,0.00005
DOODUSDT,2025-06-01 20:00:00,0.00005
DOODUSDT,2025-06-01 16:00:00,0.00005
DOODUSDT,2025-06-01 12:00:00,0.00005
DOODUSDT,2025-06-01 08:00:00,0.00005
DOODUSDT,2025-06-01 04:00:00,0.00005
DOODUSDT,2025-06-01 00:00:00,0.00005
DOODUSDT,2025-05-31 20:00:00,0.00005
DOODUSDT,2025-05-31 16:00:00,0.00005
DOODUSDT,2025-05-31 12:00:00,0.00005
DOODUSDT,2025-05-31 08:00:00,0.00005
DOODUSDT,2025-05-31 04:00:00,0.00005
DOODUSDT,2025-05-31 00:00:00,0.00005
DOODUSDT,2025-05-30 20:00:00,0.00005
DOODUSDT,2025-05-30 16:00:00,0.00005
DOODUSDT,2025-05-30 12:00:00,0.00005
DOODUSDT,2025-05-30 08:00:00,0.00005
DOODUSDT,2025-05-30 04:00:00,0.00005
DOODUSDT,2025-05-30 00:00:00,0.00005
DOODUSDT,2025-05-29 20:00:00,0.00005
DOODUSDT,2025-05-29 16:00:00,0.00005
DOODUSDT,2025-05-29 12:00:00,0.00005
DOODUSDT,2025-05-29 08:00:00,0.00005
DOODUSDT,2025-05-29 04:00:00,0.00005
DOODUSDT,2025-05-29 00:00:00,0.00005
DOODUSDT,2025-05-28 20:00:00,0.00005
DOODUSDT,2025-05-28 16:00:00,0.00005
DOODUSDT,2025-05-28 12:00:00,0.00005
DOODUSDT,2025-05-28 08:00:00,0.00005
DOODUSDT,2025-05-28 04:00:00,0.00005
DOODUSDT,2025-05-28 00:00:00,0.00005
DOODUSDT,2025-05-27 20:00:00,0.00005
DOODUSDT,2025-05-27 16:00:00,0.00005
DOODUSDT,2025-05-27 12:00:00,0.00005
DOODUSDT,2025-05-27 08:00:00,0.00005
DOODUSDT,2025-05-27 04:00:00,0.00005
DOODUSDT,2025-05-27 00:00:00,0.00005
DOODUSDT,2025-05-26 20:00:00,0.00005
DOODUSDT,2025-05-26 16:00:00,0.00005
DOODUSDT,2025-05-26 12:00:00,0.00005
DOODUSDT,2025-05-26 08:00:00,0.00005
DOODUSDT,2025-05-26 04:00:00,0.00005
DOODUSDT,2025-05-26 00:00:00,0.00005
DOODUSDT,2025-05-25 20:00:00,0.00005
DOODUSDT,2025-05-25 16:00:00,0.00005
DOODUSDT,2025-05-25 12:00:00,0.00005
DOODUSDT,2025-05-25 08:00:00,0.00005
DOODUSDT,2025-05-25 04:00:00,0.00005
DOODUSDT,2025-05-25 00:00:00,0.00005
DOODUSDT,2025-05-24 20:00:00,0.00005
DOODUSDT,2025-05-24 16:00:00,0.00005
DOODUSDT,2025-05-24 12:00:00,0.00005
DOODUSDT,2025-05-24 08:00:00,0.00005
DOODUSDT,2025-05-24 04:00:00,0.00005
DOODUSDT,2025-05-24 00:00:00,0.00005
DOODUSDT,2025-05-23 20:00:00,0.00005
DOODUSDT,2025-05-23 16:00:00,0.00005
DOODUSDT,2025-05-23 12:00:00,0.00005
DOODUSDT,2025-05-23 08:00:00,0.00005
DOODUSDT,2025-05-23 04:00:00,0.00005
DOODUSDT,2025-05-23 00:00:00,0.00005
DOODUSDT,2025-05-22 20:00:00,0.00005
DOODUSDT,2025-05-22 16:00:00,0.00005
DOODUSDT,2025-05-22 12:00:00,0.00005
DOODUSDT,2025-05-22 08:00:00,0.00005
DOODUSDT,2025-05-22 04:00:00,0.00005
DOODUSDT,2025-05-22 00:00:00,0.00005
DOODUSDT,2025-05-21 20:00:00,0.00005
DOODUSDT,2025-05-21 16:00:00,0.00005
DOODUSDT,2025-05-21 12:00:00,0.00005
DOODUSDT,2025-05-21 08:00:00,0.00005
DOODUSDT,2025-05-21 04:00:00,0.00005
DOODUSDT,2025-05-21 00:00:00,0.00005
DOODUSDT,2025-05-20 20:00:00,0.00005
DOODUSDT,2025-05-20 16:00:00,0.00005
DOODUSDT,2025-05-20 12:00:00,0.00005
DOODUSDT,2025-05-20 08:00:00,0.00005
DOODUSDT,2025-05-20 04:00:00,0.00005
DOODUSDT,2025-05-20 00:00:00,0.00005
DOODUSDT,2025-05-19 20:00:00,0.00005
DOODUSDT,2025-05-19 16:00:00,0.00005
DOODUSDT,2025-05-19 12:00:00,0.00005
DOODUSDT,2025-05-19 08:00:00,0.00005
DOODUSDT,2025-05-19 04:00:00,0.00005
DOODUSDT,2025-05-19 00:00:00,0.00005
DOODUSDT,2025-05-18 20:00:00,0.00005
DOODUSDT,2025-05-18 16:00:00,0.00005
DOODUSDT,2025-05-18 12:00:00,0.00005
DOODUSDT,2025-05-18 08:00:00,0.00005
DOODUSDT,2025-05-18 04:00:00,0.00005
DOODUSDT,2025-05-18 00:00:00,0.00005
DOODUSDT,2025-05-17 20:00:00,0.00005
DOODUSDT,2025-05-17 16:00:00,0.00005
DOODUSDT,2025-05-17 12:00:00,0.00005
DOODUSDT,2025-05-17 08:00:00,0.00005
DOODUSDT,2025-05-17 04:00:00,0.00005
DOODUSDT,2025-05-17 00:00:00,0.00005
DOODUSDT,2025-05-16 20:00:00,0.00005
DOODUSDT,2025-05-16 16:00:00,0.00005
DOODUSDT,2025-05-16 12:00:00,0.00005
DOODUSDT,2025-05-16 08:00:00,0.00005
DOODUSDT,2025-05-16 04:00:00,0.00005
DOODUSDT,2025-05-16 00:00:00,0.00005
DOODUSDT,2025-05-15 20:00:00,0.00005
DOODUSDT,2025-05-15 16:00:00,0.00005
DOODUSDT,2025-05-15 12:00:00,0.00005
DOODUSDT,2025-05-15 08:00:00,0.00005
DOODUSDT,2025-05-15 04:00:00,0.00005
DOODUSDT,2025-05-15 00:00:00,0.00005
DOODUSDT,2025-05-14 20:00:00,0.00005
DOODUSDT,2025-05-14 16:00:00,0.00005
DOODUSDT,2025-05-14 12:00:00,0.00005
DOODUSDT,2025-05-14 08:00:00,0.00005
DOODUSDT,2025-05-14 04:00:00,0.00005
DOODUSDT,2025-05-14 00:00:00,0.00005
DOODUSDT,2025-05-13 20:00:00,0.00005
DOODUSDT,2025-05-13 16:00:00,0.00005
DOODUSDT,2025-05-13 12:00:00,0.00005
DOODUSDT,2025-05-13 08:00:00,0.00005
DOODUSDT,2025-05-13 04:00:00,0.00005
DOODUSDT,2025-05-13 00:00:00,0.00005
DOODUSDT,2025-05-12 20:00:00,0.00005
DOODUSDT,2025-05-12 16:00:00,0.00005
DOODUSDT,2025-05-12 12:00:00,0.00005
DOODUSDT,2025-05-12 08:00:00,0.00005
DOODUSDT,2025-05-12 04:00:00,0.00005
DOODUSDT,2025-05-12 00:00:00,0.00005
DOODUSDT,2025-05-11 20:00:00,0.00005
DOODUSDT,2025-05-11 16:00:00,0.00005
DOODUSDT,2025-05-11 12:00:00,0.00005
DOODUSDT,2025-05-11 08:00:00,0.00005
DOODUSDT,2025-05-11 04:00:00,0.00005
DOODUSDT,2025-05-11 00:00:00,0.00005
DOODUSDT,2025-05-10 20:00:00,0.00005
DOODUSDT,2025-05-10 16:00:00,0.00005
DOODUSDT,2025-05-10 12:00:00,0.00005
DOODUSDT,2025-05-10 08:00:00,0.00005
DOODUSDT,2025-05-10 04:00:00,0.00005
DOODUSDT,2025-05-10 00:00:00,0.00005
DOODUSDT,2025-05-09 20:00:00,0.00005
DOODUSDT,2025-05-09 16:00:00,0.00087424
DOODUSDT,2025-05-09 12:00:00,0.00005
NXPCUSDT,2025-06-15 00:00:00,-0.0008566
NXPCUSDT,2025-06-14 20:00:00,-0.00074024
NXPCUSDT,2025-06-14 16:00:00,-0.00105254
NXPCUSDT,2025-06-14 12:00:00,-0.00116701
NXPCUSDT,2025-06-14 08:00:00,-0.00106897
NXPCUSDT,2025-06-14 04:00:00,-0.00073289
NXPCUSDT,2025-06-14 00:00:00,-0.00072348
NXPCUSDT,2025-06-13 20:00:00,-0.00041185
NXPCUSDT,2025-06-13 16:00:00,-0.0008769
NXPCUSDT,2025-06-13 12:00:00,-0.0013506
NXPCUSDT,2025-06-13 08:00:00,-0.00168967
NXPCUSDT,2025-06-13 04:00:00,-0.00052161
NXPCUSDT,2025-06-13 00:00:00,-0.00019514
NXPCUSDT,2025-06-12 20:00:00,0.00004888
NXPCUSDT,2025-06-12 16:00:00,-0.0001405
NXPCUSDT,2025-06-12 12:00:00,-0.00034144
NXPCUSDT,2025-06-12 08:00:00,0.00005
NXPCUSDT,2025-06-12 04:00:00,0.00005
NXPCUSDT,2025-06-12 00:00:00,0.00005
NXPCUSDT,2025-06-11 20:00:00,0.00005
NXPCUSDT,2025-06-11 16:00:00,0.00005
NXPCUSDT,2025-06-11 12:00:00,0.00005
NXPCUSDT,2025-06-11 08:00:00,0.00005
NXPCUSDT,2025-06-11 04:00:00,0.00001974
NXPCUSDT,2025-06-11 00:00:00,-0.00001522
NXPCUSDT,2025-06-10 20:00:00,0.00001215
NXPCUSDT,2025-06-10 16:00:00,0.0000322
NXPCUSDT,2025-06-10 12:00:00,-0.00002514
NXPCUSDT,2025-06-10 08:00:00,0.00005
NXPCUSDT,2025-06-10 04:00:00,0.00005
NXPCUSDT,2025-06-10 00:00:00,0.00005
NXPCUSDT,2025-06-09 20:00:00,0.00005
NXPCUSDT,2025-06-09 16:00:00,0.00005
NXPCUSDT,2025-06-09 12:00:00,0.00005
NXPCUSDT,2025-06-09 08:00:00,0.00005
NXPCUSDT,2025-06-09 04:00:00,0.00005
NXPCUSDT,2025-06-09 00:00:00,-0.00011861
NXPCUSDT,2025-06-08 20:00:00,0.00005
NXPCUSDT,2025-06-08 16:00:00,0.00000772
NXPCUSDT,2025-06-08 12:00:00,0.00003782
NXPCUSDT,2025-06-08 08:00:00,0.00000435
NXPCUSDT,2025-06-08 04:00:00,-0.00003505
NXPCUSDT,2025-06-08 00:00:00,0.00002073
NXPCUSDT,2025-06-07 20:00:00,0.00005
NXPCUSDT,2025-06-07 16:00:00,0.00000434
NXPCUSDT,2025-06-07 12:00:00,-0.0000029
NXPCUSDT,2025-06-07 08:00:00,0.00005
NXPCUSDT,2025-06-07 04:00:00,0.00005
NXPCUSDT,2025-06-07 00:00:00,-0.00007746
NXPCUSDT,2025-06-06 20:00:00,-0.0001041
NXPCUSDT,2025-06-06 16:00:00,0.00005
NXPCUSDT,2025-06-06 12:00:00,0.00005
NXPCUSDT,2025-06-06 08:00:00,0.00003351
NXPCUSDT,2025-06-06 04:00:00,0.00001321
NXPCUSDT,2025-06-06 00:00:00,0.00000702
NXPCUSDT,2025-06-05 20:00:00,0.00005
NXPCUSDT,2025-06-05 16:00:00,0.00005
NXPCUSDT,2025-06-05 12:00:00,0.00000336
NXPCUSDT,2025-06-05 08:00:00,0.00005
NXPCUSDT,2025-06-05 04:00:00,0.0000065
NXPCUSDT,2025-06-05 00:00:00,-0.00013045
NXPCUSDT,2025-06-04 20:00:00,0.00002809
NXPCUSDT,2025-06-04 16:00:00,0.00005
NXPCUSDT,2025-06-04 12:00:00,-0.00008953
NXPCUSDT,2025-06-04 08:00:00,-0.00003327
NXPCUSDT,2025-06-04 04:00:00,-0.00002219
NXPCUSDT,2025-06-04 00:00:00,-0.00000442
NXPCUSDT,2025-06-03 20:00:00,0.00005
NXPCUSDT,2025-06-03 16:00:00,0.00001064
NXPCUSDT,2025-06-03 12:00:00,0.00005
NXPCUSDT,2025-06-03 08:00:00,0.00005
NXPCUSDT,2025-06-03 04:00:00,0.00000061
NXPCUSDT,2025-06-03 00:00:00,0.00004335
NXPCUSDT,2025-06-02 20:00:00,-0.00003325
NXPCUSDT,2025-06-02 16:00:00,0.00005
NXPCUSDT,2025-06-02 12:00:00,0.00005
NXPCUSDT,2025-06-02 08:00:00,0.00002869
NXPCUSDT,2025-06-02 04:00:00,0.00001576
NXPCUSDT,2025-06-02 00:00:00,0.00005
NXPCUSDT,2025-06-01 20:00:00,0.00005
NXPCUSDT,2025-06-01 16:00:00,0.00005
NXPCUSDT,2025-06-01 12:00:00,0.00005
NXPCUSDT,2025-06-01 08:00:00,0.00002072
NXPCUSDT,2025-06-01 04:00:00,0.00002013
NXPCUSDT,2025-06-01 00:00:00,-0.00002027
NXPCUSDT,2025-05-31 20:00:00,0.00005
NXPCUSDT,2025-05-31 16:00:00,0.00004237
NXPCUSDT,2025-05-31 12:00:00,0.00005
NXPCUSDT,2025-05-31 08:00:00,0.00000784
NXPCUSDT,2025-05-31 04:00:00,0.00005
NXPCUSDT,2025-05-31 00:00:00,0.00001999
NXPCUSDT,2025-05-30 20:00:00,0.00005
NXPCUSDT,2025-05-30 16:00:00,0.00005
NXPCUSDT,2025-05-30 12:00:00,0.00005
NXPCUSDT,2025-05-30 08:00:00,0.00005
NXPCUSDT,2025-05-30 04:00:00,0.00005
NXPCUSDT,2025-05-30 00:00:00,0.00005
NXPCUSDT,2025-05-29 20:00:00,0.00005
NXPCUSDT,2025-05-29 16:00:00,0.00005
NXPCUSDT,2025-05-29 12:00:00,0.00010562
NXPCUSDT,2025-05-29 08:00:00,-0.00080681
NXPCUSDT,2025-05-29 04:00:00,-0.00010819
NXPCUSDT,2025-05-29 00:00:00,-0.0004225
NXPCUSDT,2025-05-28 20:00:00,-0.00014673
NXPCUSDT,2025-05-28 16:00:00,-0.00004694
NXPCUSDT,2025-05-28 12:00:00,0.00005
NXPCUSDT,2025-05-28 08:00:00,0.00005
NXPCUSDT,2025-05-28 04:00:00,-0.00002621
NXPCUSDT,2025-05-28 00:00:00,0.00005
NXPCUSDT,2025-05-27 20:00:00,0.00005
NXPCUSDT,2025-05-27 16:00:00,0.00005
NXPCUSDT,2025-05-27 12:00:00,0.00005
NXPCUSDT,2025-05-27 08:00:00,-0.0000395
NXPCUSDT,2025-05-27 04:00:00,0.00005
NXPCUSDT,2025-05-27 00:00:00,-0.00007095
NXPCUSDT,2025-05-26 20:00:00,-0.00004401
NXPCUSDT,2025-05-26 16:00:00,0.00005
NXPCUSDT,2025-05-26 12:00:00,-0.00012694
NXPCUSDT,2025-05-26 08:00:00,0.0000355
NXPCUSDT,2025-05-26 04:00:00,0.00005
NXPCUSDT,2025-05-26 00:00:00,0.00005
NXPCUSDT,2025-05-25 20:00:00,0.00005
NXPCUSDT,2025-05-25 16:00:00,-0.00032342
NXPCUSDT,2025-05-25 12:00:00,-0.00017309
NXPCUSDT,2025-05-25 08:00:00,0.00005
NXPCUSDT,2025-05-25 04:00:00,-0.00000993
NXPCUSDT,2025-05-25 00:00:00,0.00005
NXPCUSDT,2025-05-24 20:00:00,0.00005
NXPCUSDT,2025-05-24 16:00:00,0.00005
NXPCUSDT,2025-05-24 12:00:00,0.00005
NXPCUSDT,2025-05-24 08:00:00,0.00005
NXPCUSDT,2025-05-24 04:00:00,0.00005
NXPCUSDT,2025-05-24 00:00:00,0.00005
NXPCUSDT,2025-05-23 20:00:00,0.00005
NXPCUSDT,2025-05-23 16:00:00,0.00005
NXPCUSDT,2025-05-23 12:00:00,0.00005
NXPCUSDT,2025-05-23 08:00:00,0.00005
NXPCUSDT,2025-05-23 04:00:00,0.00005
NXPCUSDT,2025-05-23 00:00:00,0.00005
NXPCUSDT,2025-05-22 20:00:00,0.00005
NXPCUSDT,2025-05-22 16:00:00,0.00005
NXPCUSDT,2025-05-22 12:00:00,0.00005
NXPCUSDT,2025-05-22 08:00:00,0.00005
NXPCUSDT,2025-05-22 04:00:00,-0.00011812
NXPCUSDT,2025-05-22 00:00:00,-0.00012707
NXPCUSDT,2025-05-21 20:00:00,-0.00001303
NXPCUSDT,2025-05-21 16:00:00,0.00005
NXPCUSDT,2025-05-21 12:00:00,-0.00006959
NXPCUSDT,2025-05-21 08:00:00,-0.00016202
NXPCUSDT,2025-05-21 04:00:00,-0.00059894
NXPCUSDT,2025-05-21 00:00:00,-0.00038613
NXPCUSDT,2025-05-20 20:00:00,-0.00103122
NXPCUSDT,2025-05-20 16:00:00,-0.00166008
NXPCUSDT,2025-05-20 12:00:00,-0.00133901
NXPCUSDT,2025-05-20 08:00:00,-0.00026516
NXPCUSDT,2025-05-20 04:00:00,-0.0014393
NXPCUSDT,2025-05-20 00:00:00,-0.00097824
NXPCUSDT,2025-05-19 20:00:00,-0.00058295
NXPCUSDT,2025-05-19 16:00:00,-0.00089402
NXPCUSDT,2025-05-19 12:00:00,-0.00140433
NXPCUSDT,2025-05-19 08:00:00,-0.00109696
NXPCUSDT,2025-05-19 04:00:00,-0.00018282
NXPCUSDT,2025-05-19 00:00:00,-0.00132001
NXPCUSDT,2025-05-18 20:00:00,-0.00133924
NXPCUSDT,2025-05-18 16:00:00,-0.00023402
NXPCUSDT,2025-05-18 12:00:00,-0.00066793
NXPCUSDT,2025-05-18 08:00:00,-0.00112001
NXPCUSDT,2025-05-18 04:00:00,-0.00095094
NXPCUSDT,2025-05-18 00:00:00,-0.00016912
NXPCUSDT,2025-05-17 20:00:00,-0.00024703
NXPCUSDT,2025-05-17 16:00:00,-0.00085057
NXPCUSDT,2025-05-17 12:00:00,-0.00175328
NXPCUSDT,2025-05-17 08:00:00,-0.00061892
NXPCUSDT,2025-05-17 04:00:00,-0.00159853
NXPCUSDT,2025-05-17 00:00:00,-0.00059098
NXPCUSDT,2025-05-16 20:00:00,-0.00073974
NXPCUSDT,2025-05-16 16:00:00,-0.00036692
NXPCUSDT,2025-05-16 12:00:00,-0.0002936
NXPCUSDT,2025-05-16 08:00:00,-0.00082895
NXPCUSDT,2025-05-16 04:00:00,-0.00038035
NXPCUSDT,2025-05-16 00:00:00,0.00005
NXPCUSDT,2025-05-15 20:00:00,-0.00070645
NXPCUSDT,2025-05-15 16:00:00,-0.00044379
NXPCUSDT,2025-05-15 12:00:00,-0.00261029
NXPCUSDT,2025-05-15 08:00:00,-0.01397036
NXPCUSDT,2025-05-15 04:00:00,0.00005
HUMAUSDT,2025-06-26 00:00:00,-0.0006187
HUMAUSDT,2025-06-25 20:00:00,-0.00009281
HUMAUSDT,2025-06-25 16:00:00,0.00005
HUMAUSDT,2025-06-25 12:00:00,0.00005
HUMAUSDT,2025-06-25 08:00:00,-0.00011526
HUMAUSDT,2025-06-25 04:00:00,-0.00003276
HUMAUSDT,2025-06-25 00:00:00,0.00005
HUMAUSDT,2025-06-24 20:00:00,0.00005
HUMAUSDT,2025-06-24 16:00:00,0.00005
HUMAUSDT,2025-06-24 12:00:00,0.00005
HUMAUSDT,2025-06-24 08:00:00,-0.00006918
HUMAUSDT,2025-06-24 04:00:00,0.00005
HUMAUSDT,2025-06-24 00:00:00,0.00005
HUMAUSDT,2025-06-23 20:00:00,0.00005
HUMAUSDT,2025-06-23 16:00:00,0.00005
HUMAUSDT,2025-06-23 12:00:00,-0.00006105
HUMAUSDT,2025-06-23 08:00:00,-0.00026316
HUMAUSDT,2025-06-23 04:00:00,0.00000318
HUMAUSDT,2025-06-23 00:00:00,0.00005
HUMAUSDT,2025-06-22 20:00:00,0.00005
HUMAUSDT,2025-06-22 16:00:00,0.00005
HUMAUSDT,2025-06-22 12:00:00,0.00000303
HUMAUSDT,2025-06-22 08:00:00,0.0000441
HUMAUSDT,2025-06-22 04:00:00,0.00005
HUMAUSDT,2025-06-22 00:00:00,0.00005
HUMAUSDT,2025-06-21 20:00:00,-0.00012288
HUMAUSDT,2025-06-21 16:00:00,-0.0000535
HUMAUSDT,2025-06-21 12:00:00,0.00005
HUMAUSDT,2025-06-21 08:00:00,0.00005
HUMAUSDT,2025-06-21 04:00:00,0.00005
HUMAUSDT,2025-06-21 00:00:00,0.00005
HUMAUSDT,2025-06-20 20:00:00,0.00002126
HUMAUSDT,2025-06-20 16:00:00,0.00005
HUMAUSDT,2025-06-20 12:00:00,0.00005
HUMAUSDT,2025-06-20 08:00:00,0.00005
HUMAUSDT,2025-06-20 04:00:00,0.00002136
HUMAUSDT,2025-06-20 00:00:00,-0.00028337
HUMAUSDT,2025-06-19 20:00:00,-0.00038141
HUMAUSDT,2025-06-19 16:00:00,0.00005
HUMAUSDT,2025-06-19 12:00:00,0.00005
HUMAUSDT,2025-06-19 08:00:00,-0.00219287
HUMAUSDT,2025-06-19 04:00:00,-0.00070027
HUMAUSDT,2025-06-19 00:00:00,0.00005
HUMAUSDT,2025-06-18 20:00:00,0.00005
HUMAUSDT,2025-06-18 16:00:00,-0.00005781
HUMAUSDT,2025-06-18 12:00:00,0.00005
HUMAUSDT,2025-06-18 08:00:00,0.00005
HUMAUSDT,2025-06-18 04:00:00,-0.00004971
HUMAUSDT,2025-06-18 00:00:00,-0.00000007
HUMAUSDT,2025-06-17 20:00:00,0.00005
HUMAUSDT,2025-06-17 16:00:00,0.00005
HUMAUSDT,2025-06-17 12:00:00,0.00005
HUMAUSDT,2025-06-17 08:00:00,0.00005
HUMAUSDT,2025-06-17 04:00:00,0.00005
HUMAUSDT,2025-06-17 00:00:00,0.00005
HUMAUSDT,2025-06-16 20:00:00,0.00005
HUMAUSDT,2025-06-16 16:00:00,0.00005
HUMAUSDT,2025-06-16 12:00:00,0.00005
HUMAUSDT,2025-06-16 08:00:00,0.00005
HUMAUSDT,2025-06-16 04:00:00,0.00003414
HUMAUSDT,2025-06-16 00:00:00,0.00005
HUMAUSDT,2025-06-15 20:00:00,0.00005
HUMAUSDT,2025-06-15 16:00:00,0.00005
HUMAUSDT,2025-06-15 12:00:00,0.00005
HUMAUSDT,2025-06-15 08:00:00,-0.0000915
HUMAUSDT,2025-06-15 04:00:00,-0.00006718
HUMAUSDT,2025-06-15 00:00:00,-0.00001411
HUMAUSDT,2025-06-14 20:00:00,0.00005
HUMAUSDT,2025-06-14 16:00:00,0.00005
HUMAUSDT,2025-06-14 12:00:00,-0.00027033
HUMAUSDT,2025-06-14 08:00:00,-0.00009003
HUMAUSDT,2025-06-14 04:00:00,-0.00009216
HUMAUSDT,2025-06-14 00:00:00,0.00005
HUMAUSDT,2025-06-13 20:00:00,-0.00005848
HUMAUSDT,2025-06-13 16:00:00,0.00000547
HUMAUSDT,2025-06-13 12:00:00,0.00005
HUMAUSDT,2025-06-13 08:00:00,0.00005
HUMAUSDT,2025-06-13 04:00:00,0.00005
HUMAUSDT,2025-06-13 00:00:00,-0.00010273
HUMAUSDT,2025-06-12 20:00:00,0.00005
HUMAUSDT,2025-06-12 16:00:00,0.00005
HUMAUSDT,2025-06-12 12:00:00,0.00005
HUMAUSDT,2025-06-12 08:00:00,0.00005
HUMAUSDT,2025-06-12 04:00:00,0.00005
HUMAUSDT,2025-06-12 00:00:00,0.00005
HUMAUSDT,2025-06-11 20:00:00,0.00005
HUMAUSDT,2025-06-11 16:00:00,0.00005
HUMAUSDT,2025-06-11 12:00:00,-0.00052687
HUMAUSDT,2025-06-11 08:00:00,-0.00024296
HUMAUSDT,2025-06-11 04:00:00,-0.00031433
HUMAUSDT,2025-06-11 00:00:00,-0.0000957
HUMAUSDT,2025-06-10 20:00:00,-0.00005664
HUMAUSDT,2025-06-10 16:00:00,0.00005
HUMAUSDT,2025-06-10 12:00:00,0.00005
HUMAUSDT,2025-06-10 08:00:00,-0.00036987
HUMAUSDT,2025-06-10 04:00:00,-0.00007766
HUMAUSDT,2025-06-10 00:00:00,0.00005
HUMAUSDT,2025-06-09 20:00:00,0.00005
HUMAUSDT,2025-06-09 16:00:00,-0.00004957
HUMAUSDT,2025-06-09 12:00:00,0.00000904
HUMAUSDT,2025-06-09 08:00:00,-0.00044978
HUMAUSDT,2025-06-09 04:00:00,-0.00022484
HUMAUSDT,2025-06-09 00:00:00,0.00000537
HUMAUSDT,2025-06-08 20:00:00,-0.00053907
HUMAUSDT,2025-06-08 16:00:00,-0.00184282
HUMAUSDT,2025-06-08 12:00:00,-0.00058064
HUMAUSDT,2025-06-08 08:00:00,0.00001664
HUMAUSDT,2025-06-08 04:00:00,0.00005
HUMAUSDT,2025-06-08 00:00:00,-0.00023221
HUMAUSDT,2025-06-07 20:00:00,-0.0006415
HUMAUSDT,2025-06-07 16:00:00,-0.00061668
HUMAUSDT,2025-06-07 12:00:00,-0.00031382
HUMAUSDT,2025-06-07 08:00:00,-0.00016528
HUMAUSDT,2025-06-07 04:00:00,-0.00082369
HUMAUSDT,2025-06-07 00:00:00,-0.00100234
HUMAUSDT,2025-06-06 20:00:00,-0.00015399
HUMAUSDT,2025-06-06 16:00:00,0.00005
HUMAUSDT,2025-06-06 12:00:00,-0.00128785
HUMAUSDT,2025-06-06 08:00:00,-0.00019563
HUMAUSDT,2025-06-06 04:00:00,0.00004909
HUMAUSDT,2025-06-06 00:00:00,0.00005
HUMAUSDT,2025-06-05 20:00:00,0.00005
HUMAUSDT,2025-06-05 16:00:00,-0.00001432
HUMAUSDT,2025-06-05 12:00:00,0.00005
HUMAUSDT,2025-06-05 08:00:00,0.00005
HUMAUSDT,2025-06-05 04:00:00,0.00005
HUMAUSDT,2025-06-05 00:00:00,0.00004392
HUMAUSDT,2025-06-04 20:00:00,0.00005
HUMAUSDT,2025-06-04 16:00:00,0.00005
HUMAUSDT,2025-06-04 12:00:00,-0.00030105
HUMAUSDT,2025-06-04 08:00:00,-0.00000718
HUMAUSDT,2025-06-04 04:00:00,0.00005
HUMAUSDT,2025-06-04 00:00:00,0.00005
HUMAUSDT,2025-06-03 20:00:00,0.00005
HUMAUSDT,2025-06-03 16:00:00,0.00005
HUMAUSDT,2025-06-03 12:00:00,-0.00004583
HUMAUSDT,2025-06-03 08:00:00,-0.00025102
HUMAUSDT,2025-06-03 04:00:00,0.00005
HUMAUSDT,2025-06-03 00:00:00,0.00005
HUMAUSDT,2025-06-02 20:00:00,0.00005
HUMAUSDT,2025-06-02 16:00:00,0.00005
HUMAUSDT,2025-06-02 12:00:00,-0.00027933
HUMAUSDT,2025-06-02 08:00:00,0.00005
HUMAUSDT,2025-06-02 04:00:00,-0.00024574
HUMAUSDT,2025-06-02 00:00:00,0.00005
HUMAUSDT,2025-06-01 20:00:00,-0.00008256
HUMAUSDT,2025-06-01 16:00:00,-0.00001257
HUMAUSDT,2025-06-01 12:00:00,-0.00001511
HUMAUSDT,2025-06-01 08:00:00,-0.00002809
HUMAUSDT,2025-06-01 04:00:00,-0.00015501
HUMAUSDT,2025-06-01 00:00:00,0.00005
HUMAUSDT,2025-05-31 20:00:00,0.00002931
HUMAUSDT,2025-05-31 16:00:00,0.00000164
HUMAUSDT,2025-05-31 12:00:00,-0.00010772
HUMAUSDT,2025-05-31 08:00:00,-0.00010333
HUMAUSDT,2025-05-31 04:00:00,0.00005
HUMAUSDT,2025-05-31 00:00:00,-0.00017566
HUMAUSDT,2025-05-30 20:00:00,-0.00017969
HUMAUSDT,2025-05-30 16:00:00,0.00005
HUMAUSDT,2025-05-30 12:00:00,0.00005
HUMAUSDT,2025-05-30 08:00:00,0.00005
HUMAUSDT,2025-05-30 04:00:00,0.00005
HUMAUSDT,2025-05-30 00:00:00,0.00005
HUMAUSDT,2025-05-29 20:00:00,0.00005
HUMAUSDT,2025-05-29 16:00:00,0.00005
HUMAUSDT,2025-05-29 12:00:00,0.00005
HUMAUSDT,2025-05-29 08:00:00,0.00005
HUMAUSDT,2025-05-29 04:00:00,0.00005
HUMAUSDT,2025-05-29 00:00:00,0.00005
HUMAUSDT,2025-05-28 20:00:00,0.00005
HUMAUSDT,2025-05-28 16:00:00,0.00005
HUMAUSDT,2025-05-28 12:00:00,0.00005
HUMAUSDT,2025-05-28 08:00:00,-0.00007534
HUMAUSDT,2025-05-28 04:00:00,-0.00012019
HUMAUSDT,2025-05-28 00:00:00,-0.00003523
HUMAUSDT,2025-05-27 20:00:00,-0.00046957
HUMAUSDT,2025-05-27 16:00:00,0.00005
HUMAUSDT,2025-05-27 12:00:00,-0.00010137
HUMAUSDT,2025-05-27 08:00:00,-0.00056813
HUMAUSDT,2025-05-27 04:00:00,-0.00020549
HUMAUSDT,2025-05-27 00:00:00,-0.00038114
HUMAUSDT,2025-05-26 20:00:00,-0.00005895
HUMAUSDT,2025-05-26 16:00:00,-0.00260486
HUMAUSDT,2025-05-26 12:00:00,0.00005
AUSDT,2025-06-28 00:00:00,0.00005
AUSDT,2025-06-27 20:00:00,0.00005
AUSDT,2025-06-27 16:00:00,0.00005
AUSDT,2025-06-27 12:00:00,0.00005
AUSDT,2025-06-27 08:00:00,0.00005
AUSDT,2025-06-27 04:00:00,0.00005
AUSDT,2025-06-27 00:00:00,0.00005
AUSDT,2025-06-26 20:00:00,0.00005
AUSDT,2025-06-26 16:00:00,0.00005
AUSDT,2025-06-26 12:00:00,0.00005
AUSDT,2025-06-26 08:00:00,0.00005
AUSDT,2025-06-26 04:00:00,0.00005
AUSDT,2025-06-26 00:00:00,-0.00016091
AUSDT,2025-06-25 20:00:00,0.00005
AUSDT,2025-06-25 16:00:00,0.00005
AUSDT,2025-06-25 12:00:00,-0.0000676
AUSDT,2025-06-25 08:00:00,0.0000413
AUSDT,2025-06-25 04:00:00,-0.00010225
AUSDT,2025-06-25 00:00:00,0.00005
AUSDT,2025-06-24 20:00:00,-0.00010424
AUSDT,2025-06-24 16:00:00,0.00005
AUSDT,2025-06-24 12:00:00,0.00005
AUSDT,2025-06-24 08:00:00,-0.0001075
AUSDT,2025-06-24 04:00:00,0.00005
AUSDT,2025-06-24 00:00:00,0.00005
AUSDT,2025-06-23 20:00:00,0.00005
AUSDT,2025-06-23 16:00:00,0.00005
AUSDT,2025-06-23 12:00:00,-0.00003523
AUSDT,2025-06-23 08:00:00,-0.00000237
AUSDT,2025-06-23 04:00:00,0.00003535
AUSDT,2025-06-23 00:00:00,0.00005
AUSDT,2025-06-22 20:00:00,0.00005
AUSDT,2025-06-22 16:00:00,0.00005
AUSDT,2025-06-22 12:00:00,0.00005
AUSDT,2025-06-22 08:00:00,0.00005
AUSDT,2025-06-22 04:00:00,0.00000632
AUSDT,2025-06-22 00:00:00,0.00005
AUSDT,2025-06-21 20:00:00,-0.00000341
AUSDT,2025-06-21 16:00:00,0.00005
AUSDT,2025-06-21 12:00:00,-0.00001609
AUSDT,2025-06-21 08:00:00,-0.00003016
AUSDT,2025-06-21 04:00:00,-0.00000615
AUSDT,2025-06-21 00:00:00,0.00005
AUSDT,2025-06-20 20:00:00,0.00005
AUSDT,2025-06-20 16:00:00,-0.00002602
AUSDT,2025-06-20 12:00:00,0.00005
AUSDT,2025-06-20 08:00:00,0.00005
AUSDT,2025-06-20 04:00:00,0.00001736
AUSDT,2025-06-20 00:00:00,0.00005
AUSDT,2025-06-19 20:00:00,0.0000264
AUSDT,2025-06-19 16:00:00,0.00005
AUSDT,2025-06-19 12:00:00,0.00005
AUSDT,2025-06-19 08:00:00,-0.00008766
AUSDT,2025-06-19 04:00:00,0.00005
AUSDT,2025-06-19 00:00:00,0.00005
AUSDT,2025-06-18 20:00:00,0.00005
AUSDT,2025-06-18 16:00:00,0.00005
AUSDT,2025-06-18 12:00:00,0.00005
AUSDT,2025-06-18 08:00:00,-0.00000958
AUSDT,2025-06-18 04:00:00,0.00005
AUSDT,2025-06-18 00:00:00,-0.00011507
AUSDT,2025-06-17 20:00:00,0.00004768
AUSDT,2025-06-17 16:00:00,0.00005
AUSDT,2025-06-17 12:00:00,0.00005
AUSDT,2025-06-17 08:00:00,0.00005
AUSDT,2025-06-17 04:00:00,0.00005
AUSDT,2025-06-17 00:00:00,0.00005
AUSDT,2025-06-16 20:00:00,0.00005
AUSDT,2025-06-16 16:00:00,0.00005
AUSDT,2025-06-16 12:00:00,0.00005
AUSDT,2025-06-16 08:00:00,0.00005
AUSDT,2025-06-16 04:00:00,0.00005
AUSDT,2025-06-16 00:00:00,0.00005
AUSDT,2025-06-15 20:00:00,0.00005
AUSDT,2025-06-15 16:00:00,0.00005
AUSDT,2025-06-15 12:00:00,0.00005
AUSDT,2025-06-15 08:00:00,0.00005
AUSDT,2025-06-15 04:00:00,0.00005
AUSDT,2025-06-15 00:00:00,0.00005
AUSDT,2025-06-14 20:00:00,0.00005
AUSDT,2025-06-14 16:00:00,0.00005
AUSDT,2025-06-14 12:00:00,0.00005
AUSDT,2025-06-14 08:00:00,-0.00000855
AUSDT,2025-06-14 04:00:00,-0.00011558
AUSDT,2025-06-14 00:00:00,0.00005
AUSDT,2025-06-13 20:00:00,0.00005
AUSDT,2025-06-13 16:00:00,0.00005
AUSDT,2025-06-13 12:00:00,-0.00002191
AUSDT,2025-06-13 08:00:00,-0.00004208
AUSDT,2025-06-13 04:00:00,0.00005
AUSDT,2025-06-13 00:00:00,-0.00009483
AUSDT,2025-06-12 20:00:00,0.00005
AUSDT,2025-06-12 16:00:00,0.00005
AUSDT,2025-06-12 12:00:00,0.00005
AUSDT,2025-06-12 08:00:00,0.00005
AUSDT,2025-06-12 04:00:00,0.00005
AUSDT,2025-06-12 00:00:00,-0.00008793
AUSDT,2025-06-11 20:00:00,0.00005
AUSDT,2025-06-11 16:00:00,0.00005
AUSDT,2025-06-11 12:00:00,0.00005
AUSDT,2025-06-11 08:00:00,0.00005
AUSDT,2025-06-11 04:00:00,0.00005
AUSDT,2025-06-11 00:00:00,0.00005
AUSDT,2025-06-10 20:00:00,0.00005
AUSDT,2025-06-10 16:00:00,0.00005
AUSDT,2025-06-10 12:00:00,0.00005
AUSDT,2025-06-10 08:00:00,0.00005
AUSDT,2025-06-10 04:00:00,0.00005
AUSDT,2025-06-10 00:00:00,0.00005
AUSDT,2025-06-09 20:00:00,0.00005
AUSDT,2025-06-09 16:00:00,0.00005
AUSDT,2025-06-09 12:00:00,0.00005
AUSDT,2025-06-09 08:00:00,0.00005
AUSDT,2025-06-09 04:00:00,0.00005
AUSDT,2025-06-09 00:00:00,0.00005
AUSDT,2025-06-08 20:00:00,0.00005
AUSDT,2025-06-08 16:00:00,0.00005
AUSDT,2025-06-08 12:00:00,0.00005
AUSDT,2025-06-08 08:00:00,0.00005
AUSDT,2025-06-08 04:00:00,0.00005
AUSDT,2025-06-08 00:00:00,0.00005
AUSDT,2025-06-07 20:00:00,0.00005
AUSDT,2025-06-07 16:00:00,0.00005
AUSDT,2025-06-07 12:00:00,0.00005
AUSDT,2025-06-07 08:00:00,0.00005
AUSDT,2025-06-07 04:00:00,0.00005
AUSDT,2025-06-07 00:00:00,0.00005
AUSDT,2025-06-06 20:00:00,0.00005
AUSDT,2025-06-06 16:00:00,0.00005
AUSDT,2025-06-06 12:00:00,0.00005
AUSDT,2025-06-06 08:00:00,0.00005
AUSDT,2025-06-06 04:00:00,0.00005
AUSDT,2025-06-06 00:00:00,0.00005
AUSDT,2025-06-05 20:00:00,0.00005
AUSDT,2025-06-05 16:00:00,0.00005
AUSDT,2025-06-05 12:00:00,0.00005
AUSDT,2025-06-05 08:00:00,0.00005
AUSDT,2025-06-05 04:00:00,0.00005
AUSDT,2025-06-05 00:00:00,0.00005
AUSDT,2025-06-04 20:00:00,0.00005
AUSDT,2025-06-04 16:00:00,0.00005
AUSDT,2025-06-04 12:00:00,-0.00010176
AUSDT,2025-06-04 08:00:00,0.00005
AUSDT,2025-06-04 04:00:00,0.0000157
AUSDT,2025-06-04 00:00:00,-0.00008229
AUSDT,2025-06-03 20:00:00,0.00005
AUSDT,2025-06-03 16:00:00,0.00005
AUSDT,2025-06-03 12:00:00,0.00005
AUSDT,2025-06-03 08:00:00,0.00005
AUSDT,2025-06-03 04:00:00,0.00005
AUSDT,2025-06-03 00:00:00,0.00005
AUSDT,2025-06-02 20:00:00,0.00005
AUSDT,2025-06-02 16:00:00,0.00005
AUSDT,2025-06-02 12:00:00,0.00005
AUSDT,2025-06-02 08:00:00,0.00003422
AUSDT,2025-06-02 04:00:00,0.00005
AUSDT,2025-06-02 00:00:00,0.00005
AUSDT,2025-06-01 20:00:00,0.00005
AUSDT,2025-06-01 16:00:00,0.00005
AUSDT,2025-06-01 12:00:00,0.00005
AUSDT,2025-06-01 08:00:00,0.00005
AUSDT,2025-06-01 04:00:00,0.00005
AUSDT,2025-06-01 00:00:00,0.00005
AUSDT,2025-05-31 20:00:00,0.00005
AUSDT,2025-05-31 16:00:00,-0.0002045
AUSDT,2025-05-31 12:00:00,-0.00032258
AUSDT,2025-05-31 08:00:00,-0.00017106
AUSDT,2025-05-31 04:00:00,0.00005
AUSDT,2025-05-31 00:00:00,0.00005
AUSDT,2025-05-30 20:00:00,0.00005
AUSDT,2025-05-30 16:00:00,0.00005
AUSDT,2025-05-30 12:00:00,0.00005
AUSDT,2025-05-30 08:00:00,0.00005
AUSDT,2025-05-30 04:00:00,-0.00009914
AUSDT,2025-05-30 00:00:00,0.00005
AUSDT,2025-05-29 20:00:00,0.00005
AUSDT,2025-05-29 16:00:00,0.00005
AUSDT,2025-05-29 12:00:00,0.00005
AUSDT,2025-05-29 08:00:00,0.00005
AUSDT,2025-05-29 04:00:00,0.00005
AUSDT,2025-05-29 00:00:00,-0.00040657
AUSDT,2025-05-28 20:00:00,0.00005
AUSDT,2025-05-28 16:00:00,0.00005
AUSDT,2025-05-28 12:00:00,0.00005
AUSDT,2025-05-28 08:00:00,0.00005
LAUSDT,2025-07-05 00:00:00,0.0000125
LAUSDT,2025-07-04 23:00:00,0.0000125
LAUSDT,2025-07-04 22:00:00,0.0000125
LAUSDT,2025-07-04 21:00:00,0.0000125
LAUSDT,2025-07-04 20:00:00,0.0000125
LAUSDT,2025-07-04 19:00:00,0.0000125
LAUSDT,2025-07-04 18:00:00,0.0000125
LAUSDT,2025-07-04 17:00:00,0.0000125
LAUSDT,2025-07-04 16:00:00,0.0000125
LAUSDT,2025-07-04 15:00:00,0.0000125
LAUSDT,2025-07-04 14:00:00,0.0000125
LAUSDT,2025-07-04 13:00:00,0.0000125
LAUSDT,2025-07-04 12:00:00,0.0000125
LAUSDT,2025-07-04 11:00:00,0.0000125
LAUSDT,2025-07-04 10:00:00,0.00000135
LAUSDT,2025-07-04 09:00:00,0.0000125
LAUSDT,2025-07-04 08:00:00,0.0000125
LAUSDT,2025-07-04 07:00:00,-0.00004571
LAUSDT,2025-07-04 06:00:00,-0.00018612
LAUSDT,2025-07-04 05:00:00,-0.00005113
LAUSDT,2025-07-04 04:00:00,0.0000125
LAUSDT,2025-07-04 03:00:00,0.0000125
LAUSDT,2025-07-04 02:00:00,0.0000125
LAUSDT,2025-07-04 01:00:00,0.0000125
LAUSDT,2025-07-04 00:00:00,0.0000125
LAUSDT,2025-07-03 23:00:00,-0.00015489
LAUSDT,2025-07-03 22:00:00,-0.00008463
LAUSDT,2025-07-03 21:00:00,-0.00023657
LAUSDT,2025-07-03 20:00:00,-0.00020898
LAUSDT,2025-07-03 19:00:00,-0.00018338
LAUSDT,2025-07-03 18:00:00,-0.00010125
LAUSDT,2025-07-03 17:00:00,-0.00031843
LAUSDT,2025-07-03 16:00:00,-0.0000272
LAUSDT,2025-07-03 15:00:00,0.00001044
LAUSDT,2025-07-03 14:00:00,0.0000125
LAUSDT,2025-07-03 13:00:00,0.0000125
LAUSDT,2025-07-03 12:00:00,-0.00007877
LAUSDT,2025-07-03 11:00:00,0.0000125
LAUSDT,2025-07-03 10:00:00,0.0000125
LAUSDT,2025-07-03 09:00:00,0.0000125
LAUSDT,2025-07-03 08:00:00,0.0000125
LAUSDT,2025-07-03 07:00:00,0.0000125
LAUSDT,2025-07-03 06:00:00,0.0000125
LAUSDT,2025-07-03 05:00:00,0.0000125
LAUSDT,2025-07-03 04:00:00,0.0000125
LAUSDT,2025-07-03 03:00:00,0.0000125
LAUSDT,2025-07-03 02:00:00,0.0000125
LAUSDT,2025-07-03 01:00:00,0.0000125
LAUSDT,2025-07-03 00:00:00,0.0000125
LAUSDT,2025-07-02 23:00:00,0.0000125
LAUSDT,2025-07-02 22:00:00,0.0000125
LAUSDT,2025-07-02 21:00:00,0.0000125
LAUSDT,2025-07-02 20:00:00,0.0000125
LAUSDT,2025-07-02 19:00:00,0.0000125
LAUSDT,2025-07-02 18:00:00,0.0000125
LAUSDT,2025-07-02 17:00:00,0.0000125
LAUSDT,2025-07-02 16:00:00,0.0000125
LAUSDT,2025-07-02 15:00:00,0.0000125
LAUSDT,2025-07-02 14:00:00,0.0000125
LAUSDT,2025-07-02 13:00:00,0.0000125
LAUSDT,2025-07-02 12:00:00,0.0000125
LAUSDT,2025-07-02 11:00:00,0.0000125
LAUSDT,2025-07-02 10:00:00,0.0000125
LAUSDT,2025-07-02 09:00:00,0.0000125
LAUSDT,2025-07-02 08:00:00,0.0000125
LAUSDT,2025-07-02 07:00:00,0.0000125
LAUSDT,2025-07-02 06:00:00,0.0000125
LAUSDT,2025-07-02 05:00:00,0.0000125
LAUSDT,2025-07-02 04:00:00,0.0000125
LAUSDT,2025-07-02 03:00:00,0.0000125
LAUSDT,2025-07-02 02:00:00,0.0000125
LAUSDT,2025-07-02 01:00:00,0.0000125
LAUSDT,2025-07-02 00:00:00,0.0000125
LAUSDT,2025-07-01 23:00:00,0.0000125
LAUSDT,2025-07-01 22:00:00,0.0000125
LAUSDT,2025-07-01 21:00:00,-0.0001245
LAUSDT,2025-07-01 20:00:00,-0.0000926
LAUSDT,2025-07-01 19:00:00,0.0000125
LAUSDT,2025-07-01 18:00:00,0.0000125
LAUSDT,2025-07-01 17:00:00,0.0000125
LAUSDT,2025-07-01 16:00:00,0.0000125
LAUSDT,2025-07-01 15:00:00,0.0000125
LAUSDT,2025-07-01 14:00:00,0.0000125
LAUSDT,2025-07-01 13:00:00,0.0000125
LAUSDT,2025-07-01 12:00:00,0.0000125
LAUSDT,2025-07-01 11:00:00,0.0000125
LAUSDT,2025-07-01 10:00:00,0.0000125
LAUSDT,2025-07-01 09:00:00,0.0000125
LAUSDT,2025-07-01 08:00:00,0.0000125
LAUSDT,2025-07-01 07:00:00,0.0000125
LAUSDT,2025-07-01 06:00:00,0.0000125
LAUSDT,2025-07-01 05:00:00,0.0000125
LAUSDT,2025-07-01 04:00:00,0.0000125
LAUSDT,2025-07-01 03:00:00,0.0000125
LAUSDT,2025-07-01 02:00:00,0.0000125
LAUSDT,2025-07-01 01:00:00,0.0000125
LAUSDT,2025-07-01 00:00:00,0.0000125
LAUSDT,2025-06-30 23:00:00,0.0000125
LAUSDT,2025-06-30 22:00:00,0.0000125
LAUSDT,2025-06-30 21:00:00,0.0000125
LAUSDT,2025-06-30 20:00:00,0.0000125
LAUSDT,2025-06-30 19:00:00,0.0000125
LAUSDT,2025-06-30 18:00:00,0.0000125
LAUSDT,2025-06-30 17:00:00,0.0000125
LAUSDT,2025-06-30 16:00:00,0.0000125
LAUSDT,2025-06-30 15:00:00,0.0000125
LAUSDT,2025-06-30 14:00:00,0.0000125
LAUSDT,2025-06-30 13:00:00,0.0000125
LAUSDT,2025-06-30 12:00:00,0.0000125
LAUSDT,2025-06-30 11:00:00,0.0000125
LAUSDT,2025-06-30 10:00:00,0.0000125
LAUSDT,2025-06-30 09:00:00,0.0000125
LAUSDT,2025-06-30 08:00:00,0.0000125
LAUSDT,2025-06-30 07:00:00,0.0000125
LAUSDT,2025-06-30 06:00:00,0.0000125
LAUSDT,2025-06-30 05:00:00,0.0000125
LAUSDT,2025-06-30 04:00:00,0.0000125
LAUSDT,2025-06-30 03:00:00,0.0000125
LAUSDT,2025-06-30 02:00:00,0.0000125
LAUSDT,2025-06-30 01:00:00,0.0000125
LAUSDT,2025-06-30 00:00:00,0.0000125
LAUSDT,2025-06-29 23:00:00,0.0000125
LAUSDT,2025-06-29 22:00:00,0.0000125
LAUSDT,2025-06-29 21:00:00,0.0000125
LAUSDT,2025-06-29 20:00:00,0.0000125
LAUSDT,2025-06-29 19:00:00,0.0000125
LAUSDT,2025-06-29 18:00:00,0.0000125
LAUSDT,2025-06-29 17:00:00,0.0000125
LAUSDT,2025-06-29 16:00:00,0.0000125
LAUSDT,2025-06-29 15:00:00,0.0000125
LAUSDT,2025-06-29 14:00:00,0.0000125
LAUSDT,2025-06-29 13:00:00,0.0000125
LAUSDT,2025-06-29 12:00:00,0.0000125
LAUSDT,2025-06-29 11:00:00,-0.00012311
LAUSDT,2025-06-29 10:00:00,0.0000125
LAUSDT,2025-06-29 09:00:00,0.0000125
LAUSDT,2025-06-29 08:00:00,0.0000125
LAUSDT,2025-06-29 07:00:00,0.0000125
LAUSDT,2025-06-29 06:00:00,0.0000125
LAUSDT,2025-06-29 05:00:00,0.0000125
LAUSDT,2025-06-29 04:00:00,0.0000125
LAUSDT,2025-06-29 03:00:00,0.0000125
LAUSDT,2025-06-29 02:00:00,0.0000125
LAUSDT,2025-06-29 01:00:00,0.0000125
LAUSDT,2025-06-29 00:00:00,0.0000125
LAUSDT,2025-06-28 23:00:00,0.0000125
LAUSDT,2025-06-28 22:00:00,0.0000125
LAUSDT,2025-06-28 21:00:00,-0.00009272
LAUSDT,2025-06-28 20:00:00,-0.00001582
LAUSDT,2025-06-28 19:00:00,0.0000125
LAUSDT,2025-06-28 18:00:00,0.0000125
LAUSDT,2025-06-28 17:00:00,0.0000125
LAUSDT,2025-06-28 16:00:00,0.0000125
LAUSDT,2025-06-28 15:00:00,0.0000125
LAUSDT,2025-06-28 14:00:00,0.0000125
LAUSDT,2025-06-28 13:00:00,0.0000125
LAUSDT,2025-06-28 12:00:00,-0.00000636
LAUSDT,2025-06-28 11:00:00,0.0000125
LAUSDT,2025-06-28 10:00:00,0.00000349
LAUSDT,2025-06-28 09:00:00,-0.00008427
LAUSDT,2025-06-28 08:00:00,-0.0000648
LAUSDT,2025-06-28 07:00:00,0.0000125
LAUSDT,2025-06-28 06:00:00,-0.0000884
LAUSDT,2025-06-28 05:00:00,-0.00003502
LAUSDT,2025-06-28 04:00:00,0.0000125
LAUSDT,2025-06-28 03:00:00,0.0000125
LAUSDT,2025-06-28 02:00:00,0.0000125
LAUSDT,2025-06-28 01:00:00,0.0000125
LAUSDT,2025-06-28 00:00:00,0.0000125
LAUSDT,2025-06-27 23:00:00,0.0000125
LAUSDT,2025-06-27 22:00:00,0.0000125
LAUSDT,2025-06-27 21:00:00,-0.00033829
LAUSDT,2025-06-27 20:00:00,-0.00034189
LAUSDT,2025-06-27 19:00:00,-0.00029562
LAUSDT,2025-06-27 18:00:00,-0.00031042
LAUSDT,2025-06-27 17:00:00,-0.00011351
LAUSDT,2025-06-27 16:00:00,-0.00025793
LAUSDT,2025-06-27 15:00:00,-0.0001068
LAUSDT,2025-06-27 14:00:00,-0.00023041
LAUSDT,2025-06-27 13:00:00,-0.00026017
LAUSDT,2025-06-27 12:00:00,-0.00015293
LAUSDT,2025-06-27 11:00:00,0.0000125
LAUSDT,2025-06-27 10:00:00,0.0000125
LAUSDT,2025-06-27 09:00:00,0.0000125
LAUSDT,2025-06-27 08:00:00,0.0000096
LAUSDT,2025-06-27 07:00:00,0.0000125
LAUSDT,2025-06-27 06:00:00,0.0000125
LAUSDT,2025-06-27 05:00:00,0.0000125
LAUSDT,2025-06-27 04:00:00,0.0000125
LAUSDT,2025-06-27 03:00:00,0.0000125
LAUSDT,2025-06-27 02:00:00,0.0000125
LAUSDT,2025-06-27 01:00:00,0.0000125
LAUSDT,2025-06-27 00:00:00,0.0000125
LAUSDT,2025-06-26 23:00:00,0.0000125
LAUSDT,2025-06-26 22:00:00,0.0000125
LAUSDT,2025-06-26 21:00:00,-0.00030464
LAUSDT,2025-06-26 20:00:00,-0.00034262
LAUSDT,2025-06-26 19:00:00,-0.00038254
LAUSDT,2025-06-26 18:00:00,-0.00089119
LAUSDT,2025-06-26 17:00:00,-0.00073483
RESOLVUSDT,2025-07-11 00:00:00,-0.00009847
RESOLVUSDT,2025-07-10 20:00:00,0.00005
RESOLVUSDT,2025-07-10 16:00:00,-0.00106318
RESOLVUSDT,2025-07-10 12:00:00,-0.00017797
RESOLVUSDT,2025-07-10 08:00:00,0.00005
RESOLVUSDT,2025-07-10 04:00:00,0.00005
RESOLVUSDT,2025-07-10 00:00:00,0.00005
RESOLVUSDT,2025-07-09 20:00:00,-0.00021147
RESOLVUSDT,2025-07-09 16:00:00,0.00005
RESOLVUSDT,2025-07-09 12:00:00,0.00005
RESOLVUSDT,2025-07-09 08:00:00,0.00005
RESOLVUSDT,2025-07-09 04:00:00,-0.00014222
RESOLVUSDT,2025-07-09 00:00:00,-0.00005605
RESOLVUSDT,2025-07-08 20:00:00,-0.00001416
RESOLVUSDT,2025-07-08 16:00:00,0.00005
RESOLVUSDT,2025-07-08 12:00:00,0.00000848
RESOLVUSDT,2025-07-08 08:00:00,0.00005
RESOLVUSDT,2025-07-08 04:00:00,0.00005
RESOLVUSDT,2025-07-08 00:00:00,-0.00006211
RESOLVUSDT,2025-07-07 20:00:00,-0.00020968
RESOLVUSDT,2025-07-07 16:00:00,-0.00046224
RESOLVUSDT,2025-07-07 12:00:00,0.00005
RESOLVUSDT,2025-07-07 08:00:00,0.00005
RESOLVUSDT,2025-07-07 04:00:00,0.00005
RESOLVUSDT,2025-07-07 00:00:00,0.00005
RESOLVUSDT,2025-07-06 20:00:00,0.00005
RESOLVUSDT,2025-07-06 16:00:00,0.00005
RESOLVUSDT,2025-07-06 12:00:00,0.00005
RESOLVUSDT,2025-07-06 08:00:00,-0.00016814
RESOLVUSDT,2025-07-06 04:00:00,0.00005
RESOLVUSDT,2025-07-06 00:00:00,0.00005
RESOLVUSDT,2025-07-05 20:00:00,-0.00011981
RESOLVUSDT,2025-07-05 16:00:00,-0.00029101
RESOLVUSDT,2025-07-05 12:00:00,0.00005
RESOLVUSDT,2025-07-05 08:00:00,0.00005
RESOLVUSDT,2025-07-05 04:00:00,-0.00011239
RESOLVUSDT,2025-07-05 00:00:00,-0.00008505
RESOLVUSDT,2025-07-04 20:00:00,-0.00019642
RESOLVUSDT,2025-07-04 16:00:00,0.00005
RESOLVUSDT,2025-07-04 12:00:00,0.00005
RESOLVUSDT,2025-07-04 08:00:00,0.00005
RESOLVUSDT,2025-07-04 04:00:00,0.00005
RESOLVUSDT,2025-07-04 00:00:00,0.00005
RESOLVUSDT,2025-07-03 20:00:00,0.00005
RESOLVUSDT,2025-07-03 16:00:00,0.00005
RESOLVUSDT,2025-07-03 12:00:00,0.00005
RESOLVUSDT,2025-07-03 08:00:00,0.00002455
RESOLVUSDT,2025-07-03 04:00:00,-0.00007537
RESOLVUSDT,2025-07-03 00:00:00,-0.00001415
RESOLVUSDT,2025-07-02 20:00:00,-0.00014947
RESOLVUSDT,2025-07-02 16:00:00,-0.00024268
RESOLVUSDT,2025-07-02 12:00:00,-0.0002859
RESOLVUSDT,2025-07-02 08:00:00,-0.00040478
RESOLVUSDT,2025-07-02 04:00:00,-0.00665039
RESOLVUSDT,2025-07-02 00:00:00,-0.00432226
RESOLVUSDT,2025-07-01 20:00:00,-0.00048289
RESOLVUSDT,2025-07-01 16:00:00,-0.00029172
RESOLVUSDT,2025-07-01 12:00:00,0.000031
RESOLVUSDT,2025-07-01 08:00:00,-0.00010179
RESOLVUSDT,2025-07-01 04:00:00,-0.00001
RESOLVUSDT,2025-07-01 00:00:00,0.00005
RESOLVUSDT,2025-06-30 20:00:00,0.00005
RESOLVUSDT,2025-06-30 16:00:00,0.00005
RESOLVUSDT,2025-06-30 12:00:00,-0.00011888
RESOLVUSDT,2025-06-30 08:00:00,0.00005
RESOLVUSDT,2025-06-30 04:00:00,-0.00030413
RESOLVUSDT,2025-06-30 00:00:00,0.00005
RESOLVUSDT,2025-06-29 20:00:00,0.00005
RESOLVUSDT,2025-06-29 16:00:00,0.00005
RESOLVUSDT,2025-06-29 12:00:00,0.00005
RESOLVUSDT,2025-06-29 08:00:00,0.00005
RESOLVUSDT,2025-06-29 04:00:00,-0.00041936
RESOLVUSDT,2025-06-29 00:00:00,-0.00007622
RESOLVUSDT,2025-06-28 20:00:00,-0.00016392
RESOLVUSDT,2025-06-28 16:00:00,0.00005
RESOLVUSDT,2025-06-28 12:00:00,0.00005
RESOLVUSDT,2025-06-28 08:00:00,0.00005
RESOLVUSDT,2025-06-28 04:00:00,0.00005
RESOLVUSDT,2025-06-28 00:00:00,-0.00013241
RESOLVUSDT,2025-06-27 20:00:00,0.00005
RESOLVUSDT,2025-06-27 16:00:00,0.00005
RESOLVUSDT,2025-06-27 12:00:00,0.00005
RESOLVUSDT,2025-06-27 08:00:00,0.00005
RESOLVUSDT,2025-06-27 04:00:00,-0.0000172
RESOLVUSDT,2025-06-27 00:00:00,0.00005
RESOLVUSDT,2025-06-26 20:00:00,0.00005
RESOLVUSDT,2025-06-26 16:00:00,0.00000807
RESOLVUSDT,2025-06-26 12:00:00,0.00005
RESOLVUSDT,2025-06-26 08:00:00,0.00005
RESOLVUSDT,2025-06-26 04:00:00,0.00005
RESOLVUSDT,2025-06-26 00:00:00,0.00005
RESOLVUSDT,2025-06-25 20:00:00,0.00005
RESOLVUSDT,2025-06-25 16:00:00,0.00005
RESOLVUSDT,2025-06-25 12:00:00,-0.00060345
RESOLVUSDT,2025-06-25 08:00:00,-0.00083509
RESOLVUSDT,2025-06-25 04:00:00,-0.00183818
RESOLVUSDT,2025-06-25 00:00:00,-0.00134979
RESOLVUSDT,2025-06-24 20:00:00,0.00005
RESOLVUSDT,2025-06-24 16:00:00,0.00005
RESOLVUSDT,2025-06-24 12:00:00,0.00005
RESOLVUSDT,2025-06-24 08:00:00,-0.00009639
RESOLVUSDT,2025-06-24 04:00:00,0.00005
RESOLVUSDT,2025-06-24 00:00:00,0.00005
RESOLVUSDT,2025-06-23 20:00:00,0.00005
RESOLVUSDT,2025-06-23 16:00:00,0.00005
RESOLVUSDT,2025-06-23 12:00:00,0.00005
RESOLVUSDT,2025-06-23 08:00:00,-0.00021243
RESOLVUSDT,2025-06-23 04:00:00,-0.00026855
RESOLVUSDT,2025-06-23 00:00:00,-0.00014518
RESOLVUSDT,2025-06-22 20:00:00,-0.0005198
RESOLVUSDT,2025-06-22 16:00:00,-0.00053439
RESOLVUSDT,2025-06-22 12:00:00,-0.00047406
RESOLVUSDT,2025-06-22 08:00:00,-0.00058533
RESOLVUSDT,2025-06-22 04:00:00,-0.00020709
RESOLVUSDT,2025-06-22 00:00:00,-0.00016492
RESOLVUSDT,2025-06-21 20:00:00,-0.00025182
RESOLVUSDT,2025-06-21 16:00:00,-0.00014169
RESOLVUSDT,2025-06-21 12:00:00,-0.0001434
RESOLVUSDT,2025-06-21 08:00:00,0.00005
RESOLVUSDT,2025-06-21 04:00:00,0.00005
RESOLVUSDT,2025-06-21 00:00:00,-0.0000407
RESOLVUSDT,2025-06-20 20:00:00,-0.00003428
RESOLVUSDT,2025-06-20 16:00:00,-0.00059853
RESOLVUSDT,2025-06-20 12:00:00,-0.00026779
RESOLVUSDT,2025-06-20 08:00:00,-0.00012219
RESOLVUSDT,2025-06-20 04:00:00,-0.00078319
RESOLVUSDT,2025-06-20 00:00:00,-0.00006503
RESOLVUSDT,2025-06-19 20:00:00,0.00005
RESOLVUSDT,2025-06-19 16:00:00,-0.00001675
RESOLVUSDT,2025-06-19 12:00:00,0.00005
RESOLVUSDT,2025-06-19 08:00:00,0.00005
RESOLVUSDT,2025-06-19 04:00:00,-0.00001043
RESOLVUSDT,2025-06-19 00:00:00,0.00003441
RESOLVUSDT,2025-06-18 20:00:00,0.00002844
RESOLVUSDT,2025-06-18 16:00:00,-0.00004295
RESOLVUSDT,2025-06-18 12:00:00,-0.00019724
RESOLVUSDT,2025-06-18 08:00:00,-0.00080344
RESOLVUSDT,2025-06-18 04:00:00,-0.00076209
RESOLVUSDT,2025-06-18 00:00:00,-0.00020603
RESOLVUSDT,2025-06-17 20:00:00,-0.00033547
RESOLVUSDT,2025-06-17 16:00:00,-0.00025068
RESOLVUSDT,2025-06-17 12:00:00,0.00005
RESOLVUSDT,2025-06-17 08:00:00,0.00005
RESOLVUSDT,2025-06-17 04:00:00,0.00005
RESOLVUSDT,2025-06-17 00:00:00,0.00000547
RESOLVUSDT,2025-06-16 20:00:00,0.00005
RESOLVUSDT,2025-06-16 16:00:00,0.00005
RESOLVUSDT,2025-06-16 12:00:00,0.00005
RESOLVUSDT,2025-06-16 08:00:00,0.00005
RESOLVUSDT,2025-06-16 04:00:00,0.00005
RESOLVUSDT,2025-06-16 00:00:00,-0.00023206
RESOLVUSDT,2025-06-15 20:00:00,-0.00018981
RESOLVUSDT,2025-06-15 16:00:00,-0.00028679
RESOLVUSDT,2025-06-15 12:00:00,-0.00043245
RESOLVUSDT,2025-06-15 08:00:00,-0.0003666
RESOLVUSDT,2025-06-15 04:00:00,-0.00096079
RESOLVUSDT,2025-06-15 00:00:00,-0.0009949
RESOLVUSDT,2025-06-14 20:00:00,-0.00011215
RESOLVUSDT,2025-06-14 16:00:00,-0.00010115
RESOLVUSDT,2025-06-14 12:00:00,-0.0008997
RESOLVUSDT,2025-06-14 08:00:00,-0.00074544
RESOLVUSDT,2025-06-14 04:00:00,-0.00044088
RESOLVUSDT,2025-06-14 00:00:00,-0.00229157
RESOLVUSDT,2025-06-13 20:00:00,-0.00047775
RESOLVUSDT,2025-06-13 16:00:00,-0.00084228
RESOLVUSDT,2025-06-13 12:00:00,-0.00094213
RESOLVUSDT,2025-06-13 08:00:00,-0.00073906
RESOLVUSDT,2025-06-13 04:00:00,-0.0002855
RESOLVUSDT,2025-06-13 00:00:00,-0.00032685
RESOLVUSDT,2025-06-12 20:00:00,0.00005
RESOLVUSDT,2025-06-12 16:00:00,0.00005
RESOLVUSDT,2025-06-12 12:00:00,0.00000893
RESOLVUSDT,2025-06-12 08:00:00,0.00005
RESOLVUSDT,2025-06-12 04:00:00,0.00005
RESOLVUSDT,2025-06-12 00:00:00,-0.00254867
RESOLVUSDT,2025-06-11 20:00:00,-0.00048916
RESOLVUSDT,2025-06-11 16:00:00,-0.00371108
RESOLVUSDT,2025-06-11 12:00:00,-0.00349645
RESOLVUSDT,2025-06-11 08:00:00,0.00005
RESOLVUSDT,2025-06-11 04:00:00,-0.00017849
RESOLVUSDT,2025-06-11 00:00:00,-0.00002823
RESOLVUSDT,2025-06-10 20:00:00,0.00005
RESOLVUSDT,2025-06-10 16:00:00,-0.00205596
RESOLVUSDT,2025-06-10 12:00:00,0.00005
HOMEUSDT,2025-07-11 00:00:00,0.00005
HOMEUSDT,2025-07-10 20:00:00,-0.0000688
HOMEUSDT,2025-07-10 16:00:00,-0.00023418
HOMEUSDT,2025-07-10 12:00:00,-0.00013295
HOMEUSDT,2025-07-10 08:00:00,-0.00053202
HOMEUSDT,2025-07-10 04:00:00,-0.00013867
HOMEUSDT,2025-07-10 00:00:00,-0.00001139
HOMEUSDT,2025-07-09 20:00:00,-0.00026533
HOMEUSDT,2025-07-09 16:00:00,-0.00012248
HOMEUSDT,2025-07-09 12:00:00,-0.00012461
HOMEUSDT,2025-07-09 08:00:00,-0.00038035
HOMEUSDT,2025-07-09 04:00:00,-0.0008058
HOMEUSDT,2025-07-09 00:00:00,-0.0007101
HOMEUSDT,2025-07-08 20:00:00,-0.00022968
HOMEUSDT,2025-07-08 16:00:00,-0.00033345
HOMEUSDT,2025-07-08 12:00:00,0.00005
HOMEUSDT,2025-07-08 08:00:00,-0.00030448
HOMEUSDT,2025-07-08 04:00:00,-0.0000345
HOMEUSDT,2025-07-08 00:00:00,0.00005
HOMEUSDT,2025-07-07 20:00:00,-0.00008557
HOMEUSDT,2025-07-07 16:00:00,0.00005
HOMEUSDT,2025-07-07 12:00:00,0.00005
HOMEUSDT,2025-07-07 08:00:00,0.00005
HOMEUSDT,2025-07-07 04:00:00,0.00005
HOMEUSDT,2025-07-07 00:00:00,0.00005
HOMEUSDT,2025-07-06 20:00:00,0.00005
HOMEUSDT,2025-07-06 16:00:00,0.00000443
HOMEUSDT,2025-07-06 12:00:00,-0.00010425
HOMEUSDT,2025-07-06 08:00:00,-0.00026379
HOMEUSDT,2025-07-06 04:00:00,-0.00051415
HOMEUSDT,2025-07-06 00:00:00,-0.00015904
HOMEUSDT,2025-07-05 20:00:00,-0.00019824
HOMEUSDT,2025-07-05 16:00:00,-0.00001949
HOMEUSDT,2025-07-05 12:00:00,-0.00017738
HOMEUSDT,2025-07-05 08:00:00,-0.00065859
HOMEUSDT,2025-07-05 04:00:00,-0.00048544
HOMEUSDT,2025-07-05 00:00:00,-0.00024469
HOMEUSDT,2025-07-04 20:00:00,-0.00013195
HOMEUSDT,2025-07-04 16:00:00,-0.00009767
HOMEUSDT,2025-07-04 12:00:00,-0.00001459
HOMEUSDT,2025-07-04 08:00:00,0.00002338
HOMEUSDT,2025-07-04 04:00:00,-0.0000689
HOMEUSDT,2025-07-04 00:00:00,0.00005
HOMEUSDT,2025-07-03 20:00:00,0.00005
HOMEUSDT,2025-07-03 16:00:00,-0.00001521
HOMEUSDT,2025-07-03 12:00:00,-0.00007244
HOMEUSDT,2025-07-03 08:00:00,0.00005
HOMEUSDT,2025-07-03 04:00:00,0.00004229
HOMEUSDT,2025-07-03 00:00:00,0.00005
HOMEUSDT,2025-07-02 20:00:00,-0.00006727
HOMEUSDT,2025-07-02 16:00:00,0.00005
HOMEUSDT,2025-07-02 12:00:00,0.00005
HOMEUSDT,2025-07-02 08:00:00,0.00005
HOMEUSDT,2025-07-02 04:00:00,0.00005
HOMEUSDT,2025-07-02 00:00:00,0.00005
HOMEUSDT,2025-07-01 20:00:00,0.00004571
HOMEUSDT,2025-07-01 16:00:00,0.00005
HOMEUSDT,2025-07-01 12:00:00,0.00005
HOMEUSDT,2025-07-01 08:00:00,0.00005
HOMEUSDT,2025-07-01 04:00:00,0.00005
HOMEUSDT,2025-07-01 00:00:00,0.00005
HOMEUSDT,2025-06-30 20:00:00,0.00005
HOMEUSDT,2025-06-30 16:00:00,0.00005
HOMEUSDT,2025-06-30 12:00:00,0.00005
HOMEUSDT,2025-06-30 08:00:00,0.00005
HOMEUSDT,2025-06-30 04:00:00,0.00005
HOMEUSDT,2025-06-30 00:00:00,0.00005
HOMEUSDT,2025-06-29 20:00:00,0.00005
HOMEUSDT,2025-06-29 16:00:00,0.00001637
HOMEUSDT,2025-06-29 12:00:00,-0.00007781
HOMEUSDT,2025-06-29 08:00:00,0.00005
HOMEUSDT,2025-06-29 04:00:00,-0.00001749
HOMEUSDT,2025-06-29 00:00:00,0.00005
HOMEUSDT,2025-06-28 20:00:00,0.00005
HOMEUSDT,2025-06-28 16:00:00,0.00005
HOMEUSDT,2025-06-28 12:00:00,0.00003573
HOMEUSDT,2025-06-28 08:00:00,-0.00043925
HOMEUSDT,2025-06-28 04:00:00,-0.0005106
HOMEUSDT,2025-06-28 00:00:00,-0.0003357
HOMEUSDT,2025-06-27 20:00:00,-0.00046657
HOMEUSDT,2025-06-27 16:00:00,-0.00044178
HOMEUSDT,2025-06-27 12:00:00,-0.000282
HOMEUSDT,2025-06-27 08:00:00,-0.00023728
HOMEUSDT,2025-06-27 04:00:00,-0.00027839
HOMEUSDT,2025-06-27 00:00:00,0.00005
HOMEUSDT,2025-06-26 20:00:00,-0.00031031
HOMEUSDT,2025-06-26 16:00:00,-0.00063143
HOMEUSDT,2025-06-26 12:00:00,-0.00025397
HOMEUSDT,2025-06-26 08:00:00,-0.00037136
HOMEUSDT,2025-06-26 04:00:00,-0.00028432
HOMEUSDT,2025-06-26 00:00:00,-0.00012405
HOMEUSDT,2025-06-25 20:00:00,-0.00033381
HOMEUSDT,2025-06-25 16:00:00,-0.00083505
HOMEUSDT,2025-06-25 12:00:00,-0.0004951
HOMEUSDT,2025-06-25 08:00:00,-0.00088313
HOMEUSDT,2025-06-25 04:00:00,-0.00114544
HOMEUSDT,2025-06-25 00:00:00,-0.0008715
HOMEUSDT,2025-06-24 20:00:00,-0.00065139
HOMEUSDT,2025-06-24 16:00:00,-0.00060036
HOMEUSDT,2025-06-24 12:00:00,-0.00215898
HOMEUSDT,2025-06-24 08:00:00,-0.0011269
HOMEUSDT,2025-06-24 04:00:00,-0.00006885
HOMEUSDT,2025-06-24 00:00:00,0.00005
HOMEUSDT,2025-06-23 20:00:00,0.00005
HOMEUSDT,2025-06-23 16:00:00,0.00005
HOMEUSDT,2025-06-23 12:00:00,-0.00004725
HOMEUSDT,2025-06-23 08:00:00,0.00005
HOMEUSDT,2025-06-23 04:00:00,0.00005
HOMEUSDT,2025-06-23 00:00:00,0.00005
HOMEUSDT,2025-06-22 20:00:00,0.00004797
HOMEUSDT,2025-06-22 16:00:00,0.00005
HOMEUSDT,2025-06-22 12:00:00,-0.0004759
HOMEUSDT,2025-06-22 08:00:00,-0.00003751
HOMEUSDT,2025-06-22 04:00:00,-0.00008718
HOMEUSDT,2025-06-22 00:00:00,-0.00007097
HOMEUSDT,2025-06-21 20:00:00,-0.00011371
HOMEUSDT,2025-06-21 16:00:00,-0.00015856
HOMEUSDT,2025-06-21 12:00:00,-0.00001332
HOMEUSDT,2025-06-21 08:00:00,-0.0000266
HOMEUSDT,2025-06-21 04:00:00,0.00005
HOMEUSDT,2025-06-21 00:00:00,0.00005
HOMEUSDT,2025-06-20 20:00:00,0.00003366
HOMEUSDT,2025-06-20 16:00:00,-0.00000873
HOMEUSDT,2025-06-20 12:00:00,0.00005
HOMEUSDT,2025-06-20 08:00:00,0.00005
HOMEUSDT,2025-06-20 04:00:00,0.00005
HOMEUSDT,2025-06-20 00:00:00,0.00005
HOMEUSDT,2025-06-19 20:00:00,0.00005
HOMEUSDT,2025-06-19 16:00:00,0.00005
HOMEUSDT,2025-06-19 12:00:00,-0.00010159
HOMEUSDT,2025-06-19 08:00:00,-0.00033013
HOMEUSDT,2025-06-19 04:00:00,-0.00022903
HOMEUSDT,2025-06-19 00:00:00,-0.00044496
HOMEUSDT,2025-06-18 20:00:00,-0.00001333
HOMEUSDT,2025-06-18 16:00:00,0.00005
HOMEUSDT,2025-06-18 12:00:00,-0.00008887
HOMEUSDT,2025-06-18 08:00:00,-0.00002025
HOMEUSDT,2025-06-18 04:00:00,-0.00010634
HOMEUSDT,2025-06-18 00:00:00,-0.00016437
HOMEUSDT,2025-06-17 20:00:00,-0.00003137
HOMEUSDT,2025-06-17 16:00:00,-0.00007729
HOMEUSDT,2025-06-17 12:00:00,-0.00035479
HOMEUSDT,2025-06-17 08:00:00,0.00005
HOMEUSDT,2025-06-17 04:00:00,-0.00003029
HOMEUSDT,2025-06-17 00:00:00,-0.00015306
HOMEUSDT,2025-06-16 20:00:00,0.00005
HOMEUSDT,2025-06-16 16:00:00,-0.0001336
HOMEUSDT,2025-06-16 12:00:00,-0.00052088
HOMEUSDT,2025-06-16 08:00:00,-0.0006686
HOMEUSDT,2025-06-16 04:00:00,-0.0008903
HOMEUSDT,2025-06-16 00:00:00,-0.00102422
HOMEUSDT,2025-06-15 20:00:00,-0.00286496
HOMEUSDT,2025-06-15 16:00:00,-0.00214823
HOMEUSDT,2025-06-15 12:00:00,-0.00235486
HOMEUSDT,2025-06-15 08:00:00,-0.00180997
HOMEUSDT,2025-06-15 04:00:00,-0.00152963
HOMEUSDT,2025-06-15 00:00:00,-0.00211367
HOMEUSDT,2025-06-14 20:00:00,-0.00139701
HOMEUSDT,2025-06-14 16:00:00,-0.00301033
HOMEUSDT,2025-06-14 12:00:00,-0.0035554
HOMEUSDT,2025-06-14 08:00:00,-0.00262076
HOMEUSDT,2025-06-14 04:00:00,-0.00160762
HOMEUSDT,2025-06-14 00:00:00,-0.00095692
HOMEUSDT,2025-06-13 20:00:00,-0.00466502
HOMEUSDT,2025-06-13 16:00:00,-0.0079
HOMEUSDT,2025-06-13 12:00:00,-0.00182146
HOMEUSDT,2025-06-13 08:00:00,-0.00066396
HOMEUSDT,2025-06-13 04:00:00,-0.0012744
HOMEUSDT,2025-06-13 00:00:00,-0.00263204
HOMEUSDT,2025-06-12 20:00:00,-0.00125772
HOMEUSDT,2025-06-12 16:00:00,-0.00397123
HOMEUSDT,2025-06-12 12:00:00,-0.00132492
HOMEUSDT,2025-06-12 08:00:00,-0.00241305
HOMEUSDT,2025-06-12 04:00:00,-0.00484027
HOMEUSDT,2025-06-12 00:00:00,-0.00178339
HOMEUSDT,2025-06-11 20:00:00,-0.00772976
HOMEUSDT,2025-06-11 16:00:00,-0.00276804
HOMEUSDT,2025-06-11 12:00:00,0.00005
HOMEUSDT,2025-06-11 08:00:00,0.00005
HOMEUSDT,2025-06-11 04:00:00,-0.00087841
HOMEUSDT,2025-06-11 00:00:00,0.00005
HOMEUSDT,2025-06-10 20:00:00,0.00005
HOMEUSDT,2025-06-10 16:00:00,-0.00522033
HOMEUSDT,2025-06-10 12:00:00,-0.01598843
HOMEUSDT,2025-06-10 08:00:00,0.00005
SPKUSDT,2025-07-18 00:00:00,0.00005
SPKUSDT,2025-07-17 20:00:00,0.00005
SPKUSDT,2025-07-17 16:00:00,0.00005
SPKUSDT,2025-07-17 12:00:00,0.00005
SPKUSDT,2025-07-17 08:00:00,0.00005
SPKUSDT,2025-07-17 04:00:00,0.00005
SPKUSDT,2025-07-17 00:00:00,0.00005
SPKUSDT,2025-07-16 20:00:00,0.00005
SPKUSDT,2025-07-16 16:00:00,0.00005
SPKUSDT,2025-07-16 12:00:00,0.00005
SPKUSDT,2025-07-16 08:00:00,0.00005
SPKUSDT,2025-07-16 04:00:00,0.00005
SPKUSDT,2025-07-16 00:00:00,0.00005
SPKUSDT,2025-07-15 20:00:00,0.00005
SPKUSDT,2025-07-15 16:00:00,0.00005
SPKUSDT,2025-07-15 12:00:00,0.00005
SPKUSDT,2025-07-15 08:00:00,0.00005
SPKUSDT,2025-07-15 04:00:00,0.00005
SPKUSDT,2025-07-15 00:00:00,0.00005
SPKUSDT,2025-07-14 20:00:00,0.00005
SPKUSDT,2025-07-14 16:00:00,0.00005
SPKUSDT,2025-07-14 12:00:00,0.00005
SPKUSDT,2025-07-14 08:00:00,0.00005
SPKUSDT,2025-07-14 04:00:00,0.00005
SPKUSDT,2025-07-14 00:00:00,0.00005
SPKUSDT,2025-07-13 20:00:00,0.00005
SPKUSDT,2025-07-13 16:00:00,0.00005
SPKUSDT,2025-07-13 12:00:00,0.00005
SPKUSDT,2025-07-13 08:00:00,0.00005
SPKUSDT,2025-07-13 04:00:00,0.00005
SPKUSDT,2025-07-13 00:00:00,0.00005
SPKUSDT,2025-07-12 20:00:00,0.00005
SPKUSDT,2025-07-12 16:00:00,0.00005
SPKUSDT,2025-07-12 12:00:00,0.00005
SPKUSDT,2025-07-12 08:00:00,0.00005
SPKUSDT,2025-07-12 04:00:00,0.00005
SPKUSDT,2025-07-12 00:00:00,0.00005
SPKUSDT,2025-07-11 20:00:00,0.00005
SPKUSDT,2025-07-11 16:00:00,0.00005
SPKUSDT,2025-07-11 12:00:00,0.00005
SPKUSDT,2025-07-11 08:00:00,0.00005
SPKUSDT,2025-07-11 04:00:00,0.00005
SPKUSDT,2025-07-11 00:00:00,0.00005
SPKUSDT,2025-07-10 20:00:00,0.00005
SPKUSDT,2025-07-10 16:00:00,0.00005
SPKUSDT,2025-07-10 12:00:00,0.00005
SPKUSDT,2025-07-10 08:00:00,0.00005
SPKUSDT,2025-07-10 04:00:00,0.00005
SPKUSDT,2025-07-10 00:00:00,0.00005
SPKUSDT,2025-07-09 20:00:00,0.00005
SPKUSDT,2025-07-09 16:00:00,0.00005
SPKUSDT,2025-07-09 12:00:00,0.00005
SPKUSDT,2025-07-09 08:00:00,-0.00016195
SPKUSDT,2025-07-09 04:00:00,-0.00023944
SPKUSDT,2025-07-09 00:00:00,-0.00021763
SPKUSDT,2025-07-08 20:00:00,0.00005
SPKUSDT,2025-07-08 16:00:00,-0.00024231
SPKUSDT,2025-07-08 12:00:00,-0.00016563
SPKUSDT,2025-07-08 08:00:00,0.00005
SPKUSDT,2025-07-08 04:00:00,0.00005
SPKUSDT,2025-07-08 00:00:00,0.00005
SPKUSDT,2025-07-07 20:00:00,0.00005
SPKUSDT,2025-07-07 16:00:00,0.00005
SPKUSDT,2025-07-07 12:00:00,0.00005
SPKUSDT,2025-07-07 08:00:00,0.00005
SPKUSDT,2025-07-07 04:00:00,0.00005
SPKUSDT,2025-07-07 00:00:00,0.00005
SPKUSDT,2025-07-06 20:00:00,0.00005
SPKUSDT,2025-07-06 16:00:00,0.00005
SPKUSDT,2025-07-06 12:00:00,0.00005
SPKUSDT,2025-07-06 08:00:00,0.00005
SPKUSDT,2025-07-06 04:00:00,0.00005
SPKUSDT,2025-07-06 00:00:00,0.00005
SPKUSDT,2025-07-05 20:00:00,0.00005
SPKUSDT,2025-07-05 16:00:00,0.00005
SPKUSDT,2025-07-05 12:00:00,0.00005
SPKUSDT,2025-07-05 08:00:00,0.00005
SPKUSDT,2025-07-05 04:00:00,0.00005
SPKUSDT,2025-07-05 00:00:00,0.00005
SPKUSDT,2025-07-04 20:00:00,0.00005
SPKUSDT,2025-07-04 16:00:00,0.00003951
SPKUSDT,2025-07-04 12:00:00,0.00003902
SPKUSDT,2025-07-04 08:00:00,-0.00067965
SPKUSDT,2025-07-04 04:00:00,-0.00079513
SPKUSDT,2025-07-04 00:00:00,0.00001276
SPKUSDT,2025-07-03 20:00:00,-0.00016515
SPKUSDT,2025-07-03 16:00:00,-0.00082888
SPKUSDT,2025-07-03 12:00:00,-0.00069732
SPKUSDT,2025-07-03 08:00:00,-0.00002996
SPKUSDT,2025-07-03 04:00:00,-0.00003507
SPKUSDT,2025-07-03 00:00:00,-0.00008112
SPKUSDT,2025-07-02 20:00:00,-0.00013673
SPKUSDT,2025-07-02 16:00:00,0.00005
SPKUSDT,2025-07-02 12:00:00,0.00005
SPKUSDT,2025-07-02 08:00:00,0.00005
SPKUSDT,2025-07-02 04:00:00,0.00005
SPKUSDT,2025-07-02 00:00:00,0.00005
SPKUSDT,2025-07-01 20:00:00,-0.00009432
SPKUSDT,2025-07-01 16:00:00,-0.00032779
SPKUSDT,2025-07-01 12:00:00,0.00005
SPKUSDT,2025-07-01 08:00:00,0.00005
SPKUSDT,2025-07-01 04:00:00,0.00005
SPKUSDT,2025-07-01 00:00:00,0.00005
SPKUSDT,2025-06-30 20:00:00,0.00005
SPKUSDT,2025-06-30 16:00:00,0.00005
SPKUSDT,2025-06-30 12:00:00,0.00005
SPKUSDT,2025-06-30 08:00:00,0.00005
SPKUSDT,2025-06-30 04:00:00,0.00005
SPKUSDT,2025-06-30 00:00:00,0.00005
SPKUSDT,2025-06-29 20:00:00,0.00005
SPKUSDT,2025-06-29 16:00:00,0.00005
SPKUSDT,2025-06-29 12:00:00,0.00005
SPKUSDT,2025-06-29 08:00:00,0.00005
SPKUSDT,2025-06-29 04:00:00,0.00005
SPKUSDT,2025-06-29 00:00:00,0.00005
SPKUSDT,2025-06-28 20:00:00,0.00005
SPKUSDT,2025-06-28 16:00:00,0.00005
SPKUSDT,2025-06-28 12:00:00,0.00005
SPKUSDT,2025-06-28 08:00:00,0.00005
SPKUSDT,2025-06-28 04:00:00,0.00005
SPKUSDT,2025-06-28 00:00:00,0.00005
SPKUSDT,2025-06-27 20:00:00,0.00005
SPKUSDT,2025-06-27 16:00:00,0.00005
SPKUSDT,2025-06-27 12:00:00,0.00005
SPKUSDT,2025-06-27 08:00:00,0.00005
SPKUSDT,2025-06-27 04:00:00,0.00005
SPKUSDT,2025-06-27 00:00:00,0.00005
SPKUSDT,2025-06-26 20:00:00,0.00005
SPKUSDT,2025-06-26 16:00:00,0.00005
SPKUSDT,2025-06-26 12:00:00,0.00005
SPKUSDT,2025-06-26 08:00:00,-0.00018055
SPKUSDT,2025-06-26 04:00:00,-0.00019201
SPKUSDT,2025-06-26 00:00:00,-0.00018321
SPKUSDT,2025-06-25 20:00:00,-0.00042105
SPKUSDT,2025-06-25 16:00:00,0.00005
SPKUSDT,2025-06-25 12:00:00,0.00005
SPKUSDT,2025-06-25 08:00:00,-0.00064886
SPKUSDT,2025-06-25 04:00:00,0.00005
SPKUSDT,2025-06-25 00:00:00,0.00005
SPKUSDT,2025-06-24 20:00:00,0.00005
SPKUSDT,2025-06-24 16:00:00,0.00005
SPKUSDT,2025-06-24 12:00:00,0.00005
SPKUSDT,2025-06-24 08:00:00,0.00005
SPKUSDT,2025-06-24 04:00:00,0.00005
SPKUSDT,2025-06-24 00:00:00,0.00005
SPKUSDT,2025-06-23 20:00:00,0.00005
SPKUSDT,2025-06-23 16:00:00,0.00005
SPKUSDT,2025-06-23 12:00:00,0.00005
SPKUSDT,2025-06-23 08:00:00,0.00005
SPKUSDT,2025-06-23 04:00:00,0.00005
SPKUSDT,2025-06-23 00:00:00,0.00005
SPKUSDT,2025-06-22 20:00:00,0.00005
SPKUSDT,2025-06-22 16:00:00,0.00005
SPKUSDT,2025-06-22 12:00:00,0.00005
SPKUSDT,2025-06-22 08:00:00,0.00005
SPKUSDT,2025-06-22 04:00:00,0.00005
SPKUSDT,2025-06-22 00:00:00,0.00005
SPKUSDT,2025-06-21 20:00:00,0.00005
SPKUSDT,2025-06-21 16:00:00,0.00005
SPKUSDT,2025-06-21 12:00:00,0.00005
SPKUSDT,2025-06-21 08:00:00,-0.00002234
SPKUSDT,2025-06-21 04:00:00,0.00005
SPKUSDT,2025-06-21 00:00:00,0.00005
SPKUSDT,2025-06-20 20:00:00,0.00005
SPKUSDT,2025-06-20 16:00:00,0.00005
SPKUSDT,2025-06-20 12:00:00,0.00005
SPKUSDT,2025-06-20 08:00:00,0.00005
SPKUSDT,2025-06-20 04:00:00,-0.0004826
SPKUSDT,2025-06-20 00:00:00,-0.00017692
SPKUSDT,2025-06-19 20:00:00,-0.00009326
SPKUSDT,2025-06-19 16:00:00,-0.0006523
SPKUSDT,2025-06-19 12:00:00,-0.00106891
SPKUSDT,2025-06-19 08:00:00,-0.00032364
SPKUSDT,2025-06-19 04:00:00,-0.00136804
SPKUSDT,2025-06-19 00:00:00,-0.00113604
SPKUSDT,2025-06-18 20:00:00,-0.00284664
SPKUSDT,2025-06-18 16:00:00,-0.00597383
SPKUSDT,2025-06-18 12:00:00,-0.00198394
SPKUSDT,2025-06-18 08:00:00,-0.00459921
SPKUSDT,2025-06-18 04:00:00,-0.00736043
SPKUSDT,2025-06-18 00:00:00,-0.00882936
SPKUSDT,2025-06-17 20:00:00,-0.01140337
SPKUSDT,2025-06-17 16:00:00,-0.00753484
SPKUSDT,2025-06-17 12:00:00,-0.01203105
SPKUSDT,2025-06-17 08:00:00,0.00005
HUSDT,2025-07-26 00:00:00,0.0000125
HUSDT,2025-07-25 23:00:00,0.0000125
HUSDT,2025-07-25 22:00:00,0.0000125
HUSDT,2025-07-25 21:00:00,0.0000125
HUSDT,2025-07-25 20:00:00,0.0000125
HUSDT,2025-07-25 19:00:00,0.0000125
HUSDT,2025-07-25 18:00:00,0.0000125
HUSDT,2025-07-25 17:00:00,0.0000125
HUSDT,2025-07-25 16:00:00,0.0000125
HUSDT,2025-07-25 15:00:00,0.0000125
HUSDT,2025-07-25 14:00:00,0.0000125
HUSDT,2025-07-25 13:00:00,0.0000125
HUSDT,2025-07-25 12:00:00,0.0000125
HUSDT,2025-07-25 11:00:00,0.0000125
HUSDT,2025-07-25 10:00:00,0.0000125
HUSDT,2025-07-25 09:00:00,0.0000125
HUSDT,2025-07-25 08:00:00,0.0000125
HUSDT,2025-07-25 07:00:00,0.0000125
HUSDT,2025-07-25 06:00:00,0.0000125
HUSDT,2025-07-25 05:00:00,0.0000125
HUSDT,2025-07-25 04:00:00,0.0000125
HUSDT,2025-07-25 03:00:00,0.0000125
HUSDT,2025-07-25 02:00:00,0.0000125
HUSDT,2025-07-25 01:00:00,0.0000125
HUSDT,2025-07-25 00:00:00,0.0000125
HUSDT,2025-07-24 23:00:00,0.0000125
HUSDT,2025-07-24 22:00:00,0.0000125
HUSDT,2025-07-24 21:00:00,0.0000125
HUSDT,2025-07-24 20:00:00,0.0000125
HUSDT,2025-07-24 19:00:00,0.0000125
HUSDT,2025-07-24 18:00:00,0.0000125
HUSDT,2025-07-24 17:00:00,0.0000125
HUSDT,2025-07-24 16:00:00,0.0000125
HUSDT,2025-07-24 15:00:00,0.0000125
HUSDT,2025-07-24 14:00:00,0.0000125
HUSDT,2025-07-24 13:00:00,0.0000125
HUSDT,2025-07-24 12:00:00,0.0000125
HUSDT,2025-07-24 11:00:00,0.0000125
HUSDT,2025-07-24 10:00:00,0.0000125
HUSDT,2025-07-24 09:00:00,0.0000125
HUSDT,2025-07-24 08:00:00,0.0000125
HUSDT,2025-07-24 07:00:00,0.0000125
HUSDT,2025-07-24 06:00:00,0.0000125
HUSDT,2025-07-24 05:00:00,0.0000125
HUSDT,2025-07-24 04:00:00,0.0000125
HUSDT,2025-07-24 03:00:00,0.0000125
HUSDT,2025-07-24 02:00:00,0.0000125
HUSDT,2025-07-24 01:00:00,0.0000125
HUSDT,2025-07-24 00:00:00,0.0000125
HUSDT,2025-07-23 23:00:00,0.0000125
HUSDT,2025-07-23 22:00:00,0.0000125
HUSDT,2025-07-23 21:00:00,0.0000125
HUSDT,2025-07-23 20:00:00,0.0000125
HUSDT,2025-07-23 19:00:00,0.0000125
HUSDT,2025-07-23 18:00:00,0.0000125
HUSDT,2025-07-23 17:00:00,0.0000125
HUSDT,2025-07-23 16:00:00,0.0000125
HUSDT,2025-07-23 15:00:00,0.00009495
HUSDT,2025-07-23 14:00:00,0.0000125
HUSDT,2025-07-23 13:00:00,0.0000125
HUSDT,2025-07-23 12:00:00,0.00004461
HUSDT,2025-07-23 11:00:00,0.00010716
HUSDT,2025-07-23 10:00:00,0.0000585
HUSDT,2025-07-23 09:00:00,0.00010078
HUSDT,2025-07-23 08:00:00,0.00008842
HUSDT,2025-07-23 07:00:00,0.0000125
HUSDT,2025-07-23 06:00:00,0.00007433
HUSDT,2025-07-23 05:00:00,0.0001682
HUSDT,2025-07-23 04:00:00,0.00014126
HUSDT,2025-07-23 03:00:00,0.00012865
HUSDT,2025-07-23 02:00:00,0.00015217
HUSDT,2025-07-23 01:00:00,0.00021155
HUSDT,2025-07-23 00:00:00,0.00014209
HUSDT,2025-07-22 23:00:00,0.00023926
HUSDT,2025-07-22 22:00:00,0.00013868
HUSDT,2025-07-22 21:00:00,0.0000963
HUSDT,2025-07-22 20:00:00,0.00002314
HUSDT,2025-07-22 19:00:00,0.00011513
HUSDT,2025-07-22 18:00:00,0.00006195
HUSDT,2025-07-22 17:00:00,0.00002977
HUSDT,2025-07-22 16:00:00,0.00006641
HUSDT,2025-07-22 15:00:00,0.0000125
HUSDT,2025-07-22 14:00:00,0.00003081
HUSDT,2025-07-22 13:00:00,0.00017633
HUSDT,2025-07-22 12:00:00,0.00012445
HUSDT,2025-07-22 11:00:00,0.00012522
HUSDT,2025-07-22 10:00:00,0.00021268
HUSDT,2025-07-22 09:00:00,0.0000125
HUSDT,2025-07-22 08:00:00,0.00009053
HUSDT,2025-07-22 07:00:00,0.0000125
HUSDT,2025-07-22 06:00:00,0.0000125
HUSDT,2025-07-22 05:00:00,0.0000125
HUSDT,2025-07-22 04:00:00,0.0000125
HUSDT,2025-07-22 03:00:00,0.0000125
HUSDT,2025-07-22 02:00:00,0.00001589
HUSDT,2025-07-22 01:00:00,0.0000125
HUSDT,2025-07-22 00:00:00,0.0000125
HUSDT,2025-07-21 23:00:00,0.0000125
HUSDT,2025-07-21 22:00:00,0.00002801
HUSDT,2025-07-21 21:00:00,0.0000125
HUSDT,2025-07-21 20:00:00,0.0000125
HUSDT,2025-07-21 19:00:00,0.0000125
HUSDT,2025-07-21 18:00:00,0.0000125
HUSDT,2025-07-21 17:00:00,0.0000125
HUSDT,2025-07-21 16:00:00,0.00005972
HUSDT,2025-07-21 15:00:00,0.00006421
HUSDT,2025-07-21 14:00:00,0.0000789
HUSDT,2025-07-21 13:00:00,0.00008097
HUSDT,2025-07-21 12:00:00,0.00013151
HUSDT,2025-07-21 11:00:00,0.00011177
HUSDT,2025-07-21 10:00:00,0.00004794
HUSDT,2025-07-21 09:00:00,0.00014755
HUSDT,2025-07-21 08:00:00,0.00011231
HUSDT,2025-07-21 07:00:00,0.00004044
HUSDT,2025-07-21 06:00:00,0.00004227
HUSDT,2025-07-21 05:00:00,0.00010534
HUSDT,2025-07-21 04:00:00,0.00017692
HUSDT,2025-07-21 03:00:00,0.00001951
HUSDT,2025-07-21 02:00:00,0.00006265
HUSDT,2025-07-21 01:00:00,0.00013051
HUSDT,2025-07-21 00:00:00,0.00006746
HUSDT,2025-07-20 23:00:00,0.00025064
HUSDT,2025-07-20 22:00:00,0.00025806
HUSDT,2025-07-20 21:00:00,0.00020031
HUSDT,2025-07-20 20:00:00,0.0002782
HUSDT,2025-07-20 19:00:00,0.00022155
HUSDT,2025-07-20 18:00:00,0.00014408
HUSDT,2025-07-20 17:00:00,0.00015317
HUSDT,2025-07-20 16:00:00,0.0002489
HUSDT,2025-07-20 15:00:00,0.00007578
HUSDT,2025-07-20 14:00:00,0.00002463
HUSDT,2025-07-20 13:00:00,0.00030191
HUSDT,2025-07-20 12:00:00,0.00019383
HUSDT,2025-07-20 11:00:00,0.00008153
HUSDT,2025-07-20 10:00:00,0.00012695
HUSDT,2025-07-20 09:00:00,0.00005358
HUSDT,2025-07-20 08:00:00,0.00004258
HUSDT,2025-07-20 07:00:00,0.00007479
HUSDT,2025-07-20 06:00:00,0.00010732
HUSDT,2025-07-20 05:00:00,0.00013546
HUSDT,2025-07-20 04:00:00,0.0000125
HUSDT,2025-07-20 03:00:00,0.0001349
HUSDT,2025-07-20 02:00:00,0.00008927
HUSDT,2025-07-20 01:00:00,0.0000125
HUSDT,2025-07-20 00:00:00,0.0000125
HUSDT,2025-07-19 23:00:00,0.0000125
HUSDT,2025-07-19 22:00:00,0.0000125
HUSDT,2025-07-19 21:00:00,0.0000125
HUSDT,2025-07-19 20:00:00,0.0000125
HUSDT,2025-07-19 19:00:00,0.0000125
HUSDT,2025-07-19 18:00:00,0.0000125
HUSDT,2025-07-19 17:00:00,0.0000125
HUSDT,2025-07-19 16:00:00,0.0000125
HUSDT,2025-07-19 15:00:00,0.0000125
HUSDT,2025-07-19 14:00:00,0.0000125
HUSDT,2025-07-19 13:00:00,0.0000125
HUSDT,2025-07-19 12:00:00,0.0000125
HUSDT,2025-07-19 11:00:00,0.0000125
HUSDT,2025-07-19 10:00:00,0.0000125
HUSDT,2025-07-19 09:00:00,0.0000125
HUSDT,2025-07-19 08:00:00,0.00001497
HUSDT,2025-07-19 07:00:00,0.0000953
HUSDT,2025-07-19 06:00:00,0.0000125
HUSDT,2025-07-19 05:00:00,0.0000125
HUSDT,2025-07-19 04:00:00,0.0000125
HUSDT,2025-07-19 03:00:00,0.0000125
HUSDT,2025-07-19 02:00:00,0.0000125
HUSDT,2025-07-19 01:00:00,0.0000125
HUSDT,2025-07-19 00:00:00,0.0000125
HUSDT,2025-07-18 23:00:00,0.0000125
HUSDT,2025-07-18 22:00:00,0.0000125
HUSDT,2025-07-18 21:00:00,0.0000125
HUSDT,2025-07-18 20:00:00,0.0000125
HUSDT,2025-07-18 19:00:00,0.0000125
HUSDT,2025-07-18 18:00:00,0.00004936
HUSDT,2025-07-18 17:00:00,0.0000125
HUSDT,2025-07-18 16:00:00,0.0000125
HUSDT,2025-07-18 15:00:00,0.0000125
HUSDT,2025-07-18 14:00:00,0.0000125
HUSDT,2025-07-18 13:00:00,0.00003324
HUSDT,2025-07-18 12:00:00,0.0000125
HUSDT,2025-07-18 11:00:00,0.00008635
HUSDT,2025-07-18 10:00:00,0.0000125
HUSDT,2025-07-18 09:00:00,0.0000125
HUSDT,2025-07-18 08:00:00,0.00006444
HUSDT,2025-07-18 07:00:00,0.00010207
HUSDT,2025-07-18 06:00:00,0.00016494
HUSDT,2025-07-18 05:00:00,0.00017179
HUSDT,2025-07-18 04:00:00,0.00013494
HUSDT,2025-07-18 03:00:00,0.00014458
HUSDT,2025-07-18 02:00:00,0.00019373
HUSDT,2025-07-18 01:00:00,0.00016724
HUSDT,2025-07-18 00:00:00,0.0000125
HUSDT,2025-07-17 23:00:00,0.00021506
HUSDT,2025-07-17 22:00:00,0.00011132
HUSDT,2025-07-17 21:00:00,0.0000125
HUSDT,2025-07-17 20:00:00,0.0000125
HUSDT,2025-07-17 19:00:00,0.00007385
HUSDT,2025-07-17 18:00:00,0.0000125
HUSDT,2025-07-17 17:00:00,0.0000125
NEWTUSDT,2025-07-25 00:00:00,-0.0041717
NEWTUSDT,2025-07-24 23:00:00,-0.00287788
NEWTUSDT,2025-07-24 22:00:00,-0.00657144
NEWTUSDT,2025-07-24 21:00:00,-0.00643602
NEWTUSDT,2025-07-24 20:00:00,-0.00541462
NEWTUSDT,2025-07-24 19:00:00,-0.00639417
NEWTUSDT,2025-07-24 18:00:00,-0.00123628
NEWTUSDT,2025-07-24 17:00:00,-0.00007511
NEWTUSDT,2025-07-24 16:00:00,-0.00152764
NEWTUSDT,2025-07-24 15:00:00,-0.00116448
NEWTUSDT,2025-07-24 14:00:00,-0.00220965
NEWTUSDT,2025-07-24 13:00:00,-0.0019057
NEWTUSDT,2025-07-24 12:00:00,-0.00726294
NEWTUSDT,2025-07-24 11:00:00,-0.01104303
NEWTUSDT,2025-07-24 10:00:00,-0.01109319
NEWTUSDT,2025-07-24 09:00:00,-0.00348318
NEWTUSDT,2025-07-24 08:00:00,-0.02
NEWTUSDT,2025-07-24 07:00:00,-0.00151767
NEWTUSDT,2025-07-24 06:00:00,-0.00722013
NEWTUSDT,2025-07-24 05:00:00,-0.00554243
NEWTUSDT,2025-07-24 04:00:00,-0.0109431
NEWTUSDT,2025-07-24 03:00:00,-0.00202934
NEWTUSDT,2025-07-24 02:00:00,-0.00085083
NEWTUSDT,2025-07-24 01:00:00,-0.00000174
NEWTUSDT,2025-07-24 00:00:00,-0.00081014
NEWTUSDT,2025-07-23 23:00:00,-0.00036593
NEWTUSDT,2025-07-23 22:00:00,0.0000125
NEWTUSDT,2025-07-23 21:00:00,0.0000125
NEWTUSDT,2025-07-23 20:00:00,0.00001157
NEWTUSDT,2025-07-23 19:00:00,-0.0002107
NEWTUSDT,2025-07-23 18:00:00,-0.00170919
NEWTUSDT,2025-07-23 17:00:00,-0.00208889
NEWTUSDT,2025-07-23 16:00:00,-0.00195639
NEWTUSDT,2025-07-23 15:00:00,-0.00466871
NEWTUSDT,2025-07-23 14:00:00,-0.00361596
NEWTUSDT,2025-07-23 13:00:00,-0.00339972
NEWTUSDT,2025-07-23 12:00:00,-0.00066989
NEWTUSDT,2025-07-23 11:00:00,0.0000125
NEWTUSDT,2025-07-23 10:00:00,0.0000125
NEWTUSDT,2025-07-23 09:00:00,-0.00012049
NEWTUSDT,2025-07-23 08:00:00,0.0000125
NEWTUSDT,2025-07-23 07:00:00,0.0000125
NEWTUSDT,2025-07-23 06:00:00,0.0000125
NEWTUSDT,2025-07-23 05:00:00,0.0000125
NEWTUSDT,2025-07-23 04:00:00,0.0000125
NEWTUSDT,2025-07-23 03:00:00,0.0000125
NEWTUSDT,2025-07-23 02:00:00,0.0000125
NEWTUSDT,2025-07-23 01:00:00,0.0000125
NEWTUSDT,2025-07-23 00:00:00,0.0000125
NEWTUSDT,2025-07-22 23:00:00,0.0000125
NEWTUSDT,2025-07-22 22:00:00,0.0000125
NEWTUSDT,2025-07-22 21:00:00,-0.00004498
NEWTUSDT,2025-07-22 20:00:00,-0.00007223
NEWTUSDT,2025-07-22 19:00:00,0.0000125
NEWTUSDT,2025-07-22 18:00:00,0.0000125
NEWTUSDT,2025-07-22 17:00:00,0.0000125
NEWTUSDT,2025-07-22 16:00:00,0.0000125
NEWTUSDT,2025-07-22 15:00:00,0.0000125
NEWTUSDT,2025-07-22 14:00:00,0.0000125
NEWTUSDT,2025-07-22 13:00:00,0.0000125
NEWTUSDT,2025-07-22 12:00:00,0.0000125
NEWTUSDT,2025-07-22 11:00:00,0.0000125
NEWTUSDT,2025-07-22 10:00:00,0.0000125
NEWTUSDT,2025-07-22 09:00:00,0.0000125
NEWTUSDT,2025-07-22 08:00:00,0.0000125
NEWTUSDT,2025-07-22 07:00:00,0.0000125
NEWTUSDT,2025-07-22 06:00:00,0.0000125
NEWTUSDT,2025-07-22 05:00:00,0.0000125
NEWTUSDT,2025-07-22 04:00:00,0.0000125
NEWTUSDT,2025-07-22 03:00:00,0.0000125
NEWTUSDT,2025-07-22 02:00:00,0.0000125
NEWTUSDT,2025-07-22 01:00:00,0.0000125
NEWTUSDT,2025-07-22 00:00:00,0.0000125
NEWTUSDT,2025-07-21 23:00:00,0.0000125
NEWTUSDT,2025-07-21 22:00:00,0.0000125
NEWTUSDT,2025-07-21 21:00:00,0.0000125
NEWTUSDT,2025-07-21 20:00:00,0.0000125
NEWTUSDT,2025-07-21 19:00:00,0.0000125
NEWTUSDT,2025-07-21 18:00:00,0.0000125
NEWTUSDT,2025-07-21 17:00:00,0.0000125
NEWTUSDT,2025-07-21 16:00:00,0.0000125
NEWTUSDT,2025-07-21 15:00:00,0.0000125
NEWTUSDT,2025-07-21 14:00:00,0.0000188
NEWTUSDT,2025-07-21 13:00:00,0.00005057
NEWTUSDT,2025-07-21 12:00:00,0.0000125
NEWTUSDT,2025-07-21 11:00:00,0.0000125
NEWTUSDT,2025-07-21 10:00:00,0.0000125
NEWTUSDT,2025-07-21 09:00:00,0.0000125
NEWTUSDT,2025-07-21 08:00:00,0.0000125
NEWTUSDT,2025-07-21 07:00:00,0.0000125
NEWTUSDT,2025-07-21 06:00:00,0.0000125
NEWTUSDT,2025-07-21 05:00:00,0.0000125
NEWTUSDT,2025-07-21 04:00:00,0.0000125
NEWTUSDT,2025-07-21 03:00:00,0.0000125
NEWTUSDT,2025-07-21 02:00:00,0.0000125
NEWTUSDT,2025-07-21 01:00:00,0.0000125
NEWTUSDT,2025-07-21 00:00:00,0.0000125
NEWTUSDT,2025-07-20 23:00:00,0.0000125
NEWTUSDT,2025-07-20 22:00:00,0.0000125
NEWTUSDT,2025-07-20 21:00:00,0.0000125
NEWTUSDT,2025-07-20 20:00:00,0.0000125
NEWTUSDT,2025-07-20 19:00:00,0.0000125
NEWTUSDT,2025-07-20 18:00:00,0.0000125
NEWTUSDT,2025-07-20 17:00:00,0.0000182
NEWTUSDT,2025-07-20 16:00:00,0.00006186
NEWTUSDT,2025-07-20 15:00:00,0.0000125
NEWTUSDT,2025-07-20 14:00:00,0.0000125
NEWTUSDT,2025-07-20 13:00:00,0.0000125
NEWTUSDT,2025-07-20 12:00:00,0.0000125
NEWTUSDT,2025-07-20 11:00:00,0.0000125
NEWTUSDT,2025-07-20 10:00:00,0.0000125
NEWTUSDT,2025-07-20 09:00:00,0.0000125
NEWTUSDT,2025-07-20 08:00:00,0.0000125
NEWTUSDT,2025-07-20 07:00:00,0.0000125
NEWTUSDT,2025-07-20 06:00:00,0.0000125
NEWTUSDT,2025-07-20 05:00:00,0.0000125
NEWTUSDT,2025-07-20 04:00:00,0.0000125
NEWTUSDT,2025-07-20 03:00:00,0.0000125
NEWTUSDT,2025-07-20 02:00:00,0.0000125
NEWTUSDT,2025-07-20 01:00:00,0.0000125
NEWTUSDT,2025-07-20 00:00:00,0.0000125
NEWTUSDT,2025-07-19 23:00:00,0.0000125
NEWTUSDT,2025-07-19 22:00:00,0.0000125
NEWTUSDT,2025-07-19 21:00:00,0.0000125
NEWTUSDT,2025-07-19 20:00:00,0.0000125
NEWTUSDT,2025-07-19 19:00:00,0.0000125
NEWTUSDT,2025-07-19 18:00:00,0.0000125
NEWTUSDT,2025-07-19 17:00:00,0.0000125
NEWTUSDT,2025-07-19 16:00:00,0.0000125
NEWTUSDT,2025-07-19 15:00:00,0.0000125
NEWTUSDT,2025-07-19 14:00:00,0.0000125
NEWTUSDT,2025-07-19 13:00:00,0.0000125
NEWTUSDT,2025-07-19 12:00:00,0.0000125
NEWTUSDT,2025-07-19 11:00:00,0.0000125
NEWTUSDT,2025-07-19 10:00:00,0.0000125
NEWTUSDT,2025-07-19 09:00:00,0.0000125
NEWTUSDT,2025-07-19 08:00:00,0.0000125
NEWTUSDT,2025-07-19 07:00:00,0.0000125
NEWTUSDT,2025-07-19 06:00:00,0.0000125
NEWTUSDT,2025-07-19 05:00:00,0.0000125
NEWTUSDT,2025-07-19 04:00:00,0.0000125
NEWTUSDT,2025-07-19 03:00:00,0.0000125
NEWTUSDT,2025-07-19 02:00:00,0.0000125
NEWTUSDT,2025-07-19 01:00:00,0.0000125
NEWTUSDT,2025-07-19 00:00:00,0.0000125
NEWTUSDT,2025-07-18 23:00:00,0.0000125
NEWTUSDT,2025-07-18 22:00:00,0.0000125
NEWTUSDT,2025-07-18 21:00:00,0.0000125
NEWTUSDT,2025-07-18 20:00:00,0.0000125
NEWTUSDT,2025-07-18 19:00:00,0.0000125
NEWTUSDT,2025-07-18 18:00:00,0.0000125
NEWTUSDT,2025-07-18 17:00:00,0.0000125
NEWTUSDT,2025-07-18 16:00:00,0.0000125
NEWTUSDT,2025-07-18 15:00:00,0.0000125
NEWTUSDT,2025-07-18 14:00:00,0.0000125
NEWTUSDT,2025-07-18 13:00:00,0.0000737
NEWTUSDT,2025-07-18 12:00:00,0.00007103
NEWTUSDT,2025-07-18 11:00:00,0.0000125
NEWTUSDT,2025-07-18 10:00:00,0.00005455
NEWTUSDT,2025-07-18 09:00:00,0.00006665
NEWTUSDT,2025-07-18 08:00:00,0.0000125
NEWTUSDT,2025-07-18 07:00:00,0.00019517
NEWTUSDT,2025-07-18 06:00:00,0.0000125
NEWTUSDT,2025-07-18 05:00:00,0.0000125
NEWTUSDT,2025-07-18 04:00:00,0.0000125
NEWTUSDT,2025-07-18 03:00:00,0.0000125
NEWTUSDT,2025-07-18 02:00:00,0.0000125
NEWTUSDT,2025-07-18 01:00:00,0.0000125
NEWTUSDT,2025-07-18 00:00:00,0.0000125
NEWTUSDT,2025-07-17 23:00:00,0.0000125
NEWTUSDT,2025-07-17 22:00:00,0.0000125
NEWTUSDT,2025-07-17 21:00:00,0.0000125
NEWTUSDT,2025-07-17 20:00:00,0.0000125
NEWTUSDT,2025-07-17 19:00:00,0.0000125
NEWTUSDT,2025-07-17 18:00:00,0.0000125
NEWTUSDT,2025-07-17 17:00:00,0.0000125
NEWTUSDT,2025-07-17 16:00:00,0.00004552
NEWTUSDT,2025-07-17 15:00:00,0.00004086
NEWTUSDT,2025-07-17 14:00:00,0.00001417
NEWTUSDT,2025-07-17 13:00:00,0.00014258
NEWTUSDT,2025-07-17 12:00:00,0.00012259
NEWTUSDT,2025-07-17 11:00:00,0.00007426
NEWTUSDT,2025-07-17 10:00:00,0.0000125
NEWTUSDT,2025-07-17 09:00:00,0.0000125
NEWTUSDT,2025-07-17 08:00:00,0.0000125
NEWTUSDT,2025-07-17 07:00:00,0.0000125
NEWTUSDT,2025-07-17 06:00:00,0.0000125
NEWTUSDT,2025-07-17 05:00:00,0.0000125
NEWTUSDT,2025-07-17 04:00:00,0.0000125
NEWTUSDT,2025-07-17 03:00:00,0.0000125
NEWTUSDT,2025-07-17 02:00:00,0.0000125
NEWTUSDT,2025-07-17 01:00:00,0.0000125
NEWTUSDT,2025-07-17 00:00:00,0.0000125
NEWTUSDT,2025-07-16 23:00:00,0.0000125
NEWTUSDT,2025-07-16 22:00:00,0.0000125
NEWTUSDT,2025-07-16 21:00:00,0.0000125
NEWTUSDT,2025-07-16 20:00:00,0.0000125
NEWTUSDT,2025-07-16 19:00:00,0.0000125
NEWTUSDT,2025-07-16 18:00:00,0.0000125
NEWTUSDT,2025-07-16 17:00:00,0.0000125
SAHARAUSDT,2025-07-27 00:00:00,-0.00041317
SAHARAUSDT,2025-07-26 23:00:00,-0.00002422
SAHARAUSDT,2025-07-26 22:00:00,-0.00021305
SAHARAUSDT,2025-07-26 21:00:00,-0.00012697
SAHARAUSDT,2025-07-26 20:00:00,-0.0000328
SAHARAUSDT,2025-07-26 19:00:00,-0.00011057
SAHARAUSDT,2025-07-26 18:00:00,-0.00015588
SAHARAUSDT,2025-07-26 17:00:00,-0.0001193
SAHARAUSDT,2025-07-26 16:00:00,0.0000125
SAHARAUSDT,2025-07-26 15:00:00,-0.00011863
SAHARAUSDT,2025-07-26 14:00:00,-0.00056491
SAHARAUSDT,2025-07-26 13:00:00,-0.00031008
SAHARAUSDT,2025-07-26 12:00:00,0.0000125
SAHARAUSDT,2025-07-26 11:00:00,0.0000125
SAHARAUSDT,2025-07-26 10:00:00,0.0000125
SAHARAUSDT,2025-07-26 09:00:00,0.0000125
SAHARAUSDT,2025-07-26 08:00:00,0.0000125
SAHARAUSDT,2025-07-26 07:00:00,0.0000125
SAHARAUSDT,2025-07-26 06:00:00,-0.00065924
SAHARAUSDT,2025-07-26 05:00:00,-0.00018718
SAHARAUSDT,2025-07-26 04:00:00,0.0000125
SAHARAUSDT,2025-07-26 03:00:00,0.0000125
SAHARAUSDT,2025-07-26 02:00:00,-0.00027634
SAHARAUSDT,2025-07-26 01:00:00,-0.00107353
SAHARAUSDT,2025-07-26 00:00:00,0.0000125
SAHARAUSDT,2025-07-25 23:00:00,0.0000125
SAHARAUSDT,2025-07-25 22:00:00,0.0000125
SAHARAUSDT,2025-07-25 21:00:00,0.0000125
SAHARAUSDT,2025-07-25 20:00:00,0.0000125
SAHARAUSDT,2025-07-25 19:00:00,-0.00003897
SAHARAUSDT,2025-07-25 18:00:00,0.0000125
SAHARAUSDT,2025-07-25 17:00:00,0.0000125
SAHARAUSDT,2025-07-25 16:00:00,0.0000125
SAHARAUSDT,2025-07-25 15:00:00,-0.00012692
SAHARAUSDT,2025-07-25 14:00:00,-0.00014316
SAHARAUSDT,2025-07-25 13:00:00,-0.00025774
SAHARAUSDT,2025-07-25 12:00:00,-0.00013994
SAHARAUSDT,2025-07-25 11:00:00,0.0000125
SAHARAUSDT,2025-07-25 10:00:00,-0.00001784
SAHARAUSDT,2025-07-25 09:00:00,0.0000125
SAHARAUSDT,2025-07-25 08:00:00,0.0000125
SAHARAUSDT,2025-07-25 07:00:00,0.0000125
SAHARAUSDT,2025-07-25 06:00:00,0.0000125
SAHARAUSDT,2025-07-25 05:00:00,0.0000125
SAHARAUSDT,2025-07-25 04:00:00,0.0000125
SAHARAUSDT,2025-07-25 03:00:00,0.0000125
SAHARAUSDT,2025-07-25 02:00:00,0.0000125
SAHARAUSDT,2025-07-25 01:00:00,-0.00002772
SAHARAUSDT,2025-07-25 00:00:00,-0.00107367
SAHARAUSDT,2025-07-24 23:00:00,-0.00019304
SAHARAUSDT,2025-07-24 22:00:00,-0.00019382
SAHARAUSDT,2025-07-24 21:00:00,-0.00011044
SAHARAUSDT,2025-07-24 20:00:00,0.0000125
SAHARAUSDT,2025-07-24 19:00:00,-0.00002825
SAHARAUSDT,2025-07-24 18:00:00,0.0000125
SAHARAUSDT,2025-07-24 17:00:00,0.0000125
SAHARAUSDT,2025-07-24 16:00:00,-0.00023853
SAHARAUSDT,2025-07-24 15:00:00,-0.00025836
SAHARAUSDT,2025-07-24 14:00:00,-0.00020571
SAHARAUSDT,2025-07-24 13:00:00,-0.00076076
SAHARAUSDT,2025-07-24 12:00:00,0.00000569
SAHARAUSDT,2025-07-24 11:00:00,-0.00008332
SAHARAUSDT,2025-07-24 10:00:00,-0.00008475
SAHARAUSDT,2025-07-24 09:00:00,0.0000125
SAHARAUSDT,2025-07-24 08:00:00,0.0000125
SAHARAUSDT,2025-07-24 07:00:00,-0.00540662
SAHARAUSDT,2025-07-24 06:00:00,-0.00437654
SAHARAUSDT,2025-07-24 05:00:00,-0.00010239
SAHARAUSDT,2025-07-24 04:00:00,-0.00123183
SAHARAUSDT,2025-07-24 03:00:00,-0.00141137
SAHARAUSDT,2025-07-24 02:00:00,0.0000125
SAHARAUSDT,2025-07-24 01:00:00,0.0000125
SAHARAUSDT,2025-07-24 00:00:00,-0.00061991
SAHARAUSDT,2025-07-23 23:00:00,0.0000125
SAHARAUSDT,2025-07-23 22:00:00,0.0000125
SAHARAUSDT,2025-07-23 21:00:00,0.0000125
SAHARAUSDT,2025-07-23 20:00:00,0.0000125
SAHARAUSDT,2025-07-23 19:00:00,-0.00028699
SAHARAUSDT,2025-07-23 18:00:00,0.0000125
SAHARAUSDT,2025-07-23 17:00:00,-0.00028246
SAHARAUSDT,2025-07-23 16:00:00,0.0000125
SAHARAUSDT,2025-07-23 15:00:00,-0.00065079
SAHARAUSDT,2025-07-23 14:00:00,-0.00086199
SAHARAUSDT,2025-07-23 13:00:00,-0.00033458
SAHARAUSDT,2025-07-23 12:00:00,-0.00008198
SAHARAUSDT,2025-07-23 11:00:00,0.0000125
SAHARAUSDT,2025-07-23 10:00:00,0.0000125
SAHARAUSDT,2025-07-23 09:00:00,-0.00021521
SAHARAUSDT,2025-07-23 08:00:00,0.0000125
SAHARAUSDT,2025-07-23 07:00:00,0.0000125
SAHARAUSDT,2025-07-23 06:00:00,0.0000125
SAHARAUSDT,2025-07-23 05:00:00,0.0000125
SAHARAUSDT,2025-07-23 04:00:00,0.0000125
SAHARAUSDT,2025-07-23 03:00:00,0.0000125
SAHARAUSDT,2025-07-23 02:00:00,0.0000125
SAHARAUSDT,2025-07-23 01:00:00,0.0000125
SAHARAUSDT,2025-07-23 00:00:00,0.0001364
SAHARAUSDT,2025-07-22 23:00:00,0.0000125
SAHARAUSDT,2025-07-22 22:00:00,0.0000125
SAHARAUSDT,2025-07-22 21:00:00,0.00006531
SAHARAUSDT,2025-07-22 20:00:00,0.0000125
SAHARAUSDT,2025-07-22 19:00:00,0.0000125
SAHARAUSDT,2025-07-22 18:00:00,0.0000125
SAHARAUSDT,2025-07-22 17:00:00,0.0000125
SAHARAUSDT,2025-07-22 16:00:00,0.0000125
SAHARAUSDT,2025-07-22 15:00:00,0.0000125
SAHARAUSDT,2025-07-22 14:00:00,0.0000125
SAHARAUSDT,2025-07-22 13:00:00,0.0000125
SAHARAUSDT,2025-07-22 12:00:00,0.0000125
SAHARAUSDT,2025-07-22 11:00:00,0.0000125
SAHARAUSDT,2025-07-22 10:00:00,0.0000125
SAHARAUSDT,2025-07-22 09:00:00,0.0000125
SAHARAUSDT,2025-07-22 08:00:00,0.0000125
SAHARAUSDT,2025-07-22 07:00:00,0.0000125
SAHARAUSDT,2025-07-22 06:00:00,0.0000125
SAHARAUSDT,2025-07-22 05:00:00,0.0000125
SAHARAUSDT,2025-07-22 04:00:00,0.0000125
SAHARAUSDT,2025-07-22 03:00:00,0.0000125
SAHARAUSDT,2025-07-22 02:00:00,0.0000125
SAHARAUSDT,2025-07-22 01:00:00,0.0000125
SAHARAUSDT,2025-07-22 00:00:00,0.0000125
SAHARAUSDT,2025-07-21 23:00:00,0.00005242
SAHARAUSDT,2025-07-21 22:00:00,0.0000125
SAHARAUSDT,2025-07-21 21:00:00,0.0000125
SAHARAUSDT,2025-07-21 20:00:00,0.0000125
SAHARAUSDT,2025-07-21 19:00:00,0.0000125
SAHARAUSDT,2025-07-21 18:00:00,0.0000125
SAHARAUSDT,2025-07-21 17:00:00,0.0000125
SAHARAUSDT,2025-07-21 16:00:00,0.0000125
SAHARAUSDT,2025-07-21 15:00:00,0.0000125
SAHARAUSDT,2025-07-21 14:00:00,0.0000125
SAHARAUSDT,2025-07-21 13:00:00,0.0000125
SAHARAUSDT,2025-07-21 12:00:00,0.0000125
SAHARAUSDT,2025-07-21 11:00:00,0.0000125
SAHARAUSDT,2025-07-21 10:00:00,0.00005418
SAHARAUSDT,2025-07-21 09:00:00,0.0000125
SAHARAUSDT,2025-07-21 08:00:00,0.00003188
SAHARAUSDT,2025-07-21 07:00:00,0.00019846
SAHARAUSDT,2025-07-21 06:00:00,0.0000125
SAHARAUSDT,2025-07-21 05:00:00,0.00007391
SAHARAUSDT,2025-07-21 04:00:00,0.00010088
SAHARAUSDT,2025-07-21 03:00:00,0.0000125
SAHARAUSDT,2025-07-21 02:00:00,0.0000125
SAHARAUSDT,2025-07-21 01:00:00,0.00005285
SAHARAUSDT,2025-07-21 00:00:00,0.0000125
SAHARAUSDT,2025-07-20 23:00:00,0.00009741
SAHARAUSDT,2025-07-20 22:00:00,0.0000125
SAHARAUSDT,2025-07-20 21:00:00,0.00003551
SAHARAUSDT,2025-07-20 20:00:00,0.0000125
SAHARAUSDT,2025-07-20 19:00:00,0.0000125
SAHARAUSDT,2025-07-20 18:00:00,0.0000125
SAHARAUSDT,2025-07-20 17:00:00,0.0000125
SAHARAUSDT,2025-07-20 16:00:00,0.0000125
SAHARAUSDT,2025-07-20 15:00:00,0.0000125
SAHARAUSDT,2025-07-20 14:00:00,0.0000125
SAHARAUSDT,2025-07-20 13:00:00,0.0000125
SAHARAUSDT,2025-07-20 12:00:00,0.0000125
SAHARAUSDT,2025-07-20 11:00:00,0.0000125
SAHARAUSDT,2025-07-20 10:00:00,0.0000125
SAHARAUSDT,2025-07-20 09:00:00,0.0000125
SAHARAUSDT,2025-07-20 08:00:00,0.0000125
SAHARAUSDT,2025-07-20 07:00:00,0.0000125
SAHARAUSDT,2025-07-20 06:00:00,0.0000125
SAHARAUSDT,2025-07-20 05:00:00,0.0000125
SAHARAUSDT,2025-07-20 04:00:00,0.0000125
SAHARAUSDT,2025-07-20 03:00:00,0.0000125
SAHARAUSDT,2025-07-20 02:00:00,0.0000125
SAHARAUSDT,2025-07-20 01:00:00,0.0000125
SAHARAUSDT,2025-07-20 00:00:00,0.0000125
SAHARAUSDT,2025-07-19 23:00:00,0.0000125
SAHARAUSDT,2025-07-19 22:00:00,0.0000125
SAHARAUSDT,2025-07-19 21:00:00,0.0000125
SAHARAUSDT,2025-07-19 20:00:00,0.0000125
SAHARAUSDT,2025-07-19 19:00:00,0.0000125
SAHARAUSDT,2025-07-19 18:00:00,0.0000125
SAHARAUSDT,2025-07-19 17:00:00,0.0000125
SAHARAUSDT,2025-07-19 16:00:00,0.0000125
SAHARAUSDT,2025-07-19 15:00:00,0.0000125
SAHARAUSDT,2025-07-19 14:00:00,0.0000125
SAHARAUSDT,2025-07-19 13:00:00,0.0000125
SAHARAUSDT,2025-07-19 12:00:00,0.0000125
SAHARAUSDT,2025-07-19 11:00:00,0.0000125
SAHARAUSDT,2025-07-19 10:00:00,0.0000125
SAHARAUSDT,2025-07-19 09:00:00,0.0000125
SAHARAUSDT,2025-07-19 08:00:00,-0.00002643
SAHARAUSDT,2025-07-19 07:00:00,0.0000125
SAHARAUSDT,2025-07-19 06:00:00,0.0000125
SAHARAUSDT,2025-07-19 05:00:00,0.0000125
SAHARAUSDT,2025-07-19 04:00:00,0.0000125
SAHARAUSDT,2025-07-19 03:00:00,0.0000125
SAHARAUSDT,2025-07-19 02:00:00,0.0000125
SAHARAUSDT,2025-07-19 01:00:00,0.0000125
SAHARAUSDT,2025-07-19 00:00:00,0.0000125
SAHARAUSDT,2025-07-18 23:00:00,0.0000125
SAHARAUSDT,2025-07-18 22:00:00,0.0000125
SAHARAUSDT,2025-07-18 21:00:00,0.0000125
SAHARAUSDT,2025-07-18 20:00:00,0.0000125
SAHARAUSDT,2025-07-18 19:00:00,0.0000125
SAHARAUSDT,2025-07-18 18:00:00,0.0000125
SAHARAUSDT,2025-07-18 17:00:00,0.0000125
ICNTUSDT,2025-08-03 00:00:00,-0.00130918
ICNTUSDT,2025-08-02 20:00:00,-0.00810281
ICNTUSDT,2025-08-02 16:00:00,-0.00641166
ICNTUSDT,2025-08-02 12:00:00,0.00005
ICNTUSDT,2025-08-02 08:00:00,0.00005
ICNTUSDT,2025-08-02 04:00:00,0.00005
ICNTUSDT,2025-08-02 00:00:00,0.00005
ICNTUSDT,2025-08-01 20:00:00,0.00005
ICNTUSDT,2025-08-01 16:00:00,-0.00047851
ICNTUSDT,2025-08-01 12:00:00,-0.00022908
ICNTUSDT,2025-08-01 08:00:00,0.00004869
ICNTUSDT,2025-08-01 04:00:00,0.00005
ICNTUSDT,2025-08-01 00:00:00,0.00005
ICNTUSDT,2025-07-31 20:00:00,0.00005
ICNTUSDT,2025-07-31 16:00:00,0.00005
ICNTUSDT,2025-07-31 12:00:00,0.00005
ICNTUSDT,2025-07-31 08:00:00,0.00005
ICNTUSDT,2025-07-31 04:00:00,0.00005
ICNTUSDT,2025-07-31 00:00:00,0.00005
ICNTUSDT,2025-07-30 20:00:00,0.00005
ICNTUSDT,2025-07-30 16:00:00,-0.00602876
ICNTUSDT,2025-07-30 12:00:00,-0.00298204
ICNTUSDT,2025-07-30 08:00:00,0.00005
ICNTUSDT,2025-07-30 04:00:00,0.00005
ICNTUSDT,2025-07-30 00:00:00,-0.00087638
ICNTUSDT,2025-07-29 20:00:00,-0.00195694
ICNTUSDT,2025-07-29 16:00:00,0.00005
ICNTUSDT,2025-07-29 12:00:00,0.00005
ICNTUSDT,2025-07-29 08:00:00,0.00005
ICNTUSDT,2025-07-29 04:00:00,0.00005
ICNTUSDT,2025-07-29 00:00:00,0.00005
ICNTUSDT,2025-07-28 20:00:00,0.00005
ICNTUSDT,2025-07-28 16:00:00,0.00005
ICNTUSDT,2025-07-28 12:00:00,0.00005
ICNTUSDT,2025-07-28 08:00:00,0.00005
ICNTUSDT,2025-07-28 04:00:00,0.00005
ICNTUSDT,2025-07-28 00:00:00,0.00005
ICNTUSDT,2025-07-27 20:00:00,0.00005
ICNTUSDT,2025-07-27 16:00:00,0.00005
ICNTUSDT,2025-07-27 12:00:00,0.00005
ICNTUSDT,2025-07-27 08:00:00,0.00005
ICNTUSDT,2025-07-27 04:00:00,0.00005
ICNTUSDT,2025-07-27 00:00:00,0.00005
ICNTUSDT,2025-07-26 20:00:00,0.00005
ICNTUSDT,2025-07-26 16:00:00,0.00005
ICNTUSDT,2025-07-26 12:00:00,0.00005
ICNTUSDT,2025-07-26 08:00:00,0.00005
ICNTUSDT,2025-07-26 04:00:00,0.00005
ICNTUSDT,2025-07-26 00:00:00,0.00005
ICNTUSDT,2025-07-25 20:00:00,0.00005
ICNTUSDT,2025-07-25 16:00:00,0.00005
ICNTUSDT,2025-07-25 12:00:00,0.00005
ICNTUSDT,2025-07-25 08:00:00,0.00005
ICNTUSDT,2025-07-25 04:00:00,0.00005
ICNTUSDT,2025-07-25 00:00:00,0.00005
ICNTUSDT,2025-07-24 20:00:00,0.00005
ICNTUSDT,2025-07-24 16:00:00,0.00005
ICNTUSDT,2025-07-24 12:00:00,0.00005
ICNTUSDT,2025-07-24 08:00:00,0.00005
ICNTUSDT,2025-07-24 04:00:00,0.00005
ICNTUSDT,2025-07-24 00:00:00,0.00005
ICNTUSDT,2025-07-23 20:00:00,0.00005
ICNTUSDT,2025-07-23 16:00:00,0.00005
ICNTUSDT,2025-07-23 12:00:00,0.00040857
ICNTUSDT,2025-07-23 08:00:00,0.00012927
ICNTUSDT,2025-07-23 04:00:00,0.00005
ICNTUSDT,2025-07-23 00:00:00,0.00005
ICNTUSDT,2025-07-22 20:00:00,0.00005
ICNTUSDT,2025-07-22 16:00:00,0.00005
ICNTUSDT,2025-07-22 12:00:00,0.00005
ICNTUSDT,2025-07-22 08:00:00,0.00005
ICNTUSDT,2025-07-22 04:00:00,0.00005
ICNTUSDT,2025-07-22 00:00:00,0.00008594
ICNTUSDT,2025-07-21 20:00:00,0.00005
ICNTUSDT,2025-07-21 16:00:00,0.00041091
ICNTUSDT,2025-07-21 12:00:00,0.00056886
ICNTUSDT,2025-07-21 08:00:00,0.00056336
ICNTUSDT,2025-07-21 04:00:00,0.00011047
ICNTUSDT,2025-07-21 00:00:00,0.00005
ICNTUSDT,2025-07-20 20:00:00,0.00017585
ICNTUSDT,2025-07-20 16:00:00,0.00041216
ICNTUSDT,2025-07-20 12:00:00,0.00035963
ICNTUSDT,2025-07-20 08:00:00,0.00028849
ICNTUSDT,2025-07-20 04:00:00,0.00005
ICNTUSDT,2025-07-20 00:00:00,0.00005
ICNTUSDT,2025-07-19 20:00:00,0.00005
ICNTUSDT,2025-07-19 16:00:00,0.00005
ICNTUSDT,2025-07-19 12:00:00,0.00005
ICNTUSDT,2025-07-19 08:00:00,0.00005
ICNTUSDT,2025-07-19 04:00:00,0.00005
ICNTUSDT,2025-07-19 00:00:00,0.00005
ICNTUSDT,2025-07-18 20:00:00,0.00005
ICNTUSDT,2025-07-18 16:00:00,0.00036822
ICNTUSDT,2025-07-18 12:00:00,0.00005
ICNTUSDT,2025-07-18 08:00:00,0.00005
ICNTUSDT,2025-07-18 04:00:00,0.00009922
ICNTUSDT,2025-07-18 00:00:00,0.00005
ICNTUSDT,2025-07-17 20:00:00,0.00005
ICNTUSDT,2025-07-17 16:00:00,0.00006031
ICNTUSDT,2025-07-17 12:00:00,0.00038038
ICNTUSDT,2025-07-17 08:00:00,-0.00015151
ICNTUSDT,2025-07-17 04:00:00,0.00005
ICNTUSDT,2025-07-17 00:00:00,0.00005
ICNTUSDT,2025-07-16 20:00:00,0.00005
ICNTUSDT,2025-07-16 16:00:00,0.00005
ICNTUSDT,2025-07-16 12:00:00,0.00005
ICNTUSDT,2025-07-16 08:00:00,0.00005
ICNTUSDT,2025-07-16 04:00:00,-0.00034236
ICNTUSDT,2025-07-16 00:00:00,-0.00049524
ICNTUSDT,2025-07-15 20:00:00,0.00005
ICNTUSDT,2025-07-15 16:00:00,0.00005
ICNTUSDT,2025-07-15 12:00:00,0.00005
ICNTUSDT,2025-07-15 08:00:00,0.00005
ICNTUSDT,2025-07-15 04:00:00,0.00005
ICNTUSDT,2025-07-15 00:00:00,0.00005
ICNTUSDT,2025-07-14 20:00:00,0.00005
ICNTUSDT,2025-07-14 16:00:00,0.00005
ICNTUSDT,2025-07-14 12:00:00,0.00005
ICNTUSDT,2025-07-14 08:00:00,0.00005
ICNTUSDT,2025-07-14 04:00:00,0.00005
ICNTUSDT,2025-07-14 00:00:00,0.00005
ICNTUSDT,2025-07-13 20:00:00,0.00005
ICNTUSDT,2025-07-13 16:00:00,0.00005
ICNTUSDT,2025-07-13 12:00:00,0.00005
ICNTUSDT,2025-07-13 08:00:00,0.00005
ICNTUSDT,2025-07-13 04:00:00,0.00005
ICNTUSDT,2025-07-13 00:00:00,0.00005
ICNTUSDT,2025-07-12 20:00:00,0.00005
ICNTUSDT,2025-07-12 16:00:00,0.00005
ICNTUSDT,2025-07-12 12:00:00,0.00005
ICNTUSDT,2025-07-12 08:00:00,0.00005
ICNTUSDT,2025-07-12 04:00:00,0.00005
ICNTUSDT,2025-07-12 00:00:00,0.00005
ICNTUSDT,2025-07-11 20:00:00,0.00005
ICNTUSDT,2025-07-11 16:00:00,0.00005
ICNTUSDT,2025-07-11 12:00:00,0.00005
ICNTUSDT,2025-07-11 08:00:00,0.00005
ICNTUSDT,2025-07-11 04:00:00,0.00005
ICNTUSDT,2025-07-11 00:00:00,0.00005
ICNTUSDT,2025-07-10 20:00:00,0.00005
ICNTUSDT,2025-07-10 16:00:00,0.00005
ICNTUSDT,2025-07-10 12:00:00,-0.00083408
ICNTUSDT,2025-07-10 08:00:00,-0.00047031
ICNTUSDT,2025-07-10 04:00:00,-0.00030612
ICNTUSDT,2025-07-10 00:00:00,-0.0001018
ICNTUSDT,2025-07-09 20:00:00,0.00005
ICNTUSDT,2025-07-09 16:00:00,-0.0009925
ICNTUSDT,2025-07-09 12:00:00,-0.00146416
ICNTUSDT,2025-07-09 08:00:00,0.00005
ICNTUSDT,2025-07-09 04:00:00,0.00000633
ICNTUSDT,2025-07-09 00:00:00,-0.00077031
ICNTUSDT,2025-07-08 20:00:00,0.00005
ICNTUSDT,2025-07-08 16:00:00,0.00005
ICNTUSDT,2025-07-08 12:00:00,0.00005
ICNTUSDT,2025-07-08 08:00:00,0.00005
ICNTUSDT,2025-07-08 04:00:00,0.00002017
ICNTUSDT,2025-07-08 00:00:00,0.00005
ICNTUSDT,2025-07-07 20:00:00,-0.0000683
ICNTUSDT,2025-07-07 16:00:00,-0.00004295
ICNTUSDT,2025-07-07 12:00:00,-0.00023777
ICNTUSDT,2025-07-07 08:00:00,-0.00008691
ICNTUSDT,2025-07-07 04:00:00,-0.00016811
ICNTUSDT,2025-07-07 00:00:00,0.00002363
ICNTUSDT,2025-07-06 20:00:00,-0.00034944
ICNTUSDT,2025-07-06 16:00:00,-0.00004416
ICNTUSDT,2025-07-06 12:00:00,-0.00002871
ICNTUSDT,2025-07-06 08:00:00,-0.00045248
ICNTUSDT,2025-07-06 04:00:00,-0.00055142
ICNTUSDT,2025-07-06 00:00:00,-0.00108355
ICNTUSDT,2025-07-05 20:00:00,-0.00207719
ICNTUSDT,2025-07-05 16:00:00,-0.00045219
ICNTUSDT,2025-07-05 12:00:00,-0.00021533
ICNTUSDT,2025-07-05 08:00:00,-0.00004649
ICNTUSDT,2025-07-05 04:00:00,-0.00218818
ICNTUSDT,2025-07-05 00:00:00,-0.00497946
ICNTUSDT,2025-07-04 20:00:00,-0.00222931
ICNTUSDT,2025-07-04 16:00:00,-0.00098949
ICNTUSDT,2025-07-04 12:00:00,-0.00019387
ICNTUSDT,2025-07-04 08:00:00,-0.00017167
ICNTUSDT,2025-07-04 04:00:00,-0.002283
ICNTUSDT,2025-07-04 00:00:00,-0.00056247
ICNTUSDT,2025-07-03 20:00:00,-0.00235851
ICNTUSDT,2025-07-03 16:00:00,-0.01038721
ICNTUSDT,2025-07-03 12:00:00,-0.00012541
ICNTUSDT,2025-07-03 08:00:00,0.00005
HYPEUSDT,2025-08-11 00:00:00,0.0001
HYPEUSDT,2025-08-10 16:00:00,0.0001
HYPEUSDT,2025-08-10 08:00:00,0.0001
HYPEUSDT,2025-08-10 00:00:00,0.0001
HYPEUSDT,2025-08-09 16:00:00,0.0001
HYPEUSDT,2025-08-09 08:00:00,0.0001
HYPEUSDT,2025-08-09 00:00:00,-0.00005334
HYPEUSDT,2025-08-08 16:00:00,-0.00004258
HYPEUSDT,2025-08-08 08:00:00,0.0001
HYPEUSDT,2025-08-08 00:00:00,0.0001
HYPEUSDT,2025-08-07 16:00:00,0.0001
HYPEUSDT,2025-08-07 08:00:00,0.0001
HYPEUSDT,2025-08-07 00:00:00,0.0001
HYPEUSDT,2025-08-06 16:00:00,0.0001
HYPEUSDT,2025-08-06 08:00:00,-0.00007309
HYPEUSDT,2025-08-06 00:00:00,-0.00002079
HYPEUSDT,2025-08-05 16:00:00,0.0001
HYPEUSDT,2025-08-05 08:00:00,0.0001
HYPEUSDT,2025-08-05 00:00:00,0.0001
HYPEUSDT,2025-08-04 16:00:00,0.00004463
HYPEUSDT,2025-08-04 08:00:00,0.00007082
HYPEUSDT,2025-08-04 00:00:00,-0.00002887
HYPEUSDT,2025-08-03 16:00:00,0.00006261
HYPEUSDT,2025-08-03 08:00:00,-0.00010403
HYPEUSDT,2025-08-03 00:00:00,0.0001
HYPEUSDT,2025-08-02 16:00:00,0.00003917
HYPEUSDT,2025-08-02 08:00:00,-0.00011816
HYPEUSDT,2025-08-02 00:00:00,0.00000843
HYPEUSDT,2025-08-01 16:00:00,0.0001
HYPEUSDT,2025-08-01 08:00:00,0.00006508
HYPEUSDT,2025-08-01 00:00:00,0.00001254
HYPEUSDT,2025-07-31 16:00:00,0.0001
HYPEUSDT,2025-07-31 08:00:00,0.0001
HYPEUSDT,2025-07-31 00:00:00,0.0001
HYPEUSDT,2025-07-30 16:00:00,0.0001
HYPEUSDT,2025-07-30 08:00:00,-0.00005009
HYPEUSDT,2025-07-30 00:00:00,0.00008345
HYPEUSDT,2025-07-29 16:00:00,0.0001
HYPEUSDT,2025-07-29 08:00:00,0.0001
HYPEUSDT,2025-07-29 00:00:00,0.0001
HYPEUSDT,2025-07-28 16:00:00,0.0001
HYPEUSDT,2025-07-28 08:00:00,0.0001
HYPEUSDT,2025-07-28 00:00:00,0.0001
HYPEUSDT,2025-07-27 16:00:00,0.0001
HYPEUSDT,2025-07-27 08:00:00,0.0001
HYPEUSDT,2025-07-27 00:00:00,0.0001
HYPEUSDT,2025-07-26 16:00:00,0.0001
HYPEUSDT,2025-07-26 08:00:00,0.0001
HYPEUSDT,2025-07-26 00:00:00,0.0001
HYPEUSDT,2025-07-25 16:00:00,0.00002051
HYPEUSDT,2025-07-25 08:00:00,0.0001
HYPEUSDT,2025-07-25 00:00:00,0.00000413
HYPEUSDT,2025-07-24 16:00:00,0.0001
HYPEUSDT,2025-07-24 08:00:00,0.00003038
HYPEUSDT,2025-07-24 00:00:00,-0.00005663
HYPEUSDT,2025-07-23 16:00:00,-0.00000687
HYPEUSDT,2025-07-23 08:00:00,0.0001
HYPEUSDT,2025-07-23 00:00:00,0.00008739
HYPEUSDT,2025-07-22 16:00:00,0.0001
HYPEUSDT,2025-07-22 08:00:00,0.0001
HYPEUSDT,2025-07-22 00:00:00,0.0001
HYPEUSDT,2025-07-21 16:00:00,0.0001
HYPEUSDT,2025-07-21 08:00:00,0.0001
HYPEUSDT,2025-07-21 00:00:00,0.0000731
HYPEUSDT,2025-07-20 16:00:00,0.0001
HYPEUSDT,2025-07-20 08:00:00,0.0001
HYPEUSDT,2025-07-20 00:00:00,0.0001
HYPEUSDT,2025-07-19 16:00:00,0.0001
HYPEUSDT,2025-07-19 08:00:00,0.0001
HYPEUSDT,2025-07-19 00:00:00,0.0001
HYPEUSDT,2025-07-18 16:00:00,0.0001
HYPEUSDT,2025-07-18 08:00:00,0.00014893
HYPEUSDT,2025-07-18 00:00:00,0.0001
HYPEUSDT,2025-07-17 16:00:00,0.00022828
HYPEUSDT,2025-07-17 08:00:00,0.0001
HYPEUSDT,2025-07-17 00:00:00,0.0001
HYPEUSDT,2025-07-16 16:00:00,0.0001
HYPEUSDT,2025-07-16 08:00:00,0.0001
HYPEUSDT,2025-07-16 00:00:00,0.0001
HYPEUSDT,2025-07-15 16:00:00,0.00013087
HYPEUSDT,2025-07-15 08:00:00,0.00029068
HYPEUSDT,2025-07-15 00:00:00,0.00025964
HYPEUSDT,2025-07-14 16:00:00,0.00025583
HYPEUSDT,2025-07-14 08:00:00,0.00027358
HYPEUSDT,2025-07-14 00:00:00,0.00022053
HYPEUSDT,2025-07-13 16:00:00,0.0001
HYPEUSDT,2025-07-13 08:00:00,0.00011587
HYPEUSDT,2025-07-13 00:00:00,0.0001
HYPEUSDT,2025-07-12 16:00:00,0.00039934
HYPEUSDT,2025-07-12 08:00:00,0.00039379
HYPEUSDT,2025-07-12 00:00:00,0.00025561
HYPEUSDT,2025-07-11 16:00:00,0.0001
HYPEUSDT,2025-07-11 08:00:00,0.0001651
HYPEUSDT,2025-07-11 00:00:00,0.0001
TACUSDT,2025-08-15 00:00:00,-0.00048557
TACUSDT,2025-08-14 20:00:00,-0.00033907
TACUSDT,2025-08-14 16:00:00,0.00005
TACUSDT,2025-08-14 12:00:00,-0.00027698
TACUSDT,2025-08-14 08:00:00,-0.0000928
TACUSDT,2025-08-14 04:00:00,-0.00039509
TACUSDT,2025-08-14 00:00:00,-0.00056819
TACUSDT,2025-08-13 20:00:00,-0.00070614
TACUSDT,2025-08-13 16:00:00,-0.00035109
TACUSDT,2025-08-13 12:00:00,0.00005
TACUSDT,2025-08-13 08:00:00,-0.00033514
TACUSDT,2025-08-13 04:00:00,-0.0004921
TACUSDT,2025-08-13 00:00:00,-0.00025627
TACUSDT,2025-08-12 20:00:00,-0.00024246
TACUSDT,2025-08-12 16:00:00,0.00005
TACUSDT,2025-08-12 12:00:00,0.00000741
TACUSDT,2025-08-12 08:00:00,0.00005
TACUSDT,2025-08-12 04:00:00,0.00005
TACUSDT,2025-08-12 00:00:00,0.00005
TACUSDT,2025-08-11 20:00:00,0.00005
TACUSDT,2025-08-11 16:00:00,0.00005
TACUSDT,2025-08-11 12:00:00,0.00005
TACUSDT,2025-08-11 08:00:00,0.00005
TACUSDT,2025-08-11 04:00:00,0.00005
TACUSDT,2025-08-11 00:00:00,0.00005
TACUSDT,2025-08-10 20:00:00,0.00005
TACUSDT,2025-08-10 16:00:00,0.00005
TACUSDT,2025-08-10 12:00:00,0.00005
TACUSDT,2025-08-10 08:00:00,0.00005
TACUSDT,2025-08-10 04:00:00,0.00005
TACUSDT,2025-08-10 00:00:00,0.00005
TACUSDT,2025-08-09 20:00:00,-0.00077233
TACUSDT,2025-08-09 16:00:00,0.00005
TACUSDT,2025-08-09 12:00:00,0.00005
TACUSDT,2025-08-09 08:00:00,-0.00011217
TACUSDT,2025-08-09 04:00:00,0.00005
TACUSDT,2025-08-09 00:00:00,0.00004673
TACUSDT,2025-08-08 20:00:00,0.00005
TACUSDT,2025-08-08 16:00:00,0.00005
TACUSDT,2025-08-08 12:00:00,0.00005
TACUSDT,2025-08-08 08:00:00,-0.00047143
TACUSDT,2025-08-08 04:00:00,0.00005
TACUSDT,2025-08-08 00:00:00,-0.0002841
TACUSDT,2025-08-07 20:00:00,-0.00062493
TACUSDT,2025-08-07 16:00:00,-0.00023445
TACUSDT,2025-08-07 12:00:00,0.00005
TACUSDT,2025-08-07 08:00:00,0.00005
TACUSDT,2025-08-07 04:00:00,0.00004668
TACUSDT,2025-08-07 00:00:00,0.00005
TACUSDT,2025-08-06 20:00:00,0.00005
TACUSDT,2025-08-06 16:00:00,0.00003683
TACUSDT,2025-08-06 12:00:00,-0.00019222
TACUSDT,2025-08-06 08:00:00,-0.00044194
TACUSDT,2025-08-06 04:00:00,-0.00006482
TACUSDT,2025-08-06 00:00:00,0.00005
TACUSDT,2025-08-05 20:00:00,-0.00014488
TACUSDT,2025-08-05 16:00:00,-0.00008328
TACUSDT,2025-08-05 12:00:00,0.00005
TACUSDT,2025-08-05 08:00:00,0.00005
TACUSDT,2025-08-05 04:00:00,0.00005
TACUSDT,2025-08-05 00:00:00,0.00005
TACUSDT,2025-08-04 20:00:00,0.00005
TACUSDT,2025-08-04 16:00:00,0.00005
TACUSDT,2025-08-04 12:00:00,0.00005
TACUSDT,2025-08-04 08:00:00,0.00005
TACUSDT,2025-08-04 04:00:00,0.00005
TACUSDT,2025-08-04 00:00:00,0.00005
TACUSDT,2025-08-03 20:00:00,0.00005
TACUSDT,2025-08-03 16:00:00,0.00005
TACUSDT,2025-08-03 12:00:00,0.00005
TACUSDT,2025-08-03 08:00:00,0.00005
TACUSDT,2025-08-03 04:00:00,0.00005
TACUSDT,2025-08-03 00:00:00,-0.00036483
TACUSDT,2025-08-02 20:00:00,0.0000353
TACUSDT,2025-08-02 16:00:00,0.00005
TACUSDT,2025-08-02 12:00:00,0.00005
TACUSDT,2025-08-02 08:00:00,0.00005
TACUSDT,2025-08-02 04:00:00,0.00005
TACUSDT,2025-08-02 00:00:00,0.00005
TACUSDT,2025-08-01 20:00:00,0.00005
TACUSDT,2025-08-01 16:00:00,0.00005
TACUSDT,2025-08-01 12:00:00,0.00005
TACUSDT,2025-08-01 08:00:00,0.00005
TACUSDT,2025-08-01 04:00:00,0.00005
TACUSDT,2025-08-01 00:00:00,0.00005
TACUSDT,2025-07-31 20:00:00,0.00005
TACUSDT,2025-07-31 16:00:00,0.00005
TACUSDT,2025-07-31 12:00:00,0.00078016
TACUSDT,2025-07-31 08:00:00,0.00005
TACUSDT,2025-07-31 04:00:00,0.00005
TACUSDT,2025-07-31 00:00:00,-0.00009821
TACUSDT,2025-07-30 20:00:00,0.00005
TACUSDT,2025-07-30 16:00:00,0.00005
TACUSDT,2025-07-30 12:00:00,0.00005
TACUSDT,2025-07-30 08:00:00,0.00005
TACUSDT,2025-07-30 04:00:00,0.00005
TACUSDT,2025-07-30 00:00:00,0.00005
TACUSDT,2025-07-29 20:00:00,0.00005
TACUSDT,2025-07-29 16:00:00,0.00005
TACUSDT,2025-07-29 12:00:00,0.00005
TACUSDT,2025-07-29 08:00:00,0.00005
TACUSDT,2025-07-29 04:00:00,0.00005
TACUSDT,2025-07-29 00:00:00,0.00005
TACUSDT,2025-07-28 20:00:00,0.00005
TACUSDT,2025-07-28 16:00:00,0.00005
TACUSDT,2025-07-28 12:00:00,0.00005
TACUSDT,2025-07-28 08:00:00,0.00005
TACUSDT,2025-07-28 04:00:00,0.00005
TACUSDT,2025-07-28 00:00:00,0.00005
TACUSDT,2025-07-27 20:00:00,0.00005
TACUSDT,2025-07-27 16:00:00,0.00005
TACUSDT,2025-07-27 12:00:00,0.00005
TACUSDT,2025-07-27 08:00:00,0.00005
TACUSDT,2025-07-27 04:00:00,0.00005
TACUSDT,2025-07-27 00:00:00,0.00005
TACUSDT,2025-07-26 20:00:00,0.00005
TACUSDT,2025-07-26 16:00:00,0.00005
TACUSDT,2025-07-26 12:00:00,-0.00028042
TACUSDT,2025-07-26 08:00:00,0.00005
TACUSDT,2025-07-26 04:00:00,0.00005
TACUSDT,2025-07-26 00:00:00,0.00005
TACUSDT,2025-07-25 20:00:00,0.00005
TACUSDT,2025-07-25 16:00:00,0.00005
TACUSDT,2025-07-25 12:00:00,0.00005
TACUSDT,2025-07-25 08:00:00,0.00005
TACUSDT,2025-07-25 04:00:00,0.00005
TACUSDT,2025-07-25 00:00:00,0.00005
TACUSDT,2025-07-24 20:00:00,0.00005
TACUSDT,2025-07-24 16:00:00,0.00005
TACUSDT,2025-07-24 12:00:00,0.00005
TACUSDT,2025-07-24 08:00:00,0.00005
TACUSDT,2025-07-24 04:00:00,0.00009077
TACUSDT,2025-07-24 00:00:00,0.00005
TACUSDT,2025-07-23 20:00:00,0.00005
TACUSDT,2025-07-23 16:00:00,0.00005
TACUSDT,2025-07-23 12:00:00,0.00020575
TACUSDT,2025-07-23 08:00:00,0.000449
TACUSDT,2025-07-23 04:00:00,0.00043694
TACUSDT,2025-07-23 00:00:00,0.00032571
TACUSDT,2025-07-22 20:00:00,0.00005
TACUSDT,2025-07-22 16:00:00,0.00043147
TACUSDT,2025-07-22 12:00:00,0.00005
TACUSDT,2025-07-22 08:00:00,0.00005
TACUSDT,2025-07-22 04:00:00,0.00005
TACUSDT,2025-07-22 00:00:00,0.00034779
TACUSDT,2025-07-21 20:00:00,0.00005
TACUSDT,2025-07-21 16:00:00,0.00018145
TACUSDT,2025-07-21 12:00:00,0.00005
TACUSDT,2025-07-21 08:00:00,0.00005
TACUSDT,2025-07-21 04:00:00,0.00005
TACUSDT,2025-07-21 00:00:00,0.00005
TACUSDT,2025-07-20 20:00:00,0.00005
TACUSDT,2025-07-20 16:00:00,0.00005
TACUSDT,2025-07-20 12:00:00,0.00005
TACUSDT,2025-07-20 08:00:00,0.00005
TACUSDT,2025-07-20 04:00:00,0.00005
TACUSDT,2025-07-20 00:00:00,0.00005
TACUSDT,2025-07-19 20:00:00,0.00005
TACUSDT,2025-07-19 16:00:00,0.00005
TACUSDT,2025-07-19 12:00:00,0.00005
TACUSDT,2025-07-19 08:00:00,0.00005
TACUSDT,2025-07-19 04:00:00,0.00010328
TACUSDT,2025-07-19 00:00:00,0.00005
TACUSDT,2025-07-18 20:00:00,0.00005
TACUSDT,2025-07-18 16:00:00,0.00005
TACUSDT,2025-07-18 12:00:00,0.0001028
TACUSDT,2025-07-18 08:00:00,0.00049258
TACUSDT,2025-07-18 04:00:00,0.00005
TACUSDT,2025-07-18 00:00:00,0.00005
TACUSDT,2025-07-17 20:00:00,0.00005
TACUSDT,2025-07-17 16:00:00,0.00019629
TACUSDT,2025-07-17 12:00:00,0.00005
TACUSDT,2025-07-17 08:00:00,0.00005
TACUSDT,2025-07-17 04:00:00,0.00023499
TACUSDT,2025-07-17 00:00:00,0.00005
TACUSDT,2025-07-16 20:00:00,0.00013037
TACUSDT,2025-07-16 16:00:00,0.0004506
TACUSDT,2025-07-16 12:00:00,0.0002011
TACUSDT,2025-07-16 08:00:00,0.00005
TACUSDT,2025-07-16 04:00:00,0.00005
TACUSDT,2025-07-16 00:00:00,0.00005
TACUSDT,2025-07-15 20:00:00,-0.00070063
TACUSDT,2025-07-15 16:00:00,-0.00000761
TACUSDT,2025-07-15 12:00:00,-0.00179273
TACUSDT,2025-07-15 08:00:00,0.00005
ESUSDT,2025-08-16 00:00:00,0.00005
ESUSDT,2025-08-15 20:00:00,0.00005
ESUSDT,2025-08-15 16:00:00,0.00005
ESUSDT,2025-08-15 12:00:00,0.00005
ESUSDT,2025-08-15 08:00:00,0.00005
ESUSDT,2025-08-15 04:00:00,0.00005
ESUSDT,2025-08-15 00:00:00,0.00005
ESUSDT,2025-08-14 20:00:00,0.00005
ESUSDT,2025-08-14 16:00:00,0.00005
ESUSDT,2025-08-14 12:00:00,0.00000307
ESUSDT,2025-08-14 08:00:00,-0.00042801
ESUSDT,2025-08-14 04:00:00,0.00005
ESUSDT,2025-08-14 00:00:00,0.00005
ESUSDT,2025-08-13 20:00:00,0.00005
ESUSDT,2025-08-13 16:00:00,0.00005
ESUSDT,2025-08-13 12:00:00,0.00005
ESUSDT,2025-08-13 08:00:00,0.00005
ESUSDT,2025-08-13 04:00:00,0.00005
ESUSDT,2025-08-13 00:00:00,0.00005
ESUSDT,2025-08-12 20:00:00,0.00005
ESUSDT,2025-08-12 16:00:00,0.00005
ESUSDT,2025-08-12 12:00:00,0.00005
ESUSDT,2025-08-12 08:00:00,0.00005
ESUSDT,2025-08-12 04:00:00,0.00005
ESUSDT,2025-08-12 00:00:00,0.00005
ESUSDT,2025-08-11 20:00:00,0.00005
ESUSDT,2025-08-11 16:00:00,0.00005
ESUSDT,2025-08-11 12:00:00,0.00005
ESUSDT,2025-08-11 08:00:00,0.00005
ESUSDT,2025-08-11 04:00:00,0.00005
ESUSDT,2025-08-11 00:00:00,0.00005
ESUSDT,2025-08-10 20:00:00,0.00005
ESUSDT,2025-08-10 16:00:00,0.00005
ESUSDT,2025-08-10 12:00:00,0.00005
ESUSDT,2025-08-10 08:00:00,0.00005
ESUSDT,2025-08-10 04:00:00,0.00005
ESUSDT,2025-08-10 00:00:00,0.00005
ESUSDT,2025-08-09 20:00:00,0.00005
ESUSDT,2025-08-09 16:00:00,0.00005
ESUSDT,2025-08-09 12:00:00,0.00005
ESUSDT,2025-08-09 08:00:00,0.00005
ESUSDT,2025-08-09 04:00:00,0.00005
ESUSDT,2025-08-09 00:00:00,0.00005
ESUSDT,2025-08-08 20:00:00,0.00005
ESUSDT,2025-08-08 16:00:00,0.00005
ESUSDT,2025-08-08 12:00:00,0.00005
ESUSDT,2025-08-08 08:00:00,0.00005
ESUSDT,2025-08-08 04:00:00,0.00005
ESUSDT,2025-08-08 00:00:00,0.00005
ESUSDT,2025-08-07 20:00:00,0.00005
ESUSDT,2025-08-07 16:00:00,0.00005
ESUSDT,2025-08-07 12:00:00,0.00005
ESUSDT,2025-08-07 08:00:00,0.00005
ESUSDT,2025-08-07 04:00:00,0.00005
ESUSDT,2025-08-07 00:00:00,0.00005
ESUSDT,2025-08-06 20:00:00,0.00005
ESUSDT,2025-08-06 16:00:00,0.00005
ESUSDT,2025-08-06 12:00:00,0.00005
ESUSDT,2025-08-06 08:00:00,0.00005
ESUSDT,2025-08-06 04:00:00,0.00005
ESUSDT,2025-08-06 00:00:00,0.00005
ESUSDT,2025-08-05 20:00:00,0.00005
ESUSDT,2025-08-05 16:00:00,0.00005
ESUSDT,2025-08-05 12:00:00,0.00005
ESUSDT,2025-08-05 08:00:00,0.00005
ESUSDT,2025-08-05 04:00:00,0.00005
ESUSDT,2025-08-05 00:00:00,0.00005
ESUSDT,2025-08-04 20:00:00,0.00005
ESUSDT,2025-08-04 16:00:00,0.00005
ESUSDT,2025-08-04 12:00:00,0.00005
ESUSDT,2025-08-04 08:00:00,0.00005
ESUSDT,2025-08-04 04:00:00,0.00005
ESUSDT,2025-08-04 00:00:00,0.00005
ESUSDT,2025-08-03 20:00:00,0.00005
ESUSDT,2025-08-03 16:00:00,0.00005
ESUSDT,2025-08-03 12:00:00,0.00005
ESUSDT,2025-08-03 08:00:00,0.00005
ESUSDT,2025-08-03 04:00:00,0.00005
ESUSDT,2025-08-03 00:00:00,0.00005
ESUSDT,2025-08-02 20:00:00,0.00005
ESUSDT,2025-08-02 16:00:00,0.00005
ESUSDT,2025-08-02 12:00:00,0.00005
ESUSDT,2025-08-02 08:00:00,0.00005
ESUSDT,2025-08-02 04:00:00,0.00005
ESUSDT,2025-08-02 00:00:00,0.00005
ESUSDT,2025-08-01 20:00:00,0.00005
ESUSDT,2025-08-01 16:00:00,-0.00011827
ESUSDT,2025-08-01 12:00:00,-0.00246093
ESUSDT,2025-08-01 08:00:00,-0.00074438
ESUSDT,2025-08-01 04:00:00,0.00005
ESUSDT,2025-08-01 00:00:00,0.00005
ESUSDT,2025-07-31 20:00:00,0.00005
ESUSDT,2025-07-31 16:00:00,0.00005
ESUSDT,2025-07-31 12:00:00,0.00005
ESUSDT,2025-07-31 08:00:00,0.00005
ESUSDT,2025-07-31 04:00:00,0.00005
ESUSDT,2025-07-31 00:00:00,0.00005
ESUSDT,2025-07-30 20:00:00,0.00005
ESUSDT,2025-07-30 16:00:00,0.00005
ESUSDT,2025-07-30 12:00:00,0.00005
ESUSDT,2025-07-30 08:00:00,-0.00078306
ESUSDT,2025-07-30 04:00:00,-0.00070973
ESUSDT,2025-07-30 00:00:00,-0.00092808
ESUSDT,2025-07-29 20:00:00,0.00000085
ESUSDT,2025-07-29 16:00:00,-0.00102942
ESUSDT,2025-07-29 12:00:00,-0.00026134
ESUSDT,2025-07-29 08:00:00,0.00005
ESUSDT,2025-07-29 04:00:00,-0.00020581
ESUSDT,2025-07-29 00:00:00,0.00005
ESUSDT,2025-07-28 20:00:00,0.00005
ESUSDT,2025-07-28 16:00:00,0.00005
ESUSDT,2025-07-28 12:00:00,0.00005
ESUSDT,2025-07-28 08:00:00,0.00005
ESUSDT,2025-07-28 04:00:00,0.0002254
ESUSDT,2025-07-28 00:00:00,0.00005
ESUSDT,2025-07-27 20:00:00,0.00005187
ESUSDT,2025-07-27 16:00:00,0.00005393
ESUSDT,2025-07-27 12:00:00,0.00005
ESUSDT,2025-07-27 08:00:00,0.00005
ESUSDT,2025-07-27 04:00:00,0.00005
ESUSDT,2025-07-27 00:00:00,0.00005
ESUSDT,2025-07-26 20:00:00,0.00005
ESUSDT,2025-07-26 16:00:00,0.00005
ESUSDT,2025-07-26 12:00:00,0.00005
ESUSDT,2025-07-26 08:00:00,0.00005
ESUSDT,2025-07-26 04:00:00,0.00005
ESUSDT,2025-07-26 00:00:00,0.00005
ESUSDT,2025-07-25 20:00:00,-0.00123332
ESUSDT,2025-07-25 16:00:00,-0.00014716
ESUSDT,2025-07-25 12:00:00,0.00005
ESUSDT,2025-07-25 08:00:00,0.00005
ESUSDT,2025-07-25 04:00:00,-0.00009145
ESUSDT,2025-07-25 00:00:00,-0.00114101
ESUSDT,2025-07-24 20:00:00,-0.00075845
ESUSDT,2025-07-24 16:00:00,-0.00129754
ESUSDT,2025-07-24 12:00:00,0.00005
ESUSDT,2025-07-24 08:00:00,0.00005
ESUSDT,2025-07-24 04:00:00,0.00005
ESUSDT,2025-07-24 00:00:00,0.00005
ESUSDT,2025-07-23 20:00:00,0.00005
ESUSDT,2025-07-23 16:00:00,0.00005
ESUSDT,2025-07-23 12:00:00,0.00005
ESUSDT,2025-07-23 08:00:00,0.00005
ESUSDT,2025-07-23 04:00:00,0.00005
ESUSDT,2025-07-23 00:00:00,-0.00006839
ESUSDT,2025-07-22 20:00:00,-0.00067344
ESUSDT,2025-07-22 16:00:00,-0.0006171
ESUSDT,2025-07-22 12:00:00,0.00005
ESUSDT,2025-07-22 08:00:00,-0.00041986
ESUSDT,2025-07-22 04:00:00,-0.0010955
ESUSDT,2025-07-22 00:00:00,0.00005
ESUSDT,2025-07-21 20:00:00,-0.00150099
ESUSDT,2025-07-21 16:00:00,-0.00022352
ESUSDT,2025-07-21 12:00:00,-0.00091054
ESUSDT,2025-07-21 08:00:00,-0.00075272
ESUSDT,2025-07-21 04:00:00,0.00005
ESUSDT,2025-07-21 00:00:00,-0.0004444
ESUSDT,2025-07-20 20:00:00,-0.00004154
ESUSDT,2025-07-20 16:00:00,-0.00113366
ESUSDT,2025-07-20 12:00:00,0.00005
ESUSDT,2025-07-20 08:00:00,0.00005
ESUSDT,2025-07-20 04:00:00,0.00005
ESUSDT,2025-07-20 00:00:00,0.00005
ESUSDT,2025-07-19 20:00:00,-0.00054218
ESUSDT,2025-07-19 16:00:00,-0.00199667
ESUSDT,2025-07-19 12:00:00,-0.00004892
ESUSDT,2025-07-19 08:00:00,0.00005
ESUSDT,2025-07-19 04:00:00,0.00005
ESUSDT,2025-07-19 00:00:00,-0.00052088
ESUSDT,2025-07-18 20:00:00,-0.00073159
ESUSDT,2025-07-18 16:00:00,-0.00026178
ESUSDT,2025-07-18 12:00:00,0.00005
ESUSDT,2025-07-18 08:00:00,-0.00014449
ESUSDT,2025-07-18 04:00:00,0.00005
ESUSDT,2025-07-18 00:00:00,0.00005
ESUSDT,2025-07-17 20:00:00,0.00005
ESUSDT,2025-07-17 16:00:00,-0.00057068
ESUSDT,2025-07-17 12:00:00,-0.00061816
ESUSDT,2025-07-17 08:00:00,-0.00215877
ESUSDT,2025-07-17 04:00:00,-0.00256985
ESUSDT,2025-07-17 00:00:00,-0.00195207
ESUSDT,2025-07-16 20:00:00,-0.00036772
ESUSDT,2025-07-16 16:00:00,-0.00362805
ESUSDT,2025-07-16 12:00:00,-0.00429483
ESUSDT,2025-07-16 08:00:00,0.00005
ERAUSDT,2025-08-17 00:00:00,0.0000125
ERAUSDT,2025-08-16 23:00:00,0.0000125
ERAUSDT,2025-08-16 22:00:00,0.0000125
ERAUSDT,2025-08-16 21:00:00,-0.00019282
ERAUSDT,2025-08-16 20:00:00,-0.00015303
ERAUSDT,2025-08-16 19:00:00,-0.00005818
ERAUSDT,2025-08-16 18:00:00,0.0000125
ERAUSDT,2025-08-16 17:00:00,-0.00002919
ERAUSDT,2025-08-16 16:00:00,-0.00003832
ERAUSDT,2025-08-16 15:00:00,0.00000563
ERAUSDT,2025-08-16 14:00:00,-0.00000978
ERAUSDT,2025-08-16 13:00:00,0.00001249
ERAUSDT,2025-08-16 12:00:00,0.0000125
ERAUSDT,2025-08-16 11:00:00,0.0000125
ERAUSDT,2025-08-16 10:00:00,-0.0000942
ERAUSDT,2025-08-16 09:00:00,-0.00009667
ERAUSDT,2025-08-16 08:00:00,-0.00003069
ERAUSDT,2025-08-16 07:00:00,-0.00014602
ERAUSDT,2025-08-16 06:00:00,0.0000125
ERAUSDT,2025-08-16 05:00:00,-0.00046957
ERAUSDT,2025-08-16 04:00:00,-0.00015799
ERAUSDT,2025-08-16 03:00:00,0.0000125
ERAUSDT,2025-08-16 02:00:00,-0.00008789
ERAUSDT,2025-08-16 01:00:00,0.0000125
ERAUSDT,2025-08-16 00:00:00,0.0000125
ERAUSDT,2025-08-15 23:00:00,0.0000125
ERAUSDT,2025-08-15 22:00:00,0.0000125
ERAUSDT,2025-08-15 21:00:00,0.00000161
ERAUSDT,2025-08-15 20:00:00,0.0000125
ERAUSDT,2025-08-15 19:00:00,0.0000125
ERAUSDT,2025-08-15 18:00:00,-0.00005382
ERAUSDT,2025-08-15 17:00:00,0.0000125
ERAUSDT,2025-08-15 16:00:00,0.0000125
ERAUSDT,2025-08-15 15:00:00,-0.00000273
ERAUSDT,2025-08-15 14:00:00,-0.00001749
ERAUSDT,2025-08-15 13:00:00,0.0000125
ERAUSDT,2025-08-15 12:00:00,0.0000125
ERAUSDT,2025-08-15 11:00:00,0.0000125
ERAUSDT,2025-08-15 10:00:00,-0.00004204
ERAUSDT,2025-08-15 09:00:00,-0.00000021
ERAUSDT,2025-08-15 08:00:00,0.0000125
ERAUSDT,2025-08-15 07:00:00,0.0000125
ERAUSDT,2025-08-15 06:00:00,0.0000125
ERAUSDT,2025-08-15 05:00:00,-0.00005957
ERAUSDT,2025-08-15 04:00:00,0.0000125
ERAUSDT,2025-08-15 03:00:00,0.0000125
ERAUSDT,2025-08-15 02:00:00,0.0000125
ERAUSDT,2025-08-15 01:00:00,-0.00005287
ERAUSDT,2025-08-15 00:00:00,0.0000125
ERAUSDT,2025-08-14 23:00:00,0.0000125
ERAUSDT,2025-08-14 22:00:00,0.0000125
ERAUSDT,2025-08-14 21:00:00,0.0000125
ERAUSDT,2025-08-14 20:00:00,0.0000125
ERAUSDT,2025-08-14 19:00:00,0.0000125
ERAUSDT,2025-08-14 18:00:00,0.0000125
ERAUSDT,2025-08-14 17:00:00,0.0000125
ERAUSDT,2025-08-14 16:00:00,0.0000125
ERAUSDT,2025-08-14 15:00:00,0.0000125
ERAUSDT,2025-08-14 14:00:00,0.0000125
ERAUSDT,2025-08-14 13:00:00,0.0000125
ERAUSDT,2025-08-14 12:00:00,0.0000125
ERAUSDT,2025-08-14 11:00:00,0.0000125
ERAUSDT,2025-08-14 10:00:00,0.0000125
ERAUSDT,2025-08-14 09:00:00,0.0000125
ERAUSDT,2025-08-14 08:00:00,0.0000125
ERAUSDT,2025-08-14 07:00:00,0.0000125
ERAUSDT,2025-08-14 06:00:00,0.0000125
ERAUSDT,2025-08-14 05:00:00,0.00011928
ERAUSDT,2025-08-14 04:00:00,0.00008029
ERAUSDT,2025-08-14 03:00:00,0.0000125
ERAUSDT,2025-08-14 02:00:00,0.0000125
ERAUSDT,2025-08-14 01:00:00,0.0000125
ERAUSDT,2025-08-14 00:00:00,0.00005099
ERAUSDT,2025-08-13 23:00:00,0.0000125
ERAUSDT,2025-08-13 22:00:00,0.0000125
ERAUSDT,2025-08-13 21:00:00,0.0000125
ERAUSDT,2025-08-13 20:00:00,0.0000125
ERAUSDT,2025-08-13 19:00:00,0.0000125
ERAUSDT,2025-08-13 18:00:00,0.0000125
ERAUSDT,2025-08-13 17:00:00,0.0000125
ERAUSDT,2025-08-13 16:00:00,0.0000956
ERAUSDT,2025-08-13 15:00:00,0.0000125
ERAUSDT,2025-08-13 14:00:00,0.00032211
ERAUSDT,2025-08-13 13:00:00,0.0000125
ERAUSDT,2025-08-13 12:00:00,0.0000125
ERAUSDT,2025-08-13 11:00:00,0.0000125
ERAUSDT,2025-08-13 10:00:00,0.0000125
ERAUSDT,2025-08-13 09:00:00,0.0000125
ERAUSDT,2025-08-13 08:00:00,0.0000125
ERAUSDT,2025-08-13 07:00:00,0.0000125
ERAUSDT,2025-08-13 06:00:00,0.0000125
ERAUSDT,2025-08-13 05:00:00,0.0000125
ERAUSDT,2025-08-13 04:00:00,0.0000125
ERAUSDT,2025-08-13 03:00:00,0.0000125
ERAUSDT,2025-08-13 02:00:00,0.0000125
ERAUSDT,2025-08-13 01:00:00,0.0000125
ERAUSDT,2025-08-13 00:00:00,-0.00009743
ERAUSDT,2025-08-12 23:00:00,0.0000125
ERAUSDT,2025-08-12 22:00:00,0.0000125
ERAUSDT,2025-08-12 21:00:00,0.0000125
ERAUSDT,2025-08-12 20:00:00,0.0000125
ERAUSDT,2025-08-12 19:00:00,0.0000125
ERAUSDT,2025-08-12 18:00:00,0.0000125
ERAUSDT,2025-08-12 17:00:00,0.0000125
ERAUSDT,2025-08-12 16:00:00,0.0000125
ERAUSDT,2025-08-12 15:00:00,0.0000125
ERAUSDT,2025-08-12 14:00:00,0.0000125
ERAUSDT,2025-08-12 13:00:00,0.0000125
ERAUSDT,2025-08-12 12:00:00,0.0000125
ERAUSDT,2025-08-12 11:00:00,-0.00007191
ERAUSDT,2025-08-12 10:00:00,0.0000125
ERAUSDT,2025-08-12 09:00:00,0.0000125
ERAUSDT,2025-08-12 08:00:00,0.0000125
ERAUSDT,2025-08-12 07:00:00,0.0000125
ERAUSDT,2025-08-12 06:00:00,0.0000125
ERAUSDT,2025-08-12 05:00:00,0.0000125
ERAUSDT,2025-08-12 04:00:00,-0.0001161
ERAUSDT,2025-08-12 03:00:00,-0.00063901
ERAUSDT,2025-08-12 02:00:00,-0.00093093
ERAUSDT,2025-08-12 01:00:00,-0.00128617
ERAUSDT,2025-08-12 00:00:00,-0.00050329
ERAUSDT,2025-08-11 23:00:00,-0.00031249
ERAUSDT,2025-08-11 22:00:00,-0.0002656
ERAUSDT,2025-08-11 21:00:00,-0.00029975
ERAUSDT,2025-08-11 20:00:00,-0.00049194
ERAUSDT,2025-08-11 19:00:00,-0.00039443
ERAUSDT,2025-08-11 18:00:00,-0.00041481
ERAUSDT,2025-08-11 17:00:00,-0.0001632
ERAUSDT,2025-08-11 16:00:00,0.0000125
ERAUSDT,2025-08-11 15:00:00,-0.00029815
ERAUSDT,2025-08-11 14:00:00,-0.00034078
ERAUSDT,2025-08-11 13:00:00,-0.000242
ERAUSDT,2025-08-11 12:00:00,-0.00046665
ERAUSDT,2025-08-11 11:00:00,-0.00009486
ERAUSDT,2025-08-11 10:00:00,-0.00039641
ERAUSDT,2025-08-11 09:00:00,-0.00047224
ERAUSDT,2025-08-11 08:00:00,-0.00029631
ERAUSDT,2025-08-11 07:00:00,-0.00021725
ERAUSDT,2025-08-11 06:00:00,-0.00023801
ERAUSDT,2025-08-11 05:00:00,-0.00011983
ERAUSDT,2025-08-11 04:00:00,-0.00045764
ERAUSDT,2025-08-11 03:00:00,-0.00051257
ERAUSDT,2025-08-11 02:00:00,-0.00056223
ERAUSDT,2025-08-11 01:00:00,-0.00065707
ERAUSDT,2025-08-11 00:00:00,-0.00044148
ERAUSDT,2025-08-10 23:00:00,-0.00030735
ERAUSDT,2025-08-10 22:00:00,-0.00013877
ERAUSDT,2025-08-10 21:00:00,-0.00018693
ERAUSDT,2025-08-10 20:00:00,-0.00012534
ERAUSDT,2025-08-10 19:00:00,-0.00001151
ERAUSDT,2025-08-10 18:00:00,-0.0002703
ERAUSDT,2025-08-10 17:00:00,-0.00017768
ERAUSDT,2025-08-10 16:00:00,-0.00055982
ERAUSDT,2025-08-10 15:00:00,-0.00062339
ERAUSDT,2025-08-10 14:00:00,-0.00036331
ERAUSDT,2025-08-10 13:00:00,-0.00058017
ERAUSDT,2025-08-10 12:00:00,-0.00006241
ERAUSDT,2025-08-10 11:00:00,0.00000746
ERAUSDT,2025-08-10 10:00:00,-0.00009764
ERAUSDT,2025-08-10 09:00:00,-0.00033624
ERAUSDT,2025-08-10 08:00:00,-0.00000414
ERAUSDT,2025-08-10 07:00:00,-0.00018655
ERAUSDT,2025-08-10 06:00:00,-0.00008614
ERAUSDT,2025-08-10 05:00:00,-0.00023358
ERAUSDT,2025-08-10 04:00:00,-0.00129159
ERAUSDT,2025-08-10 03:00:00,-0.00187811
ERAUSDT,2025-08-10 02:00:00,-0.00092796
ERAUSDT,2025-08-10 01:00:00,-0.00030672
ERAUSDT,2025-08-10 00:00:00,-0.00015318
ERAUSDT,2025-08-09 23:00:00,0.0000125
ERAUSDT,2025-08-09 22:00:00,0.0000125
ERAUSDT,2025-08-09 21:00:00,0.0000125
ERAUSDT,2025-08-09 20:00:00,0.0000125
ERAUSDT,2025-08-09 19:00:00,0.0000125
ERAUSDT,2025-08-09 18:00:00,0.0000125
ERAUSDT,2025-08-09 17:00:00,0.0000125
ERAUSDT,2025-08-09 16:00:00,0.0000125
ERAUSDT,2025-08-09 15:00:00,0.0000125
ERAUSDT,2025-08-09 14:00:00,0.0000125
ERAUSDT,2025-08-09 13:00:00,0.0000125
ERAUSDT,2025-08-09 12:00:00,0.0000125
ERAUSDT,2025-08-09 11:00:00,0.0000125
ERAUSDT,2025-08-09 10:00:00,0.0000125
ERAUSDT,2025-08-09 09:00:00,0.0000125
ERAUSDT,2025-08-09 08:00:00,0.0000125
ERAUSDT,2025-08-09 07:00:00,0.0000125
ERAUSDT,2025-08-09 06:00:00,0.0000125
ERAUSDT,2025-08-09 05:00:00,0.0000125
ERAUSDT,2025-08-09 04:00:00,0.0000125
ERAUSDT,2025-08-09 03:00:00,0.0000125
ERAUSDT,2025-08-09 02:00:00,0.0000125
ERAUSDT,2025-08-09 01:00:00,0.0000125
ERAUSDT,2025-08-09 00:00:00,0.0000125
ERAUSDT,2025-08-08 23:00:00,0.0000125
ERAUSDT,2025-08-08 22:00:00,0.0000125
ERAUSDT,2025-08-08 21:00:00,0.0000125
ERAUSDT,2025-08-08 20:00:00,0.0000125
ERAUSDT,2025-08-08 19:00:00,0.0000125
ERAUSDT,2025-08-08 18:00:00,0.0000125
ERAUSDT,2025-08-08 17:00:00,0.0000125
TAUSDT,2025-08-21 00:00:00,0.00005
TAUSDT,2025-08-20 20:00:00,0.00005
TAUSDT,2025-08-20 16:00:00,0.00005
TAUSDT,2025-08-20 12:00:00,0.00005
TAUSDT,2025-08-20 08:00:00,0.00005
TAUSDT,2025-08-20 04:00:00,0.00005
TAUSDT,2025-08-20 00:00:00,0.00005
TAUSDT,2025-08-19 20:00:00,0.00005
TAUSDT,2025-08-19 16:00:00,0.00005
TAUSDT,2025-08-19 12:00:00,0.00005
TAUSDT,2025-08-19 08:00:00,0.00005
TAUSDT,2025-08-19 04:00:00,0.00005
TAUSDT,2025-08-19 00:00:00,0.00005
TAUSDT,2025-08-18 20:00:00,0.00005
TAUSDT,2025-08-18 16:00:00,0.00005
TAUSDT,2025-08-18 12:00:00,0.00005
TAUSDT,2025-08-18 08:00:00,0.00005
TAUSDT,2025-08-18 04:00:00,0.00005
TAUSDT,2025-08-18 00:00:00,0.00005
TAUSDT,2025-08-17 20:00:00,0.00005
TAUSDT,2025-08-17 16:00:00,0.00005
TAUSDT,2025-08-17 12:00:00,0.00005
TAUSDT,2025-08-17 08:00:00,0.00005
TAUSDT,2025-08-17 04:00:00,0.00005
TAUSDT,2025-08-17 00:00:00,0.00005
TAUSDT,2025-08-16 20:00:00,0.00005
TAUSDT,2025-08-16 16:00:00,0.00005
TAUSDT,2025-08-16 12:00:00,0.00005
TAUSDT,2025-08-16 08:00:00,0.00005
TAUSDT,2025-08-16 04:00:00,0.00005
TAUSDT,2025-08-16 00:00:00,0.00005
TAUSDT,2025-08-15 20:00:00,0.00005
TAUSDT,2025-08-15 16:00:00,0.00005
TAUSDT,2025-08-15 12:00:00,0.00005
TAUSDT,2025-08-15 08:00:00,0.00005
TAUSDT,2025-08-15 04:00:00,0.00005
TAUSDT,2025-08-15 00:00:00,0.00005
TAUSDT,2025-08-14 20:00:00,0.00005
TAUSDT,2025-08-14 16:00:00,0.00005
TAUSDT,2025-08-14 12:00:00,0.00005
TAUSDT,2025-08-14 08:00:00,0.00005
TAUSDT,2025-08-14 04:00:00,0.00005
TAUSDT,2025-08-14 00:00:00,0.00005
TAUSDT,2025-08-13 20:00:00,0.00005
TAUSDT,2025-08-13 16:00:00,0.00005
TAUSDT,2025-08-13 12:00:00,0.00005
TAUSDT,2025-08-13 08:00:00,0.00005
TAUSDT,2025-08-13 04:00:00,0.00005
TAUSDT,2025-08-13 00:00:00,0.00005
TAUSDT,2025-08-12 20:00:00,0.00005
TAUSDT,2025-08-12 16:00:00,0.00005
TAUSDT,2025-08-12 12:00:00,0.00005
TAUSDT,2025-08-12 08:00:00,0.00005
TAUSDT,2025-08-12 04:00:00,0.00005
TAUSDT,2025-08-12 00:00:00,0.00005
TAUSDT,2025-08-11 20:00:00,0.00005
TAUSDT,2025-08-11 16:00:00,0.00005
TAUSDT,2025-08-11 12:00:00,0.00005
TAUSDT,2025-08-11 08:00:00,0.00005
TAUSDT,2025-08-11 04:00:00,0.00005
TAUSDT,2025-08-11 00:00:00,0.00005
TAUSDT,2025-08-10 20:00:00,0.00005
TAUSDT,2025-08-10 16:00:00,0.00005
TAUSDT,2025-08-10 12:00:00,0.00005
TAUSDT,2025-08-10 08:00:00,0.00005
TAUSDT,2025-08-10 04:00:00,0.00005
TAUSDT,2025-08-10 00:00:00,0.00005
TAUSDT,2025-08-09 20:00:00,0.00005
TAUSDT,2025-08-09 16:00:00,0.00005
TAUSDT,2025-08-09 12:00:00,0.0001013
TAUSDT,2025-08-09 08:00:00,0.00005
TAUSDT,2025-08-09 04:00:00,0.00005
TAUSDT,2025-08-09 00:00:00,0.00005
TAUSDT,2025-08-08 20:00:00,0.00005
TAUSDT,2025-08-08 16:00:00,0.00005
TAUSDT,2025-08-08 12:00:00,0.00005
TAUSDT,2025-08-08 08:00:00,0.00005
TAUSDT,2025-08-08 04:00:00,0.00005
TAUSDT,2025-08-08 00:00:00,0.00005
TAUSDT,2025-08-07 20:00:00,0.00005
TAUSDT,2025-08-07 16:00:00,0.00005
TAUSDT,2025-08-07 12:00:00,0.00005
TAUSDT,2025-08-07 08:00:00,0.00005
TAUSDT,2025-08-07 04:00:00,0.00005
TAUSDT,2025-08-07 00:00:00,0.00005
TAUSDT,2025-08-06 20:00:00,0.00005
TAUSDT,2025-08-06 16:00:00,0.00005
TAUSDT,2025-08-06 12:00:00,0.00005
TAUSDT,2025-08-06 08:00:00,0.00005
TAUSDT,2025-08-06 04:00:00,0.00005
TAUSDT,2025-08-06 00:00:00,0.00005
TAUSDT,2025-08-05 20:00:00,0.00005
TAUSDT,2025-08-05 16:00:00,0.00005
TAUSDT,2025-08-05 12:00:00,0.00005
TAUSDT,2025-08-05 08:00:00,0.00005
TAUSDT,2025-08-05 04:00:00,0.00005
TAUSDT,2025-08-05 00:00:00,0.00005
TAUSDT,2025-08-04 20:00:00,0.00005
TAUSDT,2025-08-04 16:00:00,0.00005
TAUSDT,2025-08-04 12:00:00,0.00005
TAUSDT,2025-08-04 08:00:00,0.00005
TAUSDT,2025-08-04 04:00:00,0.00005
TAUSDT,2025-08-04 00:00:00,0.00005
TAUSDT,2025-08-03 20:00:00,0.00005
TAUSDT,2025-08-03 16:00:00,0.00005
TAUSDT,2025-08-03 12:00:00,0.00005
TAUSDT,2025-08-03 08:00:00,0.00005
TAUSDT,2025-08-03 04:00:00,0.00005
TAUSDT,2025-08-03 00:00:00,0.00005
TAUSDT,2025-08-02 20:00:00,0.00005
TAUSDT,2025-08-02 16:00:00,0.00005
TAUSDT,2025-08-02 12:00:00,0.00005
TAUSDT,2025-08-02 08:00:00,0.00005
TAUSDT,2025-08-02 04:00:00,0.00005
TAUSDT,2025-08-02 00:00:00,0.00005
TAUSDT,2025-08-01 20:00:00,0.00005
TAUSDT,2025-08-01 16:00:00,0.00005
TAUSDT,2025-08-01 12:00:00,0.00005
TAUSDT,2025-08-01 08:00:00,0.00005
TAUSDT,2025-08-01 04:00:00,0.00005
TAUSDT,2025-08-01 00:00:00,0.00005
TAUSDT,2025-07-31 20:00:00,0.00005
TAUSDT,2025-07-31 16:00:00,0.00005
TAUSDT,2025-07-31 12:00:00,0.00005
TAUSDT,2025-07-31 08:00:00,0.00005
TAUSDT,2025-07-31 04:00:00,0.00005
TAUSDT,2025-07-31 00:00:00,0.00005
TAUSDT,2025-07-30 20:00:00,0.00005
TAUSDT,2025-07-30 16:00:00,0.00005
TAUSDT,2025-07-30 12:00:00,0.00005
TAUSDT,2025-07-30 08:00:00,0.00005
TAUSDT,2025-07-30 04:00:00,0.00005
TAUSDT,2025-07-30 00:00:00,0.00005
TAUSDT,2025-07-29 20:00:00,0.00005
TAUSDT,2025-07-29 16:00:00,0.00005
TAUSDT,2025-07-29 12:00:00,0.00005
TAUSDT,2025-07-29 08:00:00,0.00005
TAUSDT,2025-07-29 04:00:00,0.00005
TAUSDT,2025-07-29 00:00:00,0.00005
TAUSDT,2025-07-28 20:00:00,0.00005
TAUSDT,2025-07-28 16:00:00,0.00005
TAUSDT,2025-07-28 12:00:00,0.00005
TAUSDT,2025-07-28 08:00:00,0.00005
TAUSDT,2025-07-28 04:00:00,0.00005
TAUSDT,2025-07-28 00:00:00,0.00005
TAUSDT,2025-07-27 20:00:00,0.00005
TAUSDT,2025-07-27 16:00:00,0.00005
TAUSDT,2025-07-27 12:00:00,0.00005
TAUSDT,2025-07-27 08:00:00,0.00005
TAUSDT,2025-07-27 04:00:00,0.00005
TAUSDT,2025-07-27 00:00:00,0.00005
TAUSDT,2025-07-26 20:00:00,0.00005
TAUSDT,2025-07-26 16:00:00,0.00005
TAUSDT,2025-07-26 12:00:00,0.00005
TAUSDT,2025-07-26 08:00:00,0.00005
TAUSDT,2025-07-26 04:00:00,0.00005
TAUSDT,2025-07-26 00:00:00,0.00005
TAUSDT,2025-07-25 20:00:00,0.00005
TAUSDT,2025-07-25 16:00:00,0.00005
TAUSDT,2025-07-25 12:00:00,0.00005
TAUSDT,2025-07-25 08:00:00,0.00005
TAUSDT,2025-07-25 04:00:00,0.00005
TAUSDT,2025-07-25 00:00:00,0.00005
TAUSDT,2025-07-24 20:00:00,0.00005
TAUSDT,2025-07-24 16:00:00,0.00005
TAUSDT,2025-07-24 12:00:00,0.00005
TAUSDT,2025-07-24 08:00:00,0.00005
TAUSDT,2025-07-24 04:00:00,0.00005
TAUSDT,2025-07-24 00:00:00,0.00005
TAUSDT,2025-07-23 20:00:00,0.00005
TAUSDT,2025-07-23 16:00:00,0.00005
TAUSDT,2025-07-23 12:00:00,0.00005
TAUSDT,2025-07-23 08:00:00,0.00005
TAUSDT,2025-07-23 04:00:00,0.00005
TAUSDT,2025-07-23 00:00:00,0.00102167
TAUSDT,2025-07-22 20:00:00,0.00021184
TAUSDT,2025-07-22 16:00:00,0.0003244
TAUSDT,2025-07-22 12:00:00,0.00005
TAUSDT,2025-07-22 08:00:00,0.00042895
TAUSDT,2025-07-22 04:00:00,0.00005
TAUSDT,2025-07-22 00:00:00,0.00059978
TAUSDT,2025-07-21 20:00:00,0.00089065
TAUSDT,2025-07-21 16:00:00,0.0003326
TAUSDT,2025-07-21 12:00:00,0.00025443
TAUSDT,2025-07-21 08:00:00,0.00005
TREEUSDT,2025-08-29 00:00:00,-0.00023507
TREEUSDT,2025-08-28 23:00:00,-0.00062743
TREEUSDT,2025-08-28 22:00:00,-0.00045196
TREEUSDT,2025-08-28 21:00:00,-0.00006885
TREEUSDT,2025-08-28 20:00:00,-0.00031696
TREEUSDT,2025-08-28 19:00:00,-0.00039075
TREEUSDT,2025-08-28 18:00:00,-0.00026349
TREEUSDT,2025-08-28 17:00:00,-0.00106937
TREEUSDT,2025-08-28 16:00:00,-0.0008605
TREEUSDT,2025-08-28 15:00:00,-0.00145317
TREEUSDT,2025-08-28 14:00:00,-0.00386876
TREEUSDT,2025-08-28 13:00:00,-0.00559846
TREEUSDT,2025-08-28 12:00:00,-0.00523718
TREEUSDT,2025-08-28 11:00:00,-0.00277496
TREEUSDT,2025-08-28 10:00:00,-0.00376685
TREEUSDT,2025-08-28 09:00:00,-0.00725621
TREEUSDT,2025-08-28 08:00:00,-0.008
TREEUSDT,2025-08-28 04:00:00,0.00005
TREEUSDT,2025-08-28 00:00:00,0.00005
TREEUSDT,2025-08-27 20:00:00,-0.0000383
TREEUSDT,2025-08-27 16:00:00,0.00000598
TREEUSDT,2025-08-27 12:00:00,-0.00003426
TREEUSDT,2025-08-27 08:00:00,0.00005
TREEUSDT,2025-08-27 04:00:00,0.00005
TREEUSDT,2025-08-27 00:00:00,0.00005
TREEUSDT,2025-08-26 20:00:00,0.00005
TREEUSDT,2025-08-26 16:00:00,0.00005
TREEUSDT,2025-08-26 12:00:00,0.00005
TREEUSDT,2025-08-26 08:00:00,0.00003785
TREEUSDT,2025-08-26 04:00:00,0.00005
TREEUSDT,2025-08-26 00:00:00,0.00005
TREEUSDT,2025-08-25 20:00:00,-0.00002269
TREEUSDT,2025-08-25 16:00:00,-0.00015246
TREEUSDT,2025-08-25 12:00:00,0.00005
TREEUSDT,2025-08-25 08:00:00,0.00005
TREEUSDT,2025-08-25 04:00:00,0.00005
TREEUSDT,2025-08-25 00:00:00,0.00005
TREEUSDT,2025-08-24 20:00:00,0.00005
TREEUSDT,2025-08-24 16:00:00,0.00005
TREEUSDT,2025-08-24 12:00:00,0.00005
TREEUSDT,2025-08-24 08:00:00,0.00005
TREEUSDT,2025-08-24 04:00:00,0.00005
TREEUSDT,2025-08-24 00:00:00,0.00005
TREEUSDT,2025-08-23 20:00:00,0.00005
TREEUSDT,2025-08-23 16:00:00,0.00005
TREEUSDT,2025-08-23 12:00:00,0.00005
TREEUSDT,2025-08-23 08:00:00,0.00005
TREEUSDT,2025-08-23 04:00:00,0.00005
TREEUSDT,2025-08-23 00:00:00,0.00005
TREEUSDT,2025-08-22 20:00:00,0.00005
TREEUSDT,2025-08-22 16:00:00,0.00005
TREEUSDT,2025-08-22 12:00:00,0.00005
TREEUSDT,2025-08-22 08:00:00,0.00005
TREEUSDT,2025-08-22 04:00:00,0.00005
TREEUSDT,2025-08-22 00:00:00,0.00005
TREEUSDT,2025-08-21 20:00:00,0.00005
TREEUSDT,2025-08-21 16:00:00,0.00001994
TREEUSDT,2025-08-21 12:00:00,0.00005
TREEUSDT,2025-08-21 08:00:00,0.00005
TREEUSDT,2025-08-21 04:00:00,0.00005
TREEUSDT,2025-08-21 00:00:00,0.00005
TREEUSDT,2025-08-20 20:00:00,0.00004953
TREEUSDT,2025-08-20 16:00:00,0.00002044
TREEUSDT,2025-08-20 12:00:00,0.00005
TREEUSDT,2025-08-20 08:00:00,0.00005
TREEUSDT,2025-08-20 04:00:00,0.00005
TREEUSDT,2025-08-20 00:00:00,0.00005
TREEUSDT,2025-08-19 20:00:00,0.00005
TREEUSDT,2025-08-19 16:00:00,0.00005
TREEUSDT,2025-08-19 12:00:00,0.00005
TREEUSDT,2025-08-19 08:00:00,0.00005
TREEUSDT,2025-08-19 04:00:00,0.00005
TREEUSDT,2025-08-19 00:00:00,0.00005
TREEUSDT,2025-08-18 20:00:00,0.00005
TREEUSDT,2025-08-18 16:00:00,0.00005
TREEUSDT,2025-08-18 12:00:00,0.00005
TREEUSDT,2025-08-18 08:00:00,0.00005
TREEUSDT,2025-08-18 04:00:00,0.00005
TREEUSDT,2025-08-18 00:00:00,0.00005
TREEUSDT,2025-08-17 20:00:00,0.00005
TREEUSDT,2025-08-17 16:00:00,0.00005
TREEUSDT,2025-08-17 12:00:00,0.00005
TREEUSDT,2025-08-17 08:00:00,-0.00000393
TREEUSDT,2025-08-17 04:00:00,0.00005
TREEUSDT,2025-08-17 00:00:00,0.00005
TREEUSDT,2025-08-16 20:00:00,0.00005
TREEUSDT,2025-08-16 16:00:00,0.00005
TREEUSDT,2025-08-16 12:00:00,0.00005
TREEUSDT,2025-08-16 08:00:00,0.00005
TREEUSDT,2025-08-16 04:00:00,0.00005
TREEUSDT,2025-08-16 00:00:00,0.00005
TREEUSDT,2025-08-15 20:00:00,0.00005
TREEUSDT,2025-08-15 16:00:00,0.00005
TREEUSDT,2025-08-15 12:00:00,0.00005
TREEUSDT,2025-08-15 08:00:00,0.00005
TREEUSDT,2025-08-15 04:00:00,-0.00017944
TREEUSDT,2025-08-15 00:00:00,0.00005
TREEUSDT,2025-08-14 20:00:00,0.00005
TREEUSDT,2025-08-14 16:00:00,-0.00017035
TREEUSDT,2025-08-14 12:00:00,0.00005
TREEUSDT,2025-08-14 08:00:00,0.00005
TREEUSDT,2025-08-14 04:00:00,0.00005
TREEUSDT,2025-08-14 00:00:00,0.00005
TREEUSDT,2025-08-13 20:00:00,0.00005
TREEUSDT,2025-08-13 16:00:00,0.00005
TREEUSDT,2025-08-13 12:00:00,0.000083
TREEUSDT,2025-08-13 08:00:00,0.00005
TREEUSDT,2025-08-13 04:00:00,0.00005
TREEUSDT,2025-08-13 00:00:00,0.00005
TREEUSDT,2025-08-12 20:00:00,0.00005
TREEUSDT,2025-08-12 16:00:00,0.00005
TREEUSDT,2025-08-12 12:00:00,0.00005
TREEUSDT,2025-08-12 08:00:00,0.00005
TREEUSDT,2025-08-12 04:00:00,0.00005
TREEUSDT,2025-08-12 00:00:00,0.00005
TREEUSDT,2025-08-11 20:00:00,0.00005
TREEUSDT,2025-08-11 16:00:00,0.00005
TREEUSDT,2025-08-11 12:00:00,0.00005
TREEUSDT,2025-08-11 08:00:00,0.00005
TREEUSDT,2025-08-11 04:00:00,0.00005
TREEUSDT,2025-08-11 00:00:00,0.00005
TREEUSDT,2025-08-10 20:00:00,0.00005
TREEUSDT,2025-08-10 16:00:00,0.00005
TREEUSDT,2025-08-10 12:00:00,0.00005
TREEUSDT,2025-08-10 08:00:00,0.00005
TREEUSDT,2025-08-10 04:00:00,0.00005
TREEUSDT,2025-08-10 00:00:00,0.00005
TREEUSDT,2025-08-09 20:00:00,0.00005
TREEUSDT,2025-08-09 16:00:00,0.00005
TREEUSDT,2025-08-09 12:00:00,0.00005
TREEUSDT,2025-08-09 08:00:00,0.00005
TREEUSDT,2025-08-09 04:00:00,-0.00013862
TREEUSDT,2025-08-09 00:00:00,-0.00006625
TREEUSDT,2025-08-08 20:00:00,-0.00006019
TREEUSDT,2025-08-08 16:00:00,0.00005
TREEUSDT,2025-08-08 12:00:00,-0.00025523
TREEUSDT,2025-08-08 08:00:00,-0.00263992
TREEUSDT,2025-08-08 04:00:00,0.00005
TREEUSDT,2025-08-08 00:00:00,0.00005
TREEUSDT,2025-08-07 20:00:00,0.00005
TREEUSDT,2025-08-07 16:00:00,0.00005
TREEUSDT,2025-08-07 12:00:00,0.00005
TREEUSDT,2025-08-07 08:00:00,0.00005
TREEUSDT,2025-08-07 04:00:00,0.00005
TREEUSDT,2025-08-07 00:00:00,0.00005
TREEUSDT,2025-08-06 20:00:00,0.00005
TREEUSDT,2025-08-06 16:00:00,0.00005
TREEUSDT,2025-08-06 12:00:00,0.00005
TREEUSDT,2025-08-06 08:00:00,0.00005
TREEUSDT,2025-08-06 04:00:00,0.00005
TREEUSDT,2025-08-06 00:00:00,-0.00003424
TREEUSDT,2025-08-05 20:00:00,0.00005
TREEUSDT,2025-08-05 16:00:00,0.00005
TREEUSDT,2025-08-05 12:00:00,0.00005
TREEUSDT,2025-08-05 08:00:00,-0.00030572
TREEUSDT,2025-08-05 04:00:00,0.00005
TREEUSDT,2025-08-05 00:00:00,0.00005
TREEUSDT,2025-08-04 20:00:00,0.00005
TREEUSDT,2025-08-04 16:00:00,0.00003964
TREEUSDT,2025-08-04 12:00:00,-0.00028512
TREEUSDT,2025-08-04 08:00:00,-0.00080462
TREEUSDT,2025-08-04 04:00:00,-0.00057773
TREEUSDT,2025-08-04 00:00:00,-0.0006655
TREEUSDT,2025-08-03 20:00:00,-0.00058985
TREEUSDT,2025-08-03 16:00:00,-0.00180889
TREEUSDT,2025-08-03 12:00:00,-0.00070896
TREEUSDT,2025-08-03 08:00:00,0.00005
TREEUSDT,2025-08-03 04:00:00,0.00005
TREEUSDT,2025-08-03 00:00:00,-0.00016543
TREEUSDT,2025-08-02 20:00:00,-0.00028844
TREEUSDT,2025-08-02 16:00:00,0.00005
TREEUSDT,2025-08-02 12:00:00,0.00005
TREEUSDT,2025-08-02 08:00:00,-0.00058405
TREEUSDT,2025-08-02 04:00:00,0.00005
TREEUSDT,2025-08-02 00:00:00,0.00005
TREEUSDT,2025-08-01 20:00:00,-0.00057266
TREEUSDT,2025-08-01 16:00:00,0.00005
TREEUSDT,2025-08-01 12:00:00,-0.00138476
TREEUSDT,2025-08-01 08:00:00,-0.00058418
TREEUSDT,2025-08-01 04:00:00,-0.00083162
TREEUSDT,2025-08-01 00:00:00,0.00005
TREEUSDT,2025-07-31 20:00:00,0.00005
TREEUSDT,2025-07-31 16:00:00,-0.00006707
TREEUSDT,2025-07-31 12:00:00,0.00005
TREEUSDT,2025-07-31 08:00:00,0.00005
TREEUSDT,2025-07-31 04:00:00,0.00005
TREEUSDT,2025-07-31 00:00:00,0.00005
TREEUSDT,2025-07-30 20:00:00,0.00005
TREEUSDT,2025-07-30 16:00:00,-0.00080983
TREEUSDT,2025-07-30 12:00:00,-0.00012728
TREEUSDT,2025-07-30 08:00:00,0.00005
TREEUSDT,2025-07-30 04:00:00,-0.0009573
TREEUSDT,2025-07-30 00:00:00,-0.00013109
TREEUSDT,2025-07-29 20:00:00,-0.00148003
TREEUSDT,2025-07-29 16:00:00,-0.00186027
TREEUSDT,2025-07-29 12:00:00,0.00005
TOWNSUSDT,2025-09-05 00:00:00,-0.00033018
TOWNSUSDT,2025-09-04 20:00:00,0.00005
TOWNSUSDT,2025-09-04 16:00:00,0.00005
TOWNSUSDT,2025-09-04 12:00:00,0.00005
TOWNSUSDT,2025-09-04 08:00:00,0.00005
TOWNSUSDT,2025-09-04 04:00:00,-0.00013773
TOWNSUSDT,2025-09-04 00:00:00,0.00005
TOWNSUSDT,2025-09-03 20:00:00,0.00005
TOWNSUSDT,2025-09-03 16:00:00,0.00005
TOWNSUSDT,2025-09-03 12:00:00,0.00005
TOWNSUSDT,2025-09-03 08:00:00,0.00005
TOWNSUSDT,2025-09-03 04:00:00,0.00005
TOWNSUSDT,2025-09-03 00:00:00,0.00005
TOWNSUSDT,2025-09-02 20:00:00,0.00005
TOWNSUSDT,2025-09-02 16:00:00,0.00005
TOWNSUSDT,2025-09-02 12:00:00,0.00005
TOWNSUSDT,2025-09-02 08:00:00,0.00005
TOWNSUSDT,2025-09-02 04:00:00,0.00005
TOWNSUSDT,2025-09-02 00:00:00,0.00005
TOWNSUSDT,2025-09-01 20:00:00,0.00005
TOWNSUSDT,2025-09-01 16:00:00,0.00005
TOWNSUSDT,2025-09-01 12:00:00,0.00005
TOWNSUSDT,2025-09-01 08:00:00,0.00005
TOWNSUSDT,2025-09-01 04:00:00,0.00005
TOWNSUSDT,2025-09-01 00:00:00,0.00005
TOWNSUSDT,2025-08-31 20:00:00,0.00005
TOWNSUSDT,2025-08-31 16:00:00,0.00005
TOWNSUSDT,2025-08-31 12:00:00,0.00005
TOWNSUSDT,2025-08-31 08:00:00,0.00005
TOWNSUSDT,2025-08-31 04:00:00,0.00005
TOWNSUSDT,2025-08-31 00:00:00,0.00005
TOWNSUSDT,2025-08-30 20:00:00,0.00005
TOWNSUSDT,2025-08-30 16:00:00,-0.00023454
TOWNSUSDT,2025-08-30 12:00:00,0.00005
TOWNSUSDT,2025-08-30 08:00:00,0.00005
TOWNSUSDT,2025-08-30 04:00:00,0.00005
TOWNSUSDT,2025-08-30 00:00:00,0.00005
TOWNSUSDT,2025-08-29 20:00:00,0.00005
TOWNSUSDT,2025-08-29 16:00:00,0.00005
TOWNSUSDT,2025-08-29 12:00:00,0.00005
TOWNSUSDT,2025-08-29 08:00:00,0.00005
TOWNSUSDT,2025-08-29 04:00:00,0.00005
TOWNSUSDT,2025-08-29 00:00:00,0.00005
TOWNSUSDT,2025-08-28 20:00:00,-0.00008341
TOWNSUSDT,2025-08-28 16:00:00,-0.00027676
TOWNSUSDT,2025-08-28 12:00:00,-0.00034848
TOWNSUSDT,2025-08-28 08:00:00,-0.00206311
TOWNSUSDT,2025-08-28 04:00:00,-0.00000637
TOWNSUSDT,2025-08-28 00:00:00,-0.00002517
TOWNSUSDT,2025-08-27 20:00:00,0.00005
TOWNSUSDT,2025-08-27 16:00:00,0.00005
TOWNSUSDT,2025-08-27 12:00:00,0.00005
TOWNSUSDT,2025-08-27 08:00:00,0.00005
TOWNSUSDT,2025-08-27 04:00:00,0.00005
TOWNSUSDT,2025-08-27 00:00:00,0.00005
TOWNSUSDT,2025-08-26 20:00:00,0.00005
TOWNSUSDT,2025-08-26 16:00:00,0.00005
TOWNSUSDT,2025-08-26 12:00:00,0.00005
TOWNSUSDT,2025-08-26 08:00:00,0.000018
TOWNSUSDT,2025-08-26 04:00:00,-0.00063902
TOWNSUSDT,2025-08-26 00:00:00,-0.00010554
TOWNSUSDT,2025-08-25 20:00:00,0.00005
TOWNSUSDT,2025-08-25 16:00:00,0.00005
TOWNSUSDT,2025-08-25 12:00:00,0.00005
TOWNSUSDT,2025-08-25 08:00:00,-0.00021817
TOWNSUSDT,2025-08-25 04:00:00,-0.00010039
TOWNSUSDT,2025-08-25 00:00:00,0.00005
TOWNSUSDT,2025-08-24 20:00:00,0.00005
TOWNSUSDT,2025-08-24 16:00:00,-0.00005375
TOWNSUSDT,2025-08-24 12:00:00,0.00005
TOWNSUSDT,2025-08-24 08:00:00,-0.00028297
TOWNSUSDT,2025-08-24 04:00:00,-0.00045123
TOWNSUSDT,2025-08-24 00:00:00,0.00005
TOWNSUSDT,2025-08-23 20:00:00,0.00005
TOWNSUSDT,2025-08-23 16:00:00,0.00005
TOWNSUSDT,2025-08-23 12:00:00,0.00005
TOWNSUSDT,2025-08-23 08:00:00,0.00005
TOWNSUSDT,2025-08-23 04:00:00,0.00005
TOWNSUSDT,2025-08-23 00:00:00,0.00005
TOWNSUSDT,2025-08-22 20:00:00,0.00005
TOWNSUSDT,2025-08-22 16:00:00,0.00005
TOWNSUSDT,2025-08-22 12:00:00,0.00005
TOWNSUSDT,2025-08-22 08:00:00,0.00005
TOWNSUSDT,2025-08-22 04:00:00,0.00003762
TOWNSUSDT,2025-08-22 00:00:00,-0.00024963
TOWNSUSDT,2025-08-21 20:00:00,-0.00012301
TOWNSUSDT,2025-08-21 16:00:00,-0.00069837
TOWNSUSDT,2025-08-21 12:00:00,-0.00063155
TOWNSUSDT,2025-08-21 08:00:00,-0.00013767
TOWNSUSDT,2025-08-21 04:00:00,-0.00178108
TOWNSUSDT,2025-08-21 00:00:00,0.00005
TOWNSUSDT,2025-08-20 20:00:00,-0.00015466
TOWNSUSDT,2025-08-20 16:00:00,-0.00021592
TOWNSUSDT,2025-08-20 12:00:00,0.00005
TOWNSUSDT,2025-08-20 08:00:00,-0.00013146
TOWNSUSDT,2025-08-20 04:00:00,-0.0006805
TOWNSUSDT,2025-08-20 00:00:00,-0.00034782
TOWNSUSDT,2025-08-19 20:00:00,-0.00024622
TOWNSUSDT,2025-08-19 16:00:00,-0.00040811
TOWNSUSDT,2025-08-19 12:00:00,0.00005
TOWNSUSDT,2025-08-19 08:00:00,0.00005
TOWNSUSDT,2025-08-19 04:00:00,0.00005
TOWNSUSDT,2025-08-19 00:00:00,0.00005
TOWNSUSDT,2025-08-18 20:00:00,0.00005
TOWNSUSDT,2025-08-18 16:00:00,-0.00000962
TOWNSUSDT,2025-08-18 12:00:00,0.00005
TOWNSUSDT,2025-08-18 08:00:00,-0.00076576
TOWNSUSDT,2025-08-18 04:00:00,0.00005
TOWNSUSDT,2025-08-18 00:00:00,0.00005
TOWNSUSDT,2025-08-17 20:00:00,0.00005
TOWNSUSDT,2025-08-17 16:00:00,0.00005
TOWNSUSDT,2025-08-17 12:00:00,0.00005
TOWNSUSDT,2025-08-17 08:00:00,0.00005
TOWNSUSDT,2025-08-17 04:00:00,-0.00003177
TOWNSUSDT,2025-08-17 00:00:00,0.00005
TOWNSUSDT,2025-08-16 20:00:00,0.00005
TOWNSUSDT,2025-08-16 16:00:00,0.00005
TOWNSUSDT,2025-08-16 12:00:00,0.00005
TOWNSUSDT,2025-08-16 08:00:00,0.00005
TOWNSUSDT,2025-08-16 04:00:00,0.00005
TOWNSUSDT,2025-08-16 00:00:00,0.00005
TOWNSUSDT,2025-08-15 20:00:00,0.00005
TOWNSUSDT,2025-08-15 16:00:00,0.00005
TOWNSUSDT,2025-08-15 12:00:00,0.00002281
TOWNSUSDT,2025-08-15 08:00:00,-0.00057574
TOWNSUSDT,2025-08-15 04:00:00,0.00000922
TOWNSUSDT,2025-08-15 00:00:00,-0.0002871
TOWNSUSDT,2025-08-14 20:00:00,0.00005
TOWNSUSDT,2025-08-14 16:00:00,0.00005
TOWNSUSDT,2025-08-14 12:00:00,0.00005
TOWNSUSDT,2025-08-14 08:00:00,0.00005
TOWNSUSDT,2025-08-14 04:00:00,0.00005
TOWNSUSDT,2025-08-14 00:00:00,0.00005
TOWNSUSDT,2025-08-13 20:00:00,0.00005
TOWNSUSDT,2025-08-13 16:00:00,0.00005
TOWNSUSDT,2025-08-13 12:00:00,0.00005
TOWNSUSDT,2025-08-13 08:00:00,-0.00010653
TOWNSUSDT,2025-08-13 04:00:00,-0.00183548
TOWNSUSDT,2025-08-13 00:00:00,0.00005
TOWNSUSDT,2025-08-12 20:00:00,0.00005
TOWNSUSDT,2025-08-12 16:00:00,0.00005
TOWNSUSDT,2025-08-12 12:00:00,0.00002146
TOWNSUSDT,2025-08-12 08:00:00,0.00005
TOWNSUSDT,2025-08-12 04:00:00,0.00005
TOWNSUSDT,2025-08-12 00:00:00,0.00005
TOWNSUSDT,2025-08-11 20:00:00,0.00005
TOWNSUSDT,2025-08-11 16:00:00,0.00005
TOWNSUSDT,2025-08-11 12:00:00,0.00005
TOWNSUSDT,2025-08-11 08:00:00,0.00005
TOWNSUSDT,2025-08-11 04:00:00,0.00040299
TOWNSUSDT,2025-08-11 00:00:00,0.00005
TOWNSUSDT,2025-08-10 20:00:00,0.00019046
TOWNSUSDT,2025-08-10 16:00:00,0.00005
TOWNSUSDT,2025-08-10 12:00:00,0.00005
TOWNSUSDT,2025-08-10 08:00:00,0.00005
TOWNSUSDT,2025-08-10 04:00:00,0.00005
TOWNSUSDT,2025-08-10 00:00:00,0.00007325
TOWNSUSDT,2025-08-09 20:00:00,0.00005
TOWNSUSDT,2025-08-09 16:00:00,0.00005
TOWNSUSDT,2025-08-09 12:00:00,0.00005
TOWNSUSDT,2025-08-09 08:00:00,0.00005
TOWNSUSDT,2025-08-09 04:00:00,0.00005
TOWNSUSDT,2025-08-09 00:00:00,0.00005
TOWNSUSDT,2025-08-08 20:00:00,-0.0003194
TOWNSUSDT,2025-08-08 16:00:00,-0.00071532
TOWNSUSDT,2025-08-08 12:00:00,-0.00038972
TOWNSUSDT,2025-08-08 08:00:00,-0.00043764
TOWNSUSDT,2025-08-08 04:00:00,-0.00018503
TOWNSUSDT,2025-08-08 00:00:00,0.00005
TOWNSUSDT,2025-08-07 20:00:00,-0.00004599
TOWNSUSDT,2025-08-07 16:00:00,-0.00045197
TOWNSUSDT,2025-08-07 12:00:00,-0.00016282
TOWNSUSDT,2025-08-07 08:00:00,-0.00227646
TOWNSUSDT,2025-08-07 04:00:00,-0.00607967
TOWNSUSDT,2025-08-07 00:00:00,-0.00121114
TOWNSUSDT,2025-08-06 20:00:00,-0.00035508
TOWNSUSDT,2025-08-06 16:00:00,-0.00430939
TOWNSUSDT,2025-08-06 12:00:00,-0.00134652
TOWNSUSDT,2025-08-06 08:00:00,-0.00010854
TOWNSUSDT,2025-08-06 04:00:00,0.00005
TOWNSUSDT,2025-08-06 00:00:00,0.00005
TOWNSUSDT,2025-08-05 20:00:00,-0.00189517
TOWNSUSDT,2025-08-05 16:00:00,-0.00549401
TOWNSUSDT,2025-08-05 12:00:00,0.00005
PROVEUSDT,2025-10-09 00:00:00,0.00005
PROVEUSDT,2025-10-08 20:00:00,0.00005
PROVEUSDT,2025-10-08 16:00:00,0.00005
PROVEUSDT,2025-10-08 12:00:00,0.00005
PROVEUSDT,2025-10-08 08:00:00,0.00005
PROVEUSDT,2025-10-08 04:00:00,0.00005
PROVEUSDT,2025-10-08 00:00:00,0.00005
PROVEUSDT,2025-10-07 20:00:00,0.00005
PROVEUSDT,2025-10-07 16:00:00,0.00005
PROVEUSDT,2025-10-07 12:00:00,0.00005
PROVEUSDT,2025-10-07 08:00:00,0.00005
PROVEUSDT,2025-10-07 04:00:00,0.00009103
PROVEUSDT,2025-10-07 00:00:00,0.00011541
PROVEUSDT,2025-10-06 20:00:00,0.00005
PROVEUSDT,2025-10-06 16:00:00,0.00005
PROVEUSDT,2025-10-06 12:00:00,0.00005
PROVEUSDT,2025-10-06 08:00:00,0.00005
PROVEUSDT,2025-10-06 04:00:00,0.00005
PROVEUSDT,2025-10-06 00:00:00,0.00005
PROVEUSDT,2025-10-05 20:00:00,0.00005
PROVEUSDT,2025-10-05 16:00:00,0.00005
PROVEUSDT,2025-10-05 12:00:00,0.00005
PROVEUSDT,2025-10-05 08:00:00,0.00005
PROVEUSDT,2025-10-05 04:00:00,0.00005
PROVEUSDT,2025-10-05 00:00:00,0.00005
PROVEUSDT,2025-10-04 20:00:00,0.00005
PROVEUSDT,2025-10-04 16:00:00,0.00005
PROVEUSDT,2025-10-04 12:00:00,0.00005
PROVEUSDT,2025-10-04 08:00:00,0.00005
PROVEUSDT,2025-10-04 04:00:00,0.00005
PROVEUSDT,2025-10-04 00:00:00,0.00005
PROVEUSDT,2025-10-03 20:00:00,0.00005
PROVEUSDT,2025-10-03 16:00:00,0.00005
PROVEUSDT,2025-10-03 12:00:00,0.00005
PROVEUSDT,2025-10-03 08:00:00,0.00005
PROVEUSDT,2025-10-03 04:00:00,0.00005
PROVEUSDT,2025-10-03 00:00:00,0.00005
PROVEUSDT,2025-10-02 20:00:00,0.00005
PROVEUSDT,2025-10-02 16:00:00,0.00005
PROVEUSDT,2025-10-02 12:00:00,0.00005
PROVEUSDT,2025-10-02 08:00:00,0.00005
PROVEUSDT,2025-10-02 04:00:00,0.00005
PROVEUSDT,2025-10-02 00:00:00,0.00005
PROVEUSDT,2025-10-01 20:00:00,0.00005
PROVEUSDT,2025-10-01 16:00:00,0.00005
PROVEUSDT,2025-10-01 12:00:00,0.00005
PROVEUSDT,2025-10-01 08:00:00,0.00005
PROVEUSDT,2025-10-01 04:00:00,0.00005
PROVEUSDT,2025-10-01 00:00:00,0.00005
PROVEUSDT,2025-09-30 20:00:00,0.00002331
PROVEUSDT,2025-09-30 16:00:00,0.00005
PROVEUSDT,2025-09-30 12:00:00,0.00005
PROVEUSDT,2025-09-30 08:00:00,0.00005
PROVEUSDT,2025-09-30 04:00:00,0.00005
PROVEUSDT,2025-09-30 00:00:00,-0.00010966
PROVEUSDT,2025-09-29 20:00:00,0.00005
PROVEUSDT,2025-09-29 16:00:00,0.00005
PROVEUSDT,2025-09-29 12:00:00,-0.00023436
PROVEUSDT,2025-09-29 08:00:00,-0.0007147
PROVEUSDT,2025-09-29 04:00:00,-0.00027181
PROVEUSDT,2025-09-29 00:00:00,-0.00027245
PROVEUSDT,2025-09-28 20:00:00,-0.00012723
PROVEUSDT,2025-09-28 16:00:00,-0.00013611
PROVEUSDT,2025-09-28 12:00:00,-0.0025612
PROVEUSDT,2025-09-28 08:00:00,-0.00427403
PROVEUSDT,2025-09-28 04:00:00,-0.00219969
PROVEUSDT,2025-09-28 00:00:00,0.00005
PROVEUSDT,2025-09-27 20:00:00,0.00005
PROVEUSDT,2025-09-27 16:00:00,0.00005
PROVEUSDT,2025-09-27 12:00:00,0.00005
PROVEUSDT,2025-09-27 08:00:00,0.00005
PROVEUSDT,2025-09-27 04:00:00,0.00005
PROVEUSDT,2025-09-27 00:00:00,0.00005
PROVEUSDT,2025-09-26 20:00:00,0.00005
PROVEUSDT,2025-09-26 16:00:00,0.00005
PROVEUSDT,2025-09-26 12:00:00,0.00005
PROVEUSDT,2025-09-26 08:00:00,0.00005
PROVEUSDT,2025-09-26 04:00:00,0.00005
PROVEUSDT,2025-09-26 00:00:00,0.00004719
PROVEUSDT,2025-09-25 20:00:00,0.00005
PROVEUSDT,2025-09-25 16:00:00,0.00005
PROVEUSDT,2025-09-25 12:00:00,0.00005
PROVEUSDT,2025-09-25 08:00:00,0.00005
PROVEUSDT,2025-09-25 04:00:00,-0.00005599
PROVEUSDT,2025-09-25 00:00:00,0.00005
PROVEUSDT,2025-09-24 20:00:00,-0.00001054
PROVEUSDT,2025-09-24 16:00:00,0.00005
PROVEUSDT,2025-09-24 12:00:00,0.00005
PROVEUSDT,2025-09-24 08:00:00,0.00005
PROVEUSDT,2025-09-24 04:00:00,0.00005
PROVEUSDT,2025-09-24 00:00:00,0.00005
PROVEUSDT,2025-09-23 20:00:00,0.00005
PROVEUSDT,2025-09-23 16:00:00,0.00005
PROVEUSDT,2025-09-23 12:00:00,0.00005
PROVEUSDT,2025-09-23 08:00:00,0.00005
PROVEUSDT,2025-09-23 04:00:00,0.00005
PROVEUSDT,2025-09-23 00:00:00,-0.00002464
PROVEUSDT,2025-09-22 20:00:00,-0.00011091
PROVEUSDT,2025-09-22 16:00:00,0.00000291
PROVEUSDT,2025-09-22 12:00:00,-0.00011296
PROVEUSDT,2025-09-22 08:00:00,-0.00012856
PROVEUSDT,2025-09-22 04:00:00,-0.00022314
PROVEUSDT,2025-09-22 00:00:00,0.00003536
PROVEUSDT,2025-09-21 20:00:00,0.00005
PROVEUSDT,2025-09-21 16:00:00,0.00005
PROVEUSDT,2025-09-21 12:00:00,-0.00008197
PROVEUSDT,2025-09-21 08:00:00,0.00005
PROVEUSDT,2025-09-21 04:00:00,0.00005
PROVEUSDT,2025-09-21 00:00:00,0.00005
PROVEUSDT,2025-09-20 20:00:00,0.00005
PROVEUSDT,2025-09-20 16:00:00,0.00005
PROVEUSDT,2025-09-20 12:00:00,0.00005
PROVEUSDT,2025-09-20 08:00:00,0.00005
PROVEUSDT,2025-09-20 04:00:00,0.00005
PROVEUSDT,2025-09-20 00:00:00,-0.00016184
PROVEUSDT,2025-09-19 20:00:00,0.00005
PROVEUSDT,2025-09-19 16:00:00,0.00005
PROVEUSDT,2025-09-19 12:00:00,0.00005
PROVEUSDT,2025-09-19 08:00:00,0.00005
PROVEUSDT,2025-09-19 04:00:00,0.00005
PROVEUSDT,2025-09-19 00:00:00,0.00005
PROVEUSDT,2025-09-18 20:00:00,0.00005
PROVEUSDT,2025-09-18 16:00:00,0.00005
PROVEUSDT,2025-09-18 12:00:00,0.00005
PROVEUSDT,2025-09-18 08:00:00,0.00005
PROVEUSDT,2025-09-18 04:00:00,0.00005
PROVEUSDT,2025-09-18 00:00:00,0.00005
PROVEUSDT,2025-09-17 20:00:00,0.00005
PROVEUSDT,2025-09-17 16:00:00,0.00005
PROVEUSDT,2025-09-17 12:00:00,-0.00002587
PROVEUSDT,2025-09-17 08:00:00,0.00005
PROVEUSDT,2025-09-17 04:00:00,0.00005
PROVEUSDT,2025-09-17 00:00:00,0.00005
PROVEUSDT,2025-09-16 20:00:00,0.00005
PROVEUSDT,2025-09-16 16:00:00,-0.00024961
PROVEUSDT,2025-09-16 12:00:00,-0.00036387
PROVEUSDT,2025-09-16 08:00:00,-0.00013802
PROVEUSDT,2025-09-16 04:00:00,-0.00027426
PROVEUSDT,2025-09-16 00:00:00,-0.00045683
PROVEUSDT,2025-09-15 20:00:00,-0.00025351
PROVEUSDT,2025-09-15 16:00:00,-0.00025043
PROVEUSDT,2025-09-15 12:00:00,-0.00052338
PROVEUSDT,2025-09-15 08:00:00,0.00005
PROVEUSDT,2025-09-15 04:00:00,0.00005
PROVEUSDT,2025-09-15 00:00:00,0.00005
PROVEUSDT,2025-09-14 20:00:00,0.00005
PROVEUSDT,2025-09-14 16:00:00,-0.00000035
PROVEUSDT,2025-09-14 12:00:00,0.00005
PROVEUSDT,2025-09-14 08:00:00,0.00005
PROVEUSDT,2025-09-14 04:00:00,0.00005
PROVEUSDT,2025-09-14 00:00:00,0.00005
PROVEUSDT,2025-09-13 20:00:00,0.00000325
PROVEUSDT,2025-09-13 16:00:00,-0.00006464
PROVEUSDT,2025-09-13 12:00:00,-0.00024363
PROVEUSDT,2025-09-13 08:00:00,0.00001776
PROVEUSDT,2025-09-13 04:00:00,-0.00041823
PROVEUSDT,2025-09-13 00:00:00,-0.00069086
PROVEUSDT,2025-09-12 20:00:00,-0.00040361
PROVEUSDT,2025-09-12 16:00:00,-0.00040148
PROVEUSDT,2025-09-12 12:00:00,-0.00075918
PROVEUSDT,2025-09-12 08:00:00,-0.00052931
PROVEUSDT,2025-09-12 04:00:00,-0.00080108
PROVEUSDT,2025-09-12 00:00:00,-0.00055439
PROVEUSDT,2025-09-11 20:00:00,-0.00059578
PROVEUSDT,2025-09-11 16:00:00,-0.00079528
PROVEUSDT,2025-09-11 12:00:00,-0.00046409
PROVEUSDT,2025-09-11 08:00:00,-0.0006217
PROVEUSDT,2025-09-11 04:00:00,-0.00201049
PROVEUSDT,2025-09-11 00:00:00,0.00002704
PROVEUSDT,2025-09-10 20:00:00,0.00003267
PROVEUSDT,2025-09-10 16:00:00,0.00002803
PROVEUSDT,2025-09-10 12:00:00,-0.00021209
PROVEUSDT,2025-09-10 08:00:00,-0.00010344
PROVEUSDT,2025-09-10 04:00:00,-0.00098054
PROVEUSDT,2025-09-10 00:00:00,-0.00048111
PROVEUSDT,2025-09-09 20:00:00,-0.0002979
PROVEUSDT,2025-09-09 16:00:00,-0.00015753
PROVEUSDT,2025-09-09 12:00:00,0.00005
PROVEUSDT,2025-09-09 08:00:00,-0.00018163
PROVEUSDT,2025-09-09 04:00:00,-0.00018886
PROVEUSDT,2025-09-09 00:00:00,-0.00014892
PROVEUSDT,2025-09-08 20:00:00,-0.00029987
PROVEUSDT,2025-09-08 16:00:00,0.00005
PROVEUSDT,2025-09-08 12:00:00,0.00005
PROVEUSDT,2025-09-08 08:00:00,-0.00016817
PROVEUSDT,2025-09-08 04:00:00,-0.00018775
PROVEUSDT,2025-09-08 00:00:00,0.00005
WLFIUSDT,2025-10-02 00:00:00,0.00005
WLFIUSDT,2025-10-01 20:00:00,0.00005
WLFIUSDT,2025-10-01 16:00:00,0.00005
WLFIUSDT,2025-10-01 12:00:00,0.00005
WLFIUSDT,2025-10-01 08:00:00,0.00005
WLFIUSDT,2025-10-01 04:00:00,0.00005
WLFIUSDT,2025-10-01 00:00:00,0.00005
WLFIUSDT,2025-09-30 20:00:00,0.00005
WLFIUSDT,2025-09-30 16:00:00,0.00005
WLFIUSDT,2025-09-30 12:00:00,0.00005
WLFIUSDT,2025-09-30 08:00:00,0.00005
WLFIUSDT,2025-09-30 04:00:00,0.00005
WLFIUSDT,2025-09-30 00:00:00,0.00005
WLFIUSDT,2025-09-29 20:00:00,0.00005
WLFIUSDT,2025-09-29 16:00:00,0.00005
WLFIUSDT,2025-09-29 12:00:00,0.00005
WLFIUSDT,2025-09-29 08:00:00,0.00005
WLFIUSDT,2025-09-29 04:00:00,0.00005
WLFIUSDT,2025-09-29 00:00:00,0.00005
WLFIUSDT,2025-09-28 20:00:00,0.00005
WLFIUSDT,2025-09-28 16:00:00,0.00005
WLFIUSDT,2025-09-28 12:00:00,0.00005
WLFIUSDT,2025-09-28 08:00:00,0.00005
WLFIUSDT,2025-09-28 04:00:00,0.00005
WLFIUSDT,2025-09-28 00:00:00,0.00005
WLFIUSDT,2025-09-27 20:00:00,0.00005
WLFIUSDT,2025-09-27 16:00:00,0.00005
WLFIUSDT,2025-09-27 12:00:00,0.00005
WLFIUSDT,2025-09-27 08:00:00,0.00005
WLFIUSDT,2025-09-27 04:00:00,0.00005
WLFIUSDT,2025-09-27 00:00:00,0.00005
WLFIUSDT,2025-09-26 20:00:00,0.00005
WLFIUSDT,2025-09-26 16:00:00,0.00005
WLFIUSDT,2025-09-26 12:00:00,0.00005
WLFIUSDT,2025-09-26 08:00:00,0.00005
WLFIUSDT,2025-09-26 04:00:00,0.00005
WLFIUSDT,2025-09-26 00:00:00,0.00005
WLFIUSDT,2025-09-25 20:00:00,0.00005
WLFIUSDT,2025-09-25 16:00:00,0.00005
WLFIUSDT,2025-09-25 12:00:00,0.00005
WLFIUSDT,2025-09-25 08:00:00,0.00005
WLFIUSDT,2025-09-25 04:00:00,0.00005
WLFIUSDT,2025-09-25 00:00:00,0.00005
WLFIUSDT,2025-09-24 20:00:00,0.00005
WLFIUSDT,2025-09-24 16:00:00,0.00005
WLFIUSDT,2025-09-24 12:00:00,0.00005
WLFIUSDT,2025-09-24 08:00:00,0.00005
WLFIUSDT,2025-09-24 04:00:00,0.00005
WLFIUSDT,2025-09-24 00:00:00,0.00005
WLFIUSDT,2025-09-23 20:00:00,0.00005
WLFIUSDT,2025-09-23 16:00:00,0.00005
WLFIUSDT,2025-09-23 12:00:00,0.00005
WLFIUSDT,2025-09-23 08:00:00,0.00005
WLFIUSDT,2025-09-23 04:00:00,0.00005
WLFIUSDT,2025-09-23 00:00:00,0.00005
WLFIUSDT,2025-09-22 20:00:00,0.00005
WLFIUSDT,2025-09-22 16:00:00,0.00005
WLFIUSDT,2025-09-22 12:00:00,0.00005
WLFIUSDT,2025-09-22 08:00:00,0.00005
WLFIUSDT,2025-09-22 04:00:00,0.00005
WLFIUSDT,2025-09-22 00:00:00,0.00005
WLFIUSDT,2025-09-21 20:00:00,0.00006936
WLFIUSDT,2025-09-21 16:00:00,0.00005
WLFIUSDT,2025-09-21 12:00:00,0.00005
WLFIUSDT,2025-09-21 08:00:00,0.00021661
WLFIUSDT,2025-09-21 04:00:00,0.00034301
WLFIUSDT,2025-09-21 00:00:00,0.00032019
WLFIUSDT,2025-09-20 20:00:00,0.00005
WLFIUSDT,2025-09-20 16:00:00,0.00005315
WLFIUSDT,2025-09-20 12:00:00,0.00005
WLFIUSDT,2025-09-20 08:00:00,0.00005
WLFIUSDT,2025-09-20 04:00:00,0.00005
WLFIUSDT,2025-09-20 00:00:00,0.00017896
WLFIUSDT,2025-09-19 20:00:00,0.00005
WLFIUSDT,2025-09-19 16:00:00,0.00005
WLFIUSDT,2025-09-19 12:00:00,0.00005
WLFIUSDT,2025-09-19 08:00:00,0.00052806
WLFIUSDT,2025-09-19 04:00:00,0.00019544
WLFIUSDT,2025-09-19 00:00:00,0.00008123
WLFIUSDT,2025-09-18 20:00:00,0.00011377
WLFIUSDT,2025-09-18 16:00:00,0.00012958
WLFIUSDT,2025-09-18 12:00:00,0.00036978
WLFIUSDT,2025-09-18 08:00:00,0.00022716
WLFIUSDT,2025-09-18 04:00:00,0.0001193
WLFIUSDT,2025-09-18 00:00:00,0.00005
WLFIUSDT,2025-09-17 20:00:00,0.00005
WLFIUSDT,2025-09-17 16:00:00,0.00005
WLFIUSDT,2025-09-17 12:00:00,0.00005
WLFIUSDT,2025-09-17 08:00:00,0.00005
WLFIUSDT,2025-09-17 04:00:00,0.00005
WLFIUSDT,2025-09-17 00:00:00,0.00005
WLFIUSDT,2025-09-16 20:00:00,0.00007322
WLFIUSDT,2025-09-16 16:00:00,0.00005
WLFIUSDT,2025-09-16 12:00:00,0.00005
WLFIUSDT,2025-09-16 08:00:00,0.00005
WLFIUSDT,2025-09-16 04:00:00,0.00005
WLFIUSDT,2025-09-16 00:00:00,0.00005
WLFIUSDT,2025-09-15 20:00:00,0.00005
WLFIUSDT,2025-09-15 16:00:00,0.00005
WLFIUSDT,2025-09-15 12:00:00,0.00005
WLFIUSDT,2025-09-15 08:00:00,0.00005
WLFIUSDT,2025-09-15 04:00:00,0.00005
WLFIUSDT,2025-09-15 00:00:00,0.00016706
WLFIUSDT,2025-09-14 20:00:00,0.00005
WLFIUSDT,2025-09-14 16:00:00,0.00029566
WLFIUSDT,2025-09-14 12:00:00,0.00017518
WLFIUSDT,2025-09-14 08:00:00,0.00058173
WLFIUSDT,2025-09-14 04:00:00,0.00008592
WLFIUSDT,2025-09-14 00:00:00,0.00005839
WLFIUSDT,2025-09-13 20:00:00,0.00005
WLFIUSDT,2025-09-13 16:00:00,0.00005
WLFIUSDT,2025-09-13 12:00:00,0.00016323
WLFIUSDT,2025-09-13 08:00:00,0.00014172
WLFIUSDT,2025-09-13 04:00:00,0.00005
WLFIUSDT,2025-09-13 00:00:00,0.00005
WLFIUSDT,2025-09-12 20:00:00,0.00005
WLFIUSDT,2025-09-12 16:00:00,0.00005
WLFIUSDT,2025-09-12 12:00:00,0.00005
WLFIUSDT,2025-09-12 08:00:00,0.00005
WLFIUSDT,2025-09-12 04:00:00,0.00005
WLFIUSDT,2025-09-12 00:00:00,0.00005
WLFIUSDT,2025-09-11 20:00:00,0.00005
WLFIUSDT,2025-09-11 16:00:00,0.00005
WLFIUSDT,2025-09-11 12:00:00,0.00005
WLFIUSDT,2025-09-11 08:00:00,0.00005
WLFIUSDT,2025-09-11 04:00:00,0.00005
WLFIUSDT,2025-09-11 00:00:00,0.00005
WLFIUSDT,2025-09-10 20:00:00,0.00005
WLFIUSDT,2025-09-10 16:00:00,0.00005
WLFIUSDT,2025-09-10 12:00:00,0.00005
WLFIUSDT,2025-09-10 08:00:00,0.00005
WLFIUSDT,2025-09-10 04:00:00,0.00005
WLFIUSDT,2025-09-10 00:00:00,0.00005
WLFIUSDT,2025-09-09 20:00:00,0.00005
WLFIUSDT,2025-09-09 16:00:00,0.00005
WLFIUSDT,2025-09-09 12:00:00,0.00005
WLFIUSDT,2025-09-09 08:00:00,0.00005
WLFIUSDT,2025-09-09 04:00:00,0.00005
WLFIUSDT,2025-09-09 00:00:00,0.00005
WLFIUSDT,2025-09-08 20:00:00,0.00005
WLFIUSDT,2025-09-08 16:00:00,0.00005
WLFIUSDT,2025-09-08 12:00:00,0.00005
WLFIUSDT,2025-09-08 08:00:00,-0.00074106
WLFIUSDT,2025-09-08 04:00:00,0.000009
WLFIUSDT,2025-09-08 00:00:00,0.00005
WLFIUSDT,2025-09-07 20:00:00,0.00005
WLFIUSDT,2025-09-07 16:00:00,0.00005
WLFIUSDT,2025-09-07 12:00:00,-0.00033019
WLFIUSDT,2025-09-07 08:00:00,-0.00016648
WLFIUSDT,2025-09-07 04:00:00,-0.0004371
WLFIUSDT,2025-09-07 00:00:00,-0.00009762
WLFIUSDT,2025-09-06 20:00:00,-0.00077423
WLFIUSDT,2025-09-06 16:00:00,0.00005
WLFIUSDT,2025-09-06 12:00:00,0.00005
WLFIUSDT,2025-09-06 08:00:00,0.00005
WLFIUSDT,2025-09-06 04:00:00,0.00005
WLFIUSDT,2025-09-06 00:00:00,0.00005
WLFIUSDT,2025-09-05 20:00:00,0.00005
WLFIUSDT,2025-09-05 16:00:00,0.00005
WLFIUSDT,2025-09-05 12:00:00,0.00005
WLFIUSDT,2025-09-05 08:00:00,0.00005
WLFIUSDT,2025-09-05 04:00:00,0.00005
WLFIUSDT,2025-09-05 00:00:00,0.00005
WLFIUSDT,2025-09-04 20:00:00,0.00005
WLFIUSDT,2025-09-04 16:00:00,0.00005
WLFIUSDT,2025-09-04 12:00:00,0.00005
WLFIUSDT,2025-09-04 08:00:00,0.00005
WLFIUSDT,2025-09-04 04:00:00,0.00005
WLFIUSDT,2025-09-04 00:00:00,0.00005
WLFIUSDT,2025-09-03 20:00:00,0.00005
WLFIUSDT,2025-09-03 16:00:00,0.00005
WLFIUSDT,2025-09-03 12:00:00,0.00005
WLFIUSDT,2025-09-03 08:00:00,0.00005
WLFIUSDT,2025-09-03 04:00:00,0.00005
WLFIUSDT,2025-09-03 00:00:00,0.00005
WLFIUSDT,2025-09-02 20:00:00,0.00005
WLFIUSDT,2025-09-02 16:00:00,0.00005
WLFIUSDT,2025-09-02 12:00:00,0.00005
WLFIUSDT,2025-09-02 08:00:00,0.00005
WLFIUSDT,2025-09-02 04:00:00,0.00005
WLFIUSDT,2025-09-02 00:00:00,0.00054975
WLFIUSDT,2025-09-01 20:00:00,0.00112806
WLFIUSDT,2025-09-01 16:00:00,0.00041371
WLFIUSDT,2025-09-01 12:00:00,0.00005
WLFIUSDT,2025-09-01 08:00:00,0.00005
WLFIUSDT,2025-09-01 04:00:00,0.00005
WLFIUSDT,2025-09-01 00:00:00,0.00005
SOMIUSDT,2025-10-03 00:00:00,-0.00071963
SOMIUSDT,2025-10-02 23:00:00,-0.00115917
SOMIUSDT,2025-10-02 22:00:00,-0.000935
SOMIUSDT,2025-10-02 21:00:00,-0.00078879
SOMIUSDT,2025-10-02 20:00:00,-0.00080296
SOMIUSDT,2025-10-02 19:00:00,-0.00105734
SOMIUSDT,2025-10-02 18:00:00,-0.00093673
SOMIUSDT,2025-10-02 17:00:00,-0.00162227
SOMIUSDT,2025-10-02 16:00:00,-0.00138207
SOMIUSDT,2025-10-02 15:00:00,-0.0022646
SOMIUSDT,2025-10-02 14:00:00,-0.00200635
SOMIUSDT,2025-10-02 13:00:00,-0.0016085
SOMIUSDT,2025-10-02 12:00:00,-0.00196111
SOMIUSDT,2025-10-02 11:00:00,-0.00288689
SOMIUSDT,2025-10-02 10:00:00,-0.00207828
SOMIUSDT,2025-10-02 09:00:00,-0.00079757
SOMIUSDT,2025-10-02 08:00:00,-0.00130701
SOMIUSDT,2025-10-02 07:00:00,-0.00157486
SOMIUSDT,2025-10-02 06:00:00,-0.00137587
SOMIUSDT,2025-10-02 05:00:00,-0.0004857
SOMIUSDT,2025-10-02 04:00:00,-0.00099666
SOMIUSDT,2025-10-02 03:00:00,-0.00120461
SOMIUSDT,2025-10-02 02:00:00,-0.00014817
SOMIUSDT,2025-10-02 01:00:00,-0.00014758
SOMIUSDT,2025-10-02 00:00:00,0.0000125
SOMIUSDT,2025-10-01 23:00:00,-0.00016756
SOMIUSDT,2025-10-01 22:00:00,-0.00040683
SOMIUSDT,2025-10-01 21:00:00,-0.00014228
SOMIUSDT,2025-10-01 20:00:00,-0.00029917
SOMIUSDT,2025-10-01 19:00:00,0.0000125
SOMIUSDT,2025-10-01 18:00:00,0.0000125
SOMIUSDT,2025-10-01 17:00:00,-0.00049943
SOMIUSDT,2025-10-01 16:00:00,-0.00074372
SOMIUSDT,2025-10-01 15:00:00,-0.0018485
SOMIUSDT,2025-10-01 14:00:00,-0.00096374
SOMIUSDT,2025-10-01 13:00:00,-0.00153955
SOMIUSDT,2025-10-01 12:00:00,-0.00228174
SOMIUSDT,2025-10-01 11:00:00,-0.00149973
SOMIUSDT,2025-10-01 10:00:00,-0.00057656
SOMIUSDT,2025-10-01 09:00:00,-0.00043669
SOMIUSDT,2025-10-01 08:00:00,-0.008
SOMIUSDT,2025-10-01 04:00:00,0.00005
SOMIUSDT,2025-10-01 00:00:00,0.00005
SOMIUSDT,2025-09-30 20:00:00,0.00005
SOMIUSDT,2025-09-30 16:00:00,0.00005
SOMIUSDT,2025-09-30 12:00:00,0.00005
SOMIUSDT,2025-09-30 08:00:00,0.00005
SOMIUSDT,2025-09-30 04:00:00,0.00005
SOMIUSDT,2025-09-30 00:00:00,0.00005
SOMIUSDT,2025-09-29 20:00:00,0.00005
SOMIUSDT,2025-09-29 16:00:00,0.00005
SOMIUSDT,2025-09-29 12:00:00,0.00005
SOMIUSDT,2025-09-29 08:00:00,0.00005
SOMIUSDT,2025-09-29 04:00:00,0.00005
SOMIUSDT,2025-09-29 00:00:00,0.00005
SOMIUSDT,2025-09-28 20:00:00,0.00005
SOMIUSDT,2025-09-28 16:00:00,0.00005
SOMIUSDT,2025-09-28 12:00:00,0.00005
SOMIUSDT,2025-09-28 08:00:00,0.00005
SOMIUSDT,2025-09-28 04:00:00,0.00005
SOMIUSDT,2025-09-28 00:00:00,0.00005
SOMIUSDT,2025-09-27 20:00:00,0.00005
SOMIUSDT,2025-09-27 16:00:00,0.00005
SOMIUSDT,2025-09-27 12:00:00,0.00005
SOMIUSDT,2025-09-27 08:00:00,0.00005
SOMIUSDT,2025-09-27 04:00:00,0.00005
SOMIUSDT,2025-09-27 00:00:00,0.00005
SOMIUSDT,2025-09-26 20:00:00,0.00005
SOMIUSDT,2025-09-26 16:00:00,0.00005
SOMIUSDT,2025-09-26 12:00:00,0.00005
SOMIUSDT,2025-09-26 08:00:00,0.00005
SOMIUSDT,2025-09-26 04:00:00,0.00005
SOMIUSDT,2025-09-26 00:00:00,0.00005
SOMIUSDT,2025-09-25 20:00:00,0.00005
SOMIUSDT,2025-09-25 16:00:00,0.00005
SOMIUSDT,2025-09-25 12:00:00,0.00005
SOMIUSDT,2025-09-25 08:00:00,0.00005
SOMIUSDT,2025-09-25 04:00:00,-0.00009174
SOMIUSDT,2025-09-25 00:00:00,0.00001012
SOMIUSDT,2025-09-24 20:00:00,-0.00006426
SOMIUSDT,2025-09-24 16:00:00,0.0000145
SOMIUSDT,2025-09-24 12:00:00,0.00005
SOMIUSDT,2025-09-24 08:00:00,0.00005
SOMIUSDT,2025-09-24 04:00:00,0.00005
SOMIUSDT,2025-09-24 00:00:00,0.00005
SOMIUSDT,2025-09-23 20:00:00,0.00002763
SOMIUSDT,2025-09-23 16:00:00,0.00005
SOMIUSDT,2025-09-23 12:00:00,0.00005
SOMIUSDT,2025-09-23 08:00:00,-0.0008214
SOMIUSDT,2025-09-23 04:00:00,-0.00003879
SOMIUSDT,2025-09-23 00:00:00,0.00005
SOMIUSDT,2025-09-22 20:00:00,0.00003714
SOMIUSDT,2025-09-22 16:00:00,-0.00003415
SOMIUSDT,2025-09-22 12:00:00,0.00005
SOMIUSDT,2025-09-22 08:00:00,-0.0000024
SOMIUSDT,2025-09-22 04:00:00,-0.00018491
SOMIUSDT,2025-09-22 00:00:00,0.00005
SOMIUSDT,2025-09-21 20:00:00,0.00005
SOMIUSDT,2025-09-21 16:00:00,0.00005
SOMIUSDT,2025-09-21 12:00:00,0.00005
SOMIUSDT,2025-09-21 08:00:00,0.00005
SOMIUSDT,2025-09-21 04:00:00,0.00005
SOMIUSDT,2025-09-21 00:00:00,0.00005
SOMIUSDT,2025-09-20 20:00:00,-0.00002085
SOMIUSDT,2025-09-20 16:00:00,0.00005
SOMIUSDT,2025-09-20 12:00:00,0.00005
SOMIUSDT,2025-09-20 08:00:00,0.00005
SOMIUSDT,2025-09-20 04:00:00,0.00005
SOMIUSDT,2025-09-20 00:00:00,0.00005
SOMIUSDT,2025-09-19 20:00:00,0.00005
SOMIUSDT,2025-09-19 16:00:00,0.00005
SOMIUSDT,2025-09-19 12:00:00,0.00005
SOMIUSDT,2025-09-19 08:00:00,0.00005
SOMIUSDT,2025-09-19 04:00:00,0.00005
SOMIUSDT,2025-09-19 00:00:00,0.00005
SOMIUSDT,2025-09-18 20:00:00,0.00005
SOMIUSDT,2025-09-18 16:00:00,0.00005
SOMIUSDT,2025-09-18 12:00:00,0.00005
SOMIUSDT,2025-09-18 08:00:00,0.00005
SOMIUSDT,2025-09-18 04:00:00,0.00005
SOMIUSDT,2025-09-18 00:00:00,0.00005
SOMIUSDT,2025-09-17 20:00:00,0.00005
SOMIUSDT,2025-09-17 16:00:00,0.00005
SOMIUSDT,2025-09-17 12:00:00,-0.00025839
SOMIUSDT,2025-09-17 08:00:00,-0.0000274
SOMIUSDT,2025-09-17 04:00:00,0.00005
SOMIUSDT,2025-09-17 00:00:00,0.00005
SOMIUSDT,2025-09-16 20:00:00,0.00005
SOMIUSDT,2025-09-16 16:00:00,0.00005
SOMIUSDT,2025-09-16 12:00:00,0.00005
SOMIUSDT,2025-09-16 08:00:00,0.00005
SOMIUSDT,2025-09-16 04:00:00,0.00005
SOMIUSDT,2025-09-16 00:00:00,0.00005
SOMIUSDT,2025-09-15 20:00:00,0.00005
SOMIUSDT,2025-09-15 16:00:00,0.00005
SOMIUSDT,2025-09-15 12:00:00,0.00005
SOMIUSDT,2025-09-15 08:00:00,0.00003793
SOMIUSDT,2025-09-15 04:00:00,0.00005
SOMIUSDT,2025-09-15 00:00:00,0.00005
SOMIUSDT,2025-09-14 20:00:00,0.00005
SOMIUSDT,2025-09-14 16:00:00,0.00005
SOMIUSDT,2025-09-14 12:00:00,0.00005
SOMIUSDT,2025-09-14 08:00:00,0.00005
SOMIUSDT,2025-09-14 04:00:00,0.00005
SOMIUSDT,2025-09-14 00:00:00,0.00005
SOMIUSDT,2025-09-13 20:00:00,0.00005
SOMIUSDT,2025-09-13 16:00:00,0.00005
SOMIUSDT,2025-09-13 12:00:00,0.00005
SOMIUSDT,2025-09-13 08:00:00,0.00005
SOMIUSDT,2025-09-13 04:00:00,0.00005
SOMIUSDT,2025-09-13 00:00:00,0.00005
SOMIUSDT,2025-09-12 20:00:00,0.00005
SOMIUSDT,2025-09-12 16:00:00,0.00005
SOMIUSDT,2025-09-12 12:00:00,0.00005
SOMIUSDT,2025-09-12 08:00:00,0.00005
SOMIUSDT,2025-09-12 04:00:00,0.00005
SOMIUSDT,2025-09-12 00:00:00,0.00005
SOMIUSDT,2025-09-11 20:00:00,0.00005
SOMIUSDT,2025-09-11 16:00:00,0.00005
SOMIUSDT,2025-09-11 12:00:00,0.00005
SOMIUSDT,2025-09-11 08:00:00,0.00005
SOMIUSDT,2025-09-11 04:00:00,0.00005
SOMIUSDT,2025-09-11 00:00:00,0.00005
SOMIUSDT,2025-09-10 20:00:00,0.00005
SOMIUSDT,2025-09-10 16:00:00,0.00005
SOMIUSDT,2025-09-10 12:00:00,-0.00012357
SOMIUSDT,2025-09-10 08:00:00,-0.00001578
SOMIUSDT,2025-09-10 04:00:00,0.00005
SOMIUSDT,2025-09-10 00:00:00,0.00005
SOMIUSDT,2025-09-09 20:00:00,0.00005
SOMIUSDT,2025-09-09 16:00:00,0.00005
SOMIUSDT,2025-09-09 12:00:00,0.00005
SOMIUSDT,2025-09-09 08:00:00,0.00005
SOMIUSDT,2025-09-09 04:00:00,0.00005
SOMIUSDT,2025-09-09 00:00:00,0.00005
SOMIUSDT,2025-09-08 20:00:00,0.00002406
SOMIUSDT,2025-09-08 16:00:00,-0.00012798
SOMIUSDT,2025-09-08 12:00:00,-0.00029099
SOMIUSDT,2025-09-08 08:00:00,-0.00027364
SOMIUSDT,2025-09-08 04:00:00,-0.00116987
SOMIUSDT,2025-09-08 00:00:00,-0.00127581
SOMIUSDT,2025-09-07 20:00:00,-0.0079009
SOMIUSDT,2025-09-07 16:00:00,-0.00347935
SOMIUSDT,2025-09-07 12:00:00,-0.00171023
SOMIUSDT,2025-09-07 08:00:00,-0.00084867
SOMIUSDT,2025-09-07 04:00:00,-0.00025577
SOMIUSDT,2025-09-07 00:00:00,-0.00123862
SOMIUSDT,2025-09-06 20:00:00,-0.00373296
SOMIUSDT,2025-09-06 16:00:00,0.00005
SOMIUSDT,2025-09-06 12:00:00,0.00005
SOMIUSDT,2025-09-06 08:00:00,-0.00030716
SOMIUSDT,2025-09-06 04:00:00,0.00005
SOMIUSDT,2025-09-06 00:00:00,0.00005
SOMIUSDT,2025-09-05 20:00:00,0.00005
SOMIUSDT,2025-09-05 16:00:00,0.00005
SOMIUSDT,2025-09-05 12:00:00,0.00005
SOMIUSDT,2025-09-05 08:00:00,0.00005
SOMIUSDT,2025-09-05 04:00:00,0.00005
SOMIUSDT,2025-09-05 00:00:00,-0.00032692
SOMIUSDT,2025-09-04 20:00:00,-0.00533778
SKYUSDT,2025-10-05 00:00:00,0.00005
SKYUSDT,2025-10-04 20:00:00,0.00005
SKYUSDT,2025-10-04 16:00:00,0.00005
SKYUSDT,2025-10-04 12:00:00,0.00005
SKYUSDT,2025-10-04 08:00:00,0.00005
SKYUSDT,2025-10-04 04:00:00,0.00005
SKYUSDT,2025-10-04 00:00:00,0.00005
SKYUSDT,2025-10-03 20:00:00,0.00005
SKYUSDT,2025-10-03 16:00:00,0.00005
SKYUSDT,2025-10-03 12:00:00,0.00005
SKYUSDT,2025-10-03 08:00:00,0.00005
SKYUSDT,2025-10-03 04:00:00,0.00005
SKYUSDT,2025-10-03 00:00:00,0.00005
SKYUSDT,2025-10-02 20:00:00,0.00005
SKYUSDT,2025-10-02 16:00:00,0.00005
SKYUSDT,2025-10-02 12:00:00,0.00005
SKYUSDT,2025-10-02 08:00:00,0.00005
SKYUSDT,2025-10-02 04:00:00,0.00005
SKYUSDT,2025-10-02 00:00:00,0.00005
SKYUSDT,2025-10-01 20:00:00,0.00005
SKYUSDT,2025-10-01 16:00:00,-0.00025473
SKYUSDT,2025-10-01 12:00:00,0.00005
SKYUSDT,2025-10-01 08:00:00,0.00005
SKYUSDT,2025-10-01 04:00:00,0.00005
SKYUSDT,2025-10-01 00:00:00,0.00005
SKYUSDT,2025-09-30 20:00:00,0.00005
SKYUSDT,2025-09-30 16:00:00,0.00005
SKYUSDT,2025-09-30 12:00:00,0.00005
SKYUSDT,2025-09-30 08:00:00,0.00005
SKYUSDT,2025-09-30 04:00:00,0.00005
SKYUSDT,2025-09-30 00:00:00,0.00005
SKYUSDT,2025-09-29 20:00:00,0.00005
SKYUSDT,2025-09-29 16:00:00,0.00005
SKYUSDT,2025-09-29 12:00:00,0.00005
SKYUSDT,2025-09-29 08:00:00,0.00005
SKYUSDT,2025-09-29 04:00:00,0.00005
SKYUSDT,2025-09-29 00:00:00,0.00005
SKYUSDT,2025-09-28 20:00:00,0.00005
SKYUSDT,2025-09-28 16:00:00,0.00005
SKYUSDT,2025-09-28 12:00:00,0.00005
SKYUSDT,2025-09-28 08:00:00,0.00005
SKYUSDT,2025-09-28 04:00:00,0.00005
SKYUSDT,2025-09-28 00:00:00,0.00005
SKYUSDT,2025-09-27 20:00:00,0.00005
SKYUSDT,2025-09-27 16:00:00,0.00005
SKYUSDT,2025-09-27 12:00:00,0.00005
SKYUSDT,2025-09-27 08:00:00,0.00005
SKYUSDT,2025-09-27 04:00:00,0.00005
SKYUSDT,2025-09-27 00:00:00,0.00005
SKYUSDT,2025-09-26 20:00:00,0.00005
SKYUSDT,2025-09-26 16:00:00,0.00005
SKYUSDT,2025-09-26 12:00:00,0.00005
SKYUSDT,2025-09-26 08:00:00,0.00005
SKYUSDT,2025-09-26 04:00:00,0.00005
SKYUSDT,2025-09-26 00:00:00,0.00005
SKYUSDT,2025-09-25 20:00:00,0.00005
SKYUSDT,2025-09-25 16:00:00,0.00005
SKYUSDT,2025-09-25 12:00:00,0.00005
SKYUSDT,2025-09-25 08:00:00,0.00005
SKYUSDT,2025-09-25 04:00:00,0.00005
SKYUSDT,2025-09-25 00:00:00,0.00005
SKYUSDT,2025-09-24 20:00:00,0.00005
SKYUSDT,2025-09-24 16:00:00,0.00005
SKYUSDT,2025-09-24 12:00:00,0.00005
SKYUSDT,2025-09-24 08:00:00,0.00005
SKYUSDT,2025-09-24 04:00:00,0.00005
SKYUSDT,2025-09-24 00:00:00,0.00005
SKYUSDT,2025-09-23 20:00:00,0.00005
SKYUSDT,2025-09-23 16:00:00,0.00005
SKYUSDT,2025-09-23 12:00:00,0.00005
SKYUSDT,2025-09-23 08:00:00,0.00005
SKYUSDT,2025-09-23 04:00:00,0.00005
SKYUSDT,2025-09-23 00:00:00,0.00005
SKYUSDT,2025-09-22 20:00:00,0.00005
SKYUSDT,2025-09-22 16:00:00,0.00005
SKYUSDT,2025-09-22 12:00:00,0.00005
SKYUSDT,2025-09-22 08:00:00,0.00005
SKYUSDT,2025-09-22 04:00:00,0.00005
SKYUSDT,2025-09-22 00:00:00,0.00005
SKYUSDT,2025-09-21 20:00:00,0.00005
SKYUSDT,2025-09-21 16:00:00,0.00005
SKYUSDT,2025-09-21 12:00:00,0.00005
SKYUSDT,2025-09-21 08:00:00,0.00005
SKYUSDT,2025-09-21 04:00:00,0.00005
SKYUSDT,2025-09-21 00:00:00,0.00005
SKYUSDT,2025-09-20 20:00:00,0.00005
SKYUSDT,2025-09-20 16:00:00,0.00005
SKYUSDT,2025-09-20 12:00:00,0.00005
SKYUSDT,2025-09-20 08:00:00,0.00005
SKYUSDT,2025-09-20 04:00:00,0.00005
SKYUSDT,2025-09-20 00:00:00,0.00005
SKYUSDT,2025-09-19 20:00:00,0.00005
SKYUSDT,2025-09-19 16:00:00,0.00005
SKYUSDT,2025-09-19 12:00:00,0.00005
SKYUSDT,2025-09-19 08:00:00,0.00005
SKYUSDT,2025-09-19 04:00:00,0.00005
SKYUSDT,2025-09-19 00:00:00,0.00005
SKYUSDT,2025-09-18 20:00:00,0.00005
SKYUSDT,2025-09-18 16:00:00,0.00005
SKYUSDT,2025-09-18 12:00:00,0.00005
SKYUSDT,2025-09-18 08:00:00,0.00005
SKYUSDT,2025-09-18 04:00:00,0.00005
SKYUSDT,2025-09-18 00:00:00,0.00005
SKYUSDT,2025-09-17 20:00:00,0.00005
SKYUSDT,2025-09-17 16:00:00,0.00005
SKYUSDT,2025-09-17 12:00:00,0.00005
SKYUSDT,2025-09-17 08:00:00,0.00005
SKYUSDT,2025-09-17 04:00:00,0.00005
SKYUSDT,2025-09-17 00:00:00,0.00005
SKYUSDT,2025-09-16 20:00:00,0.00005
SKYUSDT,2025-09-16 16:00:00,0.00005
SKYUSDT,2025-09-16 12:00:00,0.00005
SKYUSDT,2025-09-16 08:00:00,0.00005
SKYUSDT,2025-09-16 04:00:00,0.00005
SKYUSDT,2025-09-16 00:00:00,0.00005
SKYUSDT,2025-09-15 20:00:00,0.00005
SKYUSDT,2025-09-15 16:00:00,0.00005
SKYUSDT,2025-09-15 12:00:00,0.00005
SKYUSDT,2025-09-15 08:00:00,0.00005
SKYUSDT,2025-09-15 04:00:00,0.00005
SKYUSDT,2025-09-15 00:00:00,0.00005
SKYUSDT,2025-09-14 20:00:00,0.00005
SKYUSDT,2025-09-14 16:00:00,0.00005
SKYUSDT,2025-09-14 12:00:00,0.00005
SKYUSDT,2025-09-14 08:00:00,0.00006217
SKYUSDT,2025-09-14 04:00:00,0.00005
SKYUSDT,2025-09-14 00:00:00,0.00005
SKYUSDT,2025-09-13 20:00:00,0.00005
SKYUSDT,2025-09-13 16:00:00,0.00005
SKYUSDT,2025-09-13 12:00:00,0.00005
SKYUSDT,2025-09-13 08:00:00,0.00005
SKYUSDT,2025-09-13 04:00:00,0.00005
SKYUSDT,2025-09-13 00:00:00,0.00005
SKYUSDT,2025-09-12 20:00:00,0.00005
SKYUSDT,2025-09-12 16:00:00,0.00005
SKYUSDT,2025-09-12 12:00:00,0.00005
SKYUSDT,2025-09-12 08:00:00,0.00004538
SKYUSDT,2025-09-12 04:00:00,0.00005
SKYUSDT,2025-09-12 00:00:00,-0.00006149
SKYUSDT,2025-09-11 20:00:00,-0.00052708
SKYUSDT,2025-09-11 16:00:00,-0.00170469
SKYUSDT,2025-09-11 12:00:00,-0.00012974
SKYUSDT,2025-09-11 08:00:00,0.00005
SKYUSDT,2025-09-11 04:00:00,0.00005
SKYUSDT,2025-09-11 00:00:00,-0.00074349
SKYUSDT,2025-09-10 20:00:00,-0.00035581
SKYUSDT,2025-09-10 16:00:00,0.00005
SKYUSDT,2025-09-10 12:00:00,0.00005
SKYUSDT,2025-09-10 08:00:00,0.00005
SKYUSDT,2025-09-10 04:00:00,0.00005
SKYUSDT,2025-09-10 00:00:00,0.00005
SKYUSDT,2025-09-09 20:00:00,0.00005
SKYUSDT,2025-09-09 16:00:00,0.00005
SKYUSDT,2025-09-09 12:00:00,0.00005
SKYUSDT,2025-09-09 08:00:00,0.00005
SKYUSDT,2025-09-09 04:00:00,0.00005
SKYUSDT,2025-09-09 00:00:00,0.00005
SKYUSDT,2025-09-08 20:00:00,0.00005
SKYUSDT,2025-09-08 16:00:00,0.00005
SKYUSDT,2025-09-08 12:00:00,0.00005
SKYUSDT,2025-09-08 08:00:00,0.00005
SKYUSDT,2025-09-08 04:00:00,0.00005
SKYUSDT,2025-09-08 00:00:00,0.00005
SKYUSDT,2025-09-07 20:00:00,0.00005
SKYUSDT,2025-09-07 16:00:00,0.00005
SKYUSDT,2025-09-07 12:00:00,0.00005
SKYUSDT,2025-09-07 08:00:00,0.00005
SKYUSDT,2025-09-07 04:00:00,0.00005
SKYUSDT,2025-09-07 00:00:00,0.00005
SKYUSDT,2025-09-06 20:00:00,0.00005
SKYUSDT,2025-09-06 16:00:00,0.00005
SKYUSDT,2025-09-06 12:00:00,0.00005
SKYUSDT,2025-09-06 08:00:00,0.00005
SKYUSDT,2025-09-06 04:00:00,0.00005
SKYUSDT,2025-09-06 00:00:00,0.00005
SKYUSDT,2025-09-05 20:00:00,0.00005
SKYUSDT,2025-09-05 16:00:00,0.00005
SKYUSDT,2025-09-05 12:00:00,0.00005
SKYUSDT,2025-09-05 08:00:00,0.00005
SKYUSDT,2025-09-05 04:00:00,0.00005
SKYUSDT,2025-09-05 00:00:00,0.00005
SKYUSDT,2025-09-04 20:00:00,0.00005
SKYUSDT,2025-09-04 16:00:00,0.00005
SKYUSDT,2025-09-04 12:00:00,0.00005
SKYUSDT,2025-09-04 08:00:00,0.00005
SKYUSDT,2025-09-04 04:00:00,-0.00026494
SKYUSDT,2025-09-04 00:00:00,-0.00063783
AVNTUSDT,2025-10-10 00:00:00,0.00005
AVNTUSDT,2025-10-09 20:00:00,0.00005
AVNTUSDT,2025-10-09 16:00:00,0.00005
AVNTUSDT,2025-10-09 12:00:00,0.00005
AVNTUSDT,2025-10-09 08:00:00,0.00005
AVNTUSDT,2025-10-09 04:00:00,0.00005
AVNTUSDT,2025-10-09 00:00:00,0.00005
AVNTUSDT,2025-10-08 20:00:00,0.00005
AVNTUSDT,2025-10-08 16:00:00,0.00005
AVNTUSDT,2025-10-08 12:00:00,0.00005
AVNTUSDT,2025-10-08 08:00:00,0.00005
AVNTUSDT,2025-10-08 04:00:00,0.00005
AVNTUSDT,2025-10-08 00:00:00,0.00005
AVNTUSDT,2025-10-07 20:00:00,0.00005
AVNTUSDT,2025-10-07 16:00:00,0.00005
AVNTUSDT,2025-10-07 12:00:00,0.00005
AVNTUSDT,2025-10-07 08:00:00,0.00005
AVNTUSDT,2025-10-07 04:00:00,0.00005
AVNTUSDT,2025-10-07 00:00:00,0.00005
AVNTUSDT,2025-10-06 20:00:00,0.00005
AVNTUSDT,2025-10-06 16:00:00,0.00005
AVNTUSDT,2025-10-06 12:00:00,0.00005
AVNTUSDT,2025-10-06 08:00:00,0.00005
AVNTUSDT,2025-10-06 04:00:00,0.00005
AVNTUSDT,2025-10-06 00:00:00,0.00005
AVNTUSDT,2025-10-05 20:00:00,0.00005
AVNTUSDT,2025-10-05 16:00:00,0.00005
AVNTUSDT,2025-10-05 12:00:00,0.00005
AVNTUSDT,2025-10-05 08:00:00,0.00005
AVNTUSDT,2025-10-05 04:00:00,0.00005
AVNTUSDT,2025-10-05 00:00:00,0.00005
AVNTUSDT,2025-10-04 20:00:00,0.00005
AVNTUSDT,2025-10-04 16:00:00,0.00005
AVNTUSDT,2025-10-04 12:00:00,0.00005
AVNTUSDT,2025-10-04 08:00:00,0.00005
AVNTUSDT,2025-10-04 04:00:00,0.00005
AVNTUSDT,2025-10-04 00:00:00,0.00005
AVNTUSDT,2025-10-03 20:00:00,0.00005
AVNTUSDT,2025-10-03 16:00:00,0.00005
AVNTUSDT,2025-10-03 12:00:00,0.00005
AVNTUSDT,2025-10-03 08:00:00,0.00005
AVNTUSDT,2025-10-03 04:00:00,0.00005
AVNTUSDT,2025-10-03 00:00:00,0.00005
AVNTUSDT,2025-10-02 20:00:00,0.00005
AVNTUSDT,2025-10-02 16:00:00,0.00005
AVNTUSDT,2025-10-02 12:00:00,0.00005
AVNTUSDT,2025-10-02 08:00:00,0.00005
AVNTUSDT,2025-10-02 04:00:00,0.00005
AVNTUSDT,2025-10-02 00:00:00,0.00005
AVNTUSDT,2025-10-01 20:00:00,0.00005
AVNTUSDT,2025-10-01 16:00:00,-0.00004102
AVNTUSDT,2025-10-01 12:00:00,0.00005
AVNTUSDT,2025-10-01 08:00:00,0.00005
AVNTUSDT,2025-10-01 04:00:00,-0.00011241
AVNTUSDT,2025-10-01 00:00:00,-0.00025828
AVNTUSDT,2025-09-30 20:00:00,-0.00021048
AVNTUSDT,2025-09-30 16:00:00,0.00005
AVNTUSDT,2025-09-30 12:00:00,0.00005
AVNTUSDT,2025-09-30 08:00:00,0.00005
AVNTUSDT,2025-09-30 04:00:00,0.00005
AVNTUSDT,2025-09-30 00:00:00,0.00005
AVNTUSDT,2025-09-29 20:00:00,0.00005
AVNTUSDT,2025-09-29 16:00:00,0.00005
AVNTUSDT,2025-09-29 12:00:00,0.00005
AVNTUSDT,2025-09-29 08:00:00,0.00005
AVNTUSDT,2025-09-29 04:00:00,0.00005
AVNTUSDT,2025-09-29 00:00:00,0.00005
AVNTUSDT,2025-09-28 20:00:00,0.00005
AVNTUSDT,2025-09-28 16:00:00,-0.00006981
AVNTUSDT,2025-09-28 12:00:00,0.00005
AVNTUSDT,2025-09-28 08:00:00,0.00005
AVNTUSDT,2025-09-28 04:00:00,0.00005
AVNTUSDT,2025-09-28 00:00:00,0.00005
AVNTUSDT,2025-09-27 20:00:00,0.00005
AVNTUSDT,2025-09-27 16:00:00,-0.00007827
AVNTUSDT,2025-09-27 12:00:00,-0.00004658
AVNTUSDT,2025-09-27 08:00:00,0.00005
AVNTUSDT,2025-09-27 04:00:00,-0.00019281
AVNTUSDT,2025-09-27 00:00:00,-0.00030107
AVNTUSDT,2025-09-26 20:00:00,-0.00034823
AVNTUSDT,2025-09-26 16:00:00,0.00005
AVNTUSDT,2025-09-26 12:00:00,-0.00006253
AVNTUSDT,2025-09-26 08:00:00,-0.00002865
AVNTUSDT,2025-09-26 04:00:00,0.00005
AVNTUSDT,2025-09-26 00:00:00,0.00005
AVNTUSDT,2025-09-25 20:00:00,0.00005
AVNTUSDT,2025-09-25 16:00:00,0.00005
AVNTUSDT,2025-09-25 12:00:00,-0.00007008
AVNTUSDT,2025-09-25 08:00:00,0.00000177
AVNTUSDT,2025-09-25 04:00:00,-0.00108303
AVNTUSDT,2025-09-25 00:00:00,0.00005
AVNTUSDT,2025-09-24 20:00:00,0.00005
AVNTUSDT,2025-09-24 16:00:00,0.00005
AVNTUSDT,2025-09-24 12:00:00,0.00005
AVNTUSDT,2025-09-24 08:00:00,0.00005
AVNTUSDT,2025-09-24 04:00:00,0.00000676
AVNTUSDT,2025-09-24 00:00:00,0.00005
AVNTUSDT,2025-09-23 20:00:00,0.00005
AVNTUSDT,2025-09-23 16:00:00,0.00005
AVNTUSDT,2025-09-23 12:00:00,0.00005
AVNTUSDT,2025-09-23 08:00:00,0.00005
AVNTUSDT,2025-09-23 04:00:00,0.00005
AVNTUSDT,2025-09-23 00:00:00,0.00005
AVNTUSDT,2025-09-22 20:00:00,0.00005
AVNTUSDT,2025-09-22 16:00:00,0.00005
AVNTUSDT,2025-09-22 12:00:00,0.00005
AVNTUSDT,2025-09-22 08:00:00,0.00005
AVNTUSDT,2025-09-22 04:00:00,-0.00004146
AVNTUSDT,2025-09-22 00:00:00,0.00005
AVNTUSDT,2025-09-21 20:00:00,0.00005
AVNTUSDT,2025-09-21 16:00:00,0.00005
AVNTUSDT,2025-09-21 12:00:00,0.00086533
AVNTUSDT,2025-09-21 08:00:00,0.00005
AVNTUSDT,2025-09-21 04:00:00,0.00005
AVNTUSDT,2025-09-21 00:00:00,0.00041369
AVNTUSDT,2025-09-20 20:00:00,0.00015738
AVNTUSDT,2025-09-20 16:00:00,0.00025892
AVNTUSDT,2025-09-20 12:00:00,0.00005
AVNTUSDT,2025-09-20 08:00:00,0.00005514
AVNTUSDT,2025-09-20 04:00:00,0.00005
AVNTUSDT,2025-09-20 00:00:00,0.00005
AVNTUSDT,2025-09-19 20:00:00,0.00005
AVNTUSDT,2025-09-19 16:00:00,0.00005
AVNTUSDT,2025-09-19 12:00:00,0.00005
AVNTUSDT,2025-09-19 08:00:00,0.00004022
AVNTUSDT,2025-09-19 04:00:00,-0.00006033
AVNTUSDT,2025-09-19 00:00:00,0.00005
AVNTUSDT,2025-09-18 20:00:00,0.00005
AVNTUSDT,2025-09-18 16:00:00,0.00005
AVNTUSDT,2025-09-18 12:00:00,0.00002162
AVNTUSDT,2025-09-18 08:00:00,-0.00021191
AVNTUSDT,2025-09-18 04:00:00,-0.00000828
AVNTUSDT,2025-09-18 00:00:00,0.00005
AVNTUSDT,2025-09-17 20:00:00,0.00005
AVNTUSDT,2025-09-17 16:00:00,-0.00059755
AVNTUSDT,2025-09-17 12:00:00,-0.00017509
AVNTUSDT,2025-09-17 08:00:00,0.00005
AVNTUSDT,2025-09-17 04:00:00,0.00005
AVNTUSDT,2025-09-17 00:00:00,0.00005
AVNTUSDT,2025-09-16 20:00:00,0.00005
AVNTUSDT,2025-09-16 16:00:00,-0.00005239
AVNTUSDT,2025-09-16 12:00:00,-0.00150444
AVNTUSDT,2025-09-16 08:00:00,0.00005
AVNTUSDT,2025-09-16 04:00:00,-0.00107345
AVNTUSDT,2025-09-16 00:00:00,-0.00041393
AVNTUSDT,2025-09-15 20:00:00,-0.00089588
AVNTUSDT,2025-09-15 16:00:00,0.00005
AVNTUSDT,2025-09-15 12:00:00,0.00004219
AVNTUSDT,2025-09-15 08:00:00,-0.00177364
AVNTUSDT,2025-09-15 04:00:00,-0.00413248
AVNTUSDT,2025-09-15 00:00:00,0.00023498
AVNTUSDT,2025-09-14 20:00:00,0.00005
AVNTUSDT,2025-09-14 16:00:00,0.00005
AVNTUSDT,2025-09-14 12:00:00,0.00005
AVNTUSDT,2025-09-14 08:00:00,0.00047346
AVNTUSDT,2025-09-14 04:00:00,0.00023695
AVNTUSDT,2025-09-14 00:00:00,0.00018562
AVNTUSDT,2025-09-13 20:00:00,0.00005
AVNTUSDT,2025-09-13 16:00:00,-0.00003601
AVNTUSDT,2025-09-13 12:00:00,-0.00034174
AVNTUSDT,2025-09-13 08:00:00,-0.00004881
AVNTUSDT,2025-09-13 04:00:00,-0.00022986
AVNTUSDT,2025-09-13 00:00:00,0.00005
AVNTUSDT,2025-09-12 20:00:00,0.00005
AVNTUSDT,2025-09-12 16:00:00,0.00005
AVNTUSDT,2025-09-12 12:00:00,0.00005
AVNTUSDT,2025-09-12 08:00:00,0.00005
AVNTUSDT,2025-09-12 04:00:00,0.00004121
AVNTUSDT,2025-09-12 00:00:00,0.00005
AVNTUSDT,2025-09-11 20:00:00,0.00005
AVNTUSDT,2025-09-11 16:00:00,0.00002916
AVNTUSDT,2025-09-11 12:00:00,0.00005
AVNTUSDT,2025-09-11 08:00:00,0.00005
AVNTUSDT,2025-09-11 04:00:00,0.00005
AVNTUSDT,2025-09-11 00:00:00,0.00005
AVNTUSDT,2025-09-10 20:00:00,0.00005
AVNTUSDT,2025-09-10 16:00:00,0.00005
AVNTUSDT,2025-09-10 12:00:00,0.00005
AVNTUSDT,2025-09-10 08:00:00,-0.00386316
AVNTUSDT,2025-09-10 04:00:00,0.00005
AVNTUSDT,2025-09-10 00:00:00,0.00028761
AVNTUSDT,2025-09-09 20:00:00,0.00005
AVNTUSDT,2025-09-09 16:00:00,0.00005
AVNTUSDT,2025-09-09 12:00:00,0.00005
LINEAUSDT,2025-10-11 00:00:00,-0.00774067
LINEAUSDT,2025-10-10 20:00:00,0.00005
LINEAUSDT,2025-10-10 16:00:00,0.00005
LINEAUSDT,2025-10-10 12:00:00,0.00005
LINEAUSDT,2025-10-10 08:00:00,0.00005
LINEAUSDT,2025-10-10 04:00:00,0.00005
LINEAUSDT,2025-10-10 00:00:00,0.00005
LINEAUSDT,2025-10-09 20:00:00,0.00005
LINEAUSDT,2025-10-09 16:00:00,0.00005
LINEAUSDT,2025-10-09 12:00:00,0.00005
LINEAUSDT,2025-10-09 08:00:00,0.00005
LINEAUSDT,2025-10-09 04:00:00,0.00005
LINEAUSDT,2025-10-09 00:00:00,0.00005
LINEAUSDT,2025-10-08 20:00:00,0.00005
LINEAUSDT,2025-10-08 16:00:00,0.00005
LINEAUSDT,2025-10-08 12:00:00,0.00005
LINEAUSDT,2025-10-08 08:00:00,0.00005
LINEAUSDT,2025-10-08 04:00:00,0.00005
LINEAUSDT,2025-10-08 00:00:00,0.00005
LINEAUSDT,2025-10-07 20:00:00,0.00005
LINEAUSDT,2025-10-07 16:00:00,0.00005
LINEAUSDT,2025-10-07 12:00:00,0.00005
LINEAUSDT,2025-10-07 08:00:00,0.00005
LINEAUSDT,2025-10-07 04:00:00,0.00005
LINEAUSDT,2025-10-07 00:00:00,0.00005
LINEAUSDT,2025-10-06 20:00:00,0.00005
LINEAUSDT,2025-10-06 16:00:00,0.00005
LINEAUSDT,2025-10-06 12:00:00,0.00005
LINEAUSDT,2025-10-06 08:00:00,0.00005
LINEAUSDT,2025-10-06 04:00:00,0.00005
LINEAUSDT,2025-10-06 00:00:00,0.00005
LINEAUSDT,2025-10-05 20:00:00,0.00005
LINEAUSDT,2025-10-05 16:00:00,0.00005
LINEAUSDT,2025-10-05 12:00:00,0.00005
LINEAUSDT,2025-10-05 08:00:00,0.00005
LINEAUSDT,2025-10-05 04:00:00,0.00005
LINEAUSDT,2025-10-05 00:00:00,0.00005
LINEAUSDT,2025-10-04 20:00:00,0.00005
LINEAUSDT,2025-10-04 16:00:00,0.00005
LINEAUSDT,2025-10-04 12:00:00,0.00005
LINEAUSDT,2025-10-04 08:00:00,0.00005
LINEAUSDT,2025-10-04 04:00:00,0.00005
LINEAUSDT,2025-10-04 00:00:00,0.00005
LINEAUSDT,2025-10-03 20:00:00,0.00005
LINEAUSDT,2025-10-03 16:00:00,0.00005
LINEAUSDT,2025-10-03 12:00:00,0.00005
LINEAUSDT,2025-10-03 08:00:00,0.00005
LINEAUSDT,2025-10-03 04:00:00,0.00005
LINEAUSDT,2025-10-03 00:00:00,0.00005
LINEAUSDT,2025-10-02 20:00:00,0.00005
LINEAUSDT,2025-10-02 16:00:00,0.00005
LINEAUSDT,2025-10-02 12:00:00,0.00005
LINEAUSDT,2025-10-02 08:00:00,0.00005
LINEAUSDT,2025-10-02 04:00:00,0.00005
LINEAUSDT,2025-10-02 00:00:00,0.00005
LINEAUSDT,2025-10-01 20:00:00,0.00005
LINEAUSDT,2025-10-01 16:00:00,0.00005
LINEAUSDT,2025-10-01 12:00:00,0.00005
LINEAUSDT,2025-10-01 08:00:00,0.00005
LINEAUSDT,2025-10-01 04:00:00,0.00005
LINEAUSDT,2025-10-01 00:00:00,0.00005
LINEAUSDT,2025-09-30 20:00:00,0.00005
LINEAUSDT,2025-09-30 16:00:00,0.00005
LINEAUSDT,2025-09-30 12:00:00,0.00005
LINEAUSDT,2025-09-30 08:00:00,0.00005
LINEAUSDT,2025-09-30 04:00:00,0.00005
LINEAUSDT,2025-09-30 00:00:00,0.00005
LINEAUSDT,2025-09-29 20:00:00,0.00005
LINEAUSDT,2025-09-29 16:00:00,0.00005
LINEAUSDT,2025-09-29 12:00:00,0.00005
LINEAUSDT,2025-09-29 08:00:00,0.00005
LINEAUSDT,2025-09-29 04:00:00,0.00005
LINEAUSDT,2025-09-29 00:00:00,0.00005
LINEAUSDT,2025-09-28 20:00:00,0.00005
LINEAUSDT,2025-09-28 16:00:00,0.00005
LINEAUSDT,2025-09-28 12:00:00,0.00005
LINEAUSDT,2025-09-28 08:00:00,0.00005
LINEAUSDT,2025-09-28 04:00:00,0.00005
LINEAUSDT,2025-09-28 00:00:00,0.00005
LINEAUSDT,2025-09-27 20:00:00,0.00005
LINEAUSDT,2025-09-27 16:00:00,0.00005
LINEAUSDT,2025-09-27 12:00:00,0.00005
LINEAUSDT,2025-09-27 08:00:00,0.00005
LINEAUSDT,2025-09-27 04:00:00,0.00005
LINEAUSDT,2025-09-27 00:00:00,0.00005
LINEAUSDT,2025-09-26 20:00:00,0.00005
LINEAUSDT,2025-09-26 16:00:00,0.00005
LINEAUSDT,2025-09-26 12:00:00,0.00005
LINEAUSDT,2025-09-26 08:00:00,0.00005
LINEAUSDT,2025-09-26 04:00:00,0.00005
LINEAUSDT,2025-09-26 00:00:00,0.00005
LINEAUSDT,2025-09-25 20:00:00,0.00005
LINEAUSDT,2025-09-25 16:00:00,0.00005
LINEAUSDT,2025-09-25 12:00:00,0.00005
LINEAUSDT,2025-09-25 08:00:00,0.00005
LINEAUSDT,2025-09-25 04:00:00,0.00005
LINEAUSDT,2025-09-25 00:00:00,0.00005
LINEAUSDT,2025-09-24 20:00:00,0.00005
LINEAUSDT,2025-09-24 16:00:00,0.00005
LINEAUSDT,2025-09-24 12:00:00,0.00005
LINEAUSDT,2025-09-24 08:00:00,0.00005
LINEAUSDT,2025-09-24 04:00:00,0.00005
LINEAUSDT,2025-09-24 00:00:00,0.00005
LINEAUSDT,2025-09-23 20:00:00,0.00005
LINEAUSDT,2025-09-23 16:00:00,0.00005
LINEAUSDT,2025-09-23 12:00:00,0.00005
LINEAUSDT,2025-09-23 08:00:00,0.00005
LINEAUSDT,2025-09-23 04:00:00,0.00005
LINEAUSDT,2025-09-23 00:00:00,0.00005
LINEAUSDT,2025-09-22 20:00:00,0.00005
LINEAUSDT,2025-09-22 16:00:00,0.00005
LINEAUSDT,2025-09-22 12:00:00,0.00005
LINEAUSDT,2025-09-22 08:00:00,0.00005
LINEAUSDT,2025-09-22 04:00:00,0.00005
LINEAUSDT,2025-09-22 00:00:00,0.000481
LINEAUSDT,2025-09-21 20:00:00,0.00045228
LINEAUSDT,2025-09-21 16:00:00,0.00027516
LINEAUSDT,2025-09-21 12:00:00,0.00014837
LINEAUSDT,2025-09-21 08:00:00,0.00030538
LINEAUSDT,2025-09-21 04:00:00,0.0000852
LINEAUSDT,2025-09-21 00:00:00,0.00005
LINEAUSDT,2025-09-20 20:00:00,0.00005
LINEAUSDT,2025-09-20 16:00:00,0.00005
LINEAUSDT,2025-09-20 12:00:00,0.00005
LINEAUSDT,2025-09-20 08:00:00,0.00005
LINEAUSDT,2025-09-20 04:00:00,0.00005
LINEAUSDT,2025-09-20 00:00:00,0.00052
LINEAUSDT,2025-09-19 20:00:00,0.00011337
LINEAUSDT,2025-09-19 16:00:00,0.00005
LINEAUSDT,2025-09-19 12:00:00,0.00005
LINEAUSDT,2025-09-19 08:00:00,0.00005
LINEAUSDT,2025-09-19 04:00:00,0.00005
LINEAUSDT,2025-09-19 00:00:00,0.00005
LINEAUSDT,2025-09-18 20:00:00,0.00005
LINEAUSDT,2025-09-18 16:00:00,0.00008574
LINEAUSDT,2025-09-18 12:00:00,0.00005
LINEAUSDT,2025-09-18 08:00:00,0.00005
LINEAUSDT,2025-09-18 04:00:00,0.00005
LINEAUSDT,2025-09-18 00:00:00,0.00005
LINEAUSDT,2025-09-17 20:00:00,0.00005
LINEAUSDT,2025-09-17 16:00:00,0.00005
LINEAUSDT,2025-09-17 12:00:00,0.00005
LINEAUSDT,2025-09-17 08:00:00,0.00005
LINEAUSDT,2025-09-17 04:00:00,0.00005
LINEAUSDT,2025-09-17 00:00:00,0.00005
LINEAUSDT,2025-09-16 20:00:00,0.00005
LINEAUSDT,2025-09-16 16:00:00,0.00005
LINEAUSDT,2025-09-16 12:00:00,0.00005
LINEAUSDT,2025-09-16 08:00:00,0.00005
LINEAUSDT,2025-09-16 04:00:00,0.00005
LINEAUSDT,2025-09-16 00:00:00,0.00005
LINEAUSDT,2025-09-15 20:00:00,0.00005
LINEAUSDT,2025-09-15 16:00:00,0.00005
LINEAUSDT,2025-09-15 12:00:00,0.00005
LINEAUSDT,2025-09-15 08:00:00,0.00005
LINEAUSDT,2025-09-15 04:00:00,0.00005
LINEAUSDT,2025-09-15 00:00:00,0.00005
LINEAUSDT,2025-09-14 20:00:00,0.00005
LINEAUSDT,2025-09-14 16:00:00,0.00005
LINEAUSDT,2025-09-14 12:00:00,0.00005
LINEAUSDT,2025-09-14 08:00:00,0.00005
LINEAUSDT,2025-09-14 04:00:00,0.00088348
LINEAUSDT,2025-09-14 00:00:00,0.00029486
LINEAUSDT,2025-09-13 20:00:00,0.00014018
LINEAUSDT,2025-09-13 16:00:00,0.00028261
LINEAUSDT,2025-09-13 12:00:00,0.00015915
LINEAUSDT,2025-09-13 08:00:00,0.00003948
LINEAUSDT,2025-09-13 06:00:00,0.00013186
LINEAUSDT,2025-09-13 05:00:00,0.00008497
LINEAUSDT,2025-09-13 04:00:00,0.0001264
LINEAUSDT,2025-09-13 03:00:00,0.00012963
LINEAUSDT,2025-09-13 02:00:00,0.0000125
LINEAUSDT,2025-09-13 01:00:00,0.00007274
LINEAUSDT,2025-09-13 00:00:00,0.00002928
LINEAUSDT,2025-09-12 23:00:00,0.00011253
LINEAUSDT,2025-09-12 22:00:00,0.0000125
LINEAUSDT,2025-09-12 21:00:00,0.00004909
LINEAUSDT,2025-09-12 20:00:00,0.00009092
LINEAUSDT,2025-09-12 19:00:00,0.00002991
LINEAUSDT,2025-09-12 18:00:00,0.0000125
LINEAUSDT,2025-09-12 17:00:00,0.0000125
LINEAUSDT,2025-09-12 16:00:00,0.0000125
LINEAUSDT,2025-09-12 15:00:00,0.0000125
LINEAUSDT,2025-09-12 14:00:00,0.0000125
LINEAUSDT,2025-09-12 13:00:00,0.0000125
LINEAUSDT,2025-09-12 12:00:00,0.0000125
LINEAUSDT,2025-09-12 11:00:00,0.0000125
LINEAUSDT,2025-09-12 10:00:00,0.0000125
LINEAUSDT,2025-09-12 09:00:00,0.0000125
LINEAUSDT,2025-09-12 08:00:00,0.0000125
LINEAUSDT,2025-09-12 07:00:00,0.0000125
LINEAUSDT,2025-09-12 06:00:00,0.0000125
LINEAUSDT,2025-09-12 05:00:00,0.0000125
LINEAUSDT,2025-09-12 04:00:00,0.0000125
LINEAUSDT,2025-09-12 03:00:00,0.0000125
LINEAUSDT,2025-09-12 02:00:00,0.00027435
LINEAUSDT,2025-09-12 01:00:00,0.0000125
LINEAUSDT,2025-09-12 00:00:00,0.0001496
LINEAUSDT,2025-09-11 23:00:00,0.00009891
LINEAUSDT,2025-09-11 22:00:00,0.00015946
HOLOUSDT,2025-10-12 00:00:00,-0.00033306
HOLOUSDT,2025-10-11 20:00:00,0.00005
HOLOUSDT,2025-10-11 16:00:00,0.00005
HOLOUSDT,2025-10-11 12:00:00,0.00005
HOLOUSDT,2025-10-11 08:00:00,0.00005
HOLOUSDT,2025-10-11 04:00:00,0.00005
HOLOUSDT,2025-10-11 00:00:00,-0.00075857
HOLOUSDT,2025-10-10 20:00:00,0.00005
HOLOUSDT,2025-10-10 16:00:00,0.00005
HOLOUSDT,2025-10-10 12:00:00,0.00005
HOLOUSDT,2025-10-10 08:00:00,0.00005
HOLOUSDT,2025-10-10 04:00:00,0.00005
HOLOUSDT,2025-10-10 00:00:00,0.00005
HOLOUSDT,2025-10-09 20:00:00,0.00005
HOLOUSDT,2025-10-09 16:00:00,0.00005
HOLOUSDT,2025-10-09 12:00:00,0.00005
HOLOUSDT,2025-10-09 08:00:00,0.00005
HOLOUSDT,2025-10-09 04:00:00,0.00005
HOLOUSDT,2025-10-09 00:00:00,0.00005
HOLOUSDT,2025-10-08 20:00:00,0.00005
HOLOUSDT,2025-10-08 16:00:00,0.00005
HOLOUSDT,2025-10-08 12:00:00,0.00005
HOLOUSDT,2025-10-08 08:00:00,0.00005
HOLOUSDT,2025-10-08 04:00:00,0.00005
HOLOUSDT,2025-10-08 00:00:00,0.00005
HOLOUSDT,2025-10-07 20:00:00,0.00005
HOLOUSDT,2025-10-07 16:00:00,0.00005
HOLOUSDT,2025-10-07 12:00:00,0.00005
HOLOUSDT,2025-10-07 08:00:00,0.00005
HOLOUSDT,2025-10-07 04:00:00,0.00005
HOLOUSDT,2025-10-07 00:00:00,0.00005
HOLOUSDT,2025-10-06 20:00:00,0.00005
HOLOUSDT,2025-10-06 16:00:00,0.00005
HOLOUSDT,2025-10-06 12:00:00,0.00005
HOLOUSDT,2025-10-06 08:00:00,0.00005
HOLOUSDT,2025-10-06 04:00:00,0.00005
HOLOUSDT,2025-10-06 00:00:00,0.00005
HOLOUSDT,2025-10-05 20:00:00,0.00005
HOLOUSDT,2025-10-05 16:00:00,0.00005
HOLOUSDT,2025-10-05 12:00:00,0.00005
HOLOUSDT,2025-10-05 08:00:00,0.00005
HOLOUSDT,2025-10-05 04:00:00,0.00005
HOLOUSDT,2025-10-05 00:00:00,0.00005
HOLOUSDT,2025-10-04 20:00:00,0.00005
HOLOUSDT,2025-10-04 16:00:00,0.00005
HOLOUSDT,2025-10-04 12:00:00,0.00005
HOLOUSDT,2025-10-04 08:00:00,0.00005
HOLOUSDT,2025-10-04 04:00:00,0.00005
HOLOUSDT,2025-10-04 00:00:00,0.00005
HOLOUSDT,2025-10-03 20:00:00,0.00005
HOLOUSDT,2025-10-03 16:00:00,0.00005
HOLOUSDT,2025-10-03 12:00:00,0.00005
HOLOUSDT,2025-10-03 08:00:00,-0.0007159
HOLOUSDT,2025-10-03 04:00:00,-0.00240994
HOLOUSDT,2025-10-03 00:00:00,0.00005
HOLOUSDT,2025-10-02 20:00:00,0.00005
HOLOUSDT,2025-10-02 16:00:00,0.00000486
HOLOUSDT,2025-10-02 12:00:00,-0.00040704
HOLOUSDT,2025-10-02 08:00:00,-0.00201708
HOLOUSDT,2025-10-02 04:00:00,0.00005
HOLOUSDT,2025-10-02 00:00:00,0.00005
HOLOUSDT,2025-10-01 20:00:00,0.00005
HOLOUSDT,2025-10-01 16:00:00,0.00005
HOLOUSDT,2025-10-01 12:00:00,0.00005
HOLOUSDT,2025-10-01 08:00:00,0.00005
HOLOUSDT,2025-10-01 04:00:00,-0.00015851
HOLOUSDT,2025-10-01 00:00:00,0.00005
HOLOUSDT,2025-09-30 20:00:00,0.00005
HOLOUSDT,2025-09-30 16:00:00,0.00005
HOLOUSDT,2025-09-30 12:00:00,0.00005
HOLOUSDT,2025-09-30 08:00:00,0.00005
HOLOUSDT,2025-09-30 04:00:00,0.00005
HOLOUSDT,2025-09-30 00:00:00,0.00002512
HOLOUSDT,2025-09-29 20:00:00,0.00005
HOLOUSDT,2025-09-29 16:00:00,0.00005
HOLOUSDT,2025-09-29 12:00:00,0.00005
HOLOUSDT,2025-09-29 08:00:00,0.00005
HOLOUSDT,2025-09-29 04:00:00,0.00005
HOLOUSDT,2025-09-29 00:00:00,0.00005
HOLOUSDT,2025-09-28 20:00:00,0.00005
HOLOUSDT,2025-09-28 16:00:00,0.00005
HOLOUSDT,2025-09-28 12:00:00,0.00005
HOLOUSDT,2025-09-28 08:00:00,0.00005
HOLOUSDT,2025-09-28 04:00:00,0.00005
HOLOUSDT,2025-09-28 00:00:00,0.00005
HOLOUSDT,2025-09-27 20:00:00,0.00005
HOLOUSDT,2025-09-27 16:00:00,0.00005
HOLOUSDT,2025-09-27 12:00:00,0.00005
HOLOUSDT,2025-09-27 08:00:00,0.00005
HOLOUSDT,2025-09-27 04:00:00,0.00005
HOLOUSDT,2025-09-27 00:00:00,0.00005
HOLOUSDT,2025-09-26 20:00:00,0.00005
HOLOUSDT,2025-09-26 16:00:00,0.00005
HOLOUSDT,2025-09-26 12:00:00,0.00005
HOLOUSDT,2025-09-26 08:00:00,0.00005
HOLOUSDT,2025-09-26 04:00:00,-0.00010169
HOLOUSDT,2025-09-26 00:00:00,0.00005
HOLOUSDT,2025-09-25 20:00:00,0.00005
HOLOUSDT,2025-09-25 16:00:00,-0.00001191
HOLOUSDT,2025-09-25 12:00:00,0.00005
HOLOUSDT,2025-09-25 08:00:00,0.00005
HOLOUSDT,2025-09-25 04:00:00,0.00005
HOLOUSDT,2025-09-25 00:00:00,0.00005
HOLOUSDT,2025-09-24 20:00:00,0.00005
HOLOUSDT,2025-09-24 16:00:00,0.00005
HOLOUSDT,2025-09-24 12:00:00,0.00005
HOLOUSDT,2025-09-24 08:00:00,0.00005
HOLOUSDT,2025-09-24 04:00:00,0.00005
HOLOUSDT,2025-09-24 00:00:00,0.00005
HOLOUSDT,2025-09-23 20:00:00,0.00005
HOLOUSDT,2025-09-23 16:00:00,0.00005
HOLOUSDT,2025-09-23 12:00:00,0.00005
HOLOUSDT,2025-09-23 08:00:00,0.00005
HOLOUSDT,2025-09-23 04:00:00,0.00005
HOLOUSDT,2025-09-23 00:00:00,0.00005
HOLOUSDT,2025-09-22 20:00:00,0.00005
HOLOUSDT,2025-09-22 16:00:00,0.00005
HOLOUSDT,2025-09-22 12:00:00,0.00005
HOLOUSDT,2025-09-22 08:00:00,0.00005
HOLOUSDT,2025-09-22 04:00:00,0.00005
HOLOUSDT,2025-09-22 00:00:00,0.00005
HOLOUSDT,2025-09-21 20:00:00,0.00005
HOLOUSDT,2025-09-21 16:00:00,0.00005
HOLOUSDT,2025-09-21 12:00:00,0.00005
HOLOUSDT,2025-09-21 08:00:00,0.00005
HOLOUSDT,2025-09-21 04:00:00,0.00005
HOLOUSDT,2025-09-21 00:00:00,0.00005
HOLOUSDT,2025-09-20 20:00:00,0.00005
HOLOUSDT,2025-09-20 16:00:00,0.00005
HOLOUSDT,2025-09-20 12:00:00,0.00005
HOLOUSDT,2025-09-20 08:00:00,0.00005
HOLOUSDT,2025-09-20 04:00:00,0.00005
HOLOUSDT,2025-09-20 00:00:00,0.00005
HOLOUSDT,2025-09-19 20:00:00,0.00005
HOLOUSDT,2025-09-19 16:00:00,0.00005
HOLOUSDT,2025-09-19 12:00:00,0.00005
HOLOUSDT,2025-09-19 08:00:00,0.00005
HOLOUSDT,2025-09-19 04:00:00,0.00005
HOLOUSDT,2025-09-19 00:00:00,0.00005
HOLOUSDT,2025-09-18 20:00:00,0.00005
HOLOUSDT,2025-09-18 16:00:00,0.00005
HOLOUSDT,2025-09-18 12:00:00,0.00005
HOLOUSDT,2025-09-18 08:00:00,0.00005
HOLOUSDT,2025-09-18 04:00:00,0.00005
HOLOUSDT,2025-09-18 00:00:00,0.00005
HOLOUSDT,2025-09-17 20:00:00,0.00005
HOLOUSDT,2025-09-17 16:00:00,0.00005
HOLOUSDT,2025-09-17 12:00:00,0.00005
HOLOUSDT,2025-09-17 08:00:00,-0.00034006
HOLOUSDT,2025-09-17 04:00:00,0.00005
HOLOUSDT,2025-09-17 00:00:00,0.00005
HOLOUSDT,2025-09-16 20:00:00,0.00005
HOLOUSDT,2025-09-16 16:00:00,0.00005
HOLOUSDT,2025-09-16 12:00:00,0.00005
HOLOUSDT,2025-09-16 08:00:00,0.00005
HOLOUSDT,2025-09-16 04:00:00,0.00005
HOLOUSDT,2025-09-16 00:00:00,0.00005
HOLOUSDT,2025-09-15 20:00:00,0.00005
HOLOUSDT,2025-09-15 16:00:00,0.00005
HOLOUSDT,2025-09-15 12:00:00,0.00005
HOLOUSDT,2025-09-15 08:00:00,0.00005
HOLOUSDT,2025-09-15 04:00:00,0.00012557
HOLOUSDT,2025-09-15 00:00:00,0.00005
HOLOUSDT,2025-09-14 20:00:00,0.00005
HOLOUSDT,2025-09-14 16:00:00,0.00005
HOLOUSDT,2025-09-14 12:00:00,0.00005
HOLOUSDT,2025-09-14 08:00:00,0.00005
HOLOUSDT,2025-09-14 04:00:00,0.00005
HOLOUSDT,2025-09-14 00:00:00,0.00005
HOLOUSDT,2025-09-13 20:00:00,0.00005
HOLOUSDT,2025-09-13 16:00:00,0.00005
HOLOUSDT,2025-09-13 12:00:00,0.00005
HOLOUSDT,2025-09-13 08:00:00,0.000025
HOLOUSDT,2025-09-13 06:00:00,0.0000125
HOLOUSDT,2025-09-13 05:00:00,-0.00041475
HOLOUSDT,2025-09-13 04:00:00,-0.00075194
HOLOUSDT,2025-09-13 03:00:00,-0.00126375
HOLOUSDT,2025-09-13 02:00:00,-0.00051996
HOLOUSDT,2025-09-13 01:00:00,0.0000125
HOLOUSDT,2025-09-13 00:00:00,0.0000125
HOLOUSDT,2025-09-12 23:00:00,0.0000044
HOLOUSDT,2025-09-12 22:00:00,0.0000125
HOLOUSDT,2025-09-12 21:00:00,0.0000125
HOLOUSDT,2025-09-12 20:00:00,0.0000125
HOLOUSDT,2025-09-12 19:00:00,0.0000125
HOLOUSDT,2025-09-12 18:00:00,0.0000125
HOLOUSDT,2025-09-12 17:00:00,-0.0025348
HOLOUSDT,2025-09-12 16:00:00,-0.00205079
HOLOUSDT,2025-09-12 15:00:00,-0.00243882
HOLOUSDT,2025-09-12 14:00:00,-0.00199929
HOLOUSDT,2025-09-12 13:00:00,-0.00034185
HOLOUSDT,2025-09-12 12:00:00,-0.00016138
HOLOUSDT,2025-09-12 11:00:00,-0.00125799
HOLOUSDT,2025-09-12 10:00:00,-0.00016459
HOLOUSDT,2025-09-12 09:00:00,0.0000125
HOLOUSDT,2025-09-12 08:00:00,-0.00004253
HOLOUSDT,2025-09-12 07:00:00,0.0000125
HOLOUSDT,2025-09-12 06:00:00,0.0000125
HOLOUSDT,2025-09-12 05:00:00,0.0000125
HOLOUSDT,2025-09-12 04:00:00,0.0000125
ZKCUSDT,2025-10-16 00:00:00,0.00005
ZKCUSDT,2025-10-15 20:00:00,0.00005
ZKCUSDT,2025-10-15 16:00:00,-0.00007876
ZKCUSDT,2025-10-15 12:00:00,0.00005
ZKCUSDT,2025-10-15 08:00:00,-0.00028425
ZKCUSDT,2025-10-15 04:00:00,-0.00107203
ZKCUSDT,2025-10-15 00:00:00,-0.00024319
ZKCUSDT,2025-10-14 20:00:00,0.00005
ZKCUSDT,2025-10-14 16:00:00,0.00005
ZKCUSDT,2025-10-14 12:00:00,0.00005
ZKCUSDT,2025-10-14 08:00:00,0.00005
ZKCUSDT,2025-10-14 04:00:00,-0.00039857
ZKCUSDT,2025-10-14 00:00:00,-0.00023922
ZKCUSDT,2025-10-13 20:00:00,0.00005
ZKCUSDT,2025-10-13 16:00:00,0.00005
ZKCUSDT,2025-10-13 12:00:00,-0.00043872
ZKCUSDT,2025-10-13 08:00:00,0.00005
ZKCUSDT,2025-10-13 04:00:00,0.00005
ZKCUSDT,2025-10-13 00:00:00,0.00005
ZKCUSDT,2025-10-12 20:00:00,-0.00026998
ZKCUSDT,2025-10-12 16:00:00,-0.00006699
ZKCUSDT,2025-10-12 12:00:00,0.00005
ZKCUSDT,2025-10-12 08:00:00,0.00005
ZKCUSDT,2025-10-12 04:00:00,0.00005
ZKCUSDT,2025-10-12 00:00:00,0.00005
ZKCUSDT,2025-10-11 20:00:00,0.00005
ZKCUSDT,2025-10-11 16:00:00,0.00005
ZKCUSDT,2025-10-11 12:00:00,0.00005
ZKCUSDT,2025-10-11 08:00:00,0.00005
ZKCUSDT,2025-10-11 04:00:00,0.00005
ZKCUSDT,2025-10-11 00:00:00,0.00005
ZKCUSDT,2025-10-10 20:00:00,0.00005
ZKCUSDT,2025-10-10 16:00:00,0.00005
ZKCUSDT,2025-10-10 12:00:00,0.00005
ZKCUSDT,2025-10-10 08:00:00,0.00005
ZKCUSDT,2025-10-10 04:00:00,0.00005
ZKCUSDT,2025-10-10 00:00:00,0.00005
ZKCUSDT,2025-10-09 20:00:00,0.00005
ZKCUSDT,2025-10-09 16:00:00,0.00005
ZKCUSDT,2025-10-09 12:00:00,0.00005
ZKCUSDT,2025-10-09 08:00:00,0.00005
ZKCUSDT,2025-10-09 04:00:00,0.00005
ZKCUSDT,2025-10-09 00:00:00,0.00005
ZKCUSDT,2025-10-08 20:00:00,0.00005
ZKCUSDT,2025-10-08 16:00:00,0.00005
ZKCUSDT,2025-10-08 12:00:00,0.00005
ZKCUSDT,2025-10-08 08:00:00,0.00005
ZKCUSDT,2025-10-08 04:00:00,0.00005
ZKCUSDT,2025-10-08 00:00:00,0.00005
ZKCUSDT,2025-10-07 20:00:00,0.00005
ZKCUSDT,2025-10-07 16:00:00,0.00005
ZKCUSDT,2025-10-07 12:00:00,0.00005
ZKCUSDT,2025-10-07 08:00:00,0.00005
ZKCUSDT,2025-10-07 04:00:00,0.00005
ZKCUSDT,2025-10-07 00:00:00,0.00005
ZKCUSDT,2025-10-06 20:00:00,0.00014174
ZKCUSDT,2025-10-06 16:00:00,0.00005
ZKCUSDT,2025-10-06 12:00:00,0.00005
ZKCUSDT,2025-10-06 08:00:00,0.00005
ZKCUSDT,2025-10-06 04:00:00,0.00005
ZKCUSDT,2025-10-06 00:00:00,0.00005
ZKCUSDT,2025-10-05 20:00:00,0.00005
ZKCUSDT,2025-10-05 16:00:00,0.00005
ZKCUSDT,2025-10-05 12:00:00,0.00005
ZKCUSDT,2025-10-05 08:00:00,0.00005
ZKCUSDT,2025-10-05 04:00:00,0.00005
ZKCUSDT,2025-10-05 00:00:00,0.00005
ZKCUSDT,2025-10-04 20:00:00,0.00005
ZKCUSDT,2025-10-04 16:00:00,0.00005
ZKCUSDT,2025-10-04 12:00:00,-0.00009403
ZKCUSDT,2025-10-04 08:00:00,-0.00005418
ZKCUSDT,2025-10-04 04:00:00,-0.00084026
ZKCUSDT,2025-10-04 00:00:00,-0.00055116
ZKCUSDT,2025-10-03 20:00:00,0.00005
ZKCUSDT,2025-10-03 16:00:00,-0.00233671
ZKCUSDT,2025-10-03 12:00:00,-0.00442445
ZKCUSDT,2025-10-03 08:00:00,-0.00396459
ZKCUSDT,2025-10-03 04:00:00,-0.00410043
ZKCUSDT,2025-10-03 00:00:00,-0.00391042
ZKCUSDT,2025-10-02 20:00:00,-0.0025101
ZKCUSDT,2025-10-02 16:00:00,-0.00384008
ZKCUSDT,2025-10-02 12:00:00,-0.00012568
ZKCUSDT,2025-10-02 08:00:00,-0.00108045
ZKCUSDT,2025-10-02 04:00:00,-0.00032464
ZKCUSDT,2025-10-02 00:00:00,-0.00076094
ZKCUSDT,2025-10-01 20:00:00,-0.00047767
ZKCUSDT,2025-10-01 16:00:00,-0.00026992
ZKCUSDT,2025-10-01 12:00:00,-0.00077052
ZKCUSDT,2025-10-01 08:00:00,-0.00244526
ZKCUSDT,2025-10-01 04:00:00,-0.00580416
ZKCUSDT,2025-10-01 00:00:00,-0.00043768
ZKCUSDT,2025-09-30 20:00:00,0.00005
ZKCUSDT,2025-09-30 16:00:00,0.00005
ZKCUSDT,2025-09-30 12:00:00,0.00004431
ZKCUSDT,2025-09-30 08:00:00,-0.00046073
ZKCUSDT,2025-09-30 04:00:00,-0.0002386
ZKCUSDT,2025-09-30 00:00:00,-0.00098743
ZKCUSDT,2025-09-29 20:00:00,-0.00061005
ZKCUSDT,2025-09-29 16:00:00,-0.00015458
ZKCUSDT,2025-09-29 12:00:00,-0.00013791
ZKCUSDT,2025-09-29 08:00:00,-0.00054143
ZKCUSDT,2025-09-29 04:00:00,0.00005
ZKCUSDT,2025-09-29 00:00:00,-0.00013433
ZKCUSDT,2025-09-28 20:00:00,0.00001116
ZKCUSDT,2025-09-28 16:00:00,-0.00003461
ZKCUSDT,2025-09-28 12:00:00,0.00005
ZKCUSDT,2025-09-28 08:00:00,0.0000465
ZKCUSDT,2025-09-28 04:00:00,-0.00003752
ZKCUSDT,2025-09-28 00:00:00,0.00005
ZKCUSDT,2025-09-27 20:00:00,0.00005
ZKCUSDT,2025-09-27 16:00:00,0.00005
ZKCUSDT,2025-09-27 12:00:00,-0.00000672
ZKCUSDT,2025-09-27 08:00:00,0.00005
ZKCUSDT,2025-09-27 04:00:00,0.00005
ZKCUSDT,2025-09-27 00:00:00,0.00005
ZKCUSDT,2025-09-26 20:00:00,0.00005
ZKCUSDT,2025-09-26 16:00:00,0.00005
ZKCUSDT,2025-09-26 12:00:00,0.00005
ZKCUSDT,2025-09-26 08:00:00,0.00005
ZKCUSDT,2025-09-26 04:00:00,-0.00010935
ZKCUSDT,2025-09-26 00:00:00,-0.00017869
ZKCUSDT,2025-09-25 20:00:00,0.00005
ZKCUSDT,2025-09-25 16:00:00,-0.00049809
ZKCUSDT,2025-09-25 12:00:00,0.00005
ZKCUSDT,2025-09-25 08:00:00,-0.0000787
ZKCUSDT,2025-09-25 04:00:00,0.00003537
ZKCUSDT,2025-09-25 00:00:00,-0.00089109
ZKCUSDT,2025-09-24 20:00:00,-0.00018539
ZKCUSDT,2025-09-24 16:00:00,-0.00012573
ZKCUSDT,2025-09-24 12:00:00,0.00005
ZKCUSDT,2025-09-24 08:00:00,0.00005
ZKCUSDT,2025-09-24 04:00:00,-0.00016332
ZKCUSDT,2025-09-24 00:00:00,-0.00040825
ZKCUSDT,2025-09-23 20:00:00,-0.00274193
ZKCUSDT,2025-09-23 16:00:00,0.00005
ZKCUSDT,2025-09-23 12:00:00,0.00005
ZKCUSDT,2025-09-23 08:00:00,-0.00051865
ZKCUSDT,2025-09-23 04:00:00,0.00005
ZKCUSDT,2025-09-23 00:00:00,-0.00071137
ZKCUSDT,2025-09-22 20:00:00,-0.00031083
ZKCUSDT,2025-09-22 16:00:00,-0.00056692
ZKCUSDT,2025-09-22 12:00:00,-0.00082416
ZKCUSDT,2025-09-22 08:00:00,-0.0005988
ZKCUSDT,2025-09-22 04:00:00,-0.00014586
ZKCUSDT,2025-09-22 00:00:00,-0.00048563
ZKCUSDT,2025-09-21 20:00:00,-0.00002941
ZKCUSDT,2025-09-21 16:00:00,-0.00030542
ZKCUSDT,2025-09-21 12:00:00,-0.00037306
ZKCUSDT,2025-09-21 08:00:00,-0.00004674
ZKCUSDT,2025-09-21 04:00:00,-0.00031078
ZKCUSDT,2025-09-21 00:00:00,0.00005
ZKCUSDT,2025-09-20 20:00:00,0.00005
ZKCUSDT,2025-09-20 16:00:00,0.00005
ZKCUSDT,2025-09-20 12:00:00,-0.00066804
ZKCUSDT,2025-09-20 08:00:00,-0.00046409
ZKCUSDT,2025-09-20 04:00:00,-0.00052676
ZKCUSDT,2025-09-20 00:00:00,-0.00010768
ZKCUSDT,2025-09-19 20:00:00,-0.00021415
ZKCUSDT,2025-09-19 16:00:00,0.00005
ZKCUSDT,2025-09-19 12:00:00,-0.00006923
ZKCUSDT,2025-09-19 08:00:00,0.00005
ZKCUSDT,2025-09-19 04:00:00,0.00005
ZKCUSDT,2025-09-19 00:00:00,0.00005
ZKCUSDT,2025-09-18 20:00:00,0.00005
ZKCUSDT,2025-09-18 16:00:00,0.00005
ZKCUSDT,2025-09-18 12:00:00,-0.00006146
ZKCUSDT,2025-09-18 08:00:00,0.00005
ZKCUSDT,2025-09-18 04:00:00,-0.00081776
ZKCUSDT,2025-09-18 00:00:00,0.00005
ZKCUSDT,2025-09-17 20:00:00,0.00005
ZKCUSDT,2025-09-17 16:00:00,-0.0001757
ZKCUSDT,2025-09-17 12:00:00,0.00005
ZKCUSDT,2025-09-17 08:00:00,-0.00026898
ZKCUSDT,2025-09-17 04:00:00,-0.00009702
ZKCUSDT,2025-09-17 00:00:00,-0.00047283
ZKCUSDT,2025-09-16 20:00:00,-0.00030347
ZKCUSDT,2025-09-16 16:00:00,-0.00023357
ZKCUSDT,2025-09-16 12:00:00,-0.00126977
ZKCUSDT,2025-09-16 08:00:00,-0.00027164
ZKCUSDT,2025-09-16 04:00:00,0.00005
ZKCUSDT,2025-09-16 00:00:00,-0.00005622
ZKCUSDT,2025-09-15 20:00:00,0.00005
ZKCUSDT,2025-09-15 16:00:00,-0.00833377
ZKCUSDT,2025-09-15 12:00:00,0.00005
BARDUSDT,2025-10-19 00:00:00,-0.0000615
BARDUSDT,2025-10-18 23:00:00,0.0000125
BARDUSDT,2025-10-18 22:00:00,0.0000125
BARDUSDT,2025-10-18 21:00:00,0.0000125
BARDUSDT,2025-10-18 20:00:00,0.0000125
BARDUSDT,2025-10-18 19:00:00,0.0000125
BARDUSDT,2025-10-18 18:00:00,0.0000125
BARDUSDT,2025-10-18 17:00:00,-0.0000042
BARDUSDT,2025-10-18 16:00:00,0.0000125
BARDUSDT,2025-10-18 15:00:00,0.0000125
BARDUSDT,2025-10-18 14:00:00,-0.0000313
BARDUSDT,2025-10-18 13:00:00,0.0000125
BARDUSDT,2025-10-18 12:00:00,0.0000125
BARDUSDT,2025-10-18 11:00:00,0.0000125
BARDUSDT,2025-10-18 10:00:00,0.0000125
BARDUSDT,2025-10-18 09:00:00,0.0000125
BARDUSDT,2025-10-18 08:00:00,0.0000125
BARDUSDT,2025-10-18 07:00:00,0.0000125
BARDUSDT,2025-10-18 06:00:00,0.0000125
BARDUSDT,2025-10-18 05:00:00,0.0000125
BARDUSDT,2025-10-18 04:00:00,0.0000125
BARDUSDT,2025-10-18 03:00:00,0.0000125
BARDUSDT,2025-10-18 02:00:00,0.0000125
BARDUSDT,2025-10-18 01:00:00,0.0000125
BARDUSDT,2025-10-18 00:00:00,-0.00013642
BARDUSDT,2025-10-17 23:00:00,-0.00013354
BARDUSDT,2025-10-17 22:00:00,0.00000118
BARDUSDT,2025-10-17 21:00:00,0.0000125
BARDUSDT,2025-10-17 20:00:00,0.0000125
BARDUSDT,2025-10-17 19:00:00,-0.00004892
BARDUSDT,2025-10-17 18:00:00,0.0000125
BARDUSDT,2025-10-17 17:00:00,0.0000125
BARDUSDT,2025-10-17 16:00:00,0.0000125
BARDUSDT,2025-10-17 15:00:00,0.0000125
BARDUSDT,2025-10-17 14:00:00,0.0000125
BARDUSDT,2025-10-17 13:00:00,0.0000125
BARDUSDT,2025-10-17 12:00:00,0.0000125
BARDUSDT,2025-10-17 11:00:00,0.0000125
BARDUSDT,2025-10-17 10:00:00,0.0000125
BARDUSDT,2025-10-17 09:00:00,0.0000125
BARDUSDT,2025-10-17 08:00:00,0.0000125
BARDUSDT,2025-10-17 07:00:00,0.00000719
BARDUSDT,2025-10-17 06:00:00,-0.00013685
BARDUSDT,2025-10-17 05:00:00,0.0000125
BARDUSDT,2025-10-17 04:00:00,0.00000495
BARDUSDT,2025-10-17 03:00:00,0.0000125
BARDUSDT,2025-10-17 02:00:00,0.0000125
BARDUSDT,2025-10-17 01:00:00,0.0000125
BARDUSDT,2025-10-17 00:00:00,0.0000125
BARDUSDT,2025-10-16 23:00:00,-0.00011387
BARDUSDT,2025-10-16 22:00:00,0.0000125
BARDUSDT,2025-10-16 21:00:00,0.00000266
BARDUSDT,2025-10-16 20:00:00,-0.00009762
BARDUSDT,2025-10-16 19:00:00,0.0000125
BARDUSDT,2025-10-16 18:00:00,0.0000125
BARDUSDT,2025-10-16 17:00:00,0.0000125
BARDUSDT,2025-10-16 16:00:00,0.0000125
BARDUSDT,2025-10-16 15:00:00,0.0000125
BARDUSDT,2025-10-16 14:00:00,0.0000125
BARDUSDT,2025-10-16 13:00:00,0.0000125
BARDUSDT,2025-10-16 12:00:00,0.0000125
BARDUSDT,2025-10-16 11:00:00,0.0000125
BARDUSDT,2025-10-16 10:00:00,0.0000125
BARDUSDT,2025-10-16 09:00:00,0.0000125
BARDUSDT,2025-10-16 08:00:00,0.0000125
BARDUSDT,2025-10-16 07:00:00,0.0000125
BARDUSDT,2025-10-16 06:00:00,0.0000125
BARDUSDT,2025-10-16 05:00:00,0.0000125
BARDUSDT,2025-10-16 04:00:00,0.0000125
BARDUSDT,2025-10-16 03:00:00,0.0000125
BARDUSDT,2025-10-16 02:00:00,-0.00004264
BARDUSDT,2025-10-16 01:00:00,-0.0000737
BARDUSDT,2025-10-16 00:00:00,0.0000125
BARDUSDT,2025-10-15 23:00:00,-0.00001243
BARDUSDT,2025-10-15 22:00:00,0.0000125
BARDUSDT,2025-10-15 21:00:00,0.0000125
BARDUSDT,2025-10-15 20:00:00,0.0000125
BARDUSDT,2025-10-15 19:00:00,0.0000125
BARDUSDT,2025-10-15 18:00:00,0.0000125
BARDUSDT,2025-10-15 17:00:00,0.0000125
BARDUSDT,2025-10-15 16:00:00,0.0000125
BARDUSDT,2025-10-15 15:00:00,-0.00001688
BARDUSDT,2025-10-15 14:00:00,0.0000125
BARDUSDT,2025-10-15 13:00:00,0.0000125
BARDUSDT,2025-10-15 12:00:00,0.0000125
BARDUSDT,2025-10-15 11:00:00,0.0000125
BARDUSDT,2025-10-15 10:00:00,0.0000125
BARDUSDT,2025-10-15 09:00:00,0.0000125
BARDUSDT,2025-10-15 08:00:00,0.0000125
BARDUSDT,2025-10-15 07:00:00,0.0000125
BARDUSDT,2025-10-15 06:00:00,0.0000125
BARDUSDT,2025-10-15 05:00:00,0.0000125
BARDUSDT,2025-10-15 04:00:00,0.0000125
BARDUSDT,2025-10-15 03:00:00,0.0000125
BARDUSDT,2025-10-15 02:00:00,0.0000125
BARDUSDT,2025-10-15 01:00:00,0.0000125
BARDUSDT,2025-10-15 00:00:00,0.0000125
BARDUSDT,2025-10-14 23:00:00,0.0000125
BARDUSDT,2025-10-14 22:00:00,0.0000125
BARDUSDT,2025-10-14 21:00:00,0.0000125
BARDUSDT,2025-10-14 20:00:00,0.0000125
BARDUSDT,2025-10-14 19:00:00,0.0000125
BARDUSDT,2025-10-14 18:00:00,0.0000125
BARDUSDT,2025-10-14 17:00:00,0.0000125
BARDUSDT,2025-10-14 16:00:00,0.0000125
BARDUSDT,2025-10-14 15:00:00,0.0000125
BARDUSDT,2025-10-14 14:00:00,0.0000125
BARDUSDT,2025-10-14 13:00:00,0.0000125
BARDUSDT,2025-10-14 12:00:00,0.0000125
BARDUSDT,2025-10-14 11:00:00,0.0000125
BARDUSDT,2025-10-14 10:00:00,0.0000125
BARDUSDT,2025-10-14 09:00:00,0.0000125
BARDUSDT,2025-10-14 08:00:00,0.0000125
BARDUSDT,2025-10-14 07:00:00,0.0000125
BARDUSDT,2025-10-14 06:00:00,0.0000125
BARDUSDT,2025-10-14 05:00:00,0.0000125
BARDUSDT,2025-10-14 04:00:00,0.0000125
BARDUSDT,2025-10-14 03:00:00,0.0000125
BARDUSDT,2025-10-14 02:00:00,0.0000125
BARDUSDT,2025-10-14 01:00:00,0.0000125
BARDUSDT,2025-10-14 00:00:00,0.0000125
BARDUSDT,2025-10-13 23:00:00,0.0000125
BARDUSDT,2025-10-13 22:00:00,0.0000125
BARDUSDT,2025-10-13 21:00:00,0.0000125
BARDUSDT,2025-10-13 20:00:00,0.0000125
BARDUSDT,2025-10-13 19:00:00,0.0000125
BARDUSDT,2025-10-13 18:00:00,0.0000125
BARDUSDT,2025-10-13 17:00:00,0.0000125
BARDUSDT,2025-10-13 16:00:00,0.0000125
BARDUSDT,2025-10-13 15:00:00,0.0000125
BARDUSDT,2025-10-13 14:00:00,0.0000125
BARDUSDT,2025-10-13 13:00:00,0.0000125
BARDUSDT,2025-10-13 12:00:00,0.0000125
BARDUSDT,2025-10-13 11:00:00,0.0000125
BARDUSDT,2025-10-13 10:00:00,0.0000125
BARDUSDT,2025-10-13 09:00:00,0.0000125
BARDUSDT,2025-10-13 08:00:00,0.0000125
BARDUSDT,2025-10-13 07:00:00,0.0000125
BARDUSDT,2025-10-13 06:00:00,0.0000125
BARDUSDT,2025-10-13 05:00:00,0.0000125
BARDUSDT,2025-10-13 04:00:00,0.0000125
BARDUSDT,2025-10-13 03:00:00,0.0000125
BARDUSDT,2025-10-13 02:00:00,0.0000125
BARDUSDT,2025-10-13 01:00:00,0.0000125
BARDUSDT,2025-10-13 00:00:00,0.0000125
BARDUSDT,2025-10-12 23:00:00,0.0000125
BARDUSDT,2025-10-12 22:00:00,0.0000125
BARDUSDT,2025-10-12 21:00:00,0.0000125
BARDUSDT,2025-10-12 20:00:00,0.0000125
BARDUSDT,2025-10-12 19:00:00,0.0000125
BARDUSDT,2025-10-12 18:00:00,0.0000125
BARDUSDT,2025-10-12 17:00:00,0.0000125
BARDUSDT,2025-10-12 16:00:00,0.0000125
BARDUSDT,2025-10-12 15:00:00,0.0000125
BARDUSDT,2025-10-12 14:00:00,0.0000125
BARDUSDT,2025-10-12 13:00:00,0.0000125
BARDUSDT,2025-10-12 12:00:00,0.0000125
BARDUSDT,2025-10-12 11:00:00,0.0000125
BARDUSDT,2025-10-12 10:00:00,0.0000125
BARDUSDT,2025-10-12 09:00:00,0.0000125
BARDUSDT,2025-10-12 08:00:00,0.0000125
BARDUSDT,2025-10-12 07:00:00,0.0000125
BARDUSDT,2025-10-12 06:00:00,0.0000125
BARDUSDT,2025-10-12 05:00:00,0.0000125
BARDUSDT,2025-10-12 04:00:00,0.0000125
BARDUSDT,2025-10-12 03:00:00,0.0000125
BARDUSDT,2025-10-12 02:00:00,0.0000125
BARDUSDT,2025-10-12 01:00:00,0.0000125
BARDUSDT,2025-10-12 00:00:00,0.0000125
BARDUSDT,2025-10-11 23:00:00,0.0000125
BARDUSDT,2025-10-11 22:00:00,0.0000125
BARDUSDT,2025-10-11 21:00:00,0.0000125
BARDUSDT,2025-10-11 20:00:00,0.0000125
BARDUSDT,2025-10-11 19:00:00,0.0000125
BARDUSDT,2025-10-11 18:00:00,0.0000125
BARDUSDT,2025-10-11 17:00:00,0.0000125
BARDUSDT,2025-10-11 16:00:00,0.0000125
BARDUSDT,2025-10-11 15:00:00,0.0000125
BARDUSDT,2025-10-11 14:00:00,0.0000125
BARDUSDT,2025-10-11 13:00:00,0.0000125
BARDUSDT,2025-10-11 12:00:00,0.0000125
BARDUSDT,2025-10-11 11:00:00,0.0000125
BARDUSDT,2025-10-11 10:00:00,0.0000125
BARDUSDT,2025-10-11 09:00:00,0.0000125
BARDUSDT,2025-10-11 08:00:00,0.0000125
BARDUSDT,2025-10-11 07:00:00,0.0000125
BARDUSDT,2025-10-11 06:00:00,0.0000125
BARDUSDT,2025-10-11 05:00:00,0.0000125
BARDUSDT,2025-10-11 04:00:00,0.0000125
BARDUSDT,2025-10-11 03:00:00,0.0000125
BARDUSDT,2025-10-11 02:00:00,0.0000125
BARDUSDT,2025-10-11 01:00:00,0.0000125
BARDUSDT,2025-10-11 00:00:00,0.0000125
BARDUSDT,2025-10-10 23:00:00,0.0000125
BARDUSDT,2025-10-10 22:00:00,0.0000125
BARDUSDT,2025-10-10 21:00:00,0.0000125
BARDUSDT,2025-10-10 20:00:00,0.0000125
BARDUSDT,2025-10-10 19:00:00,0.0000125
BARDUSDT,2025-10-10 18:00:00,0.0000125
BARDUSDT,2025-10-10 17:00:00,0.0000125
ASTERUSDT,2025-10-22 00:00:00,0.00005
ASTERUSDT,2025-10-21 20:00:00,0.00005
ASTERUSDT,2025-10-21 16:00:00,0.00005
ASTERUSDT,2025-10-21 12:00:00,0.00005
ASTERUSDT,2025-10-21 08:00:00,-0.00011941
ASTERUSDT,2025-10-21 04:00:00,0.00005
ASTERUSDT,2025-10-21 00:00:00,0.00005
ASTERUSDT,2025-10-20 20:00:00,0.00002227
ASTERUSDT,2025-10-20 16:00:00,-0.0001671
ASTERUSDT,2025-10-20 12:00:00,-0.00003244
ASTERUSDT,2025-10-20 08:00:00,0.00005
ASTERUSDT,2025-10-20 04:00:00,0.00004453
ASTERUSDT,2025-10-20 00:00:00,-0.0001816
ASTERUSDT,2025-10-19 20:00:00,-0.00012099
ASTERUSDT,2025-10-19 16:00:00,-0.00009371
ASTERUSDT,2025-10-19 12:00:00,0.00005
ASTERUSDT,2025-10-19 08:00:00,0.00000939
ASTERUSDT,2025-10-19 04:00:00,0.00005
ASTERUSDT,2025-10-19 00:00:00,0.00005
ASTERUSDT,2025-10-18 20:00:00,0.00005
ASTERUSDT,2025-10-18 16:00:00,0.00005
ASTERUSDT,2025-10-18 12:00:00,0.00005
ASTERUSDT,2025-10-18 08:00:00,-0.00011069
ASTERUSDT,2025-10-18 04:00:00,-0.0001795
ASTERUSDT,2025-10-18 00:00:00,-0.00008838
ASTERUSDT,2025-10-17 20:00:00,-0.00004797
ASTERUSDT,2025-10-17 16:00:00,0.00005
ASTERUSDT,2025-10-17 12:00:00,0.00005
ASTERUSDT,2025-10-17 08:00:00,-0.00022708
ASTERUSDT,2025-10-17 04:00:00,0.00005
ASTERUSDT,2025-10-17 00:00:00,0.00005
ASTERUSDT,2025-10-16 20:00:00,0.00001141
ASTERUSDT,2025-10-16 16:00:00,0.00005
ASTERUSDT,2025-10-16 12:00:00,0.00005
ASTERUSDT,2025-10-16 08:00:00,-0.00003932
ASTERUSDT,2025-10-16 04:00:00,0.00005
ASTERUSDT,2025-10-16 00:00:00,0.00005
ASTERUSDT,2025-10-15 20:00:00,0.00005
ASTERUSDT,2025-10-15 16:00:00,0.00005
ASTERUSDT,2025-10-15 12:00:00,0.00005
ASTERUSDT,2025-10-15 08:00:00,0.00005
ASTERUSDT,2025-10-15 04:00:00,0.00005
ASTERUSDT,2025-10-15 00:00:00,0.00005
ASTERUSDT,2025-10-14 20:00:00,0.00005
ASTERUSDT,2025-10-14 16:00:00,0.00005
ASTERUSDT,2025-10-14 12:00:00,0.00005
ASTERUSDT,2025-10-14 08:00:00,0.00005
ASTERUSDT,2025-10-14 04:00:00,0.00005
ASTERUSDT,2025-10-14 00:00:00,0.00005
ASTERUSDT,2025-10-13 20:00:00,0.00005
ASTERUSDT,2025-10-13 16:00:00,0.00005
ASTERUSDT,2025-10-13 12:00:00,0.00005
ASTERUSDT,2025-10-13 08:00:00,0.00005
ASTERUSDT,2025-10-13 04:00:00,0.00005
ASTERUSDT,2025-10-13 00:00:00,0.00005
ASTERUSDT,2025-10-12 20:00:00,0.00005
ASTERUSDT,2025-10-12 16:00:00,0.00005
ASTERUSDT,2025-10-12 12:00:00,0.00005
ASTERUSDT,2025-10-12 08:00:00,0.00005
ASTERUSDT,2025-10-12 04:00:00,0.00005
ASTERUSDT,2025-10-12 00:00:00,0.00005
ASTERUSDT,2025-10-11 20:00:00,0.00005
ASTERUSDT,2025-10-11 16:00:00,0.00005
ASTERUSDT,2025-10-11 12:00:00,0.00005
ASTERUSDT,2025-10-11 08:00:00,0.00005
ASTERUSDT,2025-10-11 04:00:00,0.00005
ASTERUSDT,2025-10-11 00:00:00,-0.00556684
ASTERUSDT,2025-10-10 20:00:00,-0.00003955
ASTERUSDT,2025-10-10 16:00:00,0.00005
ASTERUSDT,2025-10-10 12:00:00,0.0000621
ASTERUSDT,2025-10-10 08:00:00,0.00011149
ASTERUSDT,2025-10-10 04:00:00,0.00005
ASTERUSDT,2025-10-10 00:00:00,0.00005
ASTERUSDT,2025-10-09 20:00:00,0.00005
ASTERUSDT,2025-10-09 16:00:00,0.00005
ASTERUSDT,2025-10-09 12:00:00,0.00005
ASTERUSDT,2025-10-09 08:00:00,0.00016133
ASTERUSDT,2025-10-09 04:00:00,0.00005
ASTERUSDT,2025-10-09 00:00:00,0.00016411
ASTERUSDT,2025-10-08 20:00:00,0.00005
ASTERUSDT,2025-10-08 16:00:00,0.00005
ASTERUSDT,2025-10-08 12:00:00,0.00018388
ASTERUSDT,2025-10-08 08:00:00,0.00005
ASTERUSDT,2025-10-08 04:00:00,0.00005
ASTERUSDT,2025-10-08 00:00:00,0.00005
ASTERUSDT,2025-10-07 20:00:00,0.00005
ASTERUSDT,2025-10-07 16:00:00,0.00027173
ASTERUSDT,2025-10-07 12:00:00,0.00008891
ASTERUSDT,2025-10-07 08:00:00,0.00005
ASTERUSDT,2025-10-07 04:00:00,0.00005
ASTERUSDT,2025-10-07 00:00:00,0.00005
ASTERUSDT,2025-10-06 20:00:00,0.00005
ASTERUSDT,2025-10-06 16:00:00,0.00005
ASTERUSDT,2025-10-06 12:00:00,0.00005
ASTERUSDT,2025-10-06 08:00:00,0.00022098
ASTERUSDT,2025-10-06 04:00:00,0.00005
ASTERUSDT,2025-10-06 00:00:00,0.00017334
ASTERUSDT,2025-10-05 20:00:00,0.00005
ASTERUSDT,2025-10-05 16:00:00,0.00009237
ASTERUSDT,2025-10-05 12:00:00,0.00011546
ASTERUSDT,2025-10-05 08:00:00,0.00025692
ASTERUSDT,2025-10-05 04:00:00,0.00005
ASTERUSDT,2025-10-05 00:00:00,0.00005
ASTERUSDT,2025-10-04 20:00:00,0.00005
ASTERUSDT,2025-10-04 16:00:00,0.00017923
ASTERUSDT,2025-10-04 12:00:00,0.00041572
ASTERUSDT,2025-10-04 08:00:00,0.00037373
ASTERUSDT,2025-10-04 04:00:00,0.00024617
ASTERUSDT,2025-10-04 00:00:00,0.00031937
ASTERUSDT,2025-10-03 20:00:00,0.00026439
ASTERUSDT,2025-10-03 16:00:00,0.00005
ASTERUSDT,2025-10-03 12:00:00,0.00009167
ASTERUSDT,2025-10-03 08:00:00,0.00007067
ASTERUSDT,2025-10-03 04:00:00,0.00012114
ASTERUSDT,2025-10-03 00:00:00,0.00020965
ASTERUSDT,2025-10-02 20:00:00,0.00033248
ASTERUSDT,2025-10-02 16:00:00,0.00005816
ASTERUSDT,2025-10-02 12:00:00,0.00008616
ASTERUSDT,2025-10-02 08:00:00,0.00013017
ASTERUSDT,2025-10-02 04:00:00,0.00026169
ASTERUSDT,2025-10-02 00:00:00,0.00006209
ASTERUSDT,2025-10-01 20:00:00,0.00005
ASTERUSDT,2025-10-01 16:00:00,0.00025337
ASTERUSDT,2025-10-01 12:00:00,0.00011664
ASTERUSDT,2025-10-01 08:00:00,0.00014107
ASTERUSDT,2025-10-01 04:00:00,0.00023927
ASTERUSDT,2025-10-01 00:00:00,0.00005
ASTERUSDT,2025-09-30 20:00:00,0.00005
ASTERUSDT,2025-09-30 16:00:00,0.00028762
ASTERUSDT,2025-09-30 12:00:00,0.00028545
ASTERUSDT,2025-09-30 08:00:00,0.00014036
ASTERUSDT,2025-09-30 04:00:00,0.00017727
ASTERUSDT,2025-09-30 00:00:00,0.00023631
ASTERUSDT,2025-09-29 20:00:00,0.00005
ASTERUSDT,2025-09-29 16:00:00,0.00005
ASTERUSDT,2025-09-29 12:00:00,0.00005
ASTERUSDT,2025-09-29 08:00:00,0.00010016
ASTERUSDT,2025-09-29 04:00:00,0.00037376
ASTERUSDT,2025-09-29 00:00:00,0.00005
ASTERUSDT,2025-09-28 20:00:00,0.00009346
ASTERUSDT,2025-09-28 16:00:00,0.00005
ASTERUSDT,2025-09-28 12:00:00,0.00007382
ASTERUSDT,2025-09-28 08:00:00,0.00021971
ASTERUSDT,2025-09-28 04:00:00,0.00029462
ASTERUSDT,2025-09-28 00:00:00,0.00067171
ASTERUSDT,2025-09-27 20:00:00,0.00046252
ASTERUSDT,2025-09-27 16:00:00,0.0003784
ASTERUSDT,2025-09-27 12:00:00,0.00034951
ASTERUSDT,2025-09-27 08:00:00,0.00013774
ASTERUSDT,2025-09-27 04:00:00,0.00013618
ASTERUSDT,2025-09-27 00:00:00,0.00005
ASTERUSDT,2025-09-26 20:00:00,0.00005
ASTERUSDT,2025-09-26 16:00:00,0.00005783
ASTERUSDT,2025-09-26 12:00:00,0.00015188
ASTERUSDT,2025-09-26 08:00:00,0.00028602
ASTERUSDT,2025-09-26 04:00:00,0.00042339
ASTERUSDT,2025-09-26 00:00:00,0.00068164
ASTERUSDT,2025-09-25 20:00:00,0.00085043
ASTERUSDT,2025-09-25 16:00:00,0.00083508
ASTERUSDT,2025-09-25 12:00:00,0.00078033
ASTERUSDT,2025-09-25 08:00:00,0.00080199
ASTERUSDT,2025-09-25 04:00:00,0.00078976
ASTERUSDT,2025-09-25 00:00:00,0.00038543
ASTERUSDT,2025-09-24 20:00:00,0.00047592
ASTERUSDT,2025-09-24 16:00:00,0.00058362
ASTERUSDT,2025-09-24 12:00:00,0.00072184
ASTERUSDT,2025-09-24 08:00:00,0.00028109
ASTERUSDT,2025-09-24 04:00:00,0.00005
ASTERUSDT,2025-09-24 00:00:00,0.0001353
ASTERUSDT,2025-09-23 20:00:00,0.00049092
ASTERUSDT,2025-09-23 16:00:00,0.00084283
ASTERUSDT,2025-09-23 12:00:00,0.00019416
ASTERUSDT,2025-09-23 08:00:00,0.00036939
ASTERUSDT,2025-09-23 04:00:00,0.00018871
ASTERUSDT,2025-09-23 00:00:00,0.00038539
ASTERUSDT,2025-09-22 20:00:00,0.00048754
ASTERUSDT,2025-09-22 16:00:00,0.00116933
ASTERUSDT,2025-09-22 12:00:00,0.00077376
ASTERUSDT,2025-09-22 08:00:00,0.00091334
ASTERUSDT,2025-09-22 04:00:00,0.00143468
ASTERUSDT,2025-09-22 00:00:00,0.00105166
ASTERUSDT,2025-09-21 20:00:00,0.00225098
ASTERUSDT,2025-09-21 16:00:00,0.00084686
ASTERUSDT,2025-09-21 12:00:00,0.00183048
ASTERUSDT,2025-09-21 08:00:00,0.00212685
ASTERUSDT,2025-09-21 04:00:00,0.00202155
ASTERUSDT,2025-09-21 00:00:00,0.00176485
XPLUSDT,2025-10-26 00:00:00,0.00005
XPLUSDT,2025-10-25 20:00:00,0.00005
XPLUSDT,2025-10-25 16:00:00,0.00005
XPLUSDT,2025-10-25 12:00:00,0.00005
XPLUSDT,2025-10-25 08:00:00,0.00005
XPLUSDT,2025-10-25 04:00:00,0.00005
XPLUSDT,2025-10-25 00:00:00,0.00005
XPLUSDT,2025-10-24 20:00:00,0.00005
XPLUSDT,2025-10-24 16:00:00,0.00005
XPLUSDT,2025-10-24 12:00:00,0.00005
XPLUSDT,2025-10-24 08:00:00,0.00005
XPLUSDT,2025-10-24 04:00:00,0.00005
XPLUSDT,2025-10-24 00:00:00,0.00005
XPLUSDT,2025-10-23 20:00:00,0.00005
XPLUSDT,2025-10-23 16:00:00,0.00005
XPLUSDT,2025-10-23 12:00:00,0.00005
XPLUSDT,2025-10-23 08:00:00,0.00005
XPLUSDT,2025-10-23 04:00:00,0.0000283
XPLUSDT,2025-10-23 00:00:00,0.00005
XPLUSDT,2025-10-22 20:00:00,0.00005
XPLUSDT,2025-10-22 16:00:00,0.00005
XPLUSDT,2025-10-22 12:00:00,0.00005
XPLUSDT,2025-10-22 08:00:00,-0.00000968
XPLUSDT,2025-10-22 04:00:00,-0.00013709
XPLUSDT,2025-10-22 00:00:00,-0.00005296
XPLUSDT,2025-10-21 20:00:00,0.00005
XPLUSDT,2025-10-21 16:00:00,0.00005
XPLUSDT,2025-10-21 12:00:00,-0.00000665
XPLUSDT,2025-10-21 08:00:00,0.00005
XPLUSDT,2025-10-21 04:00:00,0.00005
XPLUSDT,2025-10-21 00:00:00,-0.00006681
XPLUSDT,2025-10-20 20:00:00,0.00004433
XPLUSDT,2025-10-20 16:00:00,0.00005
XPLUSDT,2025-10-20 12:00:00,0.00005
XPLUSDT,2025-10-20 08:00:00,0.00005
XPLUSDT,2025-10-20 04:00:00,-0.00013717
XPLUSDT,2025-10-20 00:00:00,-0.00004907
XPLUSDT,2025-10-19 20:00:00,-0.00000651
XPLUSDT,2025-10-19 16:00:00,0.0000024
XPLUSDT,2025-10-19 12:00:00,0.00005
XPLUSDT,2025-10-19 08:00:00,0.00005
XPLUSDT,2025-10-19 04:00:00,0.00005
XPLUSDT,2025-10-19 00:00:00,0.00005
XPLUSDT,2025-10-18 20:00:00,0.00005
XPLUSDT,2025-10-18 16:00:00,0.00005
XPLUSDT,2025-10-18 12:00:00,0.00005
XPLUSDT,2025-10-18 08:00:00,0.00005
XPLUSDT,2025-10-18 04:00:00,0.00005
XPLUSDT,2025-10-18 00:00:00,0.00005
XPLUSDT,2025-10-17 20:00:00,0.00005
XPLUSDT,2025-10-17 16:00:00,0.00002238
XPLUSDT,2025-10-17 12:00:00,0.00005
XPLUSDT,2025-10-17 08:00:00,0.00005
XPLUSDT,2025-10-17 04:00:00,-0.00010238
XPLUSDT,2025-10-17 00:00:00,-0.00010402
XPLUSDT,2025-10-16 20:00:00,-0.0000462
XPLUSDT,2025-10-16 16:00:00,-0.00010371
XPLUSDT,2025-10-16 12:00:00,0.00005
XPLUSDT,2025-10-16 08:00:00,0.00005
XPLUSDT,2025-10-16 04:00:00,-0.00003542
XPLUSDT,2025-10-16 00:00:00,-0.00010385
XPLUSDT,2025-10-15 20:00:00,0.00000581
XPLUSDT,2025-10-15 16:00:00,0.00005
XPLUSDT,2025-10-15 12:00:00,0.00005
XPLUSDT,2025-10-15 08:00:00,0.00005
XPLUSDT,2025-10-15 04:00:00,0.00005
XPLUSDT,2025-10-15 00:00:00,0.00005
XPLUSDT,2025-10-14 20:00:00,0.00005
XPLUSDT,2025-10-14 16:00:00,0.00005
XPLUSDT,2025-10-14 12:00:00,0.00005
XPLUSDT,2025-10-14 08:00:00,0.00005
XPLUSDT,2025-10-14 04:00:00,-0.00005972
XPLUSDT,2025-10-14 00:00:00,0.00005
XPLUSDT,2025-10-13 20:00:00,0.00002187
XPLUSDT,2025-10-13 16:00:00,0.00005
XPLUSDT,2025-10-13 12:00:00,0.00002307
XPLUSDT,2025-10-13 08:00:00,-0.00006115
XPLUSDT,2025-10-13 04:00:00,0.00002713
XPLUSDT,2025-10-13 00:00:00,0.00002254
XPLUSDT,2025-10-12 20:00:00,0.00004919
XPLUSDT,2025-10-12 16:00:00,0.00005
XPLUSDT,2025-10-12 12:00:00,-0.00001235
XPLUSDT,2025-10-12 08:00:00,-0.00012088
XPLUSDT,2025-10-12 04:00:00,0.00002305
XPLUSDT,2025-10-12 00:00:00,0.00005
XPLUSDT,2025-10-11 20:00:00,0.00005
XPLUSDT,2025-10-11 16:00:00,0.00005
XPLUSDT,2025-10-11 12:00:00,0.00005
XPLUSDT,2025-10-11 08:00:00,0.00005
XPLUSDT,2025-10-11 04:00:00,0.00005
XPLUSDT,2025-10-11 00:00:00,-0.00029202
XPLUSDT,2025-10-10 20:00:00,0.00005
XPLUSDT,2025-10-10 16:00:00,0.00005
XPLUSDT,2025-10-10 12:00:00,0.00005
XPLUSDT,2025-10-10 08:00:00,0.00005
XPLUSDT,2025-10-10 04:00:00,0.00005
XPLUSDT,2025-10-10 00:00:00,0.00005
XPLUSDT,2025-10-09 20:00:00,0.00005
XPLUSDT,2025-10-09 16:00:00,0.00005
XPLUSDT,2025-10-09 12:00:00,0.00005
XPLUSDT,2025-10-09 08:00:00,0.00005
XPLUSDT,2025-10-09 04:00:00,0.00005
XPLUSDT,2025-10-09 00:00:00,0.00005
XPLUSDT,2025-10-08 20:00:00,0.00005
XPLUSDT,2025-10-08 16:00:00,0.00005
XPLUSDT,2025-10-08 12:00:00,0.00005
XPLUSDT,2025-10-08 08:00:00,0.00005
XPLUSDT,2025-10-08 04:00:00,0.00005
XPLUSDT,2025-10-08 00:00:00,0.00005
XPLUSDT,2025-10-07 20:00:00,0.00005
XPLUSDT,2025-10-07 16:00:00,0.00005
XPLUSDT,2025-10-07 12:00:00,0.00005
XPLUSDT,2025-10-07 08:00:00,0.00009908
XPLUSDT,2025-10-07 04:00:00,0.00005
XPLUSDT,2025-10-07 00:00:00,0.00006239
XPLUSDT,2025-10-06 20:00:00,0.00005
XPLUSDT,2025-10-06 16:00:00,0.00005
XPLUSDT,2025-10-06 12:00:00,0.00005
XPLUSDT,2025-10-06 08:00:00,0.00005
XPLUSDT,2025-10-06 04:00:00,0.00005
XPLUSDT,2025-10-06 00:00:00,0.00015198
XPLUSDT,2025-10-05 20:00:00,0.00005
XPLUSDT,2025-10-05 16:00:00,0.00021609
XPLUSDT,2025-10-05 12:00:00,0.00010437
XPLUSDT,2025-10-05 08:00:00,0.00032123
XPLUSDT,2025-10-05 04:00:00,0.00008339
XPLUSDT,2025-10-05 00:00:00,0.00026157
XPLUSDT,2025-10-04 20:00:00,0.0003876
XPLUSDT,2025-10-04 16:00:00,0.00012376
XPLUSDT,2025-10-04 12:00:00,0.00019034
XPLUSDT,2025-10-04 08:00:00,0.0000519
XPLUSDT,2025-10-04 04:00:00,0.00024676
XPLUSDT,2025-10-04 00:00:00,0.00041354
XPLUSDT,2025-10-03 20:00:00,0.00053074
XPLUSDT,2025-10-03 16:00:00,0.00005
XPLUSDT,2025-10-03 12:00:00,0.00005
XPLUSDT,2025-10-03 08:00:00,0.00005
XPLUSDT,2025-10-03 04:00:00,0.00005
XPLUSDT,2025-10-03 00:00:00,0.00005
XPLUSDT,2025-10-02 20:00:00,0.00005
XPLUSDT,2025-10-02 16:00:00,0.00005
XPLUSDT,2025-10-02 12:00:00,0.00005
XPLUSDT,2025-10-02 08:00:00,0.00005
XPLUSDT,2025-10-02 04:00:00,0.0000542
XPLUSDT,2025-10-02 00:00:00,0.00005
XPLUSDT,2025-10-01 20:00:00,0.00005
XPLUSDT,2025-10-01 16:00:00,0.00005
XPLUSDT,2025-10-01 12:00:00,0.00005
XPLUSDT,2025-10-01 08:00:00,0.00006187
XPLUSDT,2025-10-01 04:00:00,0.00005
XPLUSDT,2025-10-01 00:00:00,0.00005
XPLUSDT,2025-09-30 20:00:00,0.00005
XPLUSDT,2025-09-30 16:00:00,0.00038412
XPLUSDT,2025-09-30 12:00:00,0.0005065
XPLUSDT,2025-09-30 08:00:00,0.00013688
XPLUSDT,2025-09-30 04:00:00,0.00011423
XPLUSDT,2025-09-30 00:00:00,0.00023252
XPLUSDT,2025-09-29 20:00:00,0.00007284
XPLUSDT,2025-09-29 16:00:00,0.00005
XPLUSDT,2025-09-29 12:00:00,0.00011791
XPLUSDT,2025-09-29 08:00:00,0.00005
XPLUSDT,2025-09-29 04:00:00,0.00005
XPLUSDT,2025-09-29 00:00:00,0.00005
XPLUSDT,2025-09-28 20:00:00,0.00005
XPLUSDT,2025-09-28 16:00:00,0.00013024
XPLUSDT,2025-09-28 12:00:00,0.00005
XPLUSDT,2025-09-28 08:00:00,0.00005
XPLUSDT,2025-09-28 04:00:00,0.00005
XPLUSDT,2025-09-28 00:00:00,0.00005
XPLUSDT,2025-09-27 20:00:00,0.00005
XPLUSDT,2025-09-27 16:00:00,0.00005
XPLUSDT,2025-09-27 12:00:00,0.00017759
XPLUSDT,2025-09-27 08:00:00,0.00019737
XPLUSDT,2025-09-27 04:00:00,0.00036001
XPLUSDT,2025-09-27 00:00:00,0.00005
XPLUSDT,2025-09-26 20:00:00,0.00005
XPLUSDT,2025-09-26 16:00:00,0.00022469
XPLUSDT,2025-09-26 12:00:00,0.00007789
XPLUSDT,2025-09-26 08:00:00,0.00005
XPLUSDT,2025-09-26 04:00:00,0.00021427
XPLUSDT,2025-09-26 00:00:00,0.00046833
XPLUSDT,2025-09-25 20:00:00,0.00077077
XPLUSDT,2025-09-25 16:00:00,0.00067471
XPLUSDT,2025-09-25 12:00:00,0.00005
XPLUSDT,2025-09-25 08:00:00,0.00005
XPLUSDT,2025-09-25 04:00:00,0.00005
XPLUSDT,2025-09-25 00:00:00,0.00005
0GUSDT,2025-10-24 00:00:00,-0.00186946
0GUSDT,2025-10-23 23:00:00,-0.00163463
0GUSDT,2025-10-23 22:00:00,-0.00104994
0GUSDT,2025-10-23 21:00:00,-0.00090387
0GUSDT,2025-10-23 20:00:00,-0.00090525
0GUSDT,2025-10-23 19:00:00,-0.00056404
0GUSDT,2025-10-23 18:00:00,0.0000125
0GUSDT,2025-10-23 17:00:00,-0.00003457
0GUSDT,2025-10-23 16:00:00,-0.0002689
0GUSDT,2025-10-23 15:00:00,-0.00048342
0GUSDT,2025-10-23 14:00:00,-0.00026639
0GUSDT,2025-10-23 13:00:00,-0.00054687
0GUSDT,2025-10-23 12:00:00,-0.00105971
0GUSDT,2025-10-23 11:00:00,-0.00039326
0GUSDT,2025-10-23 10:00:00,-0.00012464
0GUSDT,2025-10-23 09:00:00,0.0000125
0GUSDT,2025-10-23 08:00:00,-0.00037339
0GUSDT,2025-10-23 07:00:00,-0.00030958
0GUSDT,2025-10-23 06:00:00,-0.00007425
0GUSDT,2025-10-23 05:00:00,-0.00005279
0GUSDT,2025-10-23 04:00:00,0.0000125
0GUSDT,2025-10-23 03:00:00,-0.00000324
0GUSDT,2025-10-23 02:00:00,0.0000125
0GUSDT,2025-10-23 01:00:00,-0.00009359
0GUSDT,2025-10-23 00:00:00,-0.00067882
0GUSDT,2025-10-22 23:00:00,-0.00064382
0GUSDT,2025-10-22 22:00:00,-0.00028281
0GUSDT,2025-10-22 21:00:00,-0.00049085
0GUSDT,2025-10-22 20:00:00,-0.00061141
0GUSDT,2025-10-22 19:00:00,-0.00029806
0GUSDT,2025-10-22 18:00:00,-0.00080815
0GUSDT,2025-10-22 17:00:00,-0.00066126
0GUSDT,2025-10-22 16:00:00,-0.00066646
0GUSDT,2025-10-22 15:00:00,-0.00027471
0GUSDT,2025-10-22 14:00:00,-0.00067893
0GUSDT,2025-10-22 13:00:00,-0.00100194
0GUSDT,2025-10-22 12:00:00,-0.0010167
0GUSDT,2025-10-22 11:00:00,-0.00123443
0GUSDT,2025-10-22 10:00:00,-0.00107204
0GUSDT,2025-10-22 09:00:00,-0.00070813
0GUSDT,2025-10-22 08:00:00,-0.0009312
0GUSDT,2025-10-22 07:00:00,-0.00085968
0GUSDT,2025-10-22 06:00:00,-0.00139794
0GUSDT,2025-10-22 05:00:00,-0.00121358
0GUSDT,2025-10-22 04:00:00,-0.00156573
0GUSDT,2025-10-22 03:00:00,-0.0017331
0GUSDT,2025-10-22 02:00:00,-0.00091297
0GUSDT,2025-10-22 01:00:00,-0.00140277
0GUSDT,2025-10-22 00:00:00,-0.00121741
0GUSDT,2025-10-21 23:00:00,-0.00162307
0GUSDT,2025-10-21 22:00:00,-0.00059644
0GUSDT,2025-10-21 21:00:00,-0.00094874
0GUSDT,2025-10-21 20:00:00,-0.00046088
0GUSDT,2025-10-21 19:00:00,-0.00087181
0GUSDT,2025-10-21 18:00:00,-0.00081332
0GUSDT,2025-10-21 17:00:00,-0.00038363
0GUSDT,2025-10-21 16:00:00,-0.00086277
0GUSDT,2025-10-21 15:00:00,-0.00054228
0GUSDT,2025-10-21 14:00:00,-0.00022903
0GUSDT,2025-10-21 13:00:00,-0.00133639
0GUSDT,2025-10-21 12:00:00,-0.00221406
0GUSDT,2025-10-21 11:00:00,-0.00236183
0GUSDT,2025-10-21 10:00:00,-0.00133825
0GUSDT,2025-10-21 09:00:00,-0.00143655
0GUSDT,2025-10-21 08:00:00,-0.00136856
0GUSDT,2025-10-21 07:00:00,-0.00132363
0GUSDT,2025-10-21 06:00:00,-0.00339391
0GUSDT,2025-10-21 05:00:00,-0.00438283
0GUSDT,2025-10-21 04:00:00,-0.00561762
0GUSDT,2025-10-21 03:00:00,-0.0014959
0GUSDT,2025-10-21 02:00:00,-0.00097138
0GUSDT,2025-10-21 01:00:00,-0.00656503
0GUSDT,2025-10-21 00:00:00,-0.00014851
0GUSDT,2025-10-20 23:00:00,0.0000125
0GUSDT,2025-10-20 22:00:00,-0.00009753
0GUSDT,2025-10-20 21:00:00,-0.00031087
0GUSDT,2025-10-20 20:00:00,-0.00049431
0GUSDT,2025-10-20 19:00:00,-0.00009248
0GUSDT,2025-10-20 18:00:00,-0.00000278
0GUSDT,2025-10-20 17:00:00,0.0000125
0GUSDT,2025-10-20 16:00:00,0.0000125
0GUSDT,2025-10-20 15:00:00,0.0000125
0GUSDT,2025-10-20 14:00:00,0.0000125
0GUSDT,2025-10-20 13:00:00,-0.00004199
0GUSDT,2025-10-20 12:00:00,-0.00008577
0GUSDT,2025-10-20 11:00:00,0.0000125
0GUSDT,2025-10-20 10:00:00,0.0000125
0GUSDT,2025-10-20 09:00:00,0.0000125
0GUSDT,2025-10-20 08:00:00,0.0000125
0GUSDT,2025-10-20 07:00:00,0.0000125
0GUSDT,2025-10-20 06:00:00,0.0000125
0GUSDT,2025-10-20 05:00:00,-0.00028547
0GUSDT,2025-10-20 04:00:00,0.0000125
0GUSDT,2025-10-20 03:00:00,-0.00004226
0GUSDT,2025-10-20 02:00:00,0.0000125
0GUSDT,2025-10-20 01:00:00,0.0000125
0GUSDT,2025-10-20 00:00:00,0.0000125
0GUSDT,2025-10-19 23:00:00,0.0000125
0GUSDT,2025-10-19 22:00:00,0.0000125
0GUSDT,2025-10-19 21:00:00,0.0000125
0GUSDT,2025-10-19 20:00:00,0.0000125
0GUSDT,2025-10-19 19:00:00,0.0000125
0GUSDT,2025-10-19 18:00:00,0.0000125
0GUSDT,2025-10-19 17:00:00,0.0000125
0GUSDT,2025-10-19 16:00:00,0.0000125
0GUSDT,2025-10-19 15:00:00,0.0000125
0GUSDT,2025-10-19 14:00:00,0.0000125
0GUSDT,2025-10-19 13:00:00,0.0000125
0GUSDT,2025-10-19 12:00:00,0.0000125
0GUSDT,2025-10-19 11:00:00,0.0000125
0GUSDT,2025-10-19 10:00:00,0.0000125
0GUSDT,2025-10-19 09:00:00,0.0000125
0GUSDT,2025-10-19 08:00:00,0.0000125
0GUSDT,2025-10-19 07:00:00,0.0000125
0GUSDT,2025-10-19 06:00:00,-0.00013938
0GUSDT,2025-10-19 05:00:00,0.0000125
0GUSDT,2025-10-19 04:00:00,0.0000125
0GUSDT,2025-10-19 03:00:00,0.0000125
0GUSDT,2025-10-19 02:00:00,0.0000125
0GUSDT,2025-10-19 01:00:00,-0.00035182
0GUSDT,2025-10-19 00:00:00,-0.0005479
0GUSDT,2025-10-18 23:00:00,-0.00009765
0GUSDT,2025-10-18 22:00:00,0.0000125
0GUSDT,2025-10-18 21:00:00,0.0000125
0GUSDT,2025-10-18 20:00:00,0.0000125
0GUSDT,2025-10-18 19:00:00,0.0000125
0GUSDT,2025-10-18 18:00:00,0.0000125
0GUSDT,2025-10-18 17:00:00,-0.00009241
0GUSDT,2025-10-18 16:00:00,-0.00033299
0GUSDT,2025-10-18 15:00:00,0.00000037
0GUSDT,2025-10-18 14:00:00,0.0000125
0GUSDT,2025-10-18 13:00:00,-0.00028282
0GUSDT,2025-10-18 12:00:00,0.00001114
0GUSDT,2025-10-18 11:00:00,-0.00001084
0GUSDT,2025-10-18 10:00:00,-0.00003584
0GUSDT,2025-10-18 09:00:00,-0.00017295
0GUSDT,2025-10-18 08:00:00,-0.0000518
0GUSDT,2025-10-18 07:00:00,-0.00015316
0GUSDT,2025-10-18 06:00:00,0.0000125
0GUSDT,2025-10-18 05:00:00,-0.00018907
0GUSDT,2025-10-18 04:00:00,-0.00030341
0GUSDT,2025-10-18 03:00:00,0.0000125
0GUSDT,2025-10-18 02:00:00,0.0000125
0GUSDT,2025-10-18 01:00:00,0.0000125
0GUSDT,2025-10-18 00:00:00,-0.00016875
0GUSDT,2025-10-17 23:00:00,0.0000125
0GUSDT,2025-10-17 22:00:00,0.0000125
0GUSDT,2025-10-17 21:00:00,0.0000125
0GUSDT,2025-10-17 20:00:00,0.0000125
0GUSDT,2025-10-17 19:00:00,0.0000125
0GUSDT,2025-10-17 18:00:00,-0.00018656
0GUSDT,2025-10-17 17:00:00,-0.0000522
0GUSDT,2025-10-17 16:00:00,0.0000125
0GUSDT,2025-10-17 15:00:00,0.0000125
0GUSDT,2025-10-17 14:00:00,0.0000125
0GUSDT,2025-10-17 13:00:00,0.00001179
0GUSDT,2025-10-17 12:00:00,0.0000125
0GUSDT,2025-10-17 11:00:00,0.0000125
0GUSDT,2025-10-17 10:00:00,0.0000125
0GUSDT,2025-10-17 09:00:00,0.0000125
0GUSDT,2025-10-17 08:00:00,-0.00019487
0GUSDT,2025-10-17 07:00:00,0.0000125
0GUSDT,2025-10-17 06:00:00,0.0000125
0GUSDT,2025-10-17 05:00:00,0.0000125
0GUSDT,2025-10-17 04:00:00,-0.00009966
0GUSDT,2025-10-17 03:00:00,0.0000125
0GUSDT,2025-10-17 02:00:00,0.0000125
0GUSDT,2025-10-17 01:00:00,0.0000125
0GUSDT,2025-10-17 00:00:00,0.0000125
0GUSDT,2025-10-16 23:00:00,0.0000125
0GUSDT,2025-10-16 22:00:00,0.0000125
0GUSDT,2025-10-16 21:00:00,-0.0001267
0GUSDT,2025-10-16 20:00:00,-0.00033898
0GUSDT,2025-10-16 19:00:00,-0.0000832
0GUSDT,2025-10-16 18:00:00,0.0000125
0GUSDT,2025-10-16 17:00:00,0.0000125
0GUSDT,2025-10-16 16:00:00,0.0000125
0GUSDT,2025-10-16 15:00:00,0.0000125
0GUSDT,2025-10-16 14:00:00,0.0000125
0GUSDT,2025-10-16 13:00:00,0.0000125
0GUSDT,2025-10-16 12:00:00,0.0000125
0GUSDT,2025-10-16 11:00:00,0.0000125
0GUSDT,2025-10-16 10:00:00,0.0000125
0GUSDT,2025-10-16 09:00:00,0.0000125
0GUSDT,2025-10-16 08:00:00,0.0000125
0GUSDT,2025-10-16 07:00:00,0.0000125
0GUSDT,2025-10-16 06:00:00,0.0000125
0GUSDT,2025-10-16 05:00:00,-0.00034229
0GUSDT,2025-10-16 04:00:00,-0.00036052
0GUSDT,2025-10-16 03:00:00,0.0000125
0GUSDT,2025-10-16 02:00:00,0.0000125
0GUSDT,2025-10-16 01:00:00,-0.00001384
0GUSDT,2025-10-16 00:00:00,0.00001067
0GUSDT,2025-10-15 23:00:00,0.0000125
0GUSDT,2025-10-15 22:00:00,0.0000125
0GUSDT,2025-10-15 21:00:00,0.0000125
0GUSDT,2025-10-15 20:00:00,0.0000125
0GUSDT,2025-10-15 19:00:00,0.0000125
0GUSDT,2025-10-15 18:00:00,0.0000125
0GUSDT,2025-10-15 17:00:00,0.0000125
XANUSDT,2025-10-30 00:00:00,-0.0007758
XANUSDT,2025-10-29 20:00:00,-0.00299519
XANUSDT,2025-10-29 16:00:00,-0.00032866
XANUSDT,2025-10-29 12:00:00,0.00005
XANUSDT,2025-10-29 08:00:00,0.00005
XANUSDT,2025-10-29 04:00:00,0.00005
XANUSDT,2025-10-29 00:00:00,0.00005
XANUSDT,2025-10-28 20:00:00,-0.0000287
XANUSDT,2025-10-28 16:00:00,-0.00063955
XANUSDT,2025-10-28 12:00:00,-0.00114287
XANUSDT,2025-10-28 08:00:00,-0.00166141
XANUSDT,2025-10-28 04:00:00,-0.00204029
XANUSDT,2025-10-28 00:00:00,-0.00227326
XANUSDT,2025-10-27 20:00:00,-0.00129867
XANUSDT,2025-10-27 16:00:00,-0.0011785
XANUSDT,2025-10-27 12:00:00,-0.00029354
XANUSDT,2025-10-27 08:00:00,0.00005
XANUSDT,2025-10-27 04:00:00,0.00005
XANUSDT,2025-10-27 00:00:00,0.00005
XANUSDT,2025-10-26 20:00:00,0.00005
XANUSDT,2025-10-26 16:00:00,0.00005
XANUSDT,2025-10-26 12:00:00,0.00005
XANUSDT,2025-10-26 08:00:00,0.00005
XANUSDT,2025-10-26 04:00:00,0.00002789
XANUSDT,2025-10-26 00:00:00,-0.00023531
XANUSDT,2025-10-25 20:00:00,0.00005
XANUSDT,2025-10-25 16:00:00,0.00005
XANUSDT,2025-10-25 12:00:00,-0.00017714
XANUSDT,2025-10-25 08:00:00,0.00005
XANUSDT,2025-10-25 04:00:00,0.00005
XANUSDT,2025-10-25 00:00:00,0.00005
XANUSDT,2025-10-24 20:00:00,0.00005
XANUSDT,2025-10-24 16:00:00,-0.00035445
XANUSDT,2025-10-24 12:00:00,0.0000073
XANUSDT,2025-10-24 08:00:00,0.00005
XANUSDT,2025-10-24 04:00:00,0.00005
XANUSDT,2025-10-24 00:00:00,0.00005
XANUSDT,2025-10-23 20:00:00,0.00005
XANUSDT,2025-10-23 16:00:00,0.00005
XANUSDT,2025-10-23 12:00:00,0.00003152
XANUSDT,2025-10-23 08:00:00,-0.00001044
XANUSDT,2025-10-23 04:00:00,0.00005
XANUSDT,2025-10-23 00:00:00,-0.00013595
XANUSDT,2025-10-22 20:00:00,0.00005
XANUSDT,2025-10-22 16:00:00,0.00005
XANUSDT,2025-10-22 12:00:00,0.00005
XANUSDT,2025-10-22 08:00:00,0.00005
XANUSDT,2025-10-22 04:00:00,-0.00012053
XANUSDT,2025-10-22 00:00:00,0.00005
XANUSDT,2025-10-21 20:00:00,0.00005
XANUSDT,2025-10-21 16:00:00,0.00005
XANUSDT,2025-10-21 12:00:00,-0.00028281
XANUSDT,2025-10-21 08:00:00,-0.00011027
XANUSDT,2025-10-21 04:00:00,-0.00021952
XANUSDT,2025-10-21 00:00:00,0.00005
XANUSDT,2025-10-20 20:00:00,-0.00057636
XANUSDT,2025-10-20 16:00:00,-0.00085693
XANUSDT,2025-10-20 12:00:00,0.00005
XANUSDT,2025-10-20 08:00:00,-0.00160557
XANUSDT,2025-10-20 04:00:00,-0.0008379
XANUSDT,2025-10-20 00:00:00,0.00005
XANUSDT,2025-10-19 20:00:00,0.00005
XANUSDT,2025-10-19 16:00:00,0.00005
XANUSDT,2025-10-19 12:00:00,-0.00020111
XANUSDT,2025-10-19 08:00:00,-0.00007536
XANUSDT,2025-10-19 04:00:00,-0.00054948
XANUSDT,2025-10-19 00:00:00,-0.0000144
XANUSDT,2025-10-18 20:00:00,0.00005
XANUSDT,2025-10-18 16:00:00,-0.00025005
XANUSDT,2025-10-18 12:00:00,0.00005
XANUSDT,2025-10-18 08:00:00,-0.00000586
XANUSDT,2025-10-18 04:00:00,0.00005
XANUSDT,2025-10-18 00:00:00,0.00005
XANUSDT,2025-10-17 20:00:00,0.00005
XANUSDT,2025-10-17 16:00:00,0.00005
XANUSDT,2025-10-17 12:00:00,0.00005
XANUSDT,2025-10-17 08:00:00,0.00005
XANUSDT,2025-10-17 04:00:00,-0.00016145
XANUSDT,2025-10-17 00:00:00,-0.00003429
XANUSDT,2025-10-16 20:00:00,-0.00032363
XANUSDT,2025-10-16 16:00:00,0.00005
XANUSDT,2025-10-16 12:00:00,0.00005
XANUSDT,2025-10-16 08:00:00,0.00000402
XANUSDT,2025-10-16 04:00:00,0.00005
XANUSDT,2025-10-16 00:00:00,-0.000321
XANUSDT,2025-10-15 20:00:00,0.00005
XANUSDT,2025-10-15 16:00:00,0.00005
XANUSDT,2025-10-15 12:00:00,-0.00007332
XANUSDT,2025-10-15 08:00:00,-0.00014523
XANUSDT,2025-10-15 04:00:00,-0.00036258
XANUSDT,2025-10-15 00:00:00,-0.00025503
XANUSDT,2025-10-14 20:00:00,-0.00021814
XANUSDT,2025-10-14 16:00:00,0.00005
XANUSDT,2025-10-14 12:00:00,0.00005
XANUSDT,2025-10-14 08:00:00,0.00005
XANUSDT,2025-10-14 04:00:00,-0.00112631
XANUSDT,2025-10-14 00:00:00,-0.00174706
XANUSDT,2025-10-13 20:00:00,0.00005
XANUSDT,2025-10-13 16:00:00,-0.00306449
XANUSDT,2025-10-13 12:00:00,-0.00071394
XANUSDT,2025-10-13 08:00:00,-0.00372997
XANUSDT,2025-10-13 04:00:00,-0.0004036
XANUSDT,2025-10-13 00:00:00,0.00005
XANUSDT,2025-10-12 20:00:00,-0.00224037
XANUSDT,2025-10-12 16:00:00,0.00005
XANUSDT,2025-10-12 12:00:00,-0.00069633
XANUSDT,2025-10-12 08:00:00,-0.0000322
XANUSDT,2025-10-12 04:00:00,0.00005
XANUSDT,2025-10-12 00:00:00,-0.00049999
XANUSDT,2025-10-11 20:00:00,-0.00073671
XANUSDT,2025-10-11 16:00:00,0.00005
XANUSDT,2025-10-11 12:00:00,0.00005
XANUSDT,2025-10-11 08:00:00,0.00005
XANUSDT,2025-10-11 04:00:00,0.00005
XANUSDT,2025-10-11 00:00:00,0.00005
XANUSDT,2025-10-10 20:00:00,-0.00007362
XANUSDT,2025-10-10 16:00:00,-0.0016296
XANUSDT,2025-10-10 12:00:00,0.00005
XANUSDT,2025-10-10 08:00:00,0.00005
XANUSDT,2025-10-10 04:00:00,0.00005
XANUSDT,2025-10-10 00:00:00,0.00005
XANUSDT,2025-10-09 20:00:00,0.00005
XANUSDT,2025-10-09 16:00:00,0.00005
XANUSDT,2025-10-09 12:00:00,0.00005
XANUSDT,2025-10-09 08:00:00,0.00005
XANUSDT,2025-10-09 04:00:00,-0.00008939
XANUSDT,2025-10-09 00:00:00,0.00005
XANUSDT,2025-10-08 20:00:00,-0.00014168
XANUSDT,2025-10-08 16:00:00,-0.00042672
XANUSDT,2025-10-08 12:00:00,-0.0001482
XANUSDT,2025-10-08 08:00:00,0.00005
XANUSDT,2025-10-08 04:00:00,0.00005
XANUSDT,2025-10-08 00:00:00,0.00005
XANUSDT,2025-10-07 20:00:00,-0.00006668
XANUSDT,2025-10-07 16:00:00,-0.00018394
XANUSDT,2025-10-07 12:00:00,-0.00260131
XANUSDT,2025-10-07 08:00:00,0.00005
XANUSDT,2025-10-07 04:00:00,0.00005
XANUSDT,2025-10-07 00:00:00,0.00005
XANUSDT,2025-10-06 20:00:00,0.00005
XANUSDT,2025-10-06 16:00:00,0.00005
XANUSDT,2025-10-06 12:00:00,-0.00003149
XANUSDT,2025-10-06 08:00:00,-0.00077158
XANUSDT,2025-10-06 04:00:00,-0.00058696
XANUSDT,2025-10-06 00:00:00,-0.00050611
XANUSDT,2025-10-05 20:00:00,-0.00105331
XANUSDT,2025-10-05 16:00:00,-0.00102723
XANUSDT,2025-10-05 12:00:00,0.00005
XANUSDT,2025-10-05 08:00:00,0.00005
XANUSDT,2025-10-05 04:00:00,-0.00016107
XANUSDT,2025-10-05 00:00:00,0.00005
XANUSDT,2025-10-04 20:00:00,0.00005
XANUSDT,2025-10-04 16:00:00,0.00005
XANUSDT,2025-10-04 12:00:00,0.00005
XANUSDT,2025-10-04 08:00:00,-0.00019185
XANUSDT,2025-10-04 04:00:00,0.00005
XANUSDT,2025-10-04 00:00:00,0.00005
XANUSDT,2025-10-03 20:00:00,0.00005
XANUSDT,2025-10-03 16:00:00,0.00005
XANUSDT,2025-10-03 12:00:00,0.00005
XANUSDT,2025-10-03 08:00:00,0.00005
XANUSDT,2025-10-03 04:00:00,0.00005
XANUSDT,2025-10-03 00:00:00,0.00005
XANUSDT,2025-10-02 20:00:00,0.00005
XANUSDT,2025-10-02 16:00:00,0.00005
XANUSDT,2025-10-02 12:00:00,0.00005
XANUSDT,2025-10-02 08:00:00,0.00005
XANUSDT,2025-10-02 04:00:00,0.00005
XANUSDT,2025-10-02 00:00:00,0.00005
XANUSDT,2025-10-01 20:00:00,0.00005
XANUSDT,2025-10-01 16:00:00,0.00005
XANUSDT,2025-10-01 12:00:00,0.00005
XANUSDT,2025-10-01 08:00:00,-0.00047809
XANUSDT,2025-10-01 04:00:00,-0.0004193
XANUSDT,2025-10-01 00:00:00,-0.00065152
XANUSDT,2025-09-30 20:00:00,-0.00025658
XANUSDT,2025-09-30 16:00:00,0.00005
XANUSDT,2025-09-30 12:00:00,0.00005
XANUSDT,2025-09-30 08:00:00,0.00005
XANUSDT,2025-09-30 04:00:00,0.0007229
XANUSDT,2025-09-30 00:00:00,0.00128496
XANUSDT,2025-09-29 20:00:00,0.0007403
XANUSDT,2025-09-29 16:00:00,0.00005
XANUSDT,2025-09-29 12:00:00,0.00005
XANUSDT,2025-09-29 08:00:00,0.00005
FFUSDT,2025-10-30 00:00:00,0.0000125
FFUSDT,2025-10-29 23:00:00,0.0000125
FFUSDT,2025-10-29 22:00:00,0.0000125
FFUSDT,2025-10-29 21:00:00,0.0000125
FFUSDT,2025-10-29 20:00:00,0.0000125
FFUSDT,2025-10-29 19:00:00,0.0000125
FFUSDT,2025-10-29 18:00:00,0.0000125
FFUSDT,2025-10-29 17:00:00,0.0000125
FFUSDT,2025-10-29 16:00:00,0.0000125
FFUSDT,2025-10-29 15:00:00,0.0000125
FFUSDT,2025-10-29 14:00:00,0.0000125
FFUSDT,2025-10-29 13:00:00,0.0000125
FFUSDT,2025-10-29 12:00:00,0.0000125
FFUSDT,2025-10-29 11:00:00,0.0000125
FFUSDT,2025-10-29 10:00:00,0.0000125
FFUSDT,2025-10-29 09:00:00,0.0000125
FFUSDT,2025-10-29 08:00:00,0.0000125
FFUSDT,2025-10-29 07:00:00,0.0000125
FFUSDT,2025-10-29 06:00:00,0.0000125
FFUSDT,2025-10-29 05:00:00,0.0000125
FFUSDT,2025-10-29 04:00:00,0.0000125
FFUSDT,2025-10-29 03:00:00,0.0000125
FFUSDT,2025-10-29 02:00:00,0.0000125
FFUSDT,2025-10-29 01:00:00,0.0000125
FFUSDT,2025-10-29 00:00:00,0.0000125
FFUSDT,2025-10-28 23:00:00,0.0000125
FFUSDT,2025-10-28 22:00:00,0.0000125
FFUSDT,2025-10-28 21:00:00,0.0000125
FFUSDT,2025-10-28 20:00:00,0.0000125
FFUSDT,2025-10-28 19:00:00,0.0000125
FFUSDT,2025-10-28 18:00:00,0.0000125
FFUSDT,2025-10-28 17:00:00,0.0000125
FFUSDT,2025-10-28 16:00:00,0.0000125
FFUSDT,2025-10-28 15:00:00,0.0000125
FFUSDT,2025-10-28 14:00:00,0.0000125
FFUSDT,2025-10-28 13:00:00,0.0000125
FFUSDT,2025-10-28 12:00:00,0.0000125
FFUSDT,2025-10-28 11:00:00,0.0000125
FFUSDT,2025-10-28 10:00:00,0.0000125
FFUSDT,2025-10-28 09:00:00,0.0000125
FFUSDT,2025-10-28 08:00:00,0.0000125
FFUSDT,2025-10-28 07:00:00,0.0000125
FFUSDT,2025-10-28 06:00:00,0.0000125
FFUSDT,2025-10-28 05:00:00,0.0000125
FFUSDT,2025-10-28 04:00:00,0.0000125
FFUSDT,2025-10-28 03:00:00,0.0000125
FFUSDT,2025-10-28 02:00:00,0.0000125
FFUSDT,2025-10-28 01:00:00,0.0000125
FFUSDT,2025-10-28 00:00:00,0.0000125
FFUSDT,2025-10-27 23:00:00,0.0000125
FFUSDT,2025-10-27 22:00:00,0.0000125
FFUSDT,2025-10-27 21:00:00,0.0000125
FFUSDT,2025-10-27 20:00:00,0.0000125
FFUSDT,2025-10-27 19:00:00,0.0000125
FFUSDT,2025-10-27 18:00:00,0.0000125
FFUSDT,2025-10-27 17:00:00,0.0000125
FFUSDT,2025-10-27 16:00:00,0.0000125
FFUSDT,2025-10-27 15:00:00,0.0000125
FFUSDT,2025-10-27 14:00:00,0.0000125
FFUSDT,2025-10-27 13:00:00,0.0000125
FFUSDT,2025-10-27 12:00:00,0.0000125
FFUSDT,2025-10-27 11:00:00,0.0000125
FFUSDT,2025-10-27 10:00:00,0.0000125
FFUSDT,2025-10-27 09:00:00,0.0000125
FFUSDT,2025-10-27 08:00:00,0.0000125
FFUSDT,2025-10-27 07:00:00,0.0000125
FFUSDT,2025-10-27 06:00:00,0.0000125
FFUSDT,2025-10-27 05:00:00,0.0000125
FFUSDT,2025-10-27 04:00:00,0.0000125
FFUSDT,2025-10-27 03:00:00,0.0000125
FFUSDT,2025-10-27 02:00:00,0.0000125
FFUSDT,2025-10-27 01:00:00,0.0000125
FFUSDT,2025-10-27 00:00:00,0.0000125
FFUSDT,2025-10-26 23:00:00,0.0000125
FFUSDT,2025-10-26 22:00:00,0.0000125
FFUSDT,2025-10-26 21:00:00,0.0000125
FFUSDT,2025-10-26 20:00:00,0.0000125
FFUSDT,2025-10-26 19:00:00,0.0000125
FFUSDT,2025-10-26 18:00:00,0.0000125
FFUSDT,2025-10-26 17:00:00,0.0000125
FFUSDT,2025-10-26 16:00:00,0.0000125
FFUSDT,2025-10-26 15:00:00,0.0000125
FFUSDT,2025-10-26 14:00:00,0.0000125
FFUSDT,2025-10-26 13:00:00,0.0000125
FFUSDT,2025-10-26 12:00:00,0.0000125
FFUSDT,2025-10-26 11:00:00,0.0000125
FFUSDT,2025-10-26 10:00:00,0.0000125
FFUSDT,2025-10-26 09:00:00,0.0000125
FFUSDT,2025-10-26 08:00:00,0.0000125
FFUSDT,2025-10-26 07:00:00,0.0000125
FFUSDT,2025-10-26 06:00:00,0.0000125
FFUSDT,2025-10-26 05:00:00,0.0000125
FFUSDT,2025-10-26 04:00:00,0.0000125
FFUSDT,2025-10-26 03:00:00,0.0000125
FFUSDT,2025-10-26 02:00:00,0.0000125
FFUSDT,2025-10-26 01:00:00,0.0000125
FFUSDT,2025-10-26 00:00:00,0.0000125
FFUSDT,2025-10-25 23:00:00,0.0000125
FFUSDT,2025-10-25 22:00:00,0.0000125
FFUSDT,2025-10-25 21:00:00,0.0000125
FFUSDT,2025-10-25 20:00:00,0.0000125
FFUSDT,2025-10-25 19:00:00,0.0000125
FFUSDT,2025-10-25 18:00:00,0.0000125
FFUSDT,2025-10-25 17:00:00,0.0000125
FFUSDT,2025-10-25 16:00:00,0.0000125
FFUSDT,2025-10-25 15:00:00,0.0000125
FFUSDT,2025-10-25 14:00:00,0.0000125
FFUSDT,2025-10-25 13:00:00,0.0000125
FFUSDT,2025-10-25 12:00:00,0.0000125
FFUSDT,2025-10-25 11:00:00,0.0000125
FFUSDT,2025-10-25 10:00:00,0.0000125
FFUSDT,2025-10-25 09:00:00,0.0000125
FFUSDT,2025-10-25 08:00:00,0.0000125
FFUSDT,2025-10-25 07:00:00,0.0000125
FFUSDT,2025-10-25 06:00:00,0.0000125
FFUSDT,2025-10-25 05:00:00,0.0000125
FFUSDT,2025-10-25 04:00:00,0.0000125
FFUSDT,2025-10-25 03:00:00,0.0000125
FFUSDT,2025-10-25 02:00:00,0.0000125
FFUSDT,2025-10-25 01:00:00,0.0000125
FFUSDT,2025-10-25 00:00:00,0.0000125
FFUSDT,2025-10-24 23:00:00,0.0000125
FFUSDT,2025-10-24 22:00:00,0.0000125
FFUSDT,2025-10-24 21:00:00,0.0000125
FFUSDT,2025-10-24 20:00:00,0.0000125
FFUSDT,2025-10-24 19:00:00,0.0000125
FFUSDT,2025-10-24 18:00:00,0.0000125
FFUSDT,2025-10-24 17:00:00,0.0000125
FFUSDT,2025-10-24 16:00:00,0.0000125
FFUSDT,2025-10-24 15:00:00,0.0000125
FFUSDT,2025-10-24 14:00:00,0.0000125
FFUSDT,2025-10-24 13:00:00,0.0000125
FFUSDT,2025-10-24 12:00:00,0.0000125
FFUSDT,2025-10-24 11:00:00,0.0000125
FFUSDT,2025-10-24 10:00:00,0.0000125
FFUSDT,2025-10-24 09:00:00,0.0000125
FFUSDT,2025-10-24 08:00:00,0.0000125
FFUSDT,2025-10-24 07:00:00,0.0000125
FFUSDT,2025-10-24 06:00:00,0.0000125
FFUSDT,2025-10-24 05:00:00,0.0000125
FFUSDT,2025-10-24 04:00:00,0.0000125
FFUSDT,2025-10-24 03:00:00,0.0000125
FFUSDT,2025-10-24 02:00:00,0.0000125
FFUSDT,2025-10-24 01:00:00,0.0000125
FFUSDT,2025-10-24 00:00:00,0.0000125
FFUSDT,2025-10-23 23:00:00,0.0000125
FFUSDT,2025-10-23 22:00:00,0.0000125
FFUSDT,2025-10-23 21:00:00,0.0000125
FFUSDT,2025-10-23 20:00:00,0.0000125
FFUSDT,2025-10-23 19:00:00,0.0000125
FFUSDT,2025-10-23 18:00:00,0.0000125
FFUSDT,2025-10-23 17:00:00,0.0000125
FFUSDT,2025-10-23 16:00:00,0.0000125
FFUSDT,2025-10-23 15:00:00,0.0000125
FFUSDT,2025-10-23 14:00:00,0.0000125
FFUSDT,2025-10-23 13:00:00,0.0000125
FFUSDT,2025-10-23 12:00:00,0.0000125
FFUSDT,2025-10-23 11:00:00,0.0000125
FFUSDT,2025-10-23 10:00:00,0.0000125
FFUSDT,2025-10-23 09:00:00,0.0000125
FFUSDT,2025-10-23 08:00:00,0.0000125
FFUSDT,2025-10-23 07:00:00,0.0000125
FFUSDT,2025-10-23 06:00:00,0.0000125
FFUSDT,2025-10-23 05:00:00,0.0000125
FFUSDT,2025-10-23 04:00:00,0.0000125
FFUSDT,2025-10-23 03:00:00,0.0000125
FFUSDT,2025-10-23 02:00:00,0.0000125
FFUSDT,2025-10-23 01:00:00,0.0000125
FFUSDT,2025-10-23 00:00:00,0.0000125
FFUSDT,2025-10-22 23:00:00,0.0000125
FFUSDT,2025-10-22 22:00:00,0.0000125
FFUSDT,2025-10-22 21:00:00,0.0000125
FFUSDT,2025-10-22 20:00:00,0.0000125
FFUSDT,2025-10-22 19:00:00,0.0000125
FFUSDT,2025-10-22 18:00:00,0.0000125
FFUSDT,2025-10-22 17:00:00,0.0000125
FFUSDT,2025-10-22 16:00:00,0.0000125
FFUSDT,2025-10-22 15:00:00,0.0000125
FFUSDT,2025-10-22 14:00:00,0.0000125
FFUSDT,2025-10-22 13:00:00,0.0000125
FFUSDT,2025-10-22 12:00:00,0.0000125
FFUSDT,2025-10-22 11:00:00,0.0000125
FFUSDT,2025-10-22 10:00:00,0.0000125
FFUSDT,2025-10-22 09:00:00,0.0000125
FFUSDT,2025-10-22 08:00:00,0.0000125
FFUSDT,2025-10-22 07:00:00,0.0000125
FFUSDT,2025-10-22 06:00:00,0.0000125
FFUSDT,2025-10-22 05:00:00,0.0000125
FFUSDT,2025-10-22 04:00:00,-0.00028322
FFUSDT,2025-10-22 03:00:00,0.0000125
FFUSDT,2025-10-22 02:00:00,0.0000125
FFUSDT,2025-10-22 01:00:00,0.0000125
FFUSDT,2025-10-22 00:00:00,-0.0001318
FFUSDT,2025-10-21 23:00:00,-0.00019494
FFUSDT,2025-10-21 22:00:00,0.0000125
FFUSDT,2025-10-21 21:00:00,0.0000125
FFUSDT,2025-10-21 20:00:00,0.0000125
FFUSDT,2025-10-21 19:00:00,0.0000125
FFUSDT,2025-10-21 18:00:00,0.0000125
FFUSDT,2025-10-21 17:00:00,0.0000125
2ZUSDT,2025-11-02 00:00:00,0.00005
2ZUSDT,2025-11-01 20:00:00,0.00005
2ZUSDT,2025-11-01 16:00:00,0.00005
2ZUSDT,2025-11-01 12:00:00,0.00005
2ZUSDT,2025-11-01 08:00:00,0.00005
2ZUSDT,2025-11-01 04:00:00,0.00005
2ZUSDT,2025-11-01 00:00:00,0.00005
2ZUSDT,2025-10-31 20:00:00,0.00005
2ZUSDT,2025-10-31 16:00:00,0.00005
2ZUSDT,2025-10-31 12:00:00,0.00005
2ZUSDT,2025-10-31 08:00:00,-0.00012511
2ZUSDT,2025-10-31 04:00:00,-0.00000863
2ZUSDT,2025-10-31 00:00:00,-0.00032962
2ZUSDT,2025-10-30 20:00:00,-0.00046034
2ZUSDT,2025-10-30 16:00:00,-0.00026613
2ZUSDT,2025-10-30 12:00:00,-0.0000102
2ZUSDT,2025-10-30 08:00:00,0.00005
2ZUSDT,2025-10-30 04:00:00,0.00005
2ZUSDT,2025-10-30 00:00:00,0.00005
2ZUSDT,2025-10-29 20:00:00,0.00005
2ZUSDT,2025-10-29 16:00:00,0.00005
2ZUSDT,2025-10-29 12:00:00,0.00005
2ZUSDT,2025-10-29 08:00:00,0.00005
2ZUSDT,2025-10-29 04:00:00,0.00005
2ZUSDT,2025-10-29 00:00:00,0.00005
2ZUSDT,2025-10-28 20:00:00,0.00005
2ZUSDT,2025-10-28 16:00:00,0.00005
2ZUSDT,2025-10-28 12:00:00,0.00005
2ZUSDT,2025-10-28 08:00:00,0.00005
2ZUSDT,2025-10-28 04:00:00,-0.00015299
2ZUSDT,2025-10-28 00:00:00,-0.00009169
2ZUSDT,2025-10-27 20:00:00,0.00005
2ZUSDT,2025-10-27 16:00:00,0.00005
2ZUSDT,2025-10-27 12:00:00,0.00005
2ZUSDT,2025-10-27 08:00:00,0.00005
2ZUSDT,2025-10-27 04:00:00,0.00005
2ZUSDT,2025-10-27 00:00:00,0.00005
2ZUSDT,2025-10-26 20:00:00,-0.0000569
2ZUSDT,2025-10-26 16:00:00,0.00002157
2ZUSDT,2025-10-26 12:00:00,0.00005
2ZUSDT,2025-10-26 08:00:00,0.00005
2ZUSDT,2025-10-26 04:00:00,0.00005
2ZUSDT,2025-10-26 00:00:00,0.00005
2ZUSDT,2025-10-25 20:00:00,0.00005
2ZUSDT,2025-10-25 16:00:00,0.00005
2ZUSDT,2025-10-25 12:00:00,-0.0000136
2ZUSDT,2025-10-25 08:00:00,0.00005
2ZUSDT,2025-10-25 04:00:00,0.00005
2ZUSDT,2025-10-25 00:00:00,0.00005
2ZUSDT,2025-10-24 20:00:00,0.00005
2ZUSDT,2025-10-24 16:00:00,0.00005
2ZUSDT,2025-10-24 12:00:00,0.00005
2ZUSDT,2025-10-24 08:00:00,0.00005
2ZUSDT,2025-10-24 04:00:00,0.00005
2ZUSDT,2025-10-24 00:00:00,0.00005
2ZUSDT,2025-10-23 20:00:00,0.00005
2ZUSDT,2025-10-23 16:00:00,0.00005
2ZUSDT,2025-10-23 12:00:00,0.00000212
2ZUSDT,2025-10-23 08:00:00,-0.00004815
2ZUSDT,2025-10-23 04:00:00,-0.00010812
2ZUSDT,2025-10-23 00:00:00,0.00005
2ZUSDT,2025-10-22 20:00:00,-0.0000069
2ZUSDT,2025-10-22 16:00:00,0.00005
2ZUSDT,2025-10-22 12:00:00,0.00005
2ZUSDT,2025-10-22 08:00:00,0.00005
2ZUSDT,2025-10-22 04:00:00,0.00005
2ZUSDT,2025-10-22 00:00:00,0.00005
2ZUSDT,2025-10-21 20:00:00,-0.00045348
2ZUSDT,2025-10-21 16:00:00,0.00005
2ZUSDT,2025-10-21 12:00:00,0.00005
2ZUSDT,2025-10-21 08:00:00,0.00005
2ZUSDT,2025-10-21 04:00:00,-0.00005992
2ZUSDT,2025-10-21 00:00:00,0.00002749
2ZUSDT,2025-10-20 20:00:00,0.00002885
2ZUSDT,2025-10-20 16:00:00,0.00005
2ZUSDT,2025-10-20 12:00:00,0.00005
2ZUSDT,2025-10-20 08:00:00,0.00005
2ZUSDT,2025-10-20 04:00:00,0.00005
2ZUSDT,2025-10-20 00:00:00,0.00005
2ZUSDT,2025-10-19 20:00:00,0.00005
2ZUSDT,2025-10-19 16:00:00,0.00005
2ZUSDT,2025-10-19 12:00:00,0.00005
2ZUSDT,2025-10-19 08:00:00,0.00005
2ZUSDT,2025-10-19 04:00:00,0.00005
2ZUSDT,2025-10-19 00:00:00,0.00005
2ZUSDT,2025-10-18 20:00:00,0.00004285
2ZUSDT,2025-10-18 16:00:00,-0.00000844
2ZUSDT,2025-10-18 12:00:00,-0.00004678
2ZUSDT,2025-10-18 08:00:00,-0.00021848
2ZUSDT,2025-10-18 04:00:00,-0.00007874
2ZUSDT,2025-10-18 00:00:00,0.00001594
2ZUSDT,2025-10-17 20:00:00,0.00005
2ZUSDT,2025-10-17 16:00:00,0.00005
2ZUSDT,2025-10-17 12:00:00,0.00005
2ZUSDT,2025-10-17 08:00:00,0.00005
2ZUSDT,2025-10-17 04:00:00,-0.0000834
2ZUSDT,2025-10-17 00:00:00,-0.00021002
2ZUSDT,2025-10-16 20:00:00,-0.00000494
2ZUSDT,2025-10-16 16:00:00,0.00004667
2ZUSDT,2025-10-16 12:00:00,0.00005
2ZUSDT,2025-10-16 08:00:00,-0.00032828
2ZUSDT,2025-10-16 04:00:00,-0.00006084
2ZUSDT,2025-10-16 00:00:00,-0.00013309
2ZUSDT,2025-10-15 20:00:00,-0.0002225
2ZUSDT,2025-10-15 16:00:00,-0.00037904
2ZUSDT,2025-10-15 12:00:00,-0.00025066
2ZUSDT,2025-10-15 08:00:00,0.00004321
2ZUSDT,2025-10-15 04:00:00,0.00004301
2ZUSDT,2025-10-15 00:00:00,0.00005
2ZUSDT,2025-10-14 20:00:00,0.00005
2ZUSDT,2025-10-14 16:00:00,-0.00015051
2ZUSDT,2025-10-14 12:00:00,0.00003022
2ZUSDT,2025-10-14 08:00:00,-0.00010541
2ZUSDT,2025-10-14 04:00:00,0.00005
2ZUSDT,2025-10-14 00:00:00,0.00005
2ZUSDT,2025-10-13 20:00:00,0.00005
2ZUSDT,2025-10-13 16:00:00,0.00005
2ZUSDT,2025-10-13 12:00:00,0.00005
2ZUSDT,2025-10-13 08:00:00,0.00000069
2ZUSDT,2025-10-13 04:00:00,0.00005
2ZUSDT,2025-10-13 00:00:00,-0.00015657
2ZUSDT,2025-10-12 20:00:00,0.00005
2ZUSDT,2025-10-12 16:00:00,0.00005
2ZUSDT,2025-10-12 12:00:00,0.00005
2ZUSDT,2025-10-12 08:00:00,0.00005
2ZUSDT,2025-10-12 04:00:00,0.00005
2ZUSDT,2025-10-12 00:00:00,0.00005
2ZUSDT,2025-10-11 20:00:00,0.00005
2ZUSDT,2025-10-11 16:00:00,0.00005
2ZUSDT,2025-10-11 12:00:00,0.00005
2ZUSDT,2025-10-11 08:00:00,0.00005
2ZUSDT,2025-10-11 04:00:00,0.00005
2ZUSDT,2025-10-11 00:00:00,0.00005
2ZUSDT,2025-10-10 20:00:00,0.00005
2ZUSDT,2025-10-10 16:00:00,0.00005
2ZUSDT,2025-10-10 12:00:00,0.00005
2ZUSDT,2025-10-10 08:00:00,0.00005
2ZUSDT,2025-10-10 04:00:00,0.00005
2ZUSDT,2025-10-10 00:00:00,0.00005
2ZUSDT,2025-10-09 20:00:00,0.00005
2ZUSDT,2025-10-09 16:00:00,0.00005
2ZUSDT,2025-10-09 12:00:00,0.00005
2ZUSDT,2025-10-09 08:00:00,0.00005
2ZUSDT,2025-10-09 04:00:00,0.00005
2ZUSDT,2025-10-09 00:00:00,0.00005
2ZUSDT,2025-10-08 20:00:00,0.00005
2ZUSDT,2025-10-08 16:00:00,0.00005
2ZUSDT,2025-10-08 12:00:00,-0.00028781
2ZUSDT,2025-10-08 08:00:00,0.00005
2ZUSDT,2025-10-08 04:00:00,0.00005
2ZUSDT,2025-10-08 00:00:00,0.00005
2ZUSDT,2025-10-07 20:00:00,0.00005
2ZUSDT,2025-10-07 16:00:00,0.00005
2ZUSDT,2025-10-07 12:00:00,0.00005
2ZUSDT,2025-10-07 08:00:00,0.00005
2ZUSDT,2025-10-07 04:00:00,0.00017397
2ZUSDT,2025-10-07 00:00:00,0.00005
2ZUSDT,2025-10-06 20:00:00,0.00009999
2ZUSDT,2025-10-06 16:00:00,0.00005
2ZUSDT,2025-10-06 12:00:00,0.00005
2ZUSDT,2025-10-06 08:00:00,0.00005
2ZUSDT,2025-10-06 04:00:00,0.00005
2ZUSDT,2025-10-06 00:00:00,0.00005
2ZUSDT,2025-10-05 20:00:00,0.00005
2ZUSDT,2025-10-05 16:00:00,0.00005
2ZUSDT,2025-10-05 12:00:00,0.00005
2ZUSDT,2025-10-05 08:00:00,0.00005
2ZUSDT,2025-10-05 04:00:00,0.00005
2ZUSDT,2025-10-05 00:00:00,0.00005
2ZUSDT,2025-10-04 20:00:00,-0.0006822
2ZUSDT,2025-10-04 16:00:00,-0.00053813
2ZUSDT,2025-10-04 12:00:00,-0.00133975
2ZUSDT,2025-10-04 08:00:00,-0.00023643
2ZUSDT,2025-10-04 04:00:00,-0.000213
2ZUSDT,2025-10-04 00:00:00,-0.00011031
2ZUSDT,2025-10-03 20:00:00,0.00005
2ZUSDT,2025-10-03 16:00:00,-0.00027552
2ZUSDT,2025-10-03 12:00:00,-0.00187453
2ZUSDT,2025-10-03 08:00:00,-0.00023893
2ZUSDT,2025-10-03 04:00:00,-0.00060161
2ZUSDT,2025-10-03 00:00:00,-0.00022484
2ZUSDT,2025-10-02 20:00:00,0.00005
2ZUSDT,2025-10-02 16:00:00,-0.00137578
2ZUSDT,2025-10-02 12:00:00,0.00005
NOMUSDT,2025-11-01 00:00:00,0.00005
NOMUSDT,2025-10-31 20:00:00,0.00005
NOMUSDT,2025-10-31 16:00:00,0.00005
NOMUSDT,2025-10-31 12:00:00,0.00005
NOMUSDT,2025-10-31 08:00:00,0.00005
NOMUSDT,2025-10-31 04:00:00,0.00005
NOMUSDT,2025-10-31 00:00:00,0.00005
NOMUSDT,2025-10-30 20:00:00,0.00005
NOMUSDT,2025-10-30 16:00:00,0.00005
NOMUSDT,2025-10-30 12:00:00,0.00005
NOMUSDT,2025-10-30 08:00:00,0.00005
NOMUSDT,2025-10-30 04:00:00,0.00005
NOMUSDT,2025-10-30 00:00:00,0.00005
NOMUSDT,2025-10-29 20:00:00,0.00005
NOMUSDT,2025-10-29 16:00:00,0.00005
NOMUSDT,2025-10-29 12:00:00,0.00005
NOMUSDT,2025-10-29 08:00:00,-0.00019809
NOMUSDT,2025-10-29 04:00:00,0.00005
NOMUSDT,2025-10-29 00:00:00,0.00005
NOMUSDT,2025-10-28 20:00:00,0.00005
NOMUSDT,2025-10-28 16:00:00,0.00005
NOMUSDT,2025-10-28 12:00:00,0.00005
NOMUSDT,2025-10-28 08:00:00,-0.00025362
NOMUSDT,2025-10-28 04:00:00,-0.00149711
NOMUSDT,2025-10-28 00:00:00,-0.00007866
NOMUSDT,2025-10-27 20:00:00,-0.00022069
NOMUSDT,2025-10-27 16:00:00,-0.0007415
NOMUSDT,2025-10-27 12:00:00,-0.00012425
NOMUSDT,2025-10-27 08:00:00,-0.0007053
NOMUSDT,2025-10-27 04:00:00,-0.00052942
NOMUSDT,2025-10-27 00:00:00,-0.00084069
NOMUSDT,2025-10-26 20:00:00,-0.00040727
NOMUSDT,2025-10-26 16:00:00,-0.00076627
NOMUSDT,2025-10-26 12:00:00,-0.00065405
NOMUSDT,2025-10-26 08:00:00,-0.00106483
NOMUSDT,2025-10-26 04:00:00,-0.00644294
NOMUSDT,2025-10-26 00:00:00,0.00005
NOMUSDT,2025-10-25 20:00:00,0.00005
NOMUSDT,2025-10-25 16:00:00,0.00005
NOMUSDT,2025-10-25 12:00:00,-0.0000116
NOMUSDT,2025-10-25 08:00:00,-0.0000459
NOMUSDT,2025-10-25 04:00:00,0.00005
NOMUSDT,2025-10-25 00:00:00,0.00005
NOMUSDT,2025-10-24 20:00:00,0.00005
NOMUSDT,2025-10-24 16:00:00,0.00005
NOMUSDT,2025-10-24 12:00:00,0.00005
NOMUSDT,2025-10-24 08:00:00,0.00005
NOMUSDT,2025-10-24 04:00:00,-0.00003458
NOMUSDT,2025-10-24 00:00:00,-0.00028176
NOMUSDT,2025-10-23 20:00:00,-0.00006462
NOMUSDT,2025-10-23 16:00:00,0.00005
NOMUSDT,2025-10-23 12:00:00,0.00005
NOMUSDT,2025-10-23 08:00:00,-0.00002778
NOMUSDT,2025-10-23 04:00:00,-0.00011527
NOMUSDT,2025-10-23 00:00:00,0.00005
NOMUSDT,2025-10-22 20:00:00,-0.00035099
NOMUSDT,2025-10-22 16:00:00,-0.00009435
NOMUSDT,2025-10-22 12:00:00,-0.00018164
NOMUSDT,2025-10-22 08:00:00,0.00005
NOMUSDT,2025-10-22 04:00:00,0.00005
NOMUSDT,2025-10-22 00:00:00,0.00005
NOMUSDT,2025-10-21 20:00:00,0.00003254
NOMUSDT,2025-10-21 16:00:00,-0.00007344
NOMUSDT,2025-10-21 12:00:00,-0.0014075
NOMUSDT,2025-10-21 08:00:00,-0.0019154
NOMUSDT,2025-10-21 04:00:00,-0.00053351
NOMUSDT,2025-10-21 00:00:00,-0.00040765
NOMUSDT,2025-10-20 20:00:00,0.00005
NOMUSDT,2025-10-20 16:00:00,0.00005
NOMUSDT,2025-10-20 12:00:00,-0.00030672
NOMUSDT,2025-10-20 08:00:00,0.00005
NOMUSDT,2025-10-20 04:00:00,0.00005
NOMUSDT,2025-10-20 00:00:00,-0.0009529
NOMUSDT,2025-10-19 20:00:00,-0.00049282
NOMUSDT,2025-10-19 16:00:00,0.00005
NOMUSDT,2025-10-19 12:00:00,0.00005
NOMUSDT,2025-10-19 08:00:00,0.00005
NOMUSDT,2025-10-19 04:00:00,0.00005
NOMUSDT,2025-10-19 00:00:00,-0.00041529
NOMUSDT,2025-10-18 20:00:00,0.00005
NOMUSDT,2025-10-18 16:00:00,0.00005
NOMUSDT,2025-10-18 12:00:00,0.00005
NOMUSDT,2025-10-18 08:00:00,0.00005
NOMUSDT,2025-10-18 04:00:00,0.00005
NOMUSDT,2025-10-18 00:00:00,0.00005
NOMUSDT,2025-10-17 20:00:00,0.00005
NOMUSDT,2025-10-17 16:00:00,-0.00020861
NOMUSDT,2025-10-17 12:00:00,0.00005
NOMUSDT,2025-10-17 08:00:00,0.00005
NOMUSDT,2025-10-17 04:00:00,-0.00022815
NOMUSDT,2025-10-17 00:00:00,-0.00048391
NOMUSDT,2025-10-16 20:00:00,-0.00071253
NOMUSDT,2025-10-16 16:00:00,0.00005
NOMUSDT,2025-10-16 12:00:00,0.00005
NOMUSDT,2025-10-16 08:00:00,0.00005
NOMUSDT,2025-10-16 04:00:00,0.00005
NOMUSDT,2025-10-16 00:00:00,0.00005
NOMUSDT,2025-10-15 20:00:00,0.00005
NOMUSDT,2025-10-15 16:00:00,0.00005
NOMUSDT,2025-10-15 12:00:00,0.00005
NOMUSDT,2025-10-15 08:00:00,0.00005
NOMUSDT,2025-10-15 04:00:00,0.00005
NOMUSDT,2025-10-15 00:00:00,0.00005
NOMUSDT,2025-10-14 20:00:00,0.00005
NOMUSDT,2025-10-14 16:00:00,0.00005
NOMUSDT,2025-10-14 12:00:00,0.00005
NOMUSDT,2025-10-14 08:00:00,-0.00005731
NOMUSDT,2025-10-14 04:00:00,0.00005
NOMUSDT,2025-10-14 00:00:00,0.00005
NOMUSDT,2025-10-13 20:00:00,0.00005
NOMUSDT,2025-10-13 16:00:00,0.00005
NOMUSDT,2025-10-13 12:00:00,0.00005
NOMUSDT,2025-10-13 08:00:00,0.00005
NOMUSDT,2025-10-13 04:00:00,0.00005
NOMUSDT,2025-10-13 00:00:00,0.00005
NOMUSDT,2025-10-12 20:00:00,0.00005
NOMUSDT,2025-10-12 16:00:00,0.00005
NOMUSDT,2025-10-12 12:00:00,0.00005
NOMUSDT,2025-10-12 08:00:00,0.00005
NOMUSDT,2025-10-12 04:00:00,0.00005
NOMUSDT,2025-10-12 00:00:00,0.00005
NOMUSDT,2025-10-11 20:00:00,0.00005
NOMUSDT,2025-10-11 16:00:00,0.00005
NOMUSDT,2025-10-11 12:00:00,0.00005
NOMUSDT,2025-10-11 08:00:00,0.00005
NOMUSDT,2025-10-11 04:00:00,0.00005
NOMUSDT,2025-10-11 00:00:00,0.00005
NOMUSDT,2025-10-10 20:00:00,0.00005
NOMUSDT,2025-10-10 16:00:00,0.00005
NOMUSDT,2025-10-10 12:00:00,0.00005
NOMUSDT,2025-10-10 08:00:00,0.00005
NOMUSDT,2025-10-10 04:00:00,0.00005
NOMUSDT,2025-10-10 00:00:00,0.00005
NOMUSDT,2025-10-09 20:00:00,0.00005
NOMUSDT,2025-10-09 16:00:00,0.00005
NOMUSDT,2025-10-09 12:00:00,0.00005
NOMUSDT,2025-10-09 08:00:00,0.00005
NOMUSDT,2025-10-09 04:00:00,0.00005
NOMUSDT,2025-10-09 00:00:00,0.00005
NOMUSDT,2025-10-08 20:00:00,0.00005
NOMUSDT,2025-10-08 16:00:00,0.00005
NOMUSDT,2025-10-08 12:00:00,0.00005
NOMUSDT,2025-10-08 08:00:00,0.00005
NOMUSDT,2025-10-08 04:00:00,0.00005
NOMUSDT,2025-10-08 00:00:00,0.00005
NOMUSDT,2025-10-07 20:00:00,0.00005
NOMUSDT,2025-10-07 16:00:00,0.00005
NOMUSDT,2025-10-07 12:00:00,0.00005
NOMUSDT,2025-10-07 08:00:00,0.00005
NOMUSDT,2025-10-07 04:00:00,0.00005
NOMUSDT,2025-10-07 00:00:00,0.00005
NOMUSDT,2025-10-06 20:00:00,0.00005
NOMUSDT,2025-10-06 16:00:00,0.00005
NOMUSDT,2025-10-06 12:00:00,0.00005
NOMUSDT,2025-10-06 08:00:00,0.00005
NOMUSDT,2025-10-06 04:00:00,0.00005
NOMUSDT,2025-10-06 00:00:00,0.00005
NOMUSDT,2025-10-05 20:00:00,0.00005
NOMUSDT,2025-10-05 16:00:00,0.00005
NOMUSDT,2025-10-05 12:00:00,0.00005
NOMUSDT,2025-10-05 08:00:00,0.00005
NOMUSDT,2025-10-05 04:00:00,0.00005
NOMUSDT,2025-10-05 00:00:00,0.00005
NOMUSDT,2025-10-04 20:00:00,0.00005
NOMUSDT,2025-10-04 16:00:00,0.00005
NOMUSDT,2025-10-04 12:00:00,0.00005
NOMUSDT,2025-10-04 08:00:00,0.00005
NOMUSDT,2025-10-04 04:00:00,0.00005
NOMUSDT,2025-10-04 00:00:00,0.00005
NOMUSDT,2025-10-03 20:00:00,0.00005
NOMUSDT,2025-10-03 16:00:00,0.00005
NOMUSDT,2025-10-03 12:00:00,0.00005
NOMUSDT,2025-10-03 08:00:00,0.00005
NOMUSDT,2025-10-03 04:00:00,0.00005
NOMUSDT,2025-10-03 00:00:00,0.00005
NOMUSDT,2025-10-02 20:00:00,0.00005
NOMUSDT,2025-10-02 16:00:00,-0.00037239
NOMUSDT,2025-10-02 12:00:00,-0.0008581
NOMUSDT,2025-10-02 08:00:00,-0.0004375
NOMUSDT,2025-10-02 04:00:00,-0.0004698
NOMUSDT,2025-10-02 00:00:00,-0.00087795
NOMUSDT,2025-10-01 20:00:00,-0.00073174
NOMUSDT,2025-10-01 16:00:00,-0.00019935
NOMUSDT,2025-10-01 12:00:00,-0.00033843
NOMUSDT,2025-10-01 08:00:00,0.00005
ENSOUSDT,2025-11-14 00:00:00,-0.00007421
ENSOUSDT,2025-11-13 23:00:00,-0.00008884
ENSOUSDT,2025-11-13 22:00:00,-0.00033427
ENSOUSDT,2025-11-13 21:00:00,-0.00004105
ENSOUSDT,2025-11-13 20:00:00,0.0000125
ENSOUSDT,2025-11-13 19:00:00,0.0000125
ENSOUSDT,2025-11-13 18:00:00,0.0000125
ENSOUSDT,2025-11-13 17:00:00,0.0000125
ENSOUSDT,2025-11-13 16:00:00,0.0000125
ENSOUSDT,2025-11-13 15:00:00,0.0000125
ENSOUSDT,2025-11-13 14:00:00,0.0000125
ENSOUSDT,2025-11-13 13:00:00,0.0000125
ENSOUSDT,2025-11-13 12:00:00,0.0000125
ENSOUSDT,2025-11-13 11:00:00,0.0000125
ENSOUSDT,2025-11-13 10:00:00,0.0000125
ENSOUSDT,2025-11-13 09:00:00,0.0000125
ENSOUSDT,2025-11-13 08:00:00,0.0000125
ENSOUSDT,2025-11-13 07:00:00,0.0000125
ENSOUSDT,2025-11-13 06:00:00,0.0000125
ENSOUSDT,2025-11-13 05:00:00,0.0000125
ENSOUSDT,2025-11-13 04:00:00,0.0000125
ENSOUSDT,2025-11-13 03:00:00,0.0000125
ENSOUSDT,2025-11-13 02:00:00,0.0000125
ENSOUSDT,2025-11-13 01:00:00,-0.00022785
ENSOUSDT,2025-11-13 00:00:00,0.0000125
ENSOUSDT,2025-11-12 23:00:00,0.0000125
ENSOUSDT,2025-11-12 22:00:00,0.0000125
ENSOUSDT,2025-11-12 21:00:00,0.0000125
ENSOUSDT,2025-11-12 20:00:00,0.0000125
ENSOUSDT,2025-11-12 19:00:00,-0.000071
ENSOUSDT,2025-11-12 18:00:00,0.0000125
ENSOUSDT,2025-11-12 17:00:00,-0.00003433
ENSOUSDT,2025-11-12 16:00:00,0.0000125
ENSOUSDT,2025-11-12 15:00:00,0.00000209
ENSOUSDT,2025-11-12 14:00:00,0.0000125
ENSOUSDT,2025-11-12 13:00:00,0.0000125
ENSOUSDT,2025-11-12 12:00:00,0.0000125
ENSOUSDT,2025-11-12 11:00:00,0.0000125
ENSOUSDT,2025-11-12 10:00:00,0.0000125
ENSOUSDT,2025-11-12 09:00:00,0.0000125
ENSOUSDT,2025-11-12 08:00:00,-0.00002224
ENSOUSDT,2025-11-12 07:00:00,0.0000125
ENSOUSDT,2025-11-12 06:00:00,0.0000125
ENSOUSDT,2025-11-12 05:00:00,0.0000125
ENSOUSDT,2025-11-12 04:00:00,0.00000406
ENSOUSDT,2025-11-12 03:00:00,0.0000125
ENSOUSDT,2025-11-12 02:00:00,0.0000125
ENSOUSDT,2025-11-12 01:00:00,-0.00014322
ENSOUSDT,2025-11-12 00:00:00,-0.00023018
ENSOUSDT,2025-11-11 23:00:00,-0.00020906
ENSOUSDT,2025-11-11 22:00:00,-0.00009417
ENSOUSDT,2025-11-11 21:00:00,0.0000125
ENSOUSDT,2025-11-11 20:00:00,-0.00027754
ENSOUSDT,2025-11-11 19:00:00,-0.00023774
ENSOUSDT,2025-11-11 18:00:00,0.0000125
ENSOUSDT,2025-11-11 17:00:00,0.0000125
ENSOUSDT,2025-11-11 16:00:00,0.0000125
ENSOUSDT,2025-11-11 15:00:00,0.0000125
ENSOUSDT,2025-11-11 14:00:00,0.0000125
ENSOUSDT,2025-11-11 13:00:00,0.0000125
ENSOUSDT,2025-11-11 12:00:00,0.0000125
ENSOUSDT,2025-11-11 11:00:00,0.0000125
ENSOUSDT,2025-11-11 10:00:00,0.0000125
ENSOUSDT,2025-11-11 09:00:00,0.0000125
ENSOUSDT,2025-11-11 08:00:00,0.0000125
ENSOUSDT,2025-11-11 07:00:00,0.0000125
ENSOUSDT,2025-11-11 06:00:00,0.0000125
ENSOUSDT,2025-11-11 05:00:00,0.0000125
ENSOUSDT,2025-11-11 04:00:00,0.0000125
ENSOUSDT,2025-11-11 03:00:00,0.0000125
ENSOUSDT,2025-11-11 02:00:00,-0.0002303
ENSOUSDT,2025-11-11 01:00:00,0.0000125
ENSOUSDT,2025-11-11 00:00:00,0.0000125
ENSOUSDT,2025-11-10 23:00:00,0.0000125
ENSOUSDT,2025-11-10 22:00:00,0.0000125
ENSOUSDT,2025-11-10 21:00:00,0.0000125
ENSOUSDT,2025-11-10 20:00:00,0.0000125
ENSOUSDT,2025-11-10 19:00:00,0.0000125
ENSOUSDT,2025-11-10 18:00:00,0.0000125
ENSOUSDT,2025-11-10 17:00:00,0.0000125
ENSOUSDT,2025-11-10 16:00:00,-0.0000049
ENSOUSDT,2025-11-10 15:00:00,0.0000125
ENSOUSDT,2025-11-10 14:00:00,0.0000125
ENSOUSDT,2025-11-10 13:00:00,0.0000125
ENSOUSDT,2025-11-10 12:00:00,0.0000125
ENSOUSDT,2025-11-10 11:00:00,0.0000125
ENSOUSDT,2025-11-10 10:00:00,0.0000125
ENSOUSDT,2025-11-10 09:00:00,0.0000125
ENSOUSDT,2025-11-10 08:00:00,0.0000125
ENSOUSDT,2025-11-10 07:00:00,0.0000125
ENSOUSDT,2025-11-10 06:00:00,0.0000125
ENSOUSDT,2025-11-10 05:00:00,0.0000125
ENSOUSDT,2025-11-10 04:00:00,0.0000125
ENSOUSDT,2025-11-10 03:00:00,0.0000125
ENSOUSDT,2025-11-10 02:00:00,0.0000125
ENSOUSDT,2025-11-10 01:00:00,0.0000125
ENSOUSDT,2025-11-10 00:00:00,0.0000125
ENSOUSDT,2025-11-09 23:00:00,0.0000125
ENSOUSDT,2025-11-09 22:00:00,0.0000125
ENSOUSDT,2025-11-09 21:00:00,0.0000125
ENSOUSDT,2025-11-09 20:00:00,0.0000125
ENSOUSDT,2025-11-09 19:00:00,0.0000125
ENSOUSDT,2025-11-09 18:00:00,0.0000125
ENSOUSDT,2025-11-09 17:00:00,0.0000125
ENSOUSDT,2025-11-09 16:00:00,0.0000125
ENSOUSDT,2025-11-09 15:00:00,0.0000125
ENSOUSDT,2025-11-09 14:00:00,0.0000125
ENSOUSDT,2025-11-09 13:00:00,0.0000125
ENSOUSDT,2025-11-09 12:00:00,0.0000125
ENSOUSDT,2025-11-09 11:00:00,0.0000125
ENSOUSDT,2025-11-09 10:00:00,0.0000125
ENSOUSDT,2025-11-09 09:00:00,0.0000125
ENSOUSDT,2025-11-09 08:00:00,0.0000125
ENSOUSDT,2025-11-09 07:00:00,0.0000125
ENSOUSDT,2025-11-09 06:00:00,0.0000125
ENSOUSDT,2025-11-09 05:00:00,0.0000125
ENSOUSDT,2025-11-09 04:00:00,0.0000125
ENSOUSDT,2025-11-09 03:00:00,0.0000125
ENSOUSDT,2025-11-09 02:00:00,0.0000125
ENSOUSDT,2025-11-09 01:00:00,0.0000125
ENSOUSDT,2025-11-09 00:00:00,0.0000125
ENSOUSDT,2025-11-08 23:00:00,0.0000125
ENSOUSDT,2025-11-08 22:00:00,0.0000125
ENSOUSDT,2025-11-08 21:00:00,0.0000125
ENSOUSDT,2025-11-08 20:00:00,0.0000125
ENSOUSDT,2025-11-08 19:00:00,0.0000125
ENSOUSDT,2025-11-08 18:00:00,0.0000125
ENSOUSDT,2025-11-08 17:00:00,0.0000125
ENSOUSDT,2025-11-08 16:00:00,0.0000125
ENSOUSDT,2025-11-08 15:00:00,0.0000125
ENSOUSDT,2025-11-08 14:00:00,0.0000125
ENSOUSDT,2025-11-08 13:00:00,0.0000125
ENSOUSDT,2025-11-08 12:00:00,0.0000125
ENSOUSDT,2025-11-08 11:00:00,0.0000125
ENSOUSDT,2025-11-08 10:00:00,0.0000125
ENSOUSDT,2025-11-08 09:00:00,0.0000125
ENSOUSDT,2025-11-08 08:00:00,0.0000125
ENSOUSDT,2025-11-08 07:00:00,0.0000125
ENSOUSDT,2025-11-08 06:00:00,0.0000125
ENSOUSDT,2025-11-08 05:00:00,0.0000125
ENSOUSDT,2025-11-08 04:00:00,0.0000125
ENSOUSDT,2025-11-08 03:00:00,0.0000125
ENSOUSDT,2025-11-08 02:00:00,0.0000125
ENSOUSDT,2025-11-08 01:00:00,0.0000125
ENSOUSDT,2025-11-08 00:00:00,0.0000125
ENSOUSDT,2025-11-07 23:00:00,0.0000125
ENSOUSDT,2025-11-07 22:00:00,0.0000125
ENSOUSDT,2025-11-07 21:00:00,0.0000125
ENSOUSDT,2025-11-07 20:00:00,0.0000125
ENSOUSDT,2025-11-07 19:00:00,0.0000125
ENSOUSDT,2025-11-07 18:00:00,0.0000125
ENSOUSDT,2025-11-07 17:00:00,0.0000125
ENSOUSDT,2025-11-07 16:00:00,0.0000125
ENSOUSDT,2025-11-07 15:00:00,0.0000125
ENSOUSDT,2025-11-07 14:00:00,0.0000125
ENSOUSDT,2025-11-07 13:00:00,0.0000125
ENSOUSDT,2025-11-07 12:00:00,0.0000125
ENSOUSDT,2025-11-07 11:00:00,0.0000125
ENSOUSDT,2025-11-07 10:00:00,0.0000125
ENSOUSDT,2025-11-07 09:00:00,0.0000125
ENSOUSDT,2025-11-07 08:00:00,0.0000125
ENSOUSDT,2025-11-07 07:00:00,0.0000125
ENSOUSDT,2025-11-07 06:00:00,0.0000125
ENSOUSDT,2025-11-07 05:00:00,0.0000125
ENSOUSDT,2025-11-07 04:00:00,0.0000125
ENSOUSDT,2025-11-07 03:00:00,0.0000125
ENSOUSDT,2025-11-07 02:00:00,0.0000125
ENSOUSDT,2025-11-07 01:00:00,0.0000125
ENSOUSDT,2025-11-07 00:00:00,0.0000125
ENSOUSDT,2025-11-06 23:00:00,0.0000125
ENSOUSDT,2025-11-06 22:00:00,0.0000125
ENSOUSDT,2025-11-06 21:00:00,0.0000125
ENSOUSDT,2025-11-06 20:00:00,0.0000125
ENSOUSDT,2025-11-06 19:00:00,0.0000125
ENSOUSDT,2025-11-06 18:00:00,0.0000125
ENSOUSDT,2025-11-06 17:00:00,0.0000125
ENSOUSDT,2025-11-06 16:00:00,0.0000125
ENSOUSDT,2025-11-06 15:00:00,0.0000125
ENSOUSDT,2025-11-06 14:00:00,0.0000125
ENSOUSDT,2025-11-06 13:00:00,0.0000125
ENSOUSDT,2025-11-06 12:00:00,0.0000125
ENSOUSDT,2025-11-06 11:00:00,0.0000125
ENSOUSDT,2025-11-06 10:00:00,0.0000125
ENSOUSDT,2025-11-06 09:00:00,0.0000125
ENSOUSDT,2025-11-06 08:00:00,0.0000125
ENSOUSDT,2025-11-06 07:00:00,0.00001021
ENSOUSDT,2025-11-06 06:00:00,-0.00012948
ENSOUSDT,2025-11-06 05:00:00,-0.00033258
ENSOUSDT,2025-11-06 04:00:00,-0.00015186
ENSOUSDT,2025-11-06 03:00:00,0.0000125
ENSOUSDT,2025-11-06 02:00:00,-0.0003867
ENSOUSDT,2025-11-06 01:00:00,-0.00105173
ENSOUSDT,2025-11-06 00:00:00,0.0000125
ENSOUSDT,2025-11-05 23:00:00,0.0000125
ENSOUSDT,2025-11-05 22:00:00,0.0000125
ENSOUSDT,2025-11-05 21:00:00,0.0000125
ENSOUSDT,2025-11-05 20:00:00,0.0000125
ENSOUSDT,2025-11-05 19:00:00,0.0000125
ENSOUSDT,2025-11-05 18:00:00,0.0000125
ENSOUSDT,2025-11-05 17:00:00,-0.00020682
YBUSDT,2025-11-15 00:00:00,-0.00021541
YBUSDT,2025-11-14 20:00:00,-0.00005241
YBUSDT,2025-11-14 16:00:00,-0.00002357
YBUSDT,2025-11-14 12:00:00,0.00004461
YBUSDT,2025-11-14 08:00:00,-0.00017171
YBUSDT,2025-11-14 04:00:00,-0.00009488
YBUSDT,2025-11-14 00:00:00,-0.00011888
YBUSDT,2025-11-13 20:00:00,-0.00007513
YBUSDT,2025-11-13 16:00:00,-0.00026744
YBUSDT,2025-11-13 12:00:00,0.00005
YBUSDT,2025-11-13 08:00:00,-0.00000506
YBUSDT,2025-11-13 04:00:00,0.00005
YBUSDT,2025-11-13 00:00:00,0.00005
YBUSDT,2025-11-12 20:00:00,0.00005
YBUSDT,2025-11-12 16:00:00,0.00005
YBUSDT,2025-11-12 12:00:00,0.00005
YBUSDT,2025-11-12 08:00:00,0.00005
YBUSDT,2025-11-12 04:00:00,-0.00000364
YBUSDT,2025-11-12 00:00:00,0.00005
YBUSDT,2025-11-11 20:00:00,-0.00007878
YBUSDT,2025-11-11 16:00:00,-0.00003636
YBUSDT,2025-11-11 12:00:00,-0.00004357
YBUSDT,2025-11-11 08:00:00,-0.00016729
YBUSDT,2025-11-11 04:00:00,-0.00010992
YBUSDT,2025-11-11 00:00:00,-0.0000766
YBUSDT,2025-11-10 20:00:00,-0.000111
YBUSDT,2025-11-10 16:00:00,-0.00020772
YBUSDT,2025-11-10 12:00:00,-0.00017117
YBUSDT,2025-11-10 08:00:00,-0.000046
YBUSDT,2025-11-10 04:00:00,-0.00000169
YBUSDT,2025-11-10 00:00:00,0.00005
YBUSDT,2025-11-09 20:00:00,0.00005
YBUSDT,2025-11-09 16:00:00,0.00005
YBUSDT,2025-11-09 12:00:00,0.00005
YBUSDT,2025-11-09 08:00:00,0.00005
YBUSDT,2025-11-09 04:00:00,0.00005
YBUSDT,2025-11-09 00:00:00,0.00005
YBUSDT,2025-11-08 20:00:00,0.00005
YBUSDT,2025-11-08 16:00:00,0.00005
YBUSDT,2025-11-08 12:00:00,0.00005
YBUSDT,2025-11-08 08:00:00,0.00005
YBUSDT,2025-11-08 04:00:00,0.00005
YBUSDT,2025-11-08 00:00:00,0.00005
YBUSDT,2025-11-07 20:00:00,0.00005
YBUSDT,2025-11-07 16:00:00,0.00005
YBUSDT,2025-11-07 12:00:00,0.00005
YBUSDT,2025-11-07 08:00:00,0.00005
YBUSDT,2025-11-07 04:00:00,0.00005
YBUSDT,2025-11-07 00:00:00,0.00005
YBUSDT,2025-11-06 20:00:00,0.00005
YBUSDT,2025-11-06 16:00:00,0.00005
YBUSDT,2025-11-06 12:00:00,0.00005
YBUSDT,2025-11-06 08:00:00,0.00005
YBUSDT,2025-11-06 04:00:00,-0.00022679
YBUSDT,2025-11-06 00:00:00,0.00005
YBUSDT,2025-11-05 20:00:00,-0.00020251
YBUSDT,2025-11-05 16:00:00,0.00005
YBUSDT,2025-11-05 12:00:00,-0.00001845
YBUSDT,2025-11-05 08:00:00,0.00005
YBUSDT,2025-11-05 04:00:00,0.00005
YBUSDT,2025-11-05 00:00:00,0.00005
YBUSDT,2025-11-04 20:00:00,0.00005
YBUSDT,2025-11-04 16:00:00,0.00005
YBUSDT,2025-11-04 12:00:00,0.00005
YBUSDT,2025-11-04 08:00:00,0.00005
YBUSDT,2025-11-04 04:00:00,0.00000856
YBUSDT,2025-11-04 00:00:00,-0.00047433
YBUSDT,2025-11-03 20:00:00,0.00005
YBUSDT,2025-11-03 16:00:00,0.00005
YBUSDT,2025-11-03 12:00:00,-0.00007214
YBUSDT,2025-11-03 08:00:00,0.00000242
YBUSDT,2025-11-03 04:00:00,0.00005
YBUSDT,2025-11-03 00:00:00,-0.00003482
YBUSDT,2025-11-02 20:00:00,-0.00010966
YBUSDT,2025-11-02 16:00:00,-0.00008402
YBUSDT,2025-11-02 12:00:00,0.00003172
YBUSDT,2025-11-02 08:00:00,-0.00008925
YBUSDT,2025-11-02 04:00:00,-0.00000724
YBUSDT,2025-11-02 00:00:00,-0.00006924
YBUSDT,2025-11-01 20:00:00,0.00005
YBUSDT,2025-11-01 16:00:00,0.00005
YBUSDT,2025-11-01 12:00:00,0.00005
YBUSDT,2025-11-01 08:00:00,-0.00003192
YBUSDT,2025-11-01 04:00:00,0.00005
YBUSDT,2025-11-01 00:00:00,0.00005
YBUSDT,2025-10-31 20:00:00,0.00005
YBUSDT,2025-10-31 16:00:00,0.00005
YBUSDT,2025-10-31 12:00:00,0.00005
YBUSDT,2025-10-31 08:00:00,0.00005
YBUSDT,2025-10-31 04:00:00,-0.00014149
YBUSDT,2025-10-31 00:00:00,-0.00000997
YBUSDT,2025-10-30 20:00:00,-0.00003067
YBUSDT,2025-10-30 16:00:00,0.00005
YBUSDT,2025-10-30 12:00:00,0.00005
YBUSDT,2025-10-30 08:00:00,0.00005
YBUSDT,2025-10-30 04:00:00,0.00005
YBUSDT,2025-10-30 00:00:00,0.00005
YBUSDT,2025-10-29 20:00:00,0.00005
YBUSDT,2025-10-29 16:00:00,0.00005
YBUSDT,2025-10-29 12:00:00,0.00005
YBUSDT,2025-10-29 08:00:00,0.00005
YBUSDT,2025-10-29 04:00:00,0.00005
YBUSDT,2025-10-29 00:00:00,0.00005
YBUSDT,2025-10-28 20:00:00,0.00005
YBUSDT,2025-10-28 16:00:00,0.00005
YBUSDT,2025-10-28 12:00:00,0.00005
YBUSDT,2025-10-28 08:00:00,0.00005
YBUSDT,2025-10-28 04:00:00,0.00005
YBUSDT,2025-10-28 00:00:00,0.00005
YBUSDT,2025-10-27 20:00:00,0.00005
YBUSDT,2025-10-27 16:00:00,0.00005
YBUSDT,2025-10-27 12:00:00,0.00005
YBUSDT,2025-10-27 08:00:00,0.00005
YBUSDT,2025-10-27 04:00:00,0.00005
YBUSDT,2025-10-27 00:00:00,0.00005
YBUSDT,2025-10-26 20:00:00,0.00005
YBUSDT,2025-10-26 16:00:00,0.00005
YBUSDT,2025-10-26 12:00:00,0.00005
YBUSDT,2025-10-26 08:00:00,0.00005
YBUSDT,2025-10-26 04:00:00,0.00005
YBUSDT,2025-10-26 00:00:00,0.00005
YBUSDT,2025-10-25 20:00:00,0.00005
YBUSDT,2025-10-25 16:00:00,0.00005
YBUSDT,2025-10-25 12:00:00,0.00005
YBUSDT,2025-10-25 08:00:00,0.00005
YBUSDT,2025-10-25 04:00:00,0.00005
YBUSDT,2025-10-25 00:00:00,0.00005
YBUSDT,2025-10-24 20:00:00,0.00005
YBUSDT,2025-10-24 16:00:00,0.00005
YBUSDT,2025-10-24 12:00:00,0.00005
YBUSDT,2025-10-24 08:00:00,0.00005
YBUSDT,2025-10-24 04:00:00,0.00005
YBUSDT,2025-10-24 00:00:00,0.00005
YBUSDT,2025-10-23 20:00:00,0.00005
YBUSDT,2025-10-23 16:00:00,0.00005
YBUSDT,2025-10-23 12:00:00,0.00005
YBUSDT,2025-10-23 08:00:00,-0.00013556
YBUSDT,2025-10-23 04:00:00,-0.00046804
YBUSDT,2025-10-23 00:00:00,-0.00011262
YBUSDT,2025-10-22 20:00:00,-0.00001169
YBUSDT,2025-10-22 16:00:00,0.00005
YBUSDT,2025-10-22 12:00:00,-0.00028178
YBUSDT,2025-10-22 08:00:00,0.00005
YBUSDT,2025-10-22 04:00:00,-0.00031373
YBUSDT,2025-10-22 00:00:00,0.00005
YBUSDT,2025-10-21 20:00:00,0.00005
YBUSDT,2025-10-21 16:00:00,0.00005
YBUSDT,2025-10-21 12:00:00,0.00005
YBUSDT,2025-10-21 08:00:00,0.00005
YBUSDT,2025-10-21 04:00:00,-0.00016332
YBUSDT,2025-10-21 00:00:00,-0.00021089
YBUSDT,2025-10-20 20:00:00,-0.00073787
YBUSDT,2025-10-20 16:00:00,-0.00006124
YBUSDT,2025-10-20 12:00:00,-0.00004492
YBUSDT,2025-10-20 08:00:00,0.00005
YBUSDT,2025-10-20 04:00:00,0.00003115
YBUSDT,2025-10-20 00:00:00,0.00005
YBUSDT,2025-10-19 20:00:00,-0.00011662
YBUSDT,2025-10-19 16:00:00,-0.00019473
YBUSDT,2025-10-19 12:00:00,-0.00058722
YBUSDT,2025-10-19 08:00:00,-0.00004434
YBUSDT,2025-10-19 04:00:00,0.00005
YBUSDT,2025-10-19 00:00:00,-0.00032995
YBUSDT,2025-10-18 20:00:00,-0.00055396
YBUSDT,2025-10-18 16:00:00,-0.00123459
YBUSDT,2025-10-18 12:00:00,0.00005
YBUSDT,2025-10-18 08:00:00,0.00005
YBUSDT,2025-10-18 04:00:00,0.00005
YBUSDT,2025-10-18 00:00:00,0.00005
YBUSDT,2025-10-17 20:00:00,-0.00075915
YBUSDT,2025-10-17 16:00:00,-0.00019802
YBUSDT,2025-10-17 12:00:00,-0.00003083
YBUSDT,2025-10-17 08:00:00,0.00005
YBUSDT,2025-10-17 04:00:00,-0.00000727
YBUSDT,2025-10-17 00:00:00,0.00005
YBUSDT,2025-10-16 20:00:00,0.00005
YBUSDT,2025-10-16 16:00:00,0.00005
YBUSDT,2025-10-16 12:00:00,0.00005
YBUSDT,2025-10-16 08:00:00,0.00005
YBUSDT,2025-10-16 04:00:00,0.00005
YBUSDT,2025-10-16 00:00:00,0.00005
YBUSDT,2025-10-15 20:00:00,0.00005
YBUSDT,2025-10-15 16:00:00,0.00005
YBUSDT,2025-10-15 12:00:00,0.00005
YBUSDT,2025-10-15 08:00:00,0.00005
YBUSDT,2025-10-15 04:00:00,0.00005
YBUSDT,2025-10-15 00:00:00,0.00005
RECALLUSDT,2025-11-15 00:00:00,0.00005
RECALLUSDT,2025-11-14 20:00:00,0.00005
RECALLUSDT,2025-11-14 16:00:00,0.00005
RECALLUSDT,2025-11-14 12:00:00,0.00005
RECALLUSDT,2025-11-14 08:00:00,0.00005
RECALLUSDT,2025-11-14 04:00:00,-0.00004419
RECALLUSDT,2025-11-14 00:00:00,0.00005
RECALLUSDT,2025-11-13 20:00:00,0.00005
RECALLUSDT,2025-11-13 16:00:00,0.00005
RECALLUSDT,2025-11-13 12:00:00,0.00001326
RECALLUSDT,2025-11-13 08:00:00,-0.00013154
RECALLUSDT,2025-11-13 04:00:00,0.00005
RECALLUSDT,2025-11-13 00:00:00,0.00005
RECALLUSDT,2025-11-12 20:00:00,0.00005
RECALLUSDT,2025-11-12 16:00:00,0.00005
RECALLUSDT,2025-11-12 12:00:00,0.00005
RECALLUSDT,2025-11-12 08:00:00,0.00005
RECALLUSDT,2025-11-12 04:00:00,0.00005
RECALLUSDT,2025-11-12 00:00:00,0.00005
RECALLUSDT,2025-11-11 20:00:00,-0.00084336
RECALLUSDT,2025-11-11 16:00:00,-0.0003077
RECALLUSDT,2025-11-11 12:00:00,-0.00020997
RECALLUSDT,2025-11-11 08:00:00,-0.00010137
RECALLUSDT,2025-11-11 04:00:00,0.00005
RECALLUSDT,2025-11-11 00:00:00,0.00005
RECALLUSDT,2025-11-10 20:00:00,0.00005
RECALLUSDT,2025-11-10 16:00:00,0.00005
RECALLUSDT,2025-11-10 12:00:00,0.00005
RECALLUSDT,2025-11-10 08:00:00,-0.00026711
RECALLUSDT,2025-11-10 04:00:00,0.00005
RECALLUSDT,2025-11-10 00:00:00,0.00005
RECALLUSDT,2025-11-09 20:00:00,0.00005
RECALLUSDT,2025-11-09 16:00:00,0.00005
RECALLUSDT,2025-11-09 12:00:00,0.00005
RECALLUSDT,2025-11-09 08:00:00,0.00005
RECALLUSDT,2025-11-09 04:00:00,0.00005
RECALLUSDT,2025-11-09 00:00:00,0.00005
RECALLUSDT,2025-11-08 20:00:00,0.00005
RECALLUSDT,2025-11-08 16:00:00,0.00005
RECALLUSDT,2025-11-08 12:00:00,0.00005
RECALLUSDT,2025-11-08 08:00:00,0.00005
RECALLUSDT,2025-11-08 04:00:00,-0.00016166
RECALLUSDT,2025-11-08 00:00:00,0.00005
RECALLUSDT,2025-11-07 20:00:00,0.00005
RECALLUSDT,2025-11-07 16:00:00,0.00005
RECALLUSDT,2025-11-07 12:00:00,0.00005
RECALLUSDT,2025-11-07 08:00:00,0.00000316
RECALLUSDT,2025-11-07 04:00:00,0.00001373
RECALLUSDT,2025-11-07 00:00:00,0.00005
RECALLUSDT,2025-11-06 20:00:00,0.00005
RECALLUSDT,2025-11-06 16:00:00,-0.00001434
RECALLUSDT,2025-11-06 12:00:00,0.00005
RECALLUSDT,2025-11-06 08:00:00,0.00005
RECALLUSDT,2025-11-06 04:00:00,0.00005
RECALLUSDT,2025-11-06 00:00:00,0.00005
RECALLUSDT,2025-11-05 20:00:00,0.00005
RECALLUSDT,2025-11-05 16:00:00,0.00005
RECALLUSDT,2025-11-05 12:00:00,0.00005
RECALLUSDT,2025-11-05 08:00:00,0.00005
RECALLUSDT,2025-11-05 04:00:00,0.00005
RECALLUSDT,2025-11-05 00:00:00,0.00005
RECALLUSDT,2025-11-04 20:00:00,0.00005
RECALLUSDT,2025-11-04 16:00:00,0.00005
RECALLUSDT,2025-11-04 12:00:00,0.00005
RECALLUSDT,2025-11-04 08:00:00,0.00005
RECALLUSDT,2025-11-04 04:00:00,0.00005
RECALLUSDT,2025-11-04 00:00:00,-0.00053993
RECALLUSDT,2025-11-03 20:00:00,-0.00078062
RECALLUSDT,2025-11-03 16:00:00,-0.00025233
RECALLUSDT,2025-11-03 12:00:00,0.00001108
RECALLUSDT,2025-11-03 08:00:00,-0.00016295
RECALLUSDT,2025-11-03 04:00:00,-0.00002908
RECALLUSDT,2025-11-03 00:00:00,0.00005
RECALLUSDT,2025-11-02 20:00:00,0.00005
RECALLUSDT,2025-11-02 16:00:00,0.00005
RECALLUSDT,2025-11-02 12:00:00,0.00005
RECALLUSDT,2025-11-02 08:00:00,0.00005
RECALLUSDT,2025-11-02 04:00:00,-0.0004515
RECALLUSDT,2025-11-02 00:00:00,-0.00006984
RECALLUSDT,2025-11-01 20:00:00,-0.00063472
RECALLUSDT,2025-11-01 16:00:00,0.00002506
RECALLUSDT,2025-11-01 12:00:00,0.00005
RECALLUSDT,2025-11-01 08:00:00,-0.00119675
RECALLUSDT,2025-11-01 04:00:00,-0.0032847
RECALLUSDT,2025-11-01 00:00:00,-0.00173193
RECALLUSDT,2025-10-31 20:00:00,-0.00083647
RECALLUSDT,2025-10-31 16:00:00,0.00005
RECALLUSDT,2025-10-31 12:00:00,0.00005
RECALLUSDT,2025-10-31 08:00:00,-0.00020645
RECALLUSDT,2025-10-31 04:00:00,-0.00090198
RECALLUSDT,2025-10-31 00:00:00,-0.00055162
RECALLUSDT,2025-10-30 20:00:00,0.00005
RECALLUSDT,2025-10-30 16:00:00,0.00005
RECALLUSDT,2025-10-30 12:00:00,0.00005
RECALLUSDT,2025-10-30 08:00:00,-0.00085546
RECALLUSDT,2025-10-30 04:00:00,-0.00140841
RECALLUSDT,2025-10-30 00:00:00,-0.00089737
RECALLUSDT,2025-10-29 20:00:00,-0.0002854
RECALLUSDT,2025-10-29 16:00:00,0.00004358
RECALLUSDT,2025-10-29 12:00:00,0.00005
RECALLUSDT,2025-10-29 08:00:00,0.00005
RECALLUSDT,2025-10-29 04:00:00,0.00005
RECALLUSDT,2025-10-29 00:00:00,0.00005
RECALLUSDT,2025-10-28 20:00:00,0.00005
RECALLUSDT,2025-10-28 16:00:00,0.00005
RECALLUSDT,2025-10-28 12:00:00,0.00005
RECALLUSDT,2025-10-28 08:00:00,0.00005
RECALLUSDT,2025-10-28 04:00:00,0.00005
RECALLUSDT,2025-10-28 00:00:00,0.00005
RECALLUSDT,2025-10-27 20:00:00,0.00005
RECALLUSDT,2025-10-27 16:00:00,0.00005
RECALLUSDT,2025-10-27 12:00:00,0.00005
RECALLUSDT,2025-10-27 08:00:00,0.00005
RECALLUSDT,2025-10-27 04:00:00,0.00005
RECALLUSDT,2025-10-27 00:00:00,0.00005
RECALLUSDT,2025-10-26 20:00:00,0.00005
RECALLUSDT,2025-10-26 16:00:00,0.00005
RECALLUSDT,2025-10-26 12:00:00,0.00005
RECALLUSDT,2025-10-26 08:00:00,0.00005
RECALLUSDT,2025-10-26 04:00:00,0.00005
RECALLUSDT,2025-10-26 00:00:00,0.00005
RECALLUSDT,2025-10-25 20:00:00,0.00005
RECALLUSDT,2025-10-25 16:00:00,0.00005
RECALLUSDT,2025-10-25 12:00:00,0.00005
RECALLUSDT,2025-10-25 08:00:00,0.00005
RECALLUSDT,2025-10-25 04:00:00,0.00005
RECALLUSDT,2025-10-25 00:00:00,0.00005
RECALLUSDT,2025-10-24 20:00:00,0.00005
RECALLUSDT,2025-10-24 16:00:00,0.00005
RECALLUSDT,2025-10-24 12:00:00,0.00005
RECALLUSDT,2025-10-24 08:00:00,0.00005
RECALLUSDT,2025-10-24 04:00:00,0.00005
RECALLUSDT,2025-10-24 00:00:00,0.00005
RECALLUSDT,2025-10-23 20:00:00,0.00005
RECALLUSDT,2025-10-23 16:00:00,0.00005
RECALLUSDT,2025-10-23 12:00:00,0.00005
RECALLUSDT,2025-10-23 08:00:00,0.00005
RECALLUSDT,2025-10-23 04:00:00,-0.00110255
RECALLUSDT,2025-10-23 00:00:00,0.00005
RECALLUSDT,2025-10-22 20:00:00,0.00005
RECALLUSDT,2025-10-22 16:00:00,0.00005
RECALLUSDT,2025-10-22 12:00:00,0.00005
RECALLUSDT,2025-10-22 08:00:00,0.00005
RECALLUSDT,2025-10-22 04:00:00,0.00005
RECALLUSDT,2025-10-22 00:00:00,0.00005
RECALLUSDT,2025-10-21 20:00:00,0.00005
RECALLUSDT,2025-10-21 16:00:00,0.00005
RECALLUSDT,2025-10-21 12:00:00,-0.00079946
RECALLUSDT,2025-10-21 08:00:00,-0.00002597
RECALLUSDT,2025-10-21 04:00:00,0.00005
RECALLUSDT,2025-10-21 00:00:00,0.00005
RECALLUSDT,2025-10-20 20:00:00,0.00005
RECALLUSDT,2025-10-20 16:00:00,0.00005
RECALLUSDT,2025-10-20 12:00:00,0.00005
RECALLUSDT,2025-10-20 08:00:00,0.00005
RECALLUSDT,2025-10-20 04:00:00,0.00005
RECALLUSDT,2025-10-20 00:00:00,0.00005
RECALLUSDT,2025-10-19 20:00:00,0.00005
RECALLUSDT,2025-10-19 16:00:00,0.00005
RECALLUSDT,2025-10-19 12:00:00,0.00005
RECALLUSDT,2025-10-19 08:00:00,0.00005
RECALLUSDT,2025-10-19 04:00:00,0.00005
RECALLUSDT,2025-10-19 00:00:00,0.00005
RECALLUSDT,2025-10-18 20:00:00,0.00005
RECALLUSDT,2025-10-18 16:00:00,0.00005
RECALLUSDT,2025-10-18 12:00:00,0.00014477
RECALLUSDT,2025-10-18 08:00:00,0.00005
RECALLUSDT,2025-10-18 04:00:00,-0.00093953
RECALLUSDT,2025-10-18 00:00:00,-0.00014081
RECALLUSDT,2025-10-17 20:00:00,-0.00058331
RECALLUSDT,2025-10-17 16:00:00,0.00005
RECALLUSDT,2025-10-17 12:00:00,0.00005
RECALLUSDT,2025-10-17 08:00:00,0.00005
RECALLUSDT,2025-10-17 04:00:00,-0.00000866
RECALLUSDT,2025-10-17 00:00:00,0.00005
RECALLUSDT,2025-10-16 20:00:00,0.00005
RECALLUSDT,2025-10-16 16:00:00,0.00005
RECALLUSDT,2025-10-16 12:00:00,0.00005
RECALLUSDT,2025-10-16 08:00:00,0.00005
RECALLUSDT,2025-10-16 04:00:00,0.00005
RECALLUSDT,2025-10-16 00:00:00,0.00005
RECALLUSDT,2025-10-15 20:00:00,0.00005
RECALLUSDT,2025-10-15 16:00:00,0.00005
RECALLUSDT,2025-10-15 12:00:00,0.00005
ZBTUSDT,2025-11-17 00:00:00,0.0000125
ZBTUSDT,2025-11-16 23:00:00,0.0000125
ZBTUSDT,2025-11-16 22:00:00,0.0000125
ZBTUSDT,2025-11-16 21:00:00,0.0000125
ZBTUSDT,2025-11-16 20:00:00,0.0000125
ZBTUSDT,2025-11-16 19:00:00,0.0000125
ZBTUSDT,2025-11-16 18:00:00,0.0000125
ZBTUSDT,2025-11-16 17:00:00,0.0000125
ZBTUSDT,2025-11-16 16:00:00,0.0000125
ZBTUSDT,2025-11-16 15:00:00,0.0000125
ZBTUSDT,2025-11-16 14:00:00,-0.0000522
ZBTUSDT,2025-11-16 13:00:00,0.0000125
ZBTUSDT,2025-11-16 12:00:00,0.0000125
ZBTUSDT,2025-11-16 11:00:00,0.0000125
ZBTUSDT,2025-11-16 10:00:00,0.0000125
ZBTUSDT,2025-11-16 09:00:00,0.0000125
ZBTUSDT,2025-11-16 08:00:00,0.0000125
ZBTUSDT,2025-11-16 07:00:00,0.0000125
ZBTUSDT,2025-11-16 06:00:00,0.0000125
ZBTUSDT,2025-11-16 05:00:00,0.0000125
ZBTUSDT,2025-11-16 04:00:00,0.0000125
ZBTUSDT,2025-11-16 03:00:00,0.0000125
ZBTUSDT,2025-11-16 02:00:00,0.0000125
ZBTUSDT,2025-11-16 01:00:00,0.0000125
ZBTUSDT,2025-11-16 00:00:00,0.0000125
ZBTUSDT,2025-11-15 23:00:00,0.0000125
ZBTUSDT,2025-11-15 22:00:00,0.0000125
ZBTUSDT,2025-11-15 21:00:00,0.0000125
ZBTUSDT,2025-11-15 20:00:00,0.0000125
ZBTUSDT,2025-11-15 19:00:00,0.0000125
ZBTUSDT,2025-11-15 18:00:00,0.0000125
ZBTUSDT,2025-11-15 17:00:00,0.0000125
ZBTUSDT,2025-11-15 16:00:00,0.0000125
ZBTUSDT,2025-11-15 15:00:00,0.0000125
ZBTUSDT,2025-11-15 14:00:00,0.0000125
ZBTUSDT,2025-11-15 13:00:00,0.0000125
ZBTUSDT,2025-11-15 12:00:00,0.0000125
ZBTUSDT,2025-11-15 11:00:00,0.0000125
ZBTUSDT,2025-11-15 10:00:00,0.0000125
ZBTUSDT,2025-11-15 09:00:00,0.0000125
ZBTUSDT,2025-11-15 08:00:00,0.0000125
ZBTUSDT,2025-11-15 07:00:00,0.0000125
ZBTUSDT,2025-11-15 06:00:00,0.0000125
ZBTUSDT,2025-11-15 05:00:00,0.0000125
ZBTUSDT,2025-11-15 04:00:00,0.0000125
ZBTUSDT,2025-11-15 03:00:00,0.0000125
ZBTUSDT,2025-11-15 02:00:00,0.0000125
ZBTUSDT,2025-11-15 01:00:00,0.0000125
ZBTUSDT,2025-11-15 00:00:00,0.0000125
ZBTUSDT,2025-11-14 23:00:00,0.0000125
ZBTUSDT,2025-11-14 22:00:00,0.0000125
ZBTUSDT,2025-11-14 21:00:00,0.0000125
ZBTUSDT,2025-11-14 20:00:00,0.0000125
ZBTUSDT,2025-11-14 19:00:00,0.0000125
ZBTUSDT,2025-11-14 18:00:00,0.0000125
ZBTUSDT,2025-11-14 17:00:00,0.0000125
ZBTUSDT,2025-11-14 16:00:00,0.0000125
ZBTUSDT,2025-11-14 15:00:00,0.0000125
ZBTUSDT,2025-11-14 14:00:00,0.0000125
ZBTUSDT,2025-11-14 13:00:00,0.0000125
ZBTUSDT,2025-11-14 12:00:00,0.0000125
ZBTUSDT,2025-11-14 11:00:00,0.0000125
ZBTUSDT,2025-11-14 10:00:00,0.0000125
ZBTUSDT,2025-11-14 09:00:00,0.0000125
ZBTUSDT,2025-11-14 08:00:00,0.0000125
ZBTUSDT,2025-11-14 07:00:00,0.0000125
ZBTUSDT,2025-11-14 06:00:00,0.0000125
ZBTUSDT,2025-11-14 05:00:00,0.0000125
ZBTUSDT,2025-11-14 04:00:00,0.0000125
ZBTUSDT,2025-11-14 03:00:00,0.0000125
ZBTUSDT,2025-11-14 02:00:00,0.0000125
ZBTUSDT,2025-11-14 01:00:00,0.0000125
ZBTUSDT,2025-11-14 00:00:00,0.0000125
ZBTUSDT,2025-11-13 23:00:00,0.0000125
ZBTUSDT,2025-11-13 22:00:00,0.0000125
ZBTUSDT,2025-11-13 21:00:00,0.0000125
ZBTUSDT,2025-11-13 20:00:00,0.0000125
ZBTUSDT,2025-11-13 19:00:00,0.0000125
ZBTUSDT,2025-11-13 18:00:00,0.0000125
ZBTUSDT,2025-11-13 17:00:00,0.0000125
ZBTUSDT,2025-11-13 16:00:00,0.0000125
ZBTUSDT,2025-11-13 15:00:00,0.0000125
ZBTUSDT,2025-11-13 14:00:00,0.0000125
ZBTUSDT,2025-11-13 13:00:00,0.0000125
ZBTUSDT,2025-11-13 12:00:00,0.0000125
ZBTUSDT,2025-11-13 11:00:00,0.0000125
ZBTUSDT,2025-11-13 10:00:00,0.0000125
ZBTUSDT,2025-11-13 09:00:00,0.0000125
ZBTUSDT,2025-11-13 08:00:00,0.0000125
ZBTUSDT,2025-11-13 07:00:00,0.0000125
ZBTUSDT,2025-11-13 06:00:00,0.0000125
ZBTUSDT,2025-11-13 05:00:00,0.0000125
ZBTUSDT,2025-11-13 04:00:00,0.0000125
ZBTUSDT,2025-11-13 03:00:00,-0.00000044
ZBTUSDT,2025-11-13 02:00:00,0.0000125
ZBTUSDT,2025-11-13 01:00:00,0.0000125
ZBTUSDT,2025-11-13 00:00:00,0.0000125
ZBTUSDT,2025-11-12 23:00:00,0.0000125
ZBTUSDT,2025-11-12 22:00:00,0.0000125
ZBTUSDT,2025-11-12 21:00:00,0.0000125
ZBTUSDT,2025-11-12 20:00:00,0.0000125
ZBTUSDT,2025-11-12 19:00:00,0.0000125
ZBTUSDT,2025-11-12 18:00:00,0.0000125
ZBTUSDT,2025-11-12 17:00:00,0.0000125
ZBTUSDT,2025-11-12 16:00:00,0.0000125
ZBTUSDT,2025-11-12 15:00:00,0.0000125
ZBTUSDT,2025-11-12 14:00:00,0.0000125
ZBTUSDT,2025-11-12 13:00:00,0.0000125
ZBTUSDT,2025-11-12 12:00:00,0.0000125
ZBTUSDT,2025-11-12 11:00:00,0.0000125
ZBTUSDT,2025-11-12 10:00:00,0.0000125
ZBTUSDT,2025-11-12 09:00:00,0.0000125
ZBTUSDT,2025-11-12 08:00:00,-0.00009238
ZBTUSDT,2025-11-12 07:00:00,0.0000125
ZBTUSDT,2025-11-12 06:00:00,0.0000125
ZBTUSDT,2025-11-12 05:00:00,0.0000125
ZBTUSDT,2025-11-12 04:00:00,0.0000125
ZBTUSDT,2025-11-12 03:00:00,0.0000125
ZBTUSDT,2025-11-12 02:00:00,0.0000125
ZBTUSDT,2025-11-12 01:00:00,0.0000125
ZBTUSDT,2025-11-12 00:00:00,0.0000125
ZBTUSDT,2025-11-11 23:00:00,0.0000125
ZBTUSDT,2025-11-11 22:00:00,0.0000125
ZBTUSDT,2025-11-11 21:00:00,0.0000125
ZBTUSDT,2025-11-11 20:00:00,0.0000125
ZBTUSDT,2025-11-11 19:00:00,0.0000125
ZBTUSDT,2025-11-11 18:00:00,0.0000125
ZBTUSDT,2025-11-11 17:00:00,0.0000125
ZBTUSDT,2025-11-11 16:00:00,0.0000125
ZBTUSDT,2025-11-11 15:00:00,0.0000125
ZBTUSDT,2025-11-11 14:00:00,0.0000125
ZBTUSDT,2025-11-11 13:00:00,0.0000125
ZBTUSDT,2025-11-11 12:00:00,0.0000125
ZBTUSDT,2025-11-11 11:00:00,0.0000125
ZBTUSDT,2025-11-11 10:00:00,0.0000125
ZBTUSDT,2025-11-11 09:00:00,0.0000125
ZBTUSDT,2025-11-11 08:00:00,0.0000125
ZBTUSDT,2025-11-11 07:00:00,0.0000125
ZBTUSDT,2025-11-11 06:00:00,-0.00005206
ZBTUSDT,2025-11-11 05:00:00,0.0000125
ZBTUSDT,2025-11-11 04:00:00,0.0000125
ZBTUSDT,2025-11-11 03:00:00,0.0000125
ZBTUSDT,2025-11-11 02:00:00,0.0000125
ZBTUSDT,2025-11-11 01:00:00,0.0000125
ZBTUSDT,2025-11-11 00:00:00,0.0000125
ZBTUSDT,2025-11-10 23:00:00,0.0000125
ZBTUSDT,2025-11-10 22:00:00,0.0000125
ZBTUSDT,2025-11-10 21:00:00,0.0000125
ZBTUSDT,2025-11-10 20:00:00,0.0000125
ZBTUSDT,2025-11-10 19:00:00,0.0000125
ZBTUSDT,2025-11-10 18:00:00,0.0000125
ZBTUSDT,2025-11-10 17:00:00,0.0000125
ZBTUSDT,2025-11-10 16:00:00,0.0000125
ZBTUSDT,2025-11-10 15:00:00,0.0000125
ZBTUSDT,2025-11-10 14:00:00,0.0000125
ZBTUSDT,2025-11-10 13:00:00,0.0000125
ZBTUSDT,2025-11-10 12:00:00,0.0000125
ZBTUSDT,2025-11-10 11:00:00,0.0000125
ZBTUSDT,2025-11-10 10:00:00,0.0000125
ZBTUSDT,2025-11-10 09:00:00,0.0000125
ZBTUSDT,2025-11-10 08:00:00,0.0000125
ZBTUSDT,2025-11-10 07:00:00,0.0000125
ZBTUSDT,2025-11-10 06:00:00,0.0000125
ZBTUSDT,2025-11-10 05:00:00,0.0000125
ZBTUSDT,2025-11-10 04:00:00,0.0000125
ZBTUSDT,2025-11-10 03:00:00,0.0000125
ZBTUSDT,2025-11-10 02:00:00,0.0000125
ZBTUSDT,2025-11-10 01:00:00,0.0000125
ZBTUSDT,2025-11-10 00:00:00,0.0000125
ZBTUSDT,2025-11-09 23:00:00,0.0000125
ZBTUSDT,2025-11-09 22:00:00,0.0000125
ZBTUSDT,2025-11-09 21:00:00,0.0000125
ZBTUSDT,2025-11-09 20:00:00,0.0000125
ZBTUSDT,2025-11-09 19:00:00,0.0000125
ZBTUSDT,2025-11-09 18:00:00,0.0000125
ZBTUSDT,2025-11-09 17:00:00,0.0000125
ZBTUSDT,2025-11-09 16:00:00,0.0000125
ZBTUSDT,2025-11-09 15:00:00,0.0000125
ZBTUSDT,2025-11-09 14:00:00,0.0000125
ZBTUSDT,2025-11-09 13:00:00,0.0000125
ZBTUSDT,2025-11-09 12:00:00,0.0000125
ZBTUSDT,2025-11-09 11:00:00,0.0000125
ZBTUSDT,2025-11-09 10:00:00,0.0000051
ZBTUSDT,2025-11-09 09:00:00,0.0000125
ZBTUSDT,2025-11-09 08:00:00,0.0000125
ZBTUSDT,2025-11-09 07:00:00,0.0000125
ZBTUSDT,2025-11-09 06:00:00,0.0000125
ZBTUSDT,2025-11-09 05:00:00,0.0000125
ZBTUSDT,2025-11-09 04:00:00,0.0000125
ZBTUSDT,2025-11-09 03:00:00,0.0000125
ZBTUSDT,2025-11-09 02:00:00,0.0000125
ZBTUSDT,2025-11-09 01:00:00,0.0000125
ZBTUSDT,2025-11-09 00:00:00,-0.00000098
ZBTUSDT,2025-11-08 23:00:00,0.0000125
ZBTUSDT,2025-11-08 22:00:00,0.0000125
ZBTUSDT,2025-11-08 21:00:00,0.0000125
ZBTUSDT,2025-11-08 20:00:00,0.0000125
ZBTUSDT,2025-11-08 19:00:00,0.0000125
ZBTUSDT,2025-11-08 18:00:00,0.0000125
ZBTUSDT,2025-11-08 17:00:00,0.0000125
METUSDT,2025-11-23 00:00:00,0.00005
METUSDT,2025-11-22 20:00:00,0.00005
METUSDT,2025-11-22 16:00:00,0.00005
METUSDT,2025-11-22 12:00:00,0.00005
METUSDT,2025-11-22 08:00:00,0.00005
METUSDT,2025-11-22 04:00:00,0.00005
METUSDT,2025-11-22 00:00:00,0.00005
METUSDT,2025-11-21 20:00:00,0.00005
METUSDT,2025-11-21 16:00:00,0.00005
METUSDT,2025-11-21 12:00:00,0.00005
METUSDT,2025-11-21 08:00:00,0.00005
METUSDT,2025-11-21 04:00:00,0.00005
METUSDT,2025-11-21 00:00:00,0.00005
METUSDT,2025-11-20 20:00:00,0.00005
METUSDT,2025-11-20 16:00:00,0.00005
METUSDT,2025-11-20 12:00:00,0.00005
METUSDT,2025-11-20 08:00:00,-0.0000068
METUSDT,2025-11-20 04:00:00,0.00000192
METUSDT,2025-11-20 00:00:00,0.00005
METUSDT,2025-11-19 20:00:00,0.00005
METUSDT,2025-11-19 16:00:00,0.00005
METUSDT,2025-11-19 12:00:00,0.00005
METUSDT,2025-11-19 08:00:00,0.00005
METUSDT,2025-11-19 04:00:00,0.00005
METUSDT,2025-11-19 00:00:00,0.00005
METUSDT,2025-11-18 20:00:00,0.00005
METUSDT,2025-11-18 16:00:00,0.00005
METUSDT,2025-11-18 12:00:00,0.00001345
METUSDT,2025-11-18 08:00:00,-0.0063497
METUSDT,2025-11-18 04:00:00,0.00005
METUSDT,2025-11-18 00:00:00,0.00005
METUSDT,2025-11-17 20:00:00,0.00005
METUSDT,2025-11-17 16:00:00,0.00005
METUSDT,2025-11-17 12:00:00,0.00005
METUSDT,2025-11-17 08:00:00,0.00005
METUSDT,2025-11-17 04:00:00,0.00005
METUSDT,2025-11-17 00:00:00,0.00005
METUSDT,2025-11-16 20:00:00,0.00005
METUSDT,2025-11-16 16:00:00,0.00005
METUSDT,2025-11-16 12:00:00,0.00005
METUSDT,2025-11-16 08:00:00,0.00005
METUSDT,2025-11-16 04:00:00,0.00005
METUSDT,2025-11-16 00:00:00,0.00005
METUSDT,2025-11-15 20:00:00,0.00005
METUSDT,2025-11-15 16:00:00,0.00005
METUSDT,2025-11-15 12:00:00,-0.00016983
METUSDT,2025-11-15 08:00:00,0.00005
METUSDT,2025-11-15 04:00:00,0.00005
METUSDT,2025-11-15 00:00:00,-0.00003253
METUSDT,2025-11-14 20:00:00,0.00002069
METUSDT,2025-11-14 16:00:00,0.00005
METUSDT,2025-11-14 12:00:00,0.00000057
METUSDT,2025-11-14 08:00:00,-0.0000905
METUSDT,2025-11-14 04:00:00,0.00005
METUSDT,2025-11-14 00:00:00,0.00005
METUSDT,2025-11-13 20:00:00,0.00005
METUSDT,2025-11-13 16:00:00,0.00005
METUSDT,2025-11-13 12:00:00,0.00005
METUSDT,2025-11-13 08:00:00,0.00005
METUSDT,2025-11-13 04:00:00,0.00005
METUSDT,2025-11-13 00:00:00,0.00005
METUSDT,2025-11-12 20:00:00,0.00005
METUSDT,2025-11-12 16:00:00,0.00005
METUSDT,2025-11-12 12:00:00,0.00005
METUSDT,2025-11-12 08:00:00,0.00005
METUSDT,2025-11-12 04:00:00,0.00005
METUSDT,2025-11-12 00:00:00,0.00005
METUSDT,2025-11-11 20:00:00,0.00005
METUSDT,2025-11-11 16:00:00,0.00005
METUSDT,2025-11-11 12:00:00,0.00005
METUSDT,2025-11-11 08:00:00,0.00005
METUSDT,2025-11-11 04:00:00,0.00005
METUSDT,2025-11-11 00:00:00,0.00005
METUSDT,2025-11-10 20:00:00,0.00005
METUSDT,2025-11-10 16:00:00,0.00005
METUSDT,2025-11-10 12:00:00,0.00005
METUSDT,2025-11-10 08:00:00,0.00005
METUSDT,2025-11-10 04:00:00,0.00005
METUSDT,2025-11-10 00:00:00,0.00005
METUSDT,2025-11-09 20:00:00,0.00005
METUSDT,2025-11-09 16:00:00,0.00005
METUSDT,2025-11-09 12:00:00,0.00005
METUSDT,2025-11-09 08:00:00,0.00005
METUSDT,2025-11-09 04:00:00,0.00005
METUSDT,2025-11-09 00:00:00,0.00005
METUSDT,2025-11-08 20:00:00,0.00005
METUSDT,2025-11-08 16:00:00,0.00005
METUSDT,2025-11-08 12:00:00,0.00005
METUSDT,2025-11-08 08:00:00,0.00005
METUSDT,2025-11-08 04:00:00,0.00005
METUSDT,2025-11-08 00:00:00,0.00005
METUSDT,2025-11-07 20:00:00,0.00005
METUSDT,2025-11-07 16:00:00,0.00005
METUSDT,2025-11-07 12:00:00,0.00005
METUSDT,2025-11-07 08:00:00,0.00005
METUSDT,2025-11-07 04:00:00,0.00005
METUSDT,2025-11-07 00:00:00,0.00005
METUSDT,2025-11-06 20:00:00,0.00005
METUSDT,2025-11-06 16:00:00,0.00005
METUSDT,2025-11-06 12:00:00,0.00005
METUSDT,2025-11-06 08:00:00,0.00005
METUSDT,2025-11-06 04:00:00,0.00005
METUSDT,2025-11-06 00:00:00,0.00005
METUSDT,2025-11-05 20:00:00,0.00005
METUSDT,2025-11-05 16:00:00,0.00005
METUSDT,2025-11-05 12:00:00,0.00005
METUSDT,2025-11-05 08:00:00,0.00005
METUSDT,2025-11-05 04:00:00,0.00005
METUSDT,2025-11-05 00:00:00,0.00005
METUSDT,2025-11-04 20:00:00,0.00005
METUSDT,2025-11-04 16:00:00,0.00005
METUSDT,2025-11-04 12:00:00,0.00005
METUSDT,2025-11-04 08:00:00,0.00005
METUSDT,2025-11-04 04:00:00,0.00005
METUSDT,2025-11-04 00:00:00,0.00005
METUSDT,2025-11-03 20:00:00,0.00016046
METUSDT,2025-11-03 16:00:00,0.00005
METUSDT,2025-11-03 12:00:00,0.00005
METUSDT,2025-11-03 08:00:00,0.00005
METUSDT,2025-11-03 04:00:00,0.00005
METUSDT,2025-11-03 00:00:00,0.00005
METUSDT,2025-11-02 20:00:00,0.00005
METUSDT,2025-11-02 16:00:00,0.00005
METUSDT,2025-11-02 12:00:00,0.00005
METUSDT,2025-11-02 08:00:00,0.00005
METUSDT,2025-11-02 04:00:00,0.00005
METUSDT,2025-11-02 00:00:00,0.00005
METUSDT,2025-11-01 20:00:00,0.00005
METUSDT,2025-11-01 16:00:00,0.00005
METUSDT,2025-11-01 12:00:00,0.00005
METUSDT,2025-11-01 08:00:00,0.00005
METUSDT,2025-11-01 04:00:00,0.00005
METUSDT,2025-11-01 00:00:00,0.00005
METUSDT,2025-10-31 20:00:00,0.00005
METUSDT,2025-10-31 16:00:00,0.00005
METUSDT,2025-10-31 12:00:00,0.00005
METUSDT,2025-10-31 08:00:00,0.00005
METUSDT,2025-10-31 04:00:00,0.00005
METUSDT,2025-10-31 00:00:00,0.00005
METUSDT,2025-10-30 20:00:00,0.00005
METUSDT,2025-10-30 16:00:00,0.00005
METUSDT,2025-10-30 12:00:00,0.00005
METUSDT,2025-10-30 08:00:00,0.00005
METUSDT,2025-10-30 04:00:00,0.00005
METUSDT,2025-10-30 00:00:00,0.00005
METUSDT,2025-10-29 20:00:00,0.00005
METUSDT,2025-10-29 16:00:00,0.00005
METUSDT,2025-10-29 12:00:00,0.00005
METUSDT,2025-10-29 08:00:00,0.00005
METUSDT,2025-10-29 04:00:00,0.00005
METUSDT,2025-10-29 00:00:00,0.00005
METUSDT,2025-10-28 20:00:00,0.00005
METUSDT,2025-10-28 16:00:00,0.00005
METUSDT,2025-10-28 12:00:00,0.00005
METUSDT,2025-10-28 08:00:00,0.00005
METUSDT,2025-10-28 04:00:00,0.00005
METUSDT,2025-10-28 00:00:00,0.00005
METUSDT,2025-10-27 20:00:00,0.00005
METUSDT,2025-10-27 16:00:00,0.00005
METUSDT,2025-10-27 12:00:00,0.00005
METUSDT,2025-10-27 08:00:00,0.00005
METUSDT,2025-10-27 04:00:00,0.00005
METUSDT,2025-10-27 00:00:00,0.00005
METUSDT,2025-10-26 20:00:00,0.00005
METUSDT,2025-10-26 16:00:00,0.00054396
METUSDT,2025-10-26 12:00:00,0.00082208
METUSDT,2025-10-26 08:00:00,0.00023884
METUSDT,2025-10-26 04:00:00,0.00038275
METUSDT,2025-10-26 00:00:00,0.0001011
METUSDT,2025-10-25 20:00:00,0.00005
METUSDT,2025-10-25 16:00:00,0.00019931
METUSDT,2025-10-25 12:00:00,0.00007319
METUSDT,2025-10-25 08:00:00,0.00011376
METUSDT,2025-10-25 04:00:00,0.00029646
METUSDT,2025-10-25 00:00:00,0.00027899
METUSDT,2025-10-24 20:00:00,0.00016094
METUSDT,2025-10-24 16:00:00,0.00016906
METUSDT,2025-10-24 12:00:00,0.00011835
METUSDT,2025-10-24 08:00:00,0.00005
METUSDT,2025-10-24 04:00:00,0.00005
METUSDT,2025-10-24 00:00:00,0.00023865
METUSDT,2025-10-23 20:00:00,0.00005
METUSDT,2025-10-23 16:00:00,0.00025209
METUSDT,2025-10-23 12:00:00,0.00005
METUSDT,2025-10-23 08:00:00,0.00005
METUSDT,2025-10-23 04:00:00,0.00005
METUSDT,2025-10-23 00:00:00,0.00005
MMTUSDT,2025-12-05 00:00:00,0.0000125
MMTUSDT,2025-12-04 23:00:00,0.0000125
MMTUSDT,2025-12-04 22:00:00,0.0000125
MMTUSDT,2025-12-04 21:00:00,0.0000125
MMTUSDT,2025-12-04 20:00:00,0.0000125
MMTUSDT,2025-12-04 19:00:00,0.0000125
MMTUSDT,2025-12-04 18:00:00,0.0000125
MMTUSDT,2025-12-04 17:00:00,0.0000125
MMTUSDT,2025-12-04 16:00:00,0.0000125
MMTUSDT,2025-12-04 15:00:00,-0.00011865
MMTUSDT,2025-12-04 14:00:00,0.0000125
MMTUSDT,2025-12-04 13:00:00,0.0000125
MMTUSDT,2025-12-04 12:00:00,-0.00001088
MMTUSDT,2025-12-04 11:00:00,0.0000125
MMTUSDT,2025-12-04 10:00:00,0.0000125
MMTUSDT,2025-12-04 09:00:00,0.0000125
MMTUSDT,2025-12-04 08:00:00,0.0000125
MMTUSDT,2025-12-04 07:00:00,0.0000125
MMTUSDT,2025-12-04 06:00:00,0.0000125
MMTUSDT,2025-12-04 05:00:00,0.0000125
MMTUSDT,2025-12-04 04:00:00,0.0000125
MMTUSDT,2025-12-04 03:00:00,0.0000125
MMTUSDT,2025-12-04 02:00:00,0.0000125
MMTUSDT,2025-12-04 01:00:00,0.0000125
MMTUSDT,2025-12-04 00:00:00,0.0000125
MMTUSDT,2025-12-03 23:00:00,0.0000125
MMTUSDT,2025-12-03 22:00:00,0.0000125
MMTUSDT,2025-12-03 21:00:00,0.0000125
MMTUSDT,2025-12-03 20:00:00,0.0000125
MMTUSDT,2025-12-03 19:00:00,0.0000125
MMTUSDT,2025-12-03 18:00:00,0.0000125
MMTUSDT,2025-12-03 17:00:00,0.0000125
MMTUSDT,2025-12-03 16:00:00,0.0000125
MMTUSDT,2025-12-03 15:00:00,0.0000125
MMTUSDT,2025-12-03 14:00:00,0.0000125
MMTUSDT,2025-12-03 13:00:00,0.0000125
MMTUSDT,2025-12-03 12:00:00,-0.0001437
MMTUSDT,2025-12-03 11:00:00,-0.00009092
MMTUSDT,2025-12-03 10:00:00,0.0000125
MMTUSDT,2025-12-03 09:00:00,0.0000125
MMTUSDT,2025-12-03 08:00:00,0.0000125
MMTUSDT,2025-12-03 07:00:00,0.0000125
MMTUSDT,2025-12-03 06:00:00,0.0000125
MMTUSDT,2025-12-03 05:00:00,0.00000933
MMTUSDT,2025-12-03 04:00:00,-0.00016532
MMTUSDT,2025-12-03 03:00:00,0.0000125
MMTUSDT,2025-12-03 02:00:00,-0.00013129
MMTUSDT,2025-12-03 01:00:00,-0.00014899
MMTUSDT,2025-12-03 00:00:00,-0.00021749
MMTUSDT,2025-12-02 23:00:00,0.0000125
MMTUSDT,2025-12-02 22:00:00,-0.00003418
MMTUSDT,2025-12-02 21:00:00,-0.00017262
MMTUSDT,2025-12-02 20:00:00,-0.00023585
MMTUSDT,2025-12-02 19:00:00,0.0000125
MMTUSDT,2025-12-02 18:00:00,0.0000125
MMTUSDT,2025-12-02 17:00:00,0.0000125
MMTUSDT,2025-12-02 16:00:00,0.0000125
MMTUSDT,2025-12-02 15:00:00,0.0000125
MMTUSDT,2025-12-02 14:00:00,0.0000125
MMTUSDT,2025-12-02 13:00:00,0.0000125
MMTUSDT,2025-12-02 12:00:00,-0.00000537
MMTUSDT,2025-12-02 11:00:00,-0.00014833
MMTUSDT,2025-12-02 10:00:00,0.0000125
MMTUSDT,2025-12-02 09:00:00,0.0000125
MMTUSDT,2025-12-02 08:00:00,0.0000125
MMTUSDT,2025-12-02 07:00:00,-0.00019671
MMTUSDT,2025-12-02 06:00:00,0.0000125
MMTUSDT,2025-12-02 05:00:00,-0.00013969
MMTUSDT,2025-12-02 04:00:00,-0.00018617
MMTUSDT,2025-12-02 03:00:00,-0.00001458
MMTUSDT,2025-12-02 02:00:00,0.0000125
MMTUSDT,2025-12-02 01:00:00,0.0000125
MMTUSDT,2025-12-02 00:00:00,0.0000125
MMTUSDT,2025-12-01 23:00:00,0.0000125
MMTUSDT,2025-12-01 22:00:00,0.0000125
MMTUSDT,2025-12-01 21:00:00,0.0000125
MMTUSDT,2025-12-01 20:00:00,-0.00005795
MMTUSDT,2025-12-01 19:00:00,0.0000125
MMTUSDT,2025-12-01 18:00:00,0.0000125
MMTUSDT,2025-12-01 17:00:00,0.0000125
MMTUSDT,2025-12-01 16:00:00,0.0000125
MMTUSDT,2025-12-01 15:00:00,0.0000125
MMTUSDT,2025-12-01 14:00:00,0.0000125
MMTUSDT,2025-12-01 13:00:00,0.0000125
MMTUSDT,2025-12-01 12:00:00,-0.000266
MMTUSDT,2025-12-01 11:00:00,0.0000125
MMTUSDT,2025-12-01 10:00:00,0.0000125
MMTUSDT,2025-12-01 09:00:00,0.0000125
MMTUSDT,2025-12-01 08:00:00,0.0000125
MMTUSDT,2025-12-01 07:00:00,0.0000125
MMTUSDT,2025-12-01 06:00:00,0.0000125
MMTUSDT,2025-12-01 05:00:00,0.0000125
MMTUSDT,2025-12-01 04:00:00,0.0000125
MMTUSDT,2025-12-01 03:00:00,0.0000125
MMTUSDT,2025-12-01 02:00:00,0.0000125
MMTUSDT,2025-12-01 01:00:00,0.0000125
MMTUSDT,2025-12-01 00:00:00,0.0000125
MMTUSDT,2025-11-30 23:00:00,0.0000125
MMTUSDT,2025-11-30 22:00:00,-0.00047092
MMTUSDT,2025-11-30 21:00:00,0.0000125
MMTUSDT,2025-11-30 20:00:00,0.0000125
MMTUSDT,2025-11-30 19:00:00,0.0000125
MMTUSDT,2025-11-30 18:00:00,-0.00014983
MMTUSDT,2025-11-30 17:00:00,-0.00047853
MMTUSDT,2025-11-30 16:00:00,-0.00059025
MMTUSDT,2025-11-30 15:00:00,0.0000125
MMTUSDT,2025-11-30 14:00:00,0.0000125
MMTUSDT,2025-11-30 13:00:00,0.0000125
MMTUSDT,2025-11-30 12:00:00,0.0000125
MMTUSDT,2025-11-30 11:00:00,0.0000125
MMTUSDT,2025-11-30 10:00:00,0.0000125
MMTUSDT,2025-11-30 09:00:00,0.0000125
MMTUSDT,2025-11-30 08:00:00,0.0000125
MMTUSDT,2025-11-30 07:00:00,0.0000125
MMTUSDT,2025-11-30 06:00:00,0.0000125
MMTUSDT,2025-11-30 05:00:00,0.0000125
MMTUSDT,2025-11-30 04:00:00,0.0000125
MMTUSDT,2025-11-30 03:00:00,0.0000125
MMTUSDT,2025-11-30 02:00:00,0.0000125
MMTUSDT,2025-11-30 01:00:00,0.0000125
MMTUSDT,2025-11-30 00:00:00,0.0000125
MMTUSDT,2025-11-29 23:00:00,0.0000125
MMTUSDT,2025-11-29 22:00:00,0.0000125
MMTUSDT,2025-11-29 21:00:00,0.0000125
MMTUSDT,2025-11-29 20:00:00,0.0000125
MMTUSDT,2025-11-29 19:00:00,0.0000125
MMTUSDT,2025-11-29 18:00:00,0.0000125
MMTUSDT,2025-11-29 17:00:00,0.0000125
MMTUSDT,2025-11-29 16:00:00,0.0000125
MMTUSDT,2025-11-29 15:00:00,0.0000125
MMTUSDT,2025-11-29 14:00:00,0.0000125
MMTUSDT,2025-11-29 13:00:00,0.0000125
MMTUSDT,2025-11-29 12:00:00,0.0000125
MMTUSDT,2025-11-29 11:00:00,0.0000125
MMTUSDT,2025-11-29 10:00:00,0.0000125
MMTUSDT,2025-11-29 09:00:00,0.0000125
MMTUSDT,2025-11-29 08:00:00,0.0000125
MMTUSDT,2025-11-29 07:00:00,0.0000125
MMTUSDT,2025-11-29 06:00:00,0.0000125
MMTUSDT,2025-11-29 05:00:00,0.0000125
MMTUSDT,2025-11-29 04:00:00,0.0000125
MMTUSDT,2025-11-29 03:00:00,0.0000125
MMTUSDT,2025-11-29 02:00:00,0.0000125
MMTUSDT,2025-11-29 01:00:00,0.0000125
MMTUSDT,2025-11-29 00:00:00,0.0000125
MMTUSDT,2025-11-28 23:00:00,0.0000125
MMTUSDT,2025-11-28 22:00:00,0.0000125
MMTUSDT,2025-11-28 21:00:00,0.0000125
MMTUSDT,2025-11-28 20:00:00,0.0000125
MMTUSDT,2025-11-28 19:00:00,0.0000125
MMTUSDT,2025-11-28 18:00:00,0.0000125
MMTUSDT,2025-11-28 17:00:00,0.0000125
MMTUSDT,2025-11-28 16:00:00,-0.00001784
MMTUSDT,2025-11-28 15:00:00,0.0000125
MMTUSDT,2025-11-28 14:00:00,-0.00005457
MMTUSDT,2025-11-28 13:00:00,-0.00014253
MMTUSDT,2025-11-28 12:00:00,0.0000125
MMTUSDT,2025-11-28 11:00:00,0.0000125
MMTUSDT,2025-11-28 10:00:00,0.0000125
MMTUSDT,2025-11-28 09:00:00,-0.00030286
MMTUSDT,2025-11-28 08:00:00,0.0000125
MMTUSDT,2025-11-28 07:00:00,0.0000125
MMTUSDT,2025-11-28 06:00:00,0.0000125
MMTUSDT,2025-11-28 05:00:00,0.00000666
MMTUSDT,2025-11-28 04:00:00,0.0000125
MMTUSDT,2025-11-28 03:00:00,0.0000125
MMTUSDT,2025-11-28 02:00:00,0.0000125
MMTUSDT,2025-11-28 01:00:00,0.0000125
MMTUSDT,2025-11-28 00:00:00,0.0000125
MMTUSDT,2025-11-27 23:00:00,0.0000125
MMTUSDT,2025-11-27 22:00:00,0.0000125
MMTUSDT,2025-11-27 21:00:00,0.0000125
MMTUSDT,2025-11-27 20:00:00,0.0000125
MMTUSDT,2025-11-27 19:00:00,0.0000125
MMTUSDT,2025-11-27 18:00:00,0.0000125
MMTUSDT,2025-11-27 17:00:00,-0.00022553
MMTUSDT,2025-11-27 16:00:00,-0.00004165
MMTUSDT,2025-11-27 15:00:00,0.0000125
MMTUSDT,2025-11-27 14:00:00,0.0000125
MMTUSDT,2025-11-27 13:00:00,0.0000125
MMTUSDT,2025-11-27 12:00:00,0.0000125
MMTUSDT,2025-11-27 11:00:00,0.0000125
MMTUSDT,2025-11-27 10:00:00,0.0000125
MMTUSDT,2025-11-27 09:00:00,0.0000125
MMTUSDT,2025-11-27 08:00:00,0.0000125
MMTUSDT,2025-11-27 07:00:00,0.0000125
MMTUSDT,2025-11-27 06:00:00,-0.00024071
MMTUSDT,2025-11-27 05:00:00,0.0000125
MMTUSDT,2025-11-27 04:00:00,0.0000125
MMTUSDT,2025-11-27 03:00:00,0.0000125
MMTUSDT,2025-11-27 02:00:00,0.0000125
MMTUSDT,2025-11-27 01:00:00,0.0000125
MMTUSDT,2025-11-27 00:00:00,-0.00003146
MMTUSDT,2025-11-26 23:00:00,0.0000125
MMTUSDT,2025-11-26 22:00:00,0.0000125
MMTUSDT,2025-11-26 21:00:00,0.0000125
MMTUSDT,2025-11-26 20:00:00,0.0000125
MMTUSDT,2025-11-26 19:00:00,0.0000125
MMTUSDT,2025-11-26 18:00:00,0.0000125
MMTUSDT,2025-11-26 17:00:00,0.0000125
CCUSDT,2025-12-11 00:00:00,0.00005
CCUSDT,2025-12-10 20:00:00,0.00005
CCUSDT,2025-12-10 16:00:00,0.00005
CCUSDT,2025-12-10 12:00:00,0.00005
CCUSDT,2025-12-10 08:00:00,0.00005
CCUSDT,2025-12-10 04:00:00,0.00005
CCUSDT,2025-12-10 00:00:00,0.00005
CCUSDT,2025-12-09 20:00:00,0.00005
CCUSDT,2025-12-09 16:00:00,0.00005
CCUSDT,2025-12-09 12:00:00,0.00005
CCUSDT,2025-12-09 08:00:00,0.00005
CCUSDT,2025-12-09 04:00:00,0.00005
CCUSDT,2025-12-09 00:00:00,-0.0001237
CCUSDT,2025-12-08 20:00:00,0.00005
CCUSDT,2025-12-08 16:00:00,0.00005
CCUSDT,2025-12-08 12:00:00,0.00005
CCUSDT,2025-12-08 08:00:00,-0.00009064
CCUSDT,2025-12-08 04:00:00,0.00005
CCUSDT,2025-12-08 00:00:00,0.00000576
CCUSDT,2025-12-07 20:00:00,0.00005
CCUSDT,2025-12-07 16:00:00,-0.0000817
CCUSDT,2025-12-07 12:00:00,0.00005
CCUSDT,2025-12-07 08:00:00,0.00005
CCUSDT,2025-12-07 04:00:00,0.00005
CCUSDT,2025-12-07 00:00:00,-0.00006108
CCUSDT,2025-12-06 20:00:00,-0.00003572
CCUSDT,2025-12-06 16:00:00,-0.00056304
CCUSDT,2025-12-06 12:00:00,-0.00048683
CCUSDT,2025-12-06 08:00:00,-0.00001967
CCUSDT,2025-12-06 04:00:00,0.00005
CCUSDT,2025-12-06 00:00:00,0.00005
CCUSDT,2025-12-05 20:00:00,0.00005
CCUSDT,2025-12-05 16:00:00,0.00005
CCUSDT,2025-12-05 12:00:00,0.00005
CCUSDT,2025-12-05 08:00:00,0.00005
CCUSDT,2025-12-05 04:00:00,0.00005
CCUSDT,2025-12-05 00:00:00,0.00005
CCUSDT,2025-12-04 20:00:00,0.00005
CCUSDT,2025-12-04 16:00:00,0.00005
CCUSDT,2025-12-04 12:00:00,0.00005
CCUSDT,2025-12-04 08:00:00,0.00005
CCUSDT,2025-12-04 04:00:00,0.00005
CCUSDT,2025-12-04 00:00:00,0.00005
CCUSDT,2025-12-03 20:00:00,0.00005
CCUSDT,2025-12-03 16:00:00,0.00005
CCUSDT,2025-12-03 12:00:00,0.00005
CCUSDT,2025-12-03 08:00:00,0.00005
CCUSDT,2025-12-03 04:00:00,0.00005
CCUSDT,2025-12-03 00:00:00,0.00005
CCUSDT,2025-12-02 20:00:00,0.00005
CCUSDT,2025-12-02 16:00:00,0.00005
CCUSDT,2025-12-02 12:00:00,0.00005
CCUSDT,2025-12-02 08:00:00,0.00005
CCUSDT,2025-12-02 04:00:00,0.00005
CCUSDT,2025-12-02 00:00:00,0.00005
CCUSDT,2025-12-01 20:00:00,0.00005
CCUSDT,2025-12-01 16:00:00,0.00005
CCUSDT,2025-12-01 12:00:00,0.00005
CCUSDT,2025-12-01 08:00:00,0.00005
CCUSDT,2025-12-01 04:00:00,0.00005
CCUSDT,2025-12-01 00:00:00,0.00005
CCUSDT,2025-11-30 20:00:00,0.00005
CCUSDT,2025-11-30 16:00:00,0.00005
CCUSDT,2025-11-30 12:00:00,0.00005
CCUSDT,2025-11-30 08:00:00,0.00005
CCUSDT,2025-11-30 04:00:00,0.00005
CCUSDT,2025-11-30 00:00:00,0.0000344
CCUSDT,2025-11-29 20:00:00,0.00005
CCUSDT,2025-11-29 16:00:00,-0.0000365
CCUSDT,2025-11-29 12:00:00,0.00005
CCUSDT,2025-11-29 08:00:00,0.00005
CCUSDT,2025-11-29 04:00:00,0.00005
CCUSDT,2025-11-29 00:00:00,0.00005
CCUSDT,2025-11-28 20:00:00,0.00005
CCUSDT,2025-11-28 16:00:00,0.00005
CCUSDT,2025-11-28 12:00:00,0.00005
CCUSDT,2025-11-28 08:00:00,0.00005
CCUSDT,2025-11-28 04:00:00,0.00005
CCUSDT,2025-11-28 00:00:00,0.00005
CCUSDT,2025-11-27 20:00:00,0.00005
CCUSDT,2025-11-27 16:00:00,0.00005
CCUSDT,2025-11-27 12:00:00,0.00005
CCUSDT,2025-11-27 08:00:00,0.00005
CCUSDT,2025-11-27 04:00:00,0.00005
CCUSDT,2025-11-27 00:00:00,0.00005
CCUSDT,2025-11-26 20:00:00,0.00005
CCUSDT,2025-11-26 16:00:00,0.00005
CCUSDT,2025-11-26 12:00:00,0.00005
CCUSDT,2025-11-26 08:00:00,0.00005
CCUSDT,2025-11-26 04:00:00,0.00005
CCUSDT,2025-11-26 00:00:00,0.00005
CCUSDT,2025-11-25 20:00:00,0.00005
CCUSDT,2025-11-25 16:00:00,0.00005
CCUSDT,2025-11-25 12:00:00,0.00005
CCUSDT,2025-11-25 08:00:00,0.00005
CCUSDT,2025-11-25 04:00:00,0.00005
CCUSDT,2025-11-25 00:00:00,-0.00072797
CCUSDT,2025-11-24 20:00:00,0.00005
CCUSDT,2025-11-24 16:00:00,0.00005
CCUSDT,2025-11-24 12:00:00,0.00002284
CCUSDT,2025-11-24 08:00:00,0.00005
CCUSDT,2025-11-24 04:00:00,-0.00055505
CCUSDT,2025-11-24 00:00:00,-0.0007513
CCUSDT,2025-11-23 20:00:00,-0.00014618
CCUSDT,2025-11-23 16:00:00,-0.00016986
CCUSDT,2025-11-23 12:00:00,-0.00049713
CCUSDT,2025-11-23 08:00:00,-0.00075906
CCUSDT,2025-11-23 04:00:00,-0.00014549
CCUSDT,2025-11-23 00:00:00,-0.00051889
CCUSDT,2025-11-22 20:00:00,-0.00016251
CCUSDT,2025-11-22 16:00:00,-0.00021255
CCUSDT,2025-11-22 12:00:00,0.00005
CCUSDT,2025-11-22 08:00:00,0.00005
CCUSDT,2025-11-22 04:00:00,0.00005
CCUSDT,2025-11-22 00:00:00,0.00005
CCUSDT,2025-11-21 20:00:00,-0.00039796
CCUSDT,2025-11-21 16:00:00,-0.0003991
CCUSDT,2025-11-21 12:00:00,0.00005
CCUSDT,2025-11-21 08:00:00,0.00005
CCUSDT,2025-11-21 04:00:00,0.00005
CCUSDT,2025-11-21 00:00:00,-0.00131861
CCUSDT,2025-11-20 20:00:00,0.00005
CCUSDT,2025-11-20 16:00:00,-0.00087553
CCUSDT,2025-11-20 12:00:00,-0.00071767
CCUSDT,2025-11-20 08:00:00,-0.00000498
CCUSDT,2025-11-20 04:00:00,-0.00025327
CCUSDT,2025-11-20 00:00:00,0.00005
CCUSDT,2025-11-19 20:00:00,-0.00109428
CCUSDT,2025-11-19 16:00:00,-0.00064116
CCUSDT,2025-11-19 12:00:00,0.00005
CCUSDT,2025-11-19 08:00:00,0.00005
CCUSDT,2025-11-19 04:00:00,0.00012977
CCUSDT,2025-11-19 00:00:00,0.00005
CCUSDT,2025-11-18 20:00:00,0.00005
CCUSDT,2025-11-18 16:00:00,0.00005
CCUSDT,2025-11-18 12:00:00,0.00018486
CCUSDT,2025-11-18 08:00:00,0.00005
CCUSDT,2025-11-18 04:00:00,0.00005
CCUSDT,2025-11-18 00:00:00,0.00005
CCUSDT,2025-11-17 20:00:00,0.00070334
CCUSDT,2025-11-17 16:00:00,0.00005
CCUSDT,2025-11-17 12:00:00,0.00005
CCUSDT,2025-11-17 08:00:00,0.00005
CCUSDT,2025-11-17 04:00:00,0.00005
CCUSDT,2025-11-17 00:00:00,0.00018955
CCUSDT,2025-11-16 20:00:00,0.00005
CCUSDT,2025-11-16 16:00:00,0.00041591
CCUSDT,2025-11-16 12:00:00,0.00084214
CCUSDT,2025-11-16 08:00:00,0.00005
CCUSDT,2025-11-16 04:00:00,0.00005
CCUSDT,2025-11-16 00:00:00,0.00005
CCUSDT,2025-11-15 20:00:00,0.00005
CCUSDT,2025-11-15 16:00:00,0.00005
CCUSDT,2025-11-15 12:00:00,0.00005
CCUSDT,2025-11-15 08:00:00,0.00005
CCUSDT,2025-11-15 04:00:00,0.00005
CCUSDT,2025-11-15 00:00:00,0.00005
CCUSDT,2025-11-14 20:00:00,0.00005
CCUSDT,2025-11-14 16:00:00,-0.00010041
CCUSDT,2025-11-14 12:00:00,-0.00073264
CCUSDT,2025-11-14 08:00:00,-0.00015435
CCUSDT,2025-11-14 04:00:00,-0.00095388
CCUSDT,2025-11-14 00:00:00,0.00005
CCUSDT,2025-11-13 20:00:00,0.00005
CCUSDT,2025-11-13 16:00:00,0.00005
CCUSDT,2025-11-13 12:00:00,-0.00024484
CCUSDT,2025-11-13 08:00:00,0.00005
CCUSDT,2025-11-13 04:00:00,0.00005
CCUSDT,2025-11-13 00:00:00,0.00005
CCUSDT,2025-11-12 20:00:00,-0.00062595
CCUSDT,2025-11-12 16:00:00,-0.00051849
CCUSDT,2025-11-12 12:00:00,-0.00072218
CCUSDT,2025-11-12 08:00:00,0.00002307
CCUSDT,2025-11-12 04:00:00,-0.00125293
CCUSDT,2025-11-12 00:00:00,-0.00017822
CCUSDT,2025-11-11 20:00:00,0.00005
CCUSDT,2025-11-11 16:00:00,-0.00017812
CCUSDT,2025-11-11 12:00:00,0.00004451
CCUSDT,2025-11-11 08:00:00,-0.00090469
CCUSDT,2025-11-11 04:00:00,0.00005
CCUSDT,2025-11-11 00:00:00,-0.00040454
CCUSDT,2025-11-10 20:00:00,-0.00038757
CCUSDT,2025-11-10 16:00:00,0.00005
CCUSDT,2025-11-10 12:00:00,-0.00008914
CCUSDT,2025-11-10 08:00:00,0.00009737
CCUSDT,2025-11-10 04:00:00,0.00005
CCUSDT,2025-11-10 00:00:00,0.00005
PIEVERSEUSDT,2025-12-15 00:00:00,-0.00592419
PIEVERSEUSDT,2025-12-14 20:00:00,-0.00182133
PIEVERSEUSDT,2025-12-14 16:00:00,-0.0020731
PIEVERSEUSDT,2025-12-14 12:00:00,-0.00178533
PIEVERSEUSDT,2025-12-14 08:00:00,-0.00083424
PIEVERSEUSDT,2025-12-14 04:00:00,-0.00274177
PIEVERSEUSDT,2025-12-14 00:00:00,-0.00107239
PIEVERSEUSDT,2025-12-13 20:00:00,-0.00006205
PIEVERSEUSDT,2025-12-13 16:00:00,-0.00099685
PIEVERSEUSDT,2025-12-13 12:00:00,-0.00552435
PIEVERSEUSDT,2025-12-13 08:00:00,-0.00925307
PIEVERSEUSDT,2025-12-13 04:00:00,-0.0057762
PIEVERSEUSDT,2025-12-13 00:00:00,-0.00438075
PIEVERSEUSDT,2025-12-12 20:00:00,-0.00346618
PIEVERSEUSDT,2025-12-12 16:00:00,-0.00119212
PIEVERSEUSDT,2025-12-12 12:00:00,-0.00107402
PIEVERSEUSDT,2025-12-12 08:00:00,-0.00154339
PIEVERSEUSDT,2025-12-12 04:00:00,-0.00345396
PIEVERSEUSDT,2025-12-12 00:00:00,-0.00520206
PIEVERSEUSDT,2025-12-11 20:00:00,-0.01504033
PIEVERSEUSDT,2025-12-11 16:00:00,-0.01577293
PIEVERSEUSDT,2025-12-11 12:00:00,-0.00719451
PIEVERSEUSDT,2025-12-11 08:00:00,-0.00815436
PIEVERSEUSDT,2025-12-11 04:00:00,-0.00162143
PIEVERSEUSDT,2025-12-11 00:00:00,-0.0003843
PIEVERSEUSDT,2025-12-10 20:00:00,-0.00005614
PIEVERSEUSDT,2025-12-10 16:00:00,-0.00050158
PIEVERSEUSDT,2025-12-10 12:00:00,0.00005
PIEVERSEUSDT,2025-12-10 08:00:00,-0.0002201
PIEVERSEUSDT,2025-12-10 04:00:00,-0.00069278
PIEVERSEUSDT,2025-12-10 00:00:00,-0.00059925
PIEVERSEUSDT,2025-12-09 20:00:00,-0.00051703
PIEVERSEUSDT,2025-12-09 16:00:00,-0.00108387
PIEVERSEUSDT,2025-12-09 12:00:00,-0.00298285
PIEVERSEUSDT,2025-12-09 08:00:00,-0.00306818
PIEVERSEUSDT,2025-12-09 04:00:00,-0.00256246
PIEVERSEUSDT,2025-12-09 00:00:00,-0.00271927
PIEVERSEUSDT,2025-12-08 20:00:00,-0.0008494
PIEVERSEUSDT,2025-12-08 16:00:00,-0.00170988
PIEVERSEUSDT,2025-12-08 12:00:00,-0.00128049
PIEVERSEUSDT,2025-12-08 08:00:00,-0.00249331
PIEVERSEUSDT,2025-12-08 04:00:00,-0.00102503
PIEVERSEUSDT,2025-12-08 00:00:00,-0.00038938
PIEVERSEUSDT,2025-12-07 20:00:00,-0.00025177
PIEVERSEUSDT,2025-12-07 16:00:00,-0.00079384
PIEVERSEUSDT,2025-12-07 12:00:00,-0.00061038
PIEVERSEUSDT,2025-12-07 08:00:00,-0.00044869
PIEVERSEUSDT,2025-12-07 04:00:00,-0.00074256
PIEVERSEUSDT,2025-12-07 00:00:00,-0.00010819
PIEVERSEUSDT,2025-12-06 20:00:00,0.00000372
PIEVERSEUSDT,2025-12-06 16:00:00,-0.00082585
PIEVERSEUSDT,2025-12-06 12:00:00,-0.0011592
PIEVERSEUSDT,2025-12-06 08:00:00,-0.00167908
PIEVERSEUSDT,2025-12-06 04:00:00,-0.00227783
PIEVERSEUSDT,2025-12-06 00:00:00,-0.00005655
PIEVERSEUSDT,2025-12-05 20:00:00,0.00005
PIEVERSEUSDT,2025-12-05 16:00:00,-0.000436
PIEVERSEUSDT,2025-12-05 12:00:00,-0.00046457
PIEVERSEUSDT,2025-12-05 08:00:00,-0.00069972
PIEVERSEUSDT,2025-12-05 04:00:00,-0.00069439
PIEVERSEUSDT,2025-12-05 00:00:00,-0.00051784
PIEVERSEUSDT,2025-12-04 20:00:00,-0.00014398
PIEVERSEUSDT,2025-12-04 16:00:00,-0.00002998
PIEVERSEUSDT,2025-12-04 12:00:00,0.00005
PIEVERSEUSDT,2025-12-04 08:00:00,-0.00044537
PIEVERSEUSDT,2025-12-04 04:00:00,-0.00078467
PIEVERSEUSDT,2025-12-04 00:00:00,-0.00024932
PIEVERSEUSDT,2025-12-03 20:00:00,-0.00043093
PIEVERSEUSDT,2025-12-03 16:00:00,-0.00013138
PIEVERSEUSDT,2025-12-03 12:00:00,-0.00021255
PIEVERSEUSDT,2025-12-03 08:00:00,-0.000135
PIEVERSEUSDT,2025-12-03 04:00:00,-0.00459208
PIEVERSEUSDT,2025-12-03 00:00:00,-0.00025269
PIEVERSEUSDT,2025-12-02 20:00:00,-0.00009555
PIEVERSEUSDT,2025-12-02 16:00:00,-0.000531
PIEVERSEUSDT,2025-12-02 12:00:00,-0.00034977
PIEVERSEUSDT,2025-12-02 08:00:00,-0.0006445
PIEVERSEUSDT,2025-12-02 04:00:00,-0.00005245
PIEVERSEUSDT,2025-12-02 00:00:00,-0.00048974
PIEVERSEUSDT,2025-12-01 20:00:00,-0.00043348
PIEVERSEUSDT,2025-12-01 16:00:00,-0.00060386
PIEVERSEUSDT,2025-12-01 12:00:00,-0.00081581
PIEVERSEUSDT,2025-12-01 08:00:00,-0.00228969
PIEVERSEUSDT,2025-12-01 04:00:00,-0.00095189
PIEVERSEUSDT,2025-12-01 00:00:00,-0.00079482
PIEVERSEUSDT,2025-11-30 20:00:00,-0.00020201
PIEVERSEUSDT,2025-11-30 16:00:00,-0.0003269
PIEVERSEUSDT,2025-11-30 12:00:00,-0.00003436
PIEVERSEUSDT,2025-11-30 08:00:00,-0.00018553
PIEVERSEUSDT,2025-11-30 04:00:00,-0.00059912
PIEVERSEUSDT,2025-11-30 00:00:00,-0.00002771
PIEVERSEUSDT,2025-11-29 20:00:00,-0.00007268
PIEVERSEUSDT,2025-11-29 16:00:00,-0.00000394
PIEVERSEUSDT,2025-11-29 12:00:00,-0.00027581
PIEVERSEUSDT,2025-11-29 08:00:00,-0.00006655
PIEVERSEUSDT,2025-11-29 04:00:00,0.00005
PIEVERSEUSDT,2025-11-29 00:00:00,-0.00023532
PIEVERSEUSDT,2025-11-28 20:00:00,0.00005
PIEVERSEUSDT,2025-11-28 16:00:00,0.00005
PIEVERSEUSDT,2025-11-28 12:00:00,0.00005
PIEVERSEUSDT,2025-11-28 08:00:00,-0.00057302
PIEVERSEUSDT,2025-11-28 04:00:00,0.00004974
PIEVERSEUSDT,2025-11-28 00:00:00,-0.00013592
PIEVERSEUSDT,2025-11-27 20:00:00,0.00005
PIEVERSEUSDT,2025-11-27 16:00:00,-0.00092582
PIEVERSEUSDT,2025-11-27 12:00:00,-0.00068097
PIEVERSEUSDT,2025-11-27 08:00:00,-0.00054469
PIEVERSEUSDT,2025-11-27 04:00:00,-0.00092683
PIEVERSEUSDT,2025-11-27 00:00:00,-0.00070035
PIEVERSEUSDT,2025-11-26 20:00:00,-0.00016851
PIEVERSEUSDT,2025-11-26 16:00:00,-0.00078564
PIEVERSEUSDT,2025-11-26 12:00:00,-0.00019956
PIEVERSEUSDT,2025-11-26 08:00:00,-0.0006782
PIEVERSEUSDT,2025-11-26 04:00:00,-0.00071939
PIEVERSEUSDT,2025-11-26 00:00:00,-0.00119949
PIEVERSEUSDT,2025-11-25 20:00:00,-0.00030975
PIEVERSEUSDT,2025-11-25 16:00:00,-0.00189584
PIEVERSEUSDT,2025-11-25 12:00:00,-0.00121132
PIEVERSEUSDT,2025-11-25 08:00:00,-0.00099371
PIEVERSEUSDT,2025-11-25 04:00:00,-0.00040334
PIEVERSEUSDT,2025-11-25 00:00:00,-0.00006848
PIEVERSEUSDT,2025-11-24 20:00:00,0.00005
PIEVERSEUSDT,2025-11-24 16:00:00,-0.00060062
PIEVERSEUSDT,2025-11-24 12:00:00,-0.00400391
PIEVERSEUSDT,2025-11-24 08:00:00,-0.00667972
PIEVERSEUSDT,2025-11-24 04:00:00,0.00005
PIEVERSEUSDT,2025-11-24 00:00:00,0.00005
PIEVERSEUSDT,2025-11-23 20:00:00,0.00005
PIEVERSEUSDT,2025-11-23 16:00:00,0.00002664
PIEVERSEUSDT,2025-11-23 12:00:00,-0.00037607
PIEVERSEUSDT,2025-11-23 08:00:00,0.00005
PIEVERSEUSDT,2025-11-23 04:00:00,0.00005
PIEVERSEUSDT,2025-11-23 00:00:00,0.00005
PIEVERSEUSDT,2025-11-22 20:00:00,0.00005
PIEVERSEUSDT,2025-11-22 16:00:00,0.00001831
PIEVERSEUSDT,2025-11-22 12:00:00,0.00005
PIEVERSEUSDT,2025-11-22 08:00:00,-0.00060515
PIEVERSEUSDT,2025-11-22 04:00:00,-0.00031312
PIEVERSEUSDT,2025-11-22 00:00:00,0.00005
PIEVERSEUSDT,2025-11-21 20:00:00,0.00005
PIEVERSEUSDT,2025-11-21 16:00:00,-0.00044476
PIEVERSEUSDT,2025-11-21 12:00:00,0.00005
PIEVERSEUSDT,2025-11-21 08:00:00,0.00005
PIEVERSEUSDT,2025-11-21 04:00:00,0.00005
PIEVERSEUSDT,2025-11-21 00:00:00,0.00005
PIEVERSEUSDT,2025-11-20 20:00:00,0.00005
PIEVERSEUSDT,2025-11-20 16:00:00,-0.00136784
PIEVERSEUSDT,2025-11-20 12:00:00,-0.00086353
PIEVERSEUSDT,2025-11-20 08:00:00,0.00005
PIEVERSEUSDT,2025-11-20 04:00:00,0.00005
PIEVERSEUSDT,2025-11-20 00:00:00,0.00005
PIEVERSEUSDT,2025-11-19 20:00:00,0.00005
PIEVERSEUSDT,2025-11-19 16:00:00,0.00005
PIEVERSEUSDT,2025-11-19 12:00:00,0.00005
PIEVERSEUSDT,2025-11-19 08:00:00,-0.00108706
PIEVERSEUSDT,2025-11-19 04:00:00,-0.00002826
PIEVERSEUSDT,2025-11-19 00:00:00,0.00005
PIEVERSEUSDT,2025-11-18 20:00:00,0.00005
PIEVERSEUSDT,2025-11-18 16:00:00,0.00005
PIEVERSEUSDT,2025-11-18 12:00:00,0.00005
PIEVERSEUSDT,2025-11-18 08:00:00,0.00005
PIEVERSEUSDT,2025-11-18 04:00:00,0.00005
PIEVERSEUSDT,2025-11-18 00:00:00,0.00005
PIEVERSEUSDT,2025-11-17 20:00:00,0.00005
PIEVERSEUSDT,2025-11-17 16:00:00,0.00005
PIEVERSEUSDT,2025-11-17 12:00:00,0.00005
PIEVERSEUSDT,2025-11-17 08:00:00,0.00005
PIEVERSEUSDT,2025-11-17 04:00:00,0.00005
PIEVERSEUSDT,2025-11-17 00:00:00,0.0000103
PIEVERSEUSDT,2025-11-16 20:00:00,-0.00019006
PIEVERSEUSDT,2025-11-16 16:00:00,0.00005
PIEVERSEUSDT,2025-11-16 12:00:00,0.00005
PIEVERSEUSDT,2025-11-16 08:00:00,0.00005
PIEVERSEUSDT,2025-11-16 04:00:00,0.00005
PIEVERSEUSDT,2025-11-16 00:00:00,0.00005
PIEVERSEUSDT,2025-11-15 20:00:00,0.00005
PIEVERSEUSDT,2025-11-15 16:00:00,-0.00008984
PIEVERSEUSDT,2025-11-15 12:00:00,0.00005
PIEVERSEUSDT,2025-11-15 08:00:00,0.00005
PIEVERSEUSDT,2025-11-15 04:00:00,-0.00021685
PIEVERSEUSDT,2025-11-15 00:00:00,-0.00519676
PIEVERSEUSDT,2025-11-14 20:00:00,-0.00897715
PIEVERSEUSDT,2025-11-14 16:00:00,-0.00177622
PIEVERSEUSDT,2025-11-14 12:00:00,0.00005
MONUSDT,2025-12-25 00:00:00,0.0001
MONUSDT,2025-12-24 16:00:00,0.0001
MONUSDT,2025-12-24 08:00:00,0.0001
MONUSDT,2025-12-24 00:00:00,0.0001
MONUSDT,2025-12-23 16:00:00,0.0001
MONUSDT,2025-12-23 08:00:00,0.0001
MONUSDT,2025-12-23 00:00:00,0.0001
MONUSDT,2025-12-22 16:00:00,0.0001
MONUSDT,2025-12-22 08:00:00,0.0001
MONUSDT,2025-12-22 00:00:00,0.0001
MONUSDT,2025-12-21 16:00:00,0.0001
MONUSDT,2025-12-21 08:00:00,0.0001
MONUSDT,2025-12-21 00:00:00,0.0001
MONUSDT,2025-12-20 16:00:00,0.0001
MONUSDT,2025-12-20 08:00:00,0.0001
MONUSDT,2025-12-20 00:00:00,0.0001
MONUSDT,2025-12-19 16:00:00,0.0001
MONUSDT,2025-12-19 08:00:00,0.0001
MONUSDT,2025-12-19 00:00:00,-0.00006421
MONUSDT,2025-12-18 16:00:00,-0.00014654
MONUSDT,2025-12-18 08:00:00,-0.00040032
MONUSDT,2025-12-18 00:00:00,-0.00015117
MONUSDT,2025-12-17 16:00:00,0.0001
MONUSDT,2025-12-17 08:00:00,0.0001
MONUSDT,2025-12-17 00:00:00,0.0001
MONUSDT,2025-12-16 16:00:00,0.0001
MONUSDT,2025-12-16 08:00:00,0.0001
MONUSDT,2025-12-16 00:00:00,0.0001
MONUSDT,2025-12-15 16:00:00,0.0001
MONUSDT,2025-12-15 08:00:00,0.0001
MONUSDT,2025-12-15 00:00:00,0.0001
MONUSDT,2025-12-14 16:00:00,0.0001
MONUSDT,2025-12-14 08:00:00,0.0001
MONUSDT,2025-12-14 00:00:00,0.00003125
MONUSDT,2025-12-13 16:00:00,-0.00006171
MONUSDT,2025-12-13 08:00:00,-0.00003268
MONUSDT,2025-12-13 00:00:00,-0.00061681
MONUSDT,2025-12-12 16:00:00,0.0001
MONUSDT,2025-12-12 08:00:00,0.00006101
MONUSDT,2025-12-12 00:00:00,0.00008538
MONUSDT,2025-12-11 16:00:00,0.00005133
MONUSDT,2025-12-11 08:00:00,0.0001
MONUSDT,2025-12-11 00:00:00,0.0001
MONUSDT,2025-12-10 16:00:00,0.0001
MONUSDT,2025-12-10 08:00:00,0.00005122
MONUSDT,2025-12-10 00:00:00,0.0001
MONUSDT,2025-12-09 16:00:00,0.00006347
MONUSDT,2025-12-09 08:00:00,0.0001
MONUSDT,2025-12-09 00:00:00,0.0001
MONUSDT,2025-12-08 16:00:00,0.0001
MONUSDT,2025-12-08 08:00:00,0.0001
MONUSDT,2025-12-08 00:00:00,-0.0002019
MONUSDT,2025-12-07 16:00:00,0.0001
MONUSDT,2025-12-07 08:00:00,0.0001
MONUSDT,2025-12-07 00:00:00,0.0001
MONUSDT,2025-12-06 16:00:00,0.00008847
MONUSDT,2025-12-06 08:00:00,0.0001
MONUSDT,2025-12-06 00:00:00,0.0001
MONUSDT,2025-12-05 16:00:00,-0.00004094
MONUSDT,2025-12-05 08:00:00,0.0001
MONUSDT,2025-12-05 00:00:00,0.0001
MONUSDT,2025-12-04 16:00:00,-0.00001786
MONUSDT,2025-12-04 08:00:00,0.0001
MONUSDT,2025-12-04 00:00:00,0.0001
MONUSDT,2025-12-03 16:00:00,0.0001
MONUSDT,2025-12-03 08:00:00,0.0001
MONUSDT,2025-12-03 00:00:00,0.0001
MONUSDT,2025-12-02 16:00:00,0.0001
MONUSDT,2025-12-02 08:00:00,0.0001
MONUSDT,2025-12-02 00:00:00,0.0001
MONUSDT,2025-12-01 16:00:00,0.0001
MONUSDT,2025-12-01 08:00:00,0.0001
MONUSDT,2025-12-01 00:00:00,0.0001
MONUSDT,2025-11-30 16:00:00,0.0001
MONUSDT,2025-11-30 08:00:00,0.0001
MONUSDT,2025-11-30 00:00:00,0.0001
MONUSDT,2025-11-29 16:00:00,0.0001
MONUSDT,2025-11-29 08:00:00,0.0001
MONUSDT,2025-11-29 00:00:00,0.0001
MONUSDT,2025-11-28 16:00:00,0.0001
MONUSDT,2025-11-28 08:00:00,0.0001
MONUSDT,2025-11-28 00:00:00,0.0001
MONUSDT,2025-11-27 16:00:00,0.0001
MONUSDT,2025-11-27 08:00:00,0.0001
MONUSDT,2025-11-27 00:00:00,0.0001
MONUSDT,2025-11-26 16:00:00,0.0001
MONUSDT,2025-11-26 08:00:00,0.0001
MONUSDT,2025-11-26 00:00:00,-0.00020482
MONUSDT,2025-11-25 16:00:00,0.0001
MONUSDT,2025-11-25 08:00:00,-0.00688069
MONUSDT,2025-11-25 00:00:00,0.0001
MONUSDT,2025-11-24 16:00:00,0.0001
MONUSDT,2025-11-24 08:00:00,0.0001
STABLEUSDT,2026-01-08 00:00:00,0.00005
STABLEUSDT,2026-01-07 20:00:00,0.00005
STABLEUSDT,2026-01-07 16:00:00,0.00005
STABLEUSDT,2026-01-07 12:00:00,0.00005
STABLEUSDT,2026-01-07 08:00:00,0.00005
STABLEUSDT,2026-01-07 04:00:00,0.00005
STABLEUSDT,2026-01-07 00:00:00,0.00005
STABLEUSDT,2026-01-06 20:00:00,0.00005
STABLEUSDT,2026-01-06 16:00:00,0.00005
STABLEUSDT,2026-01-06 12:00:00,0.00005
STABLEUSDT,2026-01-06 08:00:00,0.00005
STABLEUSDT,2026-01-06 04:00:00,0.00005
STABLEUSDT,2026-01-06 00:00:00,0.00005
STABLEUSDT,2026-01-05 20:00:00,0.00005
STABLEUSDT,2026-01-05 16:00:00,0.00005
STABLEUSDT,2026-01-05 12:00:00,0.00005
STABLEUSDT,2026-01-05 08:00:00,0.00005
STABLEUSDT,2026-01-05 04:00:00,0.00005
STABLEUSDT,2026-01-05 00:00:00,0.00005
STABLEUSDT,2026-01-04 20:00:00,0.00005
STABLEUSDT,2026-01-04 16:00:00,0.00005
STABLEUSDT,2026-01-04 12:00:00,0.00005
STABLEUSDT,2026-01-04 08:00:00,0.00005
STABLEUSDT,2026-01-04 04:00:00,0.00005
STABLEUSDT,2026-01-04 00:00:00,0.00005
STABLEUSDT,2026-01-03 20:00:00,0.00005
STABLEUSDT,2026-01-03 16:00:00,0.00005
STABLEUSDT,2026-01-03 12:00:00,0.00005
STABLEUSDT,2026-01-03 08:00:00,0.00005
STABLEUSDT,2026-01-03 04:00:00,0.00005
STABLEUSDT,2026-01-03 00:00:00,0.00005
STABLEUSDT,2026-01-02 20:00:00,0.00005
STABLEUSDT,2026-01-02 16:00:00,0.00005
STABLEUSDT,2026-01-02 12:00:00,0.00005
STABLEUSDT,2026-01-02 08:00:00,0.00005
STABLEUSDT,2026-01-02 04:00:00,0.00005
STABLEUSDT,2026-01-02 00:00:00,0.00005
STABLEUSDT,2026-01-01 20:00:00,0.00005
STABLEUSDT,2026-01-01 16:00:00,0.00005
STABLEUSDT,2026-01-01 12:00:00,0.00005
STABLEUSDT,2026-01-01 08:00:00,0.00005
STABLEUSDT,2026-01-01 04:00:00,0.00005
STABLEUSDT,2026-01-01 00:00:00,0.00005
STABLEUSDT,2025-12-31 20:00:00,0.00005
STABLEUSDT,2025-12-31 16:00:00,0.00005
STABLEUSDT,2025-12-31 12:00:00,0.00005
STABLEUSDT,2025-12-31 08:00:00,0.00005
STABLEUSDT,2025-12-31 04:00:00,0.00005
STABLEUSDT,2025-12-31 00:00:00,0.00005
STABLEUSDT,2025-12-30 20:00:00,0.00005
STABLEUSDT,2025-12-30 16:00:00,0.00005
STABLEUSDT,2025-12-30 12:00:00,0.00005
STABLEUSDT,2025-12-30 08:00:00,0.00005
STABLEUSDT,2025-12-30 04:00:00,0.00005
STABLEUSDT,2025-12-30 00:00:00,0.00005
STABLEUSDT,2025-12-29 20:00:00,0.00005
STABLEUSDT,2025-12-29 16:00:00,0.00005
STABLEUSDT,2025-12-29 12:00:00,0.00005
STABLEUSDT,2025-12-29 08:00:00,0.00005
STABLEUSDT,2025-12-29 04:00:00,0.00005
STABLEUSDT,2025-12-29 00:00:00,0.00005
STABLEUSDT,2025-12-28 20:00:00,0.00005
STABLEUSDT,2025-12-28 16:00:00,0.00005
STABLEUSDT,2025-12-28 12:00:00,0.00005
STABLEUSDT,2025-12-28 08:00:00,0.00005
STABLEUSDT,2025-12-28 04:00:00,0.00005
STABLEUSDT,2025-12-28 00:00:00,0.00005
STABLEUSDT,2025-12-27 20:00:00,0.00005
STABLEUSDT,2025-12-27 16:00:00,0.00005
STABLEUSDT,2025-12-27 12:00:00,0.00005
STABLEUSDT,2025-12-27 08:00:00,0.00005
STABLEUSDT,2025-12-27 04:00:00,0.00005
STABLEUSDT,2025-12-27 00:00:00,0.00005
STABLEUSDT,2025-12-26 20:00:00,0.00005
STABLEUSDT,2025-12-26 16:00:00,0.00005
STABLEUSDT,2025-12-26 12:00:00,0.00005
STABLEUSDT,2025-12-26 08:00:00,0.00005
STABLEUSDT,2025-12-26 04:00:00,0.00005
STABLEUSDT,2025-12-26 00:00:00,0.00005
STABLEUSDT,2025-12-25 20:00:00,0.00005
STABLEUSDT,2025-12-25 16:00:00,0.00005
STABLEUSDT,2025-12-25 12:00:00,0.00005
STABLEUSDT,2025-12-25 08:00:00,0.00005
STABLEUSDT,2025-12-25 04:00:00,0.00005
STABLEUSDT,2025-12-25 00:00:00,0.00005
STABLEUSDT,2025-12-24 20:00:00,0.00005
STABLEUSDT,2025-12-24 16:00:00,0.00005
STABLEUSDT,2025-12-24 12:00:00,0.00005
STABLEUSDT,2025-12-24 08:00:00,0.00005
STABLEUSDT,2025-12-24 04:00:00,0.00005
STABLEUSDT,2025-12-24 00:00:00,0.00005
STABLEUSDT,2025-12-23 20:00:00,0.00005
STABLEUSDT,2025-12-23 16:00:00,0.00005
STABLEUSDT,2025-12-23 12:00:00,0.00005
STABLEUSDT,2025-12-23 08:00:00,0.00005
STABLEUSDT,2025-12-23 04:00:00,0.00005
STABLEUSDT,2025-12-23 00:00:00,0.00005
STABLEUSDT,2025-12-22 20:00:00,0.00005
STABLEUSDT,2025-12-22 16:00:00,0.00005
STABLEUSDT,2025-12-22 12:00:00,0.00005
STABLEUSDT,2025-12-22 08:00:00,0.00005
STABLEUSDT,2025-12-22 04:00:00,0.00005
STABLEUSDT,2025-12-22 00:00:00,0.00005
STABLEUSDT,2025-12-21 20:00:00,0.00005
STABLEUSDT,2025-12-21 16:00:00,0.00005
STABLEUSDT,2025-12-21 12:00:00,0.00005
STABLEUSDT,2025-12-21 08:00:00,0.00005
STABLEUSDT,2025-12-21 04:00:00,0.00005
STABLEUSDT,2025-12-21 00:00:00,0.00005
STABLEUSDT,2025-12-20 20:00:00,0.00005
STABLEUSDT,2025-12-20 16:00:00,0.00005
STABLEUSDT,2025-12-20 12:00:00,0.00005
STABLEUSDT,2025-12-20 08:00:00,0.00005
STABLEUSDT,2025-12-20 04:00:00,0.00005
STABLEUSDT,2025-12-20 00:00:00,0.00005
STABLEUSDT,2025-12-19 20:00:00,0.00005
STABLEUSDT,2025-12-19 16:00:00,0.00005
STABLEUSDT,2025-12-19 12:00:00,-0.00000581
STABLEUSDT,2025-12-19 08:00:00,0.00005
STABLEUSDT,2025-12-19 04:00:00,0.00005
STABLEUSDT,2025-12-19 00:00:00,0.00005
STABLEUSDT,2025-12-18 20:00:00,0.00005
STABLEUSDT,2025-12-18 16:00:00,-0.00011738
STABLEUSDT,2025-12-18 12:00:00,-0.00036309
STABLEUSDT,2025-12-18 08:00:00,-0.00051879
STABLEUSDT,2025-12-18 04:00:00,-0.00068488
STABLEUSDT,2025-12-18 00:00:00,-0.00025983
STABLEUSDT,2025-12-17 20:00:00,0.00005
STABLEUSDT,2025-12-17 16:00:00,-0.00004383
STABLEUSDT,2025-12-17 12:00:00,0.00005
STABLEUSDT,2025-12-17 08:00:00,0.00005
STABLEUSDT,2025-12-17 04:00:00,0.00005
STABLEUSDT,2025-12-17 00:00:00,0.00005
STABLEUSDT,2025-12-16 20:00:00,0.00005
STABLEUSDT,2025-12-16 16:00:00,0.00005
STABLEUSDT,2025-12-16 12:00:00,0.00005
STABLEUSDT,2025-12-16 08:00:00,0.00005
STABLEUSDT,2025-12-16 04:00:00,0.00003243
STABLEUSDT,2025-12-16 00:00:00,0.00005
STABLEUSDT,2025-12-15 20:00:00,0.00005
STABLEUSDT,2025-12-15 16:00:00,0.00005
STABLEUSDT,2025-12-15 12:00:00,0.00005
STABLEUSDT,2025-12-15 08:00:00,0.00005
STABLEUSDT,2025-12-15 04:00:00,0.00005
STABLEUSDT,2025-12-15 00:00:00,0.00005
STABLEUSDT,2025-12-14 20:00:00,-0.0001509
STABLEUSDT,2025-12-14 16:00:00,0.00005
STABLEUSDT,2025-12-14 12:00:00,0.00005
STABLEUSDT,2025-12-14 08:00:00,0.00005
STABLEUSDT,2025-12-14 04:00:00,0.00005
STABLEUSDT,2025-12-14 00:00:00,0.00005
STABLEUSDT,2025-12-13 20:00:00,0.00005
STABLEUSDT,2025-12-13 16:00:00,0.00005
STABLEUSDT,2025-12-13 12:00:00,0.00005
STABLEUSDT,2025-12-13 08:00:00,-0.00010008
STABLEUSDT,2025-12-13 04:00:00,-0.0004012
STABLEUSDT,2025-12-13 00:00:00,0.00005
STABLEUSDT,2025-12-12 20:00:00,0.00005
STABLEUSDT,2025-12-12 16:00:00,-0.00010301
STABLEUSDT,2025-12-12 12:00:00,-0.00015967
STABLEUSDT,2025-12-12 08:00:00,0.00005
STABLEUSDT,2025-12-12 04:00:00,0.00005
STABLEUSDT,2025-12-12 00:00:00,0.00005
STABLEUSDT,2025-12-11 20:00:00,0.00005
STABLEUSDT,2025-12-11 16:00:00,0.00005
STABLEUSDT,2025-12-11 12:00:00,0.00005
STABLEUSDT,2025-12-11 08:00:00,0.00005
STABLEUSDT,2025-12-11 04:00:00,0.00005
STABLEUSDT,2025-12-11 00:00:00,0.00005
STABLEUSDT,2025-12-10 20:00:00,0.00017038
STABLEUSDT,2025-12-10 16:00:00,0.00005
STABLEUSDT,2025-12-10 12:00:00,0.00005
STABLEUSDT,2025-12-10 08:00:00,0.00005
STABLEUSDT,2025-12-10 04:00:00,0.00005
STABLEUSDT,2025-12-10 00:00:00,0.00005
STABLEUSDT,2025-12-09 20:00:00,0.00005
STABLEUSDT,2025-12-09 16:00:00,0.00005
STABLEUSDT,2025-12-09 12:00:00,0.00005
STABLEUSDT,2025-12-09 08:00:00,0.00005
STABLEUSDT,2025-12-09 04:00:00,0.00005
STABLEUSDT,2025-12-09 00:00:00,0.00005
STABLEUSDT,2025-12-08 20:00:00,0.00005
STABLEUSDT,2025-12-08 16:00:00,0.00005
STABLEUSDT,2025-12-08 12:00:00,0.00005
STABLEUSDT,2025-12-08 08:00:00,0.00005
STABLEUSDT,2025-12-08 04:00:00,0.00005
STABLEUSDT,2025-12-08 00:00:00,0.00005
WETUSDT,2026-01-09 00:00:00,0.0000125
WETUSDT,2026-01-08 23:00:00,0.0000125
WETUSDT,2026-01-08 22:00:00,0.0000125
WETUSDT,2026-01-08 21:00:00,0.0000125
WETUSDT,2026-01-08 20:00:00,0.0000125
WETUSDT,2026-01-08 19:00:00,0.0000125
WETUSDT,2026-01-08 18:00:00,0.0000125
WETUSDT,2026-01-08 17:00:00,0.0000125
WETUSDT,2026-01-08 16:00:00,0.0000125
WETUSDT,2026-01-08 15:00:00,0.0000125
WETUSDT,2026-01-08 14:00:00,0.0000125
WETUSDT,2026-01-08 13:00:00,0.0000125
WETUSDT,2026-01-08 12:00:00,0.0000125
WETUSDT,2026-01-08 11:00:00,0.0000125
WETUSDT,2026-01-08 10:00:00,0.0000125
WETUSDT,2026-01-08 09:00:00,0.0000125
WETUSDT,2026-01-08 08:00:00,0.0000125
WETUSDT,2026-01-08 07:00:00,0.0000125
WETUSDT,2026-01-08 06:00:00,0.0000125
WETUSDT,2026-01-08 05:00:00,0.0000125
WETUSDT,2026-01-08 04:00:00,0.0000125
WETUSDT,2026-01-08 03:00:00,0.0000125
WETUSDT,2026-01-08 02:00:00,0.0000125
WETUSDT,2026-01-08 01:00:00,0.0000125
WETUSDT,2026-01-08 00:00:00,0.0000125
WETUSDT,2026-01-07 23:00:00,0.0000125
WETUSDT,2026-01-07 22:00:00,0.0000125
WETUSDT,2026-01-07 21:00:00,0.0000125
WETUSDT,2026-01-07 20:00:00,0.0000125
WETUSDT,2026-01-07 19:00:00,0.0000125
WETUSDT,2026-01-07 18:00:00,0.0000125
WETUSDT,2026-01-07 17:00:00,0.0000125
WETUSDT,2026-01-07 16:00:00,0.0000125
WETUSDT,2026-01-07 15:00:00,0.0000125
WETUSDT,2026-01-07 14:00:00,0.0000125
WETUSDT,2026-01-07 13:00:00,0.0000125
WETUSDT,2026-01-07 12:00:00,0.0000125
WETUSDT,2026-01-07 11:00:00,0.0000125
WETUSDT,2026-01-07 10:00:00,0.0000125
WETUSDT,2026-01-07 09:00:00,0.0000125
WETUSDT,2026-01-07 08:00:00,0.0000125
WETUSDT,2026-01-07 07:00:00,0.0000125
WETUSDT,2026-01-07 06:00:00,0.0000125
WETUSDT,2026-01-07 05:00:00,0.0000125
WETUSDT,2026-01-07 04:00:00,0.0000125
WETUSDT,2026-01-07 03:00:00,0.0000125
WETUSDT,2026-01-07 02:00:00,0.0000125
WETUSDT,2026-01-07 01:00:00,0.0000125
WETUSDT,2026-01-07 00:00:00,0.0000125
WETUSDT,2026-01-06 23:00:00,0.0000125
WETUSDT,2026-01-06 22:00:00,0.0000125
WETUSDT,2026-01-06 21:00:00,0.0000125
WETUSDT,2026-01-06 20:00:00,0.0000125
WETUSDT,2026-01-06 19:00:00,0.0000125
WETUSDT,2026-01-06 18:00:00,0.0000125
WETUSDT,2026-01-06 17:00:00,0.0000125
WETUSDT,2026-01-06 16:00:00,0.0000125
WETUSDT,2026-01-06 15:00:00,0.0000125
WETUSDT,2026-01-06 14:00:00,0.00007812
WETUSDT,2026-01-06 13:00:00,0.0000125
WETUSDT,2026-01-06 12:00:00,0.0000125
WETUSDT,2026-01-06 11:00:00,0.0000125
WETUSDT,2026-01-06 10:00:00,0.0000125
WETUSDT,2026-01-06 09:00:00,0.0000125
WETUSDT,2026-01-06 08:00:00,0.0000125
WETUSDT,2026-01-06 07:00:00,0.0000125
WETUSDT,2026-01-06 06:00:00,0.0000125
WETUSDT,2026-01-06 05:00:00,0.0000125
WETUSDT,2026-01-06 04:00:00,0.0000125
WETUSDT,2026-01-06 03:00:00,0.0000125
WETUSDT,2026-01-06 02:00:00,0.0000125
WETUSDT,2026-01-06 01:00:00,0.0000125
WETUSDT,2026-01-06 00:00:00,0.0000125
WETUSDT,2026-01-05 23:00:00,0.0000125
WETUSDT,2026-01-05 22:00:00,0.0000125
WETUSDT,2026-01-05 21:00:00,0.0000125
WETUSDT,2026-01-05 20:00:00,0.0000125
WETUSDT,2026-01-05 19:00:00,0.0000125
WETUSDT,2026-01-05 18:00:00,0.0000125
WETUSDT,2026-01-05 17:00:00,0.0000125
WETUSDT,2026-01-05 16:00:00,0.0000125
WETUSDT,2026-01-05 15:00:00,0.0000125
WETUSDT,2026-01-05 14:00:00,0.0000125
WETUSDT,2026-01-05 13:00:00,0.0000125
WETUSDT,2026-01-05 12:00:00,0.0000125
WETUSDT,2026-01-05 11:00:00,0.0000125
WETUSDT,2026-01-05 10:00:00,0.0000125
WETUSDT,2026-01-05 09:00:00,0.0000125
WETUSDT,2026-01-05 08:00:00,0.0000125
WETUSDT,2026-01-05 07:00:00,0.0000125
WETUSDT,2026-01-05 06:00:00,0.0000125
WETUSDT,2026-01-05 05:00:00,0.0000125
WETUSDT,2026-01-05 04:00:00,0.0000125
WETUSDT,2026-01-05 03:00:00,0.0000125
WETUSDT,2026-01-05 02:00:00,0.0000125
WETUSDT,2026-01-05 01:00:00,0.0000125
WETUSDT,2026-01-05 00:00:00,0.0000125
WETUSDT,2026-01-04 23:00:00,0.0000125
WETUSDT,2026-01-04 22:00:00,0.0000125
WETUSDT,2026-01-04 21:00:00,0.0000125
WETUSDT,2026-01-04 20:00:00,0.0000125
WETUSDT,2026-01-04 19:00:00,0.0000125
WETUSDT,2026-01-04 18:00:00,0.0000125
WETUSDT,2026-01-04 17:00:00,0.0000125
WETUSDT,2026-01-04 16:00:00,0.0000125
WETUSDT,2026-01-04 15:00:00,0.0000125
WETUSDT,2026-01-04 14:00:00,0.0000125
WETUSDT,2026-01-04 13:00:00,0.0000125
WETUSDT,2026-01-04 12:00:00,0.0000125
WETUSDT,2026-01-04 11:00:00,0.0000125
WETUSDT,2026-01-04 10:00:00,0.0000125
WETUSDT,2026-01-04 09:00:00,0.0000125
WETUSDT,2026-01-04 08:00:00,0.0000125
WETUSDT,2026-01-04 07:00:00,0.0000125
WETUSDT,2026-01-04 06:00:00,0.0000125
WETUSDT,2026-01-04 05:00:00,0.0000125
WETUSDT,2026-01-04 04:00:00,0.0000125
WETUSDT,2026-01-04 03:00:00,0.0000125
WETUSDT,2026-01-04 02:00:00,0.0000125
WETUSDT,2026-01-04 01:00:00,0.0000125
WETUSDT,2026-01-04 00:00:00,0.0000125
WETUSDT,2026-01-03 23:00:00,0.0000125
WETUSDT,2026-01-03 22:00:00,0.0000125
WETUSDT,2026-01-03 21:00:00,0.0000125
WETUSDT,2026-01-03 20:00:00,0.0000125
WETUSDT,2026-01-03 19:00:00,0.0000125
WETUSDT,2026-01-03 18:00:00,0.0000125
WETUSDT,2026-01-03 17:00:00,0.0000125
WETUSDT,2026-01-03 16:00:00,0.0000125
WETUSDT,2026-01-03 15:00:00,0.0000125
WETUSDT,2026-01-03 14:00:00,0.0000125
WETUSDT,2026-01-03 13:00:00,0.0000125
WETUSDT,2026-01-03 12:00:00,0.0000125
WETUSDT,2026-01-03 11:00:00,0.0000125
WETUSDT,2026-01-03 10:00:00,0.0000125
WETUSDT,2026-01-03 09:00:00,0.0000125
WETUSDT,2026-01-03 08:00:00,0.00000373
WETUSDT,2026-01-03 07:00:00,0.0000125
WETUSDT,2026-01-03 06:00:00,0.0000125
WETUSDT,2026-01-03 05:00:00,0.0000125
WETUSDT,2026-01-03 04:00:00,0.0000125
WETUSDT,2026-01-03 03:00:00,0.0000125
WETUSDT,2026-01-03 02:00:00,0.0000125
WETUSDT,2026-01-03 01:00:00,0.0000125
WETUSDT,2026-01-03 00:00:00,0.0000125
WETUSDT,2026-01-02 23:00:00,0.0000125
WETUSDT,2026-01-02 22:00:00,0.0000125
WETUSDT,2026-01-02 21:00:00,0.0000125
WETUSDT,2026-01-02 20:00:00,0.0000125
WETUSDT,2026-01-02 19:00:00,0.0000125
WETUSDT,2026-01-02 18:00:00,0.0000125
WETUSDT,2026-01-02 17:00:00,0.0000125
WETUSDT,2026-01-02 16:00:00,0.0000125
WETUSDT,2026-01-02 15:00:00,0.0000125
WETUSDT,2026-01-02 14:00:00,0.0000125
WETUSDT,2026-01-02 13:00:00,0.0000125
WETUSDT,2026-01-02 12:00:00,0.0000125
WETUSDT,2026-01-02 11:00:00,0.0000125
WETUSDT,2026-01-02 10:00:00,0.0000125
WETUSDT,2026-01-02 09:00:00,0.0000125
WETUSDT,2026-01-02 08:00:00,0.0000125
WETUSDT,2026-01-02 07:00:00,0.0000125
WETUSDT,2026-01-02 06:00:00,0.0000125
WETUSDT,2026-01-02 05:00:00,0.0000125
WETUSDT,2026-01-02 04:00:00,0.0000125
WETUSDT,2026-01-02 03:00:00,-0.00022251
WETUSDT,2026-01-02 02:00:00,-0.00018464
WETUSDT,2026-01-02 01:00:00,-0.00004407
WETUSDT,2026-01-02 00:00:00,0.0000125
WETUSDT,2026-01-01 23:00:00,0.0000125
WETUSDT,2026-01-01 22:00:00,-0.00003118
WETUSDT,2026-01-01 21:00:00,-0.00009659
WETUSDT,2026-01-01 20:00:00,0.0000125
WETUSDT,2026-01-01 19:00:00,0.0000125
WETUSDT,2026-01-01 18:00:00,0.0000125
WETUSDT,2026-01-01 17:00:00,0.0000125
WETUSDT,2026-01-01 16:00:00,0.0000125
WETUSDT,2026-01-01 15:00:00,0.0000125
WETUSDT,2026-01-01 14:00:00,0.0000125
WETUSDT,2026-01-01 13:00:00,0.0000125
WETUSDT,2026-01-01 12:00:00,0.0000125
WETUSDT,2026-01-01 11:00:00,0.0000125
WETUSDT,2026-01-01 10:00:00,0.0000125
WETUSDT,2026-01-01 09:00:00,-0.00002205
WETUSDT,2026-01-01 08:00:00,-0.00008698
WETUSDT,2026-01-01 07:00:00,0.0000125
WETUSDT,2026-01-01 06:00:00,-0.00001283
WETUSDT,2026-01-01 05:00:00,0.0000125
WETUSDT,2026-01-01 04:00:00,0.0000125
WETUSDT,2026-01-01 03:00:00,0.0000125
WETUSDT,2026-01-01 02:00:00,-0.00003911
WETUSDT,2026-01-01 01:00:00,-0.00029034
WETUSDT,2026-01-01 00:00:00,0.0000125
WETUSDT,2025-12-31 23:00:00,0.0000125
WETUSDT,2025-12-31 22:00:00,0.0000125
WETUSDT,2025-12-31 21:00:00,0.0000125
WETUSDT,2025-12-31 20:00:00,0.0000125
WETUSDT,2025-12-31 19:00:00,0.0000125
WETUSDT,2025-12-31 18:00:00,0.00000473
WETUSDT,2025-12-31 17:00:00,-0.00000463
NIGHTUSDT,2026-01-09 00:00:00,0.0000125
NIGHTUSDT,2026-01-08 23:00:00,0.0000125
NIGHTUSDT,2026-01-08 22:00:00,0.0000125
NIGHTUSDT,2026-01-08 21:00:00,0.0000125
NIGHTUSDT,2026-01-08 20:00:00,0.0000125
NIGHTUSDT,2026-01-08 19:00:00,0.0000125
NIGHTUSDT,2026-01-08 18:00:00,0.0000125
NIGHTUSDT,2026-01-08 17:00:00,0.0000125
NIGHTUSDT,2026-01-08 16:00:00,0.0000125
NIGHTUSDT,2026-01-08 15:00:00,0.0000125
NIGHTUSDT,2026-01-08 14:00:00,0.0000125
NIGHTUSDT,2026-01-08 13:00:00,0.0000125
NIGHTUSDT,2026-01-08 12:00:00,0.0000125
NIGHTUSDT,2026-01-08 11:00:00,0.0000125
NIGHTUSDT,2026-01-08 10:00:00,0.0000125
NIGHTUSDT,2026-01-08 09:00:00,0.0000125
NIGHTUSDT,2026-01-08 08:00:00,0.0000125
NIGHTUSDT,2026-01-08 07:00:00,0.0000125
NIGHTUSDT,2026-01-08 06:00:00,0.0000125
NIGHTUSDT,2026-01-08 05:00:00,0.0000125
NIGHTUSDT,2026-01-08 04:00:00,0.0000125
NIGHTUSDT,2026-01-08 03:00:00,0.0000125
NIGHTUSDT,2026-01-08 02:00:00,0.0000125
NIGHTUSDT,2026-01-08 01:00:00,0.0000125
NIGHTUSDT,2026-01-08 00:00:00,0.0000125
NIGHTUSDT,2026-01-07 23:00:00,0.0000125
NIGHTUSDT,2026-01-07 22:00:00,0.0000125
NIGHTUSDT,2026-01-07 21:00:00,0.0000125
NIGHTUSDT,2026-01-07 20:00:00,0.0000125
NIGHTUSDT,2026-01-07 19:00:00,0.0000125
NIGHTUSDT,2026-01-07 18:00:00,0.0000125
NIGHTUSDT,2026-01-07 17:00:00,0.0000125
NIGHTUSDT,2026-01-07 16:00:00,0.0000125
NIGHTUSDT,2026-01-07 15:00:00,0.0000125
NIGHTUSDT,2026-01-07 14:00:00,0.0000125
NIGHTUSDT,2026-01-07 13:00:00,0.0000125
NIGHTUSDT,2026-01-07 12:00:00,0.0000125
NIGHTUSDT,2026-01-07 11:00:00,0.0000125
NIGHTUSDT,2026-01-07 10:00:00,0.0000125
NIGHTUSDT,2026-01-07 09:00:00,0.0000125
NIGHTUSDT,2026-01-07 08:00:00,0.0000125
NIGHTUSDT,2026-01-07 07:00:00,0.0000125
NIGHTUSDT,2026-01-07 06:00:00,0.0000125
NIGHTUSDT,2026-01-07 05:00:00,0.0000125
NIGHTUSDT,2026-01-07 04:00:00,0.0000125
NIGHTUSDT,2026-01-07 03:00:00,0.0000125
NIGHTUSDT,2026-01-07 02:00:00,0.0000125
NIGHTUSDT,2026-01-07 01:00:00,0.0000125
NIGHTUSDT,2026-01-07 00:00:00,0.0000125
NIGHTUSDT,2026-01-06 23:00:00,0.0000125
NIGHTUSDT,2026-01-06 22:00:00,0.0000125
NIGHTUSDT,2026-01-06 21:00:00,0.0000125
NIGHTUSDT,2026-01-06 20:00:00,0.0000125
NIGHTUSDT,2026-01-06 19:00:00,0.0000125
NIGHTUSDT,2026-01-06 18:00:00,0.0000125
NIGHTUSDT,2026-01-06 17:00:00,0.0000125
NIGHTUSDT,2026-01-06 16:00:00,0.0000125
NIGHTUSDT,2026-01-06 15:00:00,0.0000125
NIGHTUSDT,2026-01-06 14:00:00,0.0000125
NIGHTUSDT,2026-01-06 13:00:00,0.0000125
NIGHTUSDT,2026-01-06 12:00:00,0.0000125
NIGHTUSDT,2026-01-06 11:00:00,0.0000125
NIGHTUSDT,2026-01-06 10:00:00,0.0000125
NIGHTUSDT,2026-01-06 09:00:00,0.0000125
NIGHTUSDT,2026-01-06 08:00:00,0.0000125
NIGHTUSDT,2026-01-06 07:00:00,0.0000125
NIGHTUSDT,2026-01-06 06:00:00,0.0000125
NIGHTUSDT,2026-01-06 05:00:00,0.0000125
NIGHTUSDT,2026-01-06 04:00:00,0.0000125
NIGHTUSDT,2026-01-06 03:00:00,0.0000125
NIGHTUSDT,2026-01-06 02:00:00,0.0000125
NIGHTUSDT,2026-01-06 01:00:00,0.0000125
NIGHTUSDT,2026-01-06 00:00:00,0.0000125
NIGHTUSDT,2026-01-05 23:00:00,0.0000125
NIGHTUSDT,2026-01-05 22:00:00,0.0000125
NIGHTUSDT,2026-01-05 21:00:00,0.0000125
NIGHTUSDT,2026-01-05 20:00:00,0.0000125
NIGHTUSDT,2026-01-05 19:00:00,0.0000125
NIGHTUSDT,2026-01-05 18:00:00,0.0000125
NIGHTUSDT,2026-01-05 17:00:00,0.0000125
NIGHTUSDT,2026-01-05 16:00:00,0.0000125
NIGHTUSDT,2026-01-05 15:00:00,0.0000125
NIGHTUSDT,2026-01-05 14:00:00,0.0000125
NIGHTUSDT,2026-01-05 13:00:00,0.0000125
NIGHTUSDT,2026-01-05 12:00:00,0.0000125
NIGHTUSDT,2026-01-05 11:00:00,0.0000125
NIGHTUSDT,2026-01-05 10:00:00,0.0000125
NIGHTUSDT,2026-01-05 09:00:00,0.00000936
NIGHTUSDT,2026-01-05 08:00:00,0.0000125
NIGHTUSDT,2026-01-05 07:00:00,0.0000125
NIGHTUSDT,2026-01-05 06:00:00,0.0000125
NIGHTUSDT,2026-01-05 05:00:00,0.0000125
NIGHTUSDT,2026-01-05 04:00:00,0.0000125
NIGHTUSDT,2026-01-05 03:00:00,0.0000125
NIGHTUSDT,2026-01-05 02:00:00,0.0000125
NIGHTUSDT,2026-01-05 01:00:00,0.0000125
NIGHTUSDT,2026-01-05 00:00:00,0.0000125
NIGHTUSDT,2026-01-04 23:00:00,0.0000125
NIGHTUSDT,2026-01-04 22:00:00,0.0000125
NIGHTUSDT,2026-01-04 21:00:00,0.0000125
NIGHTUSDT,2026-01-04 20:00:00,0.0000125
NIGHTUSDT,2026-01-04 19:00:00,0.0000125
NIGHTUSDT,2026-01-04 18:00:00,0.0000125
NIGHTUSDT,2026-01-04 17:00:00,0.0000125
NIGHTUSDT,2026-01-04 16:00:00,0.0000125
NIGHTUSDT,2026-01-04 15:00:00,0.0000125
NIGHTUSDT,2026-01-04 14:00:00,0.0000125
NIGHTUSDT,2026-01-04 13:00:00,0.0000125
NIGHTUSDT,2026-01-04 12:00:00,0.0000125
NIGHTUSDT,2026-01-04 11:00:00,0.0000125
NIGHTUSDT,2026-01-04 10:00:00,0.0000125
NIGHTUSDT,2026-01-04 09:00:00,0.0000125
NIGHTUSDT,2026-01-04 08:00:00,0.0000125
NIGHTUSDT,2026-01-04 07:00:00,0.0000125
NIGHTUSDT,2026-01-04 06:00:00,0.0000125
NIGHTUSDT,2026-01-04 05:00:00,0.0000125
NIGHTUSDT,2026-01-04 04:00:00,-0.00000486
NIGHTUSDT,2026-01-04 03:00:00,0.0000125
NIGHTUSDT,2026-01-04 02:00:00,0.0000125
NIGHTUSDT,2026-01-04 01:00:00,0.0000125
NIGHTUSDT,2026-01-04 00:00:00,0.0000125
NIGHTUSDT,2026-01-03 23:00:00,0.0000125
NIGHTUSDT,2026-01-03 22:00:00,0.0000125
NIGHTUSDT,2026-01-03 21:00:00,0.0000125
NIGHTUSDT,2026-01-03 20:00:00,0.0000125
NIGHTUSDT,2026-01-03 19:00:00,0.0000125
NIGHTUSDT,2026-01-03 18:00:00,0.0000125
NIGHTUSDT,2026-01-03 17:00:00,0.0000125
NIGHTUSDT,2026-01-03 16:00:00,0.0000125
NIGHTUSDT,2026-01-03 15:00:00,0.0000125
NIGHTUSDT,2026-01-03 14:00:00,0.0000125
NIGHTUSDT,2026-01-03 13:00:00,0.0000125
NIGHTUSDT,2026-01-03 12:00:00,0.0000125
NIGHTUSDT,2026-01-03 11:00:00,0.0000125
NIGHTUSDT,2026-01-03 10:00:00,0.0000125
NIGHTUSDT,2026-01-03 09:00:00,0.0000125
NIGHTUSDT,2026-01-03 08:00:00,0.0000125
NIGHTUSDT,2026-01-03 07:00:00,0.0000125
NIGHTUSDT,2026-01-03 06:00:00,0.0000125
NIGHTUSDT,2026-01-03 05:00:00,0.0000125
NIGHTUSDT,2026-01-03 04:00:00,0.0000125
NIGHTUSDT,2026-01-03 03:00:00,0.0000125
NIGHTUSDT,2026-01-03 02:00:00,0.0000125
NIGHTUSDT,2026-01-03 01:00:00,0.0000125
NIGHTUSDT,2026-01-03 00:00:00,0.0000125
NIGHTUSDT,2026-01-02 23:00:00,0.0000125
NIGHTUSDT,2026-01-02 22:00:00,0.0000125
NIGHTUSDT,2026-01-02 21:00:00,0.0000125
NIGHTUSDT,2026-01-02 20:00:00,0.0000125
NIGHTUSDT,2026-01-02 19:00:00,0.0000125
NIGHTUSDT,2026-01-02 18:00:00,0.0000125
NIGHTUSDT,2026-01-02 17:00:00,0.0000125
NIGHTUSDT,2026-01-02 16:00:00,0.0000125
NIGHTUSDT,2026-01-02 15:00:00,0.0000125
NIGHTUSDT,2026-01-02 14:00:00,0.0000125
NIGHTUSDT,2026-01-02 13:00:00,0.0000125
NIGHTUSDT,2026-01-02 12:00:00,0.0000125
NIGHTUSDT,2026-01-02 11:00:00,0.0000125
NIGHTUSDT,2026-01-02 10:00:00,0.0000125
NIGHTUSDT,2026-01-02 09:00:00,0.0000125
NIGHTUSDT,2026-01-02 08:00:00,0.0000125
NIGHTUSDT,2026-01-02 07:00:00,0.0000125
NIGHTUSDT,2026-01-02 06:00:00,0.0000125
NIGHTUSDT,2026-01-02 05:00:00,0.0000125
NIGHTUSDT,2026-01-02 04:00:00,0.0000125
NIGHTUSDT,2026-01-02 03:00:00,0.0000125
NIGHTUSDT,2026-01-02 02:00:00,0.0000125
NIGHTUSDT,2026-01-02 01:00:00,0.0000125
NIGHTUSDT,2026-01-02 00:00:00,-0.00000602
NIGHTUSDT,2026-01-01 23:00:00,-0.00008397
NIGHTUSDT,2026-01-01 22:00:00,-0.00008311
NIGHTUSDT,2026-01-01 21:00:00,-0.00009006
NIGHTUSDT,2026-01-01 20:00:00,0.0000125
NIGHTUSDT,2026-01-01 19:00:00,0.0000125
NIGHTUSDT,2026-01-01 18:00:00,0.0000125
NIGHTUSDT,2026-01-01 17:00:00,0.0000125
NIGHTUSDT,2026-01-01 16:00:00,-0.00004535
NIGHTUSDT,2026-01-01 15:00:00,0.0000125
NIGHTUSDT,2026-01-01 14:00:00,-0.00002152
NIGHTUSDT,2026-01-01 13:00:00,-0.00034798
NIGHTUSDT,2026-01-01 12:00:00,0.0000125
NIGHTUSDT,2026-01-01 11:00:00,0.0000125
NIGHTUSDT,2026-01-01 10:00:00,0.0000125
NIGHTUSDT,2026-01-01 09:00:00,0.0000125
NIGHTUSDT,2026-01-01 08:00:00,0.0000125
NIGHTUSDT,2026-01-01 07:00:00,0.0000125
NIGHTUSDT,2026-01-01 06:00:00,0.0000125
NIGHTUSDT,2026-01-01 05:00:00,0.0000125
NIGHTUSDT,2026-01-01 04:00:00,0.0000125
NIGHTUSDT,2026-01-01 03:00:00,0.0000125
NIGHTUSDT,2026-01-01 02:00:00,0.0000125
NIGHTUSDT,2026-01-01 01:00:00,0.0000125
NIGHTUSDT,2026-01-01 00:00:00,-0.00047248
NIGHTUSDT,2025-12-31 23:00:00,-0.00033389
NIGHTUSDT,2025-12-31 22:00:00,-0.00032889
NIGHTUSDT,2025-12-31 21:00:00,0.0000006
NIGHTUSDT,2025-12-31 20:00:00,-0.00041151
NIGHTUSDT,2025-12-31 19:00:00,-0.00038413
NIGHTUSDT,2025-12-31 18:00:00,-0.00034765
NIGHTUSDT,2025-12-31 17:00:00,-0.00026292
ZKPUSDT,2026-01-19 00:00:00,-0.00014458
ZKPUSDT,2026-01-18 23:00:00,-0.00008743
ZKPUSDT,2026-01-18 22:00:00,0.0000125
ZKPUSDT,2026-01-18 21:00:00,0.0000125
ZKPUSDT,2026-01-18 20:00:00,-0.00053665
ZKPUSDT,2026-01-18 19:00:00,0.0000125
ZKPUSDT,2026-01-18 18:00:00,-0.00076781
ZKPUSDT,2026-01-18 17:00:00,0.0000125
ZKPUSDT,2026-01-18 16:00:00,-0.00011244
ZKPUSDT,2026-01-18 15:00:00,-0.00258654
ZKPUSDT,2026-01-18 14:00:00,-0.00358767
ZKPUSDT,2026-01-18 13:00:00,-0.00042094
ZKPUSDT,2026-01-18 12:00:00,-0.00148151
ZKPUSDT,2026-01-18 11:00:00,-0.0002702
ZKPUSDT,2026-01-18 10:00:00,-0.00066838
ZKPUSDT,2026-01-18 09:00:00,-0.00082384
ZKPUSDT,2026-01-18 08:00:00,-0.00053227
ZKPUSDT,2026-01-18 07:00:00,-0.00009166
ZKPUSDT,2026-01-18 06:00:00,-0.0002774
ZKPUSDT,2026-01-18 05:00:00,-0.00010574
ZKPUSDT,2026-01-18 04:00:00,-0.00078509
ZKPUSDT,2026-01-18 03:00:00,-0.00038523
ZKPUSDT,2026-01-18 02:00:00,-0.00002121
ZKPUSDT,2026-01-18 01:00:00,-0.00049397
ZKPUSDT,2026-01-18 00:00:00,-0.00067786
ZKPUSDT,2026-01-17 23:00:00,-0.0001978
ZKPUSDT,2026-01-17 22:00:00,0.0000125
ZKPUSDT,2026-01-17 21:00:00,-0.00000093
ZKPUSDT,2026-01-17 20:00:00,-0.00001754
ZKPUSDT,2026-01-17 19:00:00,0.0000125
ZKPUSDT,2026-01-17 18:00:00,0.0000125
ZKPUSDT,2026-01-17 17:00:00,0.0000125
ZKPUSDT,2026-01-17 16:00:00,0.0000125
ZKPUSDT,2026-01-17 15:00:00,0.0000125
ZKPUSDT,2026-01-17 14:00:00,-0.0002201
ZKPUSDT,2026-01-17 13:00:00,0.0000125
ZKPUSDT,2026-01-17 12:00:00,-0.00006121
ZKPUSDT,2026-01-17 11:00:00,0.0000125
ZKPUSDT,2026-01-17 10:00:00,0.0000125
ZKPUSDT,2026-01-17 09:00:00,-0.00004933
ZKPUSDT,2026-01-17 08:00:00,-0.00000118
ZKPUSDT,2026-01-17 07:00:00,-0.00010544
ZKPUSDT,2026-01-17 06:00:00,0.0000125
ZKPUSDT,2026-01-17 05:00:00,0.0000125
ZKPUSDT,2026-01-17 04:00:00,-0.00006388
ZKPUSDT,2026-01-17 03:00:00,0.0000125
ZKPUSDT,2026-01-17 02:00:00,0.0000125
ZKPUSDT,2026-01-17 01:00:00,-0.00012042
ZKPUSDT,2026-01-17 00:00:00,-0.00013393
ZKPUSDT,2026-01-16 23:00:00,0.0000125
ZKPUSDT,2026-01-16 22:00:00,-0.00022152
ZKPUSDT,2026-01-16 21:00:00,-0.00006532
ZKPUSDT,2026-01-16 20:00:00,-0.00000173
ZKPUSDT,2026-01-16 19:00:00,-0.00046887
ZKPUSDT,2026-01-16 18:00:00,0.0000125
ZKPUSDT,2026-01-16 17:00:00,0.0000125
ZKPUSDT,2026-01-16 16:00:00,-0.00027957
ZKPUSDT,2026-01-16 15:00:00,-0.00012172
ZKPUSDT,2026-01-16 14:00:00,0.0000125
ZKPUSDT,2026-01-16 13:00:00,0.0000125
ZKPUSDT,2026-01-16 12:00:00,0.0000125
ZKPUSDT,2026-01-16 11:00:00,-0.00019716
ZKPUSDT,2026-01-16 10:00:00,-0.00013566
ZKPUSDT,2026-01-16 09:00:00,0.0000125
ZKPUSDT,2026-01-16 08:00:00,-0.00008359
ZKPUSDT,2026-01-16 07:00:00,-0.00006567
ZKPUSDT,2026-01-16 06:00:00,-0.00003138
ZKPUSDT,2026-01-16 05:00:00,-0.0005552
ZKPUSDT,2026-01-16 04:00:00,-0.00033699
ZKPUSDT,2026-01-16 03:00:00,-0.0006101
ZKPUSDT,2026-01-16 02:00:00,-0.00170404
ZKPUSDT,2026-01-16 01:00:00,-0.00012832
ZKPUSDT,2026-01-16 00:00:00,-0.00034157
ZKPUSDT,2026-01-15 23:00:00,-0.00048472
ZKPUSDT,2026-01-15 22:00:00,-0.00050718
ZKPUSDT,2026-01-15 21:00:00,-0.00028142
ZKPUSDT,2026-01-15 20:00:00,-0.00026982
ZKPUSDT,2026-01-15 19:00:00,0.0000125
ZKPUSDT,2026-01-15 18:00:00,-0.00011656
ZKPUSDT,2026-01-15 17:00:00,0.0000125
ZKPUSDT,2026-01-15 16:00:00,-0.00006595
ZKPUSDT,2026-01-15 15:00:00,0.0000125
ZKPUSDT,2026-01-15 14:00:00,-0.0002938
ZKPUSDT,2026-01-15 13:00:00,-0.00031614
ZKPUSDT,2026-01-15 12:00:00,-0.00062091
ZKPUSDT,2026-01-15 11:00:00,-0.00035343
ZKPUSDT,2026-01-15 10:00:00,-0.00002392
ZKPUSDT,2026-01-15 09:00:00,-0.00039538
ZKPUSDT,2026-01-15 08:00:00,-0.00055685
ZKPUSDT,2026-01-15 07:00:00,-0.00044408
ZKPUSDT,2026-01-15 06:00:00,-0.00034364
ZKPUSDT,2026-01-15 05:00:00,-0.00013446
ZKPUSDT,2026-01-15 04:00:00,-0.0003993
ZKPUSDT,2026-01-15 03:00:00,0.0000125
ZKPUSDT,2026-01-15 02:00:00,-0.00023528
ZKPUSDT,2026-01-15 01:00:00,0.0000125
ZKPUSDT,2026-01-15 00:00:00,-0.00015827
ZKPUSDT,2026-01-14 23:00:00,0.0000125
ZKPUSDT,2026-01-14 22:00:00,-0.00007007
ZKPUSDT,2026-01-14 21:00:00,0.0000125
ZKPUSDT,2026-01-14 20:00:00,0.0000125
ZKPUSDT,2026-01-14 19:00:00,0.0000125
ZKPUSDT,2026-01-14 18:00:00,-0.00011625
ZKPUSDT,2026-01-14 17:00:00,0.0000125
ZKPUSDT,2026-01-14 16:00:00,-0.00052913
ZKPUSDT,2026-01-14 15:00:00,-0.00014318
ZKPUSDT,2026-01-14 14:00:00,-0.00007121
ZKPUSDT,2026-01-14 13:00:00,-0.00006202
ZKPUSDT,2026-01-14 12:00:00,-0.00002361
ZKPUSDT,2026-01-14 11:00:00,-0.00014139
ZKPUSDT,2026-01-14 10:00:00,-0.00003231
ZKPUSDT,2026-01-14 09:00:00,0.0000125
ZKPUSDT,2026-01-14 08:00:00,-0.00026522
ZKPUSDT,2026-01-14 07:00:00,0.0000125
ZKPUSDT,2026-01-14 06:00:00,0.0000125
ZKPUSDT,2026-01-14 05:00:00,0.0000125
ZKPUSDT,2026-01-14 04:00:00,0.00000195
ZKPUSDT,2026-01-14 03:00:00,0.0000125
ZKPUSDT,2026-01-14 02:00:00,0.0000125
ZKPUSDT,2026-01-14 01:00:00,0.0000125
ZKPUSDT,2026-01-14 00:00:00,-0.00003862
ZKPUSDT,2026-01-13 23:00:00,0.0000125
ZKPUSDT,2026-01-13 22:00:00,-0.00002753
ZKPUSDT,2026-01-13 21:00:00,0.0000125
ZKPUSDT,2026-01-13 20:00:00,0.0000125
ZKPUSDT,2026-01-13 19:00:00,0.0000125
ZKPUSDT,2026-01-13 18:00:00,0.0000125
ZKPUSDT,2026-01-13 17:00:00,0.00013357
ZKPUSDT,2026-01-13 16:00:00,0.0000125
ZKPUSDT,2026-01-13 15:00:00,0.0000125
ZKPUSDT,2026-01-13 14:00:00,-0.0000866
ZKPUSDT,2026-01-13 13:00:00,-0.00075708
ZKPUSDT,2026-01-13 12:00:00,-0.00221069
ZKPUSDT,2026-01-13 11:00:00,-0.00144603
ZKPUSDT,2026-01-13 10:00:00,-0.00185018
ZKPUSDT,2026-01-13 09:00:00,-0.00278377
ZKPUSDT,2026-01-13 08:00:00,-0.00070729
ZKPUSDT,2026-01-13 07:00:00,0.0000125
ZKPUSDT,2026-01-13 06:00:00,-0.00002423
ZKPUSDT,2026-01-13 05:00:00,0.0000125
ZKPUSDT,2026-01-13 04:00:00,-0.00008686
ZKPUSDT,2026-01-13 03:00:00,0.0000125
ZKPUSDT,2026-01-13 02:00:00,-0.00012776
ZKPUSDT,2026-01-13 01:00:00,-0.00119701
ZKPUSDT,2026-01-13 00:00:00,-0.00018324
ZKPUSDT,2026-01-12 23:00:00,-0.00025827
ZKPUSDT,2026-01-12 22:00:00,0.0000125
ZKPUSDT,2026-01-12 21:00:00,-0.00017547
ZKPUSDT,2026-01-12 20:00:00,-0.0001045
ZKPUSDT,2026-01-12 19:00:00,-0.00003068
ZKPUSDT,2026-01-12 18:00:00,-0.00023004
ZKPUSDT,2026-01-12 17:00:00,-0.00006937
ZKPUSDT,2026-01-12 16:00:00,-0.00000679
ZKPUSDT,2026-01-12 15:00:00,0.0000125
ZKPUSDT,2026-01-12 14:00:00,0.0000125
ZKPUSDT,2026-01-12 13:00:00,-0.00056099
ZKPUSDT,2026-01-12 12:00:00,-0.00004508
ZKPUSDT,2026-01-12 11:00:00,0.0000125
ZKPUSDT,2026-01-12 10:00:00,0.0000125
ZKPUSDT,2026-01-12 09:00:00,0.0000125
ZKPUSDT,2026-01-12 08:00:00,0.0000125
ZKPUSDT,2026-01-12 07:00:00,0.0000125
ZKPUSDT,2026-01-12 06:00:00,-0.00012963
ZKPUSDT,2026-01-12 05:00:00,0.0000125
ZKPUSDT,2026-01-12 04:00:00,0.0000125
ZKPUSDT,2026-01-12 03:00:00,-0.00000539
ZKPUSDT,2026-01-12 02:00:00,0.0000125
ZKPUSDT,2026-01-12 01:00:00,-0.00047868
ZKPUSDT,2026-01-12 00:00:00,-0.00060969
ZKPUSDT,2026-01-11 23:00:00,-0.00004351
ZKPUSDT,2026-01-11 22:00:00,0.0000125
ZKPUSDT,2026-01-11 21:00:00,-0.0000172
ZKPUSDT,2026-01-11 20:00:00,-0.00017596
ZKPUSDT,2026-01-11 19:00:00,-0.00008218
ZKPUSDT,2026-01-11 18:00:00,-0.00011579
ZKPUSDT,2026-01-11 17:00:00,0.0000125
ZKPUSDT,2026-01-11 16:00:00,-0.00023233
ZKPUSDT,2026-01-11 15:00:00,-0.0000532
ZKPUSDT,2026-01-11 14:00:00,0.0000125
ZKPUSDT,2026-01-11 13:00:00,0.0000125
ZKPUSDT,2026-01-11 12:00:00,0.0000125
ZKPUSDT,2026-01-11 11:00:00,0.0000125
ZKPUSDT,2026-01-11 10:00:00,0.0000125
ZKPUSDT,2026-01-11 09:00:00,0.0000125
ZKPUSDT,2026-01-11 08:00:00,0.0000125
ZKPUSDT,2026-01-11 07:00:00,0.0000125
ZKPUSDT,2026-01-11 06:00:00,0.0000125
ZKPUSDT,2026-01-11 05:00:00,0.0000125
ZKPUSDT,2026-01-11 04:00:00,0.0000125
ZKPUSDT,2026-01-11 03:00:00,-0.00002084
ZKPUSDT,2026-01-11 02:00:00,-0.00021177
ZKPUSDT,2026-01-11 01:00:00,-0.00077909
ZKPUSDT,2026-01-11 00:00:00,-0.0007739
ZKPUSDT,2026-01-10 23:00:00,-0.00068677
ZKPUSDT,2026-01-10 22:00:00,0.0000125
ZKPUSDT,2026-01-10 21:00:00,-0.00008159
ZKPUSDT,2026-01-10 20:00:00,-0.00010317
ZKPUSDT,2026-01-10 19:00:00,0.0000125
ZKPUSDT,2026-01-10 18:00:00,-0.00089458
ZKPUSDT,2026-01-10 17:00:00,-0.00045899
LITUSDT,2026-02-15 00:00:00,0.00005
LITUSDT,2026-02-14 20:00:00,0.00005
LITUSDT,2026-02-14 16:00:00,0.00005
LITUSDT,2026-02-14 12:00:00,0.00005
LITUSDT,2026-02-14 08:00:00,0.00005
LITUSDT,2026-02-14 04:00:00,0.00005
LITUSDT,2026-02-14 00:00:00,0.00005
LITUSDT,2026-02-13 20:00:00,0.00005
LITUSDT,2026-02-13 16:00:00,0.00005
LITUSDT,2026-02-13 12:00:00,0.00005
LITUSDT,2026-02-13 08:00:00,0.00005
LITUSDT,2026-02-13 04:00:00,0.00005
LITUSDT,2026-02-13 00:00:00,0.00005
LITUSDT,2026-02-12 20:00:00,0.00005
LITUSDT,2026-02-12 16:00:00,0.00005
LITUSDT,2026-02-12 12:00:00,0.00005
LITUSDT,2026-02-12 08:00:00,0.00005
LITUSDT,2026-02-12 04:00:00,0.00005
LITUSDT,2026-02-12 00:00:00,0.00005
LITUSDT,2026-02-11 20:00:00,0.00005
LITUSDT,2026-02-11 16:00:00,0.00005
LITUSDT,2026-02-11 12:00:00,0.00005
LITUSDT,2026-02-11 08:00:00,0.00005
LITUSDT,2026-02-11 04:00:00,0.00005
LITUSDT,2026-02-11 00:00:00,0.00005
LITUSDT,2026-02-10 20:00:00,0.00005
LITUSDT,2026-02-10 16:00:00,0.00005
LITUSDT,2026-02-10 12:00:00,0.00005
LITUSDT,2026-02-10 08:00:00,0.00005
LITUSDT,2026-02-10 04:00:00,0.00005
LITUSDT,2026-02-10 00:00:00,0.00005
LITUSDT,2026-02-09 20:00:00,0.00005
LITUSDT,2026-02-09 16:00:00,0.00005
LITUSDT,2026-02-09 12:00:00,0.00005
LITUSDT,2026-02-09 08:00:00,0.00005
LITUSDT,2026-02-09 04:00:00,0.00005
LITUSDT,2026-02-09 00:00:00,0.00005
LITUSDT,2026-02-08 20:00:00,0.00005
LITUSDT,2026-02-08 16:00:00,0.00005
LITUSDT,2026-02-08 12:00:00,0.00005
LITUSDT,2026-02-08 08:00:00,0.00005
LITUSDT,2026-02-08 04:00:00,0.00005
LITUSDT,2026-02-08 00:00:00,0.00005
LITUSDT,2026-02-07 20:00:00,0.00005
LITUSDT,2026-02-07 16:00:00,0.00005
LITUSDT,2026-02-07 12:00:00,0.00005
LITUSDT,2026-02-07 08:00:00,0.00005
LITUSDT,2026-02-07 04:00:00,0.00005
LITUSDT,2026-02-07 00:00:00,0.00005
LITUSDT,2026-02-06 20:00:00,0.00005
LITUSDT,2026-02-06 16:00:00,0.00005
LITUSDT,2026-02-06 12:00:00,0.00005
LITUSDT,2026-02-06 08:00:00,0.00005
LITUSDT,2026-02-06 04:00:00,0.00005
LITUSDT,2026-02-06 00:00:00,0.00005
LITUSDT,2026-02-05 20:00:00,0.00005
LITUSDT,2026-02-05 16:00:00,0.00005
LITUSDT,2026-02-05 12:00:00,0.00005
LITUSDT,2026-02-05 08:00:00,0.00005
LITUSDT,2026-02-05 04:00:00,0.00005
LITUSDT,2026-02-05 00:00:00,0.00005
LITUSDT,2026-02-04 20:00:00,0.00005
LITUSDT,2026-02-04 16:00:00,0.00003457
LITUSDT,2026-02-04 12:00:00,0.00005
LITUSDT,2026-02-04 08:00:00,0.00005
LITUSDT,2026-02-04 04:00:00,0.00005
LITUSDT,2026-02-04 00:00:00,0.00005
LITUSDT,2026-02-03 20:00:00,0.00005
LITUSDT,2026-02-03 16:00:00,0.00005
LITUSDT,2026-02-03 12:00:00,0.00005
LITUSDT,2026-02-03 08:00:00,0.00005
LITUSDT,2026-02-03 04:00:00,0.00005
LITUSDT,2026-02-03 00:00:00,0.00005
LITUSDT,2026-02-02 20:00:00,0.00005
LITUSDT,2026-02-02 16:00:00,0.00005
LITUSDT,2026-02-02 12:00:00,0.00005
LITUSDT,2026-02-02 08:00:00,0.00005
LITUSDT,2026-02-02 04:00:00,0.00005
LITUSDT,2026-02-02 00:00:00,0.00005
LITUSDT,2026-02-01 20:00:00,0.00005
LITUSDT,2026-02-01 16:00:00,0.00005
LITUSDT,2026-02-01 12:00:00,0.00005
LITUSDT,2026-02-01 08:00:00,0.00005
LITUSDT,2026-02-01 04:00:00,0.00005
LITUSDT,2026-02-01 00:00:00,0.00005
LITUSDT,2026-01-31 20:00:00,-0.000293
LITUSDT,2026-01-31 16:00:00,0.00004123
LITUSDT,2026-01-31 12:00:00,0.00005
LITUSDT,2026-01-31 08:00:00,0.00005
LITUSDT,2026-01-31 04:00:00,-0.00007014
LITUSDT,2026-01-31 00:00:00,0.00005
LITUSDT,2026-01-30 20:00:00,0.00005
LITUSDT,2026-01-30 16:00:00,0.00004914
LITUSDT,2026-01-30 12:00:00,0.00005
LITUSDT,2026-01-30 08:00:00,0.00005
LITUSDT,2026-01-30 04:00:00,0.00005
LITUSDT,2026-01-30 00:00:00,0.00005
LITUSDT,2026-01-29 20:00:00,0.00003285
LITUSDT,2026-01-29 16:00:00,0.00005
LITUSDT,2026-01-29 12:00:00,0.00005
LITUSDT,2026-01-29 08:00:00,0.00005
LITUSDT,2026-01-29 04:00:00,0.00005
LITUSDT,2026-01-29 00:00:00,0.00005
LITUSDT,2026-01-28 20:00:00,0.00005
LITUSDT,2026-01-28 16:00:00,0.00005
LITUSDT,2026-01-28 12:00:00,0.0000293
LITUSDT,2026-01-28 08:00:00,0.00005
LITUSDT,2026-01-28 04:00:00,0.00005
LITUSDT,2026-01-28 00:00:00,0.00005
LITUSDT,2026-01-27 20:00:00,0.00005
LITUSDT,2026-01-27 16:00:00,0.00005
LITUSDT,2026-01-27 12:00:00,0.00005
LITUSDT,2026-01-27 08:00:00,0.00005
LITUSDT,2026-01-27 04:00:00,0.00005
LITUSDT,2026-01-27 00:00:00,0.00005
LITUSDT,2026-01-26 20:00:00,0.00005
LITUSDT,2026-01-26 16:00:00,0.00005
LITUSDT,2026-01-26 12:00:00,0.00005
LITUSDT,2026-01-26 08:00:00,0.00005
LITUSDT,2026-01-26 04:00:00,0.00005
LITUSDT,2026-01-26 00:00:00,0.00005
LITUSDT,2026-01-25 20:00:00,0.00005
LITUSDT,2026-01-25 16:00:00,0.00005
LITUSDT,2026-01-25 12:00:00,0.00005
LITUSDT,2026-01-25 08:00:00,0.00005
LITUSDT,2026-01-25 04:00:00,0.00005
LITUSDT,2026-01-25 00:00:00,0.00005
LITUSDT,2026-01-24 20:00:00,0.00005
LITUSDT,2026-01-24 16:00:00,0.00005
LITUSDT,2026-01-24 12:00:00,0.00005
LITUSDT,2026-01-24 08:00:00,0.00005
LITUSDT,2026-01-24 04:00:00,0.00005
LITUSDT,2026-01-24 00:00:00,0.00005
LITUSDT,2026-01-23 20:00:00,0.00005
LITUSDT,2026-01-23 16:00:00,0.00005
LITUSDT,2026-01-23 12:00:00,0.00005
LITUSDT,2026-01-23 08:00:00,0.00000666
LITUSDT,2026-01-23 04:00:00,-0.00013869
LITUSDT,2026-01-23 00:00:00,0.00005
LITUSDT,2026-01-22 20:00:00,0.00005
LITUSDT,2026-01-22 16:00:00,0.00005
LITUSDT,2026-01-22 12:00:00,0.00005
LITUSDT,2026-01-22 08:00:00,0.00005
LITUSDT,2026-01-22 04:00:00,0.00005
LITUSDT,2026-01-22 00:00:00,0.00005
LITUSDT,2026-01-21 20:00:00,0.00005
LITUSDT,2026-01-21 16:00:00,0.00005
LITUSDT,2026-01-21 12:00:00,0.00005
LITUSDT,2026-01-21 08:00:00,0.00005
LITUSDT,2026-01-21 04:00:00,0.00005
LITUSDT,2026-01-21 00:00:00,0.00011128
LITUSDT,2026-01-20 20:00:00,0.00015068
LITUSDT,2026-01-20 16:00:00,0.00005
LITUSDT,2026-01-20 12:00:00,0.00005
LITUSDT,2026-01-20 08:00:00,0.00005
LITUSDT,2026-01-20 04:00:00,0.00005
LITUSDT,2026-01-20 00:00:00,0.00005
LITUSDT,2026-01-19 20:00:00,0.00005
LITUSDT,2026-01-19 16:00:00,0.00022589
LITUSDT,2026-01-19 12:00:00,0.00005
LITUSDT,2026-01-19 08:00:00,0.00005
LITUSDT,2026-01-19 04:00:00,0.00005
LITUSDT,2026-01-19 00:00:00,0.00005
LITUSDT,2026-01-18 20:00:00,0.00005
LITUSDT,2026-01-18 16:00:00,0.00005
LITUSDT,2026-01-18 12:00:00,0.00005
LITUSDT,2026-01-18 08:00:00,0.00005
LITUSDT,2026-01-18 04:00:00,0.00005
LITUSDT,2026-01-18 00:00:00,0.00005
LITUSDT,2026-01-17 20:00:00,0.00005
LITUSDT,2026-01-17 16:00:00,0.00005
LITUSDT,2026-01-17 12:00:00,0.00005
LITUSDT,2026-01-17 08:00:00,0.00005
LITUSDT,2026-01-17 04:00:00,0.00005
LITUSDT,2026-01-17 00:00:00,0.00005
LITUSDT,2026-01-16 20:00:00,0.00005
LITUSDT,2026-01-16 16:00:00,0.00005
LITUSDT,2026-01-16 12:00:00,0.00005
LITUSDT,2026-01-16 08:00:00,0.00005
LITUSDT,2026-01-16 04:00:00,0.00020888
LITUSDT,2026-01-16 00:00:00,0.00041928
LITUSDT,2026-01-15 20:00:00,0.00005
LITUSDT,2026-01-15 16:00:00,0.00061113
LITUSDT,2026-01-15 12:00:00,0.00215524
LITUSDT,2026-01-15 08:00:00,0.00026302
LITUSDT,2026-01-15 04:00:00,0.00005
LITUSDT,2026-01-15 00:00:00,0.00005
BREVUSDT,2026-02-06 00:00:00,0.0000125
BREVUSDT,2026-02-05 23:00:00,0.0000125
BREVUSDT,2026-02-05 22:00:00,0.0000125
BREVUSDT,2026-02-05 21:00:00,0.0000125
BREVUSDT,2026-02-05 20:00:00,0.0000125
BREVUSDT,2026-02-05 19:00:00,0.00000486
BREVUSDT,2026-02-05 18:00:00,0.0000125
BREVUSDT,2026-02-05 17:00:00,-0.00000664
BREVUSDT,2026-02-05 16:00:00,0.0000125
BREVUSDT,2026-02-05 15:00:00,0.0000125
BREVUSDT,2026-02-05 14:00:00,0.0000125
BREVUSDT,2026-02-05 13:00:00,0.0000125
BREVUSDT,2026-02-05 12:00:00,0.0000125
BREVUSDT,2026-02-05 11:00:00,0.0000125
BREVUSDT,2026-02-05 10:00:00,0.0000125
BREVUSDT,2026-02-05 09:00:00,-0.00003335
BREVUSDT,2026-02-05 08:00:00,0.0000125
BREVUSDT,2026-02-05 07:00:00,0.0000125
BREVUSDT,2026-02-05 06:00:00,0.0000125
BREVUSDT,2026-02-05 05:00:00,0.0000125
BREVUSDT,2026-02-05 04:00:00,0.0000125
BREVUSDT,2026-02-05 03:00:00,0.0000125
BREVUSDT,2026-02-05 02:00:00,0.0000125
BREVUSDT,2026-02-05 01:00:00,0.0000125
BREVUSDT,2026-02-05 00:00:00,0.0000125
BREVUSDT,2026-02-04 23:00:00,0.0000125
BREVUSDT,2026-02-04 22:00:00,0.0000125
BREVUSDT,2026-02-04 21:00:00,0.0000125
BREVUSDT,2026-02-04 20:00:00,0.0000125
BREVUSDT,2026-02-04 19:00:00,0.0000125
BREVUSDT,2026-02-04 18:00:00,0.0000125
BREVUSDT,2026-02-04 17:00:00,0.0000125
BREVUSDT,2026-02-04 16:00:00,0.0000125
BREVUSDT,2026-02-04 15:00:00,0.0000125
BREVUSDT,2026-02-04 14:00:00,0.0000125
BREVUSDT,2026-02-04 13:00:00,0.0000125
BREVUSDT,2026-02-04 12:00:00,0.0000125
BREVUSDT,2026-02-04 11:00:00,0.0000125
BREVUSDT,2026-02-04 10:00:00,0.0000125
BREVUSDT,2026-02-04 09:00:00,0.0000125
BREVUSDT,2026-02-04 08:00:00,0.0000125
BREVUSDT,2026-02-04 07:00:00,0.0000125
BREVUSDT,2026-02-04 06:00:00,0.0000125
BREVUSDT,2026-02-04 05:00:00,0.0000125
BREVUSDT,2026-02-04 04:00:00,0.0000125
BREVUSDT,2026-02-04 03:00:00,0.0000125
BREVUSDT,2026-02-04 02:00:00,0.0000125
BREVUSDT,2026-02-04 01:00:00,0.0000125
BREVUSDT,2026-02-04 00:00:00,0.0000125
BREVUSDT,2026-02-03 23:00:00,0.0000125
BREVUSDT,2026-02-03 22:00:00,0.0000125
BREVUSDT,2026-02-03 21:00:00,0.0000125
BREVUSDT,2026-02-03 20:00:00,0.0000125
BREVUSDT,2026-02-03 19:00:00,0.0000125
BREVUSDT,2026-02-03 18:00:00,0.0000125
BREVUSDT,2026-02-03 17:00:00,0.0000125
BREVUSDT,2026-02-03 16:00:00,0.0000125
BREVUSDT,2026-02-03 15:00:00,0.0000125
BREVUSDT,2026-02-03 14:00:00,0.0000125
BREVUSDT,2026-02-03 13:00:00,0.0000125
BREVUSDT,2026-02-03 12:00:00,0.0000125
BREVUSDT,2026-02-03 11:00:00,0.0000125
BREVUSDT,2026-02-03 10:00:00,0.0000125
BREVUSDT,2026-02-03 09:00:00,0.0000125
BREVUSDT,2026-02-03 08:00:00,0.0000125
BREVUSDT,2026-02-03 07:00:00,0.0000125
BREVUSDT,2026-02-03 06:00:00,0.0000125
BREVUSDT,2026-02-03 05:00:00,0.0000125
BREVUSDT,2026-02-03 04:00:00,0.0000125
BREVUSDT,2026-02-03 03:00:00,0.0000125
BREVUSDT,2026-02-03 02:00:00,0.0000125
BREVUSDT,2026-02-03 01:00:00,0.0000125
BREVUSDT,2026-02-03 00:00:00,0.0000125
BREVUSDT,2026-02-02 23:00:00,0.0000125
BREVUSDT,2026-02-02 22:00:00,0.0000125
BREVUSDT,2026-02-02 21:00:00,0.0000125
BREVUSDT,2026-02-02 20:00:00,0.0000125
BREVUSDT,2026-02-02 19:00:00,0.0000125
BREVUSDT,2026-02-02 18:00:00,0.0000125
BREVUSDT,2026-02-02 17:00:00,0.0000125
BREVUSDT,2026-02-02 16:00:00,0.0000125
BREVUSDT,2026-02-02 15:00:00,0.0000125
BREVUSDT,2026-02-02 14:00:00,0.0000125
BREVUSDT,2026-02-02 13:00:00,0.0000125
BREVUSDT,2026-02-02 12:00:00,0.0000125
BREVUSDT,2026-02-02 11:00:00,0.0000125
BREVUSDT,2026-02-02 10:00:00,0.0000125
BREVUSDT,2026-02-02 09:00:00,0.0000125
BREVUSDT,2026-02-02 08:00:00,0.0000125
BREVUSDT,2026-02-02 07:00:00,0.0000125
BREVUSDT,2026-02-02 06:00:00,0.0000125
BREVUSDT,2026-02-02 05:00:00,0.0000125
BREVUSDT,2026-02-02 04:00:00,0.0000125
BREVUSDT,2026-02-02 03:00:00,0.0000125
BREVUSDT,2026-02-02 02:00:00,0.0000125
BREVUSDT,2026-02-02 01:00:00,0.0000125
BREVUSDT,2026-02-02 00:00:00,0.0000125
BREVUSDT,2026-02-01 23:00:00,-0.00042328
BREVUSDT,2026-02-01 22:00:00,0.0000125
BREVUSDT,2026-02-01 21:00:00,0.0000125
BREVUSDT,2026-02-01 20:00:00,0.0000125
BREVUSDT,2026-02-01 19:00:00,0.00000661
BREVUSDT,2026-02-01 18:00:00,0.0000125
BREVUSDT,2026-02-01 17:00:00,-0.00011012
BREVUSDT,2026-02-01 16:00:00,0.0000125
BREVUSDT,2026-02-01 15:00:00,0.0000125
BREVUSDT,2026-02-01 14:00:00,0.0000125
BREVUSDT,2026-02-01 13:00:00,0.0000125
BREVUSDT,2026-02-01 12:00:00,-0.00021514
BREVUSDT,2026-02-01 11:00:00,-0.00047386
BREVUSDT,2026-02-01 10:00:00,-0.00137306
BREVUSDT,2026-02-01 09:00:00,-0.00215178
BREVUSDT,2026-02-01 08:00:00,-0.00180287
BREVUSDT,2026-02-01 07:00:00,-0.00584561
BREVUSDT,2026-02-01 06:00:00,-0.01063082
BREVUSDT,2026-02-01 05:00:00,-0.0080213
BREVUSDT,2026-02-01 04:00:00,-0.00303374
BREVUSDT,2026-02-01 03:00:00,-0.00279384
BREVUSDT,2026-02-01 02:00:00,-0.00182077
BREVUSDT,2026-02-01 01:00:00,-0.00127727
BREVUSDT,2026-02-01 00:00:00,0.0000125
BREVUSDT,2026-01-31 23:00:00,0.0000125
BREVUSDT,2026-01-31 22:00:00,0.0000125
BREVUSDT,2026-01-31 21:00:00,0.0000125
BREVUSDT,2026-01-31 20:00:00,-0.0002778
BREVUSDT,2026-01-31 19:00:00,-0.00008594
BREVUSDT,2026-01-31 18:00:00,-0.00026988
BREVUSDT,2026-01-31 17:00:00,0.0000125
BREVUSDT,2026-01-31 16:00:00,0.0000125
BREVUSDT,2026-01-31 15:00:00,0.0000125
BREVUSDT,2026-01-31 14:00:00,0.0000125
BREVUSDT,2026-01-31 13:00:00,0.0000125
BREVUSDT,2026-01-31 12:00:00,0.0000125
BREVUSDT,2026-01-31 11:00:00,0.0000125
BREVUSDT,2026-01-31 10:00:00,0.0000125
BREVUSDT,2026-01-31 09:00:00,0.0000125
BREVUSDT,2026-01-31 08:00:00,0.0000125
BREVUSDT,2026-01-31 07:00:00,0.0000125
BREVUSDT,2026-01-31 06:00:00,0.0000125
BREVUSDT,2026-01-31 05:00:00,0.0000125
BREVUSDT,2026-01-31 04:00:00,0.0000125
BREVUSDT,2026-01-31 03:00:00,0.0000125
BREVUSDT,2026-01-31 02:00:00,0.0000125
BREVUSDT,2026-01-31 01:00:00,0.0000125
BREVUSDT,2026-01-31 00:00:00,0.0000125
BREVUSDT,2026-01-30 23:00:00,0.0000125
BREVUSDT,2026-01-30 22:00:00,-0.00011971
BREVUSDT,2026-01-30 21:00:00,-0.0001037
BREVUSDT,2026-01-30 20:00:00,0.0000125
BREVUSDT,2026-01-30 19:00:00,0.0000125
BREVUSDT,2026-01-30 18:00:00,0.0000125
BREVUSDT,2026-01-30 17:00:00,0.0000125
BREVUSDT,2026-01-30 16:00:00,-0.00009574
BREVUSDT,2026-01-30 15:00:00,-0.00016795
BREVUSDT,2026-01-30 14:00:00,-0.00022948
BREVUSDT,2026-01-30 13:00:00,0.0000125
BREVUSDT,2026-01-30 12:00:00,0.0000125
BREVUSDT,2026-01-30 11:00:00,0.0000125
BREVUSDT,2026-01-30 10:00:00,-0.00045238
BREVUSDT,2026-01-30 09:00:00,0.0000125
BREVUSDT,2026-01-30 08:00:00,0.0000125
BREVUSDT,2026-01-30 07:00:00,0.0000125
BREVUSDT,2026-01-30 06:00:00,0.0000125
BREVUSDT,2026-01-30 05:00:00,0.0000125
BREVUSDT,2026-01-30 04:00:00,0.0000125
BREVUSDT,2026-01-30 03:00:00,0.0000125
BREVUSDT,2026-01-30 02:00:00,-0.00001833
BREVUSDT,2026-01-30 01:00:00,0.0000125
BREVUSDT,2026-01-30 00:00:00,0.0000125
BREVUSDT,2026-01-29 23:00:00,0.0000125
BREVUSDT,2026-01-29 22:00:00,0.0000125
BREVUSDT,2026-01-29 21:00:00,0.0000125
BREVUSDT,2026-01-29 20:00:00,0.0000125
BREVUSDT,2026-01-29 19:00:00,0.0000125
BREVUSDT,2026-01-29 18:00:00,0.0000125
BREVUSDT,2026-01-29 17:00:00,0.0000125
BREVUSDT,2026-01-29 16:00:00,0.0000125
BREVUSDT,2026-01-29 15:00:00,0.0000125
BREVUSDT,2026-01-29 14:00:00,0.0000125
BREVUSDT,2026-01-29 13:00:00,0.0000125
BREVUSDT,2026-01-29 12:00:00,0.0000125
BREVUSDT,2026-01-29 11:00:00,0.0000125
BREVUSDT,2026-01-29 10:00:00,0.0000125
BREVUSDT,2026-01-29 09:00:00,0.0000125
BREVUSDT,2026-01-29 08:00:00,0.0000125
BREVUSDT,2026-01-29 07:00:00,0.0000125
BREVUSDT,2026-01-29 06:00:00,0.0000125
BREVUSDT,2026-01-29 05:00:00,0.0000125
BREVUSDT,2026-01-29 04:00:00,0.0000125
BREVUSDT,2026-01-29 03:00:00,0.0000125
BREVUSDT,2026-01-29 02:00:00,0.0000125
BREVUSDT,2026-01-29 01:00:00,0.0000125
BREVUSDT,2026-01-29 00:00:00,0.0000125
BREVUSDT,2026-01-28 23:00:00,0.0000125
BREVUSDT,2026-01-28 22:00:00,0.0000125
BREVUSDT,2026-01-28 21:00:00,0.0000125
BREVUSDT,2026-01-28 20:00:00,0.0000125
BREVUSDT,2026-01-28 19:00:00,0.0000125
BREVUSDT,2026-01-28 18:00:00,0.0000125
BREVUSDT,2026-01-28 17:00:00,-0.00016682
WHITEWHALEUSDT,2026-02-06 00:00:00,-0.00523825
WHITEWHALEUSDT,2026-02-05 20:00:00,-0.01708479
WHITEWHALEUSDT,2026-02-05 16:00:00,-0.00712396
WHITEWHALEUSDT,2026-02-05 12:00:00,-0.0069291
WHITEWHALEUSDT,2026-02-05 08:00:00,-0.00196893
WHITEWHALEUSDT,2026-02-05 04:00:00,-0.0020792
WHITEWHALEUSDT,2026-02-05 00:00:00,-0.00063545
WHITEWHALEUSDT,2026-02-04 20:00:00,-0.0012435
WHITEWHALEUSDT,2026-02-04 16:00:00,-0.00019065
WHITEWHALEUSDT,2026-02-04 12:00:00,-0.00055527
WHITEWHALEUSDT,2026-02-04 08:00:00,0.00002623
WHITEWHALEUSDT,2026-02-04 04:00:00,-0.00049945
WHITEWHALEUSDT,2026-02-04 00:00:00,-0.00099321
WHITEWHALEUSDT,2026-02-03 20:00:00,-0.0000855
WHITEWHALEUSDT,2026-02-03 16:00:00,-0.00047228
WHITEWHALEUSDT,2026-02-03 12:00:00,-0.00041301
WHITEWHALEUSDT,2026-02-03 08:00:00,-0.00085801
WHITEWHALEUSDT,2026-02-03 04:00:00,-0.00096015
WHITEWHALEUSDT,2026-02-03 00:00:00,-0.00029885
WHITEWHALEUSDT,2026-02-02 20:00:00,-0.00010181
WHITEWHALEUSDT,2026-02-02 16:00:00,-0.00010185
WHITEWHALEUSDT,2026-02-02 12:00:00,0.00005
WHITEWHALEUSDT,2026-02-02 08:00:00,-0.00078507
WHITEWHALEUSDT,2026-02-02 04:00:00,-0.00111838
WHITEWHALEUSDT,2026-02-02 00:00:00,-0.00098072
WHITEWHALEUSDT,2026-02-01 20:00:00,-0.00005529
WHITEWHALEUSDT,2026-02-01 16:00:00,-0.00056562
WHITEWHALEUSDT,2026-02-01 12:00:00,-0.00130212
WHITEWHALEUSDT,2026-02-01 08:00:00,-0.00152443
WHITEWHALEUSDT,2026-02-01 04:00:00,-0.00120483
WHITEWHALEUSDT,2026-02-01 00:00:00,-0.00096811
WHITEWHALEUSDT,2026-01-31 20:00:00,-0.00165147
WHITEWHALEUSDT,2026-01-31 16:00:00,-0.00090576
WHITEWHALEUSDT,2026-01-31 12:00:00,-0.00081509
WHITEWHALEUSDT,2026-01-31 08:00:00,-0.00285721
WHITEWHALEUSDT,2026-01-31 04:00:00,-0.00371491
WHITEWHALEUSDT,2026-01-31 00:00:00,-0.00136297
WHITEWHALEUSDT,2026-01-30 20:00:00,-0.00206058
WHITEWHALEUSDT,2026-01-30 16:00:00,-0.00496227
WHITEWHALEUSDT,2026-01-30 12:00:00,-0.00050616
WHITEWHALEUSDT,2026-01-30 08:00:00,-0.00204014
WHITEWHALEUSDT,2026-01-30 04:00:00,-0.00094991
WHITEWHALEUSDT,2026-01-30 00:00:00,-0.00190195
WHITEWHALEUSDT,2026-01-29 20:00:00,-0.00006556
WHITEWHALEUSDT,2026-01-29 16:00:00,0.00005
WHITEWHALEUSDT,2026-01-29 12:00:00,0.00005
WHITEWHALEUSDT,2026-01-29 08:00:00,-0.00016174
WHITEWHALEUSDT,2026-01-29 04:00:00,-0.00010569
WHITEWHALEUSDT,2026-01-29 00:00:00,-0.00072979
WHITEWHALEUSDT,2026-01-28 20:00:00,-0.00031899
WHITEWHALEUSDT,2026-01-28 16:00:00,-0.00071176
WHITEWHALEUSDT,2026-01-28 12:00:00,-0.0005482
WHITEWHALEUSDT,2026-01-28 08:00:00,-0.0009131
WHITEWHALEUSDT,2026-01-28 04:00:00,-0.00077903
WHITEWHALEUSDT,2026-01-28 00:00:00,-0.00043098
WHITEWHALEUSDT,2026-01-27 20:00:00,-0.00077593
WHITEWHALEUSDT,2026-01-27 16:00:00,-0.00190259
WHITEWHALEUSDT,2026-01-27 12:00:00,-0.000577
WHITEWHALEUSDT,2026-01-27 08:00:00,-0.00112366
WHITEWHALEUSDT,2026-01-27 04:00:00,-0.0013792
WHITEWHALEUSDT,2026-01-27 00:00:00,0.00005
WHITEWHALEUSDT,2026-01-26 20:00:00,-0.00071935
WHITEWHALEUSDT,2026-01-26 16:00:00,0.00005
WHITEWHALEUSDT,2026-01-26 12:00:00,0.00005
WHITEWHALEUSDT,2026-01-26 08:00:00,0.00005
WHITEWHALEUSDT,2026-01-26 04:00:00,0.00005
WHITEWHALEUSDT,2026-01-26 00:00:00,-0.00014569
WHITEWHALEUSDT,2026-01-25 20:00:00,0.00005
WHITEWHALEUSDT,2026-01-25 16:00:00,0.00005
WHITEWHALEUSDT,2026-01-25 12:00:00,0.00005
WHITEWHALEUSDT,2026-01-25 08:00:00,0.00005
WHITEWHALEUSDT,2026-01-25 04:00:00,0.00005
WHITEWHALEUSDT,2026-01-25 00:00:00,0.00005
WHITEWHALEUSDT,2026-01-24 20:00:00,0.00005
WHITEWHALEUSDT,2026-01-24 16:00:00,0.00005
WHITEWHALEUSDT,2026-01-24 12:00:00,0.00005
WHITEWHALEUSDT,2026-01-24 08:00:00,0.00005
WHITEWHALEUSDT,2026-01-24 04:00:00,0.00005
WHITEWHALEUSDT,2026-01-24 00:00:00,0.00005
WHITEWHALEUSDT,2026-01-23 20:00:00,-0.00133704
WHITEWHALEUSDT,2026-01-23 16:00:00,0.00005
WHITEWHALEUSDT,2026-01-23 12:00:00,0.00005
WHITEWHALEUSDT,2026-01-23 08:00:00,0.00005
WHITEWHALEUSDT,2026-01-23 04:00:00,0.00005
WHITEWHALEUSDT,2026-01-23 00:00:00,0.00005
WHITEWHALEUSDT,2026-01-22 20:00:00,0.00005
WHITEWHALEUSDT,2026-01-22 16:00:00,0.00005
WHITEWHALEUSDT,2026-01-22 12:00:00,0.00005
WHITEWHALEUSDT,2026-01-22 08:00:00,0.00005
WHITEWHALEUSDT,2026-01-22 04:00:00,0.00005
WHITEWHALEUSDT,2026-01-22 00:00:00,0.00004365
WHITEWHALEUSDT,2026-01-21 20:00:00,0.00005
WHITEWHALEUSDT,2026-01-21 16:00:00,0.00005
WHITEWHALEUSDT,2026-01-21 12:00:00,0.00005
WHITEWHALEUSDT,2026-01-21 08:00:00,0.00005
WHITEWHALEUSDT,2026-01-21 04:00:00,0.00054334
WHITEWHALEUSDT,2026-01-21 00:00:00,0.00101107
WHITEWHALEUSDT,2026-01-20 20:00:00,0.00005
WHITEWHALEUSDT,2026-01-20 16:00:00,0.00005
WHITEWHALEUSDT,2026-01-20 12:00:00,0.0000697
WHITEWHALEUSDT,2026-01-20 08:00:00,0.00005
WHITEWHALEUSDT,2026-01-20 04:00:00,0.00005
WHITEWHALEUSDT,2026-01-20 00:00:00,0.00005
WHITEWHALEUSDT,2026-01-19 20:00:00,0.00005
WHITEWHALEUSDT,2026-01-19 16:00:00,0.00005
WHITEWHALEUSDT,2026-01-19 12:00:00,0.00005
WHITEWHALEUSDT,2026-01-19 08:00:00,0.00070267
WHITEWHALEUSDT,2026-01-19 04:00:00,0.00032376
WHITEWHALEUSDT,2026-01-19 00:00:00,0.00005
WHITEWHALEUSDT,2026-01-18 20:00:00,0.00005
WHITEWHALEUSDT,2026-01-18 16:00:00,0.00005
WHITEWHALEUSDT,2026-01-18 12:00:00,0.00005
WHITEWHALEUSDT,2026-01-18 08:00:00,0.00005
WHITEWHALEUSDT,2026-01-18 04:00:00,0.00005
WHITEWHALEUSDT,2026-01-18 00:00:00,0.00005
WHITEWHALEUSDT,2026-01-17 20:00:00,0.00005
WHITEWHALEUSDT,2026-01-17 16:00:00,0.00005
WHITEWHALEUSDT,2026-01-17 12:00:00,0.00005
WHITEWHALEUSDT,2026-01-17 08:00:00,0.00005
WHITEWHALEUSDT,2026-01-17 04:00:00,0.00005
WHITEWHALEUSDT,2026-01-17 00:00:00,0.00005
WHITEWHALEUSDT,2026-01-16 20:00:00,-0.00068952
WHITEWHALEUSDT,2026-01-16 16:00:00,0.00005
WHITEWHALEUSDT,2026-01-16 12:00:00,0.00005
WHITEWHALEUSDT,2026-01-16 08:00:00,0.00005
WHITEWHALEUSDT,2026-01-16 04:00:00,0.00005
WHITEWHALEUSDT,2026-01-16 00:00:00,0.00005
WHITEWHALEUSDT,2026-01-15 20:00:00,0.00005
WHITEWHALEUSDT,2026-01-15 16:00:00,0.00005
WHITEWHALEUSDT,2026-01-15 12:00:00,0.00005
WHITEWHALEUSDT,2026-01-15 08:00:00,0.00005
WHITEWHALEUSDT,2026-01-15 04:00:00,0.00005
WHITEWHALEUSDT,2026-01-15 00:00:00,0.00005
WHITEWHALEUSDT,2026-01-14 20:00:00,0.00005
WHITEWHALEUSDT,2026-01-14 16:00:00,0.00005
WHITEWHALEUSDT,2026-01-14 12:00:00,0.00005
WHITEWHALEUSDT,2026-01-14 08:00:00,-0.00103501
WHITEWHALEUSDT,2026-01-14 04:00:00,0.00005
WHITEWHALEUSDT,2026-01-14 00:00:00,0.00017123
WHITEWHALEUSDT,2026-01-13 20:00:00,-0.00048065
WHITEWHALEUSDT,2026-01-13 16:00:00,0.00005
WHITEWHALEUSDT,2026-01-13 12:00:00,-0.00050796
WHITEWHALEUSDT,2026-01-13 08:00:00,-0.00182879
WHITEWHALEUSDT,2026-01-13 04:00:00,0.00005
WHITEWHALEUSDT,2026-01-13 00:00:00,-0.00063276
WHITEWHALEUSDT,2026-01-12 20:00:00,-0.00137805
WHITEWHALEUSDT,2026-01-12 16:00:00,-0.00214029
WHITEWHALEUSDT,2026-01-12 12:00:00,-0.00485787
WHITEWHALEUSDT,2026-01-12 08:00:00,-0.00415643
WHITEWHALEUSDT,2026-01-12 04:00:00,-0.00408408
WHITEWHALEUSDT,2026-01-12 00:00:00,-0.00875055
WHITEWHALEUSDT,2026-01-11 20:00:00,-0.01479947
WHITEWHALEUSDT,2026-01-11 16:00:00,-0.00194851
WHITEWHALEUSDT,2026-01-11 12:00:00,-0.00057679
WHITEWHALEUSDT,2026-01-11 08:00:00,-0.0008168
WHITEWHALEUSDT,2026-01-11 04:00:00,-0.0012901
WHITEWHALEUSDT,2026-01-11 00:00:00,-0.00150869
WHITEWHALEUSDT,2026-01-10 20:00:00,-0.01008339
WHITEWHALEUSDT,2026-01-10 16:00:00,-0.00124427
WHITEWHALEUSDT,2026-01-10 12:00:00,-0.0007915
WHITEWHALEUSDT,2026-01-10 08:00:00,0.00005
WHITEWHALEUSDT,2026-01-10 04:00:00,-0.00035944
WHITEWHALEUSDT,2026-01-10 00:00:00,0.00001259
WHITEWHALEUSDT,2026-01-09 20:00:00,-0.00078688
WHITEWHALEUSDT,2026-01-09 16:00:00,-0.00047579
WHITEWHALEUSDT,2026-01-09 12:00:00,-0.00099951
WHITEWHALEUSDT,2026-01-09 08:00:00,-0.00084677
WHITEWHALEUSDT,2026-01-09 04:00:00,-0.00131492
WHITEWHALEUSDT,2026-01-09 00:00:00,-0.00119351
WHITEWHALEUSDT,2026-01-08 20:00:00,-0.00061084
WHITEWHALEUSDT,2026-01-08 16:00:00,-0.00028036
WHITEWHALEUSDT,2026-01-08 12:00:00,-0.00104089
WHITEWHALEUSDT,2026-01-08 08:00:00,0.00005
WHITEWHALEUSDT,2026-01-08 04:00:00,-0.00058321
WHITEWHALEUSDT,2026-01-08 00:00:00,-0.00126345
WHITEWHALEUSDT,2026-01-07 20:00:00,-0.0031853
WHITEWHALEUSDT,2026-01-07 16:00:00,-0.00199728
WHITEWHALEUSDT,2026-01-07 12:00:00,0.00005
WHITEWHALEUSDT,2026-01-07 08:00:00,0.00032749
WHITEWHALEUSDT,2026-01-07 04:00:00,-0.00012956
WHITEWHALEUSDT,2026-01-07 00:00:00,0.00007864
WHITEWHALEUSDT,2026-01-06 20:00:00,0.00004109
WHITEWHALEUSDT,2026-01-06 16:00:00,0.0011508
WHITEWHALEUSDT,2026-01-06 12:00:00,0.00005
FOGOUSDT,2026-02-15 00:00:00,0.00005
FOGOUSDT,2026-02-14 20:00:00,0.00005
FOGOUSDT,2026-02-14 16:00:00,0.00005
FOGOUSDT,2026-02-14 12:00:00,0.00005
FOGOUSDT,2026-02-14 08:00:00,-0.0003685
FOGOUSDT,2026-02-14 04:00:00,-0.00002253
FOGOUSDT,2026-02-14 00:00:00,0.00005
FOGOUSDT,2026-02-13 20:00:00,0.00005
FOGOUSDT,2026-02-13 16:00:00,0.00004889
FOGOUSDT,2026-02-13 12:00:00,0.00005
FOGOUSDT,2026-02-13 08:00:00,0.00005
FOGOUSDT,2026-02-13 04:00:00,0.00005
FOGOUSDT,2026-02-13 00:00:00,0.00005
FOGOUSDT,2026-02-12 20:00:00,0.00005
FOGOUSDT,2026-02-12 16:00:00,0.00005
FOGOUSDT,2026-02-12 12:00:00,0.00005
FOGOUSDT,2026-02-12 08:00:00,0.00005
FOGOUSDT,2026-02-12 04:00:00,0.00005
FOGOUSDT,2026-02-12 00:00:00,0.00005
FOGOUSDT,2026-02-11 20:00:00,0.00005
FOGOUSDT,2026-02-11 16:00:00,0.00005
FOGOUSDT,2026-02-11 12:00:00,0.00003359
FOGOUSDT,2026-02-11 08:00:00,0.00005
FOGOUSDT,2026-02-11 04:00:00,-0.00025067
FOGOUSDT,2026-02-11 00:00:00,-0.0005613
FOGOUSDT,2026-02-10 20:00:00,-0.00043761
FOGOUSDT,2026-02-10 16:00:00,-0.00033784
FOGOUSDT,2026-02-10 12:00:00,-0.00029103
FOGOUSDT,2026-02-10 08:00:00,-0.00026325
FOGOUSDT,2026-02-10 04:00:00,-0.00023996
FOGOUSDT,2026-02-10 00:00:00,-0.00144505
FOGOUSDT,2026-02-09 20:00:00,-0.00077595
FOGOUSDT,2026-02-09 16:00:00,-0.00097828
FOGOUSDT,2026-02-09 12:00:00,-0.00048963
FOGOUSDT,2026-02-09 08:00:00,-0.00072678
FOGOUSDT,2026-02-09 04:00:00,-0.00013154
FOGOUSDT,2026-02-09 00:00:00,-0.00077477
FOGOUSDT,2026-02-08 20:00:00,-0.00061833
FOGOUSDT,2026-02-08 16:00:00,-0.00021564
FOGOUSDT,2026-02-08 12:00:00,-0.00010043
FOGOUSDT,2026-02-08 08:00:00,-0.00046585
FOGOUSDT,2026-02-08 04:00:00,-0.00058277
FOGOUSDT,2026-02-08 00:00:00,-0.00004929
FOGOUSDT,2026-02-07 20:00:00,-0.00028751
FOGOUSDT,2026-02-07 16:00:00,0.00004543
FOGOUSDT,2026-02-07 12:00:00,-0.00011083
FOGOUSDT,2026-02-07 08:00:00,0.00004422
FOGOUSDT,2026-02-07 04:00:00,0.00005
FOGOUSDT,2026-02-07 00:00:00,0.00005
FOGOUSDT,2026-02-06 20:00:00,0.00005
FOGOUSDT,2026-02-06 16:00:00,0.00005
FOGOUSDT,2026-02-06 12:00:00,-0.00012814
FOGOUSDT,2026-02-06 08:00:00,0.00005
FOGOUSDT,2026-02-06 04:00:00,0.00005
FOGOUSDT,2026-02-06 00:00:00,0.00005
FOGOUSDT,2026-02-05 20:00:00,0.00005
FOGOUSDT,2026-02-05 16:00:00,0.00005
FOGOUSDT,2026-02-05 12:00:00,0.00005
FOGOUSDT,2026-02-05 08:00:00,0.00005
FOGOUSDT,2026-02-05 04:00:00,0.00005
FOGOUSDT,2026-02-05 00:00:00,0.00005
FOGOUSDT,2026-02-04 20:00:00,0.00005
FOGOUSDT,2026-02-04 16:00:00,0.00005
FOGOUSDT,2026-02-04 12:00:00,0.00001426
FOGOUSDT,2026-02-04 08:00:00,0.00005
FOGOUSDT,2026-02-04 04:00:00,0.00005
FOGOUSDT,2026-02-04 00:00:00,0.00005
FOGOUSDT,2026-02-03 20:00:00,-0.00037116
FOGOUSDT,2026-02-03 16:00:00,-0.0005324
FOGOUSDT,2026-02-03 12:00:00,-0.00000653
FOGOUSDT,2026-02-03 08:00:00,0.00005
FOGOUSDT,2026-02-03 04:00:00,0.00002356
FOGOUSDT,2026-02-03 00:00:00,-0.00034898
FOGOUSDT,2026-02-02 20:00:00,0.00003512
FOGOUSDT,2026-02-02 16:00:00,0.00005
FOGOUSDT,2026-02-02 12:00:00,0.00005
FOGOUSDT,2026-02-02 08:00:00,0.00005
FOGOUSDT,2026-02-02 04:00:00,0.00005
FOGOUSDT,2026-02-02 00:00:00,0.00005
FOGOUSDT,2026-02-01 20:00:00,-0.00001178
FOGOUSDT,2026-02-01 16:00:00,-0.00019542
FOGOUSDT,2026-02-01 12:00:00,0.00000872
FOGOUSDT,2026-02-01 08:00:00,-0.00016183
FOGOUSDT,2026-02-01 04:00:00,-0.00009785
FOGOUSDT,2026-02-01 00:00:00,-0.00026031
FOGOUSDT,2026-01-31 20:00:00,-0.00038843
FOGOUSDT,2026-01-31 16:00:00,-0.0007998
FOGOUSDT,2026-01-31 12:00:00,0.00005
FOGOUSDT,2026-01-31 08:00:00,-0.00023284
FOGOUSDT,2026-01-31 04:00:00,-0.00008634
FOGOUSDT,2026-01-31 00:00:00,0.00005
FOGOUSDT,2026-01-30 20:00:00,0.00005
FOGOUSDT,2026-01-30 16:00:00,-0.0000623
FOGOUSDT,2026-01-30 12:00:00,-0.00003584
FOGOUSDT,2026-01-30 08:00:00,-0.00061868
FOGOUSDT,2026-01-30 04:00:00,0.00005
FOGOUSDT,2026-01-30 00:00:00,0.00005
FOGOUSDT,2026-01-29 20:00:00,0.00005
FOGOUSDT,2026-01-29 16:00:00,0.00005
FOGOUSDT,2026-01-29 12:00:00,-0.00171385
FOGOUSDT,2026-01-29 08:00:00,-0.00124047
FOGOUSDT,2026-01-29 04:00:00,0.00005
FOGOUSDT,2026-01-29 00:00:00,-0.00086904
FOGOUSDT,2026-01-28 20:00:00,-0.00129662
FOGOUSDT,2026-01-28 16:00:00,-0.00161351
FOGOUSDT,2026-01-28 12:00:00,-0.00184908
FOGOUSDT,2026-01-28 08:00:00,-0.00217699
FOGOUSDT,2026-01-28 04:00:00,-0.00306103
FOGOUSDT,2026-01-28 00:00:00,-0.00026495
FOGOUSDT,2026-01-27 20:00:00,0.00005
FOGOUSDT,2026-01-27 16:00:00,0.00005
FOGOUSDT,2026-01-27 12:00:00,-0.00034969
FOGOUSDT,2026-01-27 08:00:00,0.00005
FOGOUSDT,2026-01-27 04:00:00,-0.00006541
FOGOUSDT,2026-01-27 00:00:00,0.00005
FOGOUSDT,2026-01-26 20:00:00,0.00005
FOGOUSDT,2026-01-26 16:00:00,0.00005
FOGOUSDT,2026-01-26 12:00:00,0.00005
FOGOUSDT,2026-01-26 08:00:00,0.00005
FOGOUSDT,2026-01-26 04:00:00,0.00005
FOGOUSDT,2026-01-26 00:00:00,-0.00006834
FOGOUSDT,2026-01-25 20:00:00,0.00005
FOGOUSDT,2026-01-25 16:00:00,-0.00028083
FOGOUSDT,2026-01-25 12:00:00,-0.00067176
FOGOUSDT,2026-01-25 08:00:00,-0.00073762
FOGOUSDT,2026-01-25 04:00:00,-0.00042119
FOGOUSDT,2026-01-25 00:00:00,0.00005
FOGOUSDT,2026-01-24 20:00:00,-0.00031473
FOGOUSDT,2026-01-24 16:00:00,0.00005
FOGOUSDT,2026-01-24 12:00:00,-0.00198532
FOGOUSDT,2026-01-24 08:00:00,0.00005
FOGOUSDT,2026-01-24 04:00:00,0.00005
FOGOUSDT,2026-01-24 00:00:00,-0.00087418
FOGOUSDT,2026-01-23 20:00:00,-0.00004236
FOGOUSDT,2026-01-23 16:00:00,0.00005
FOGOUSDT,2026-01-23 12:00:00,0.00005
FOGOUSDT,2026-01-23 08:00:00,0.00005
FOGOUSDT,2026-01-23 04:00:00,0.00005
FOGOUSDT,2026-01-23 00:00:00,-0.00124058
FOGOUSDT,2026-01-22 20:00:00,-0.00126337
FOGOUSDT,2026-01-22 16:00:00,0.00005
FOGOUSDT,2026-01-22 12:00:00,0.00004564
FOGOUSDT,2026-01-22 08:00:00,0.00005
FOGOUSDT,2026-01-22 04:00:00,0.00005
FOGOUSDT,2026-01-22 00:00:00,0.00005
FOGOUSDT,2026-01-21 20:00:00,0.00005
FOGOUSDT,2026-01-21 16:00:00,0.00005
FOGOUSDT,2026-01-21 12:00:00,0.00005
FOGOUSDT,2026-01-21 08:00:00,0.00005
FOGOUSDT,2026-01-21 04:00:00,0.00005
FOGOUSDT,2026-01-21 00:00:00,0.00005
FOGOUSDT,2026-01-20 20:00:00,0.00001595
FOGOUSDT,2026-01-20 16:00:00,-0.00006968
FOGOUSDT,2026-01-20 12:00:00,-0.00057415
FOGOUSDT,2026-01-20 08:00:00,0.00005
FOGOUSDT,2026-01-20 04:00:00,0.00005
FOGOUSDT,2026-01-20 00:00:00,0.00005
FOGOUSDT,2026-01-19 20:00:00,-0.00285903
FOGOUSDT,2026-01-19 16:00:00,-0.00259229
FOGOUSDT,2026-01-19 12:00:00,-0.00128461
FOGOUSDT,2026-01-19 08:00:00,-0.00137344
FOGOUSDT,2026-01-19 04:00:00,0.00003687
FOGOUSDT,2026-01-19 00:00:00,0.00005
FOGOUSDT,2026-01-18 20:00:00,0.00005
FOGOUSDT,2026-01-18 16:00:00,0.0000372
FOGOUSDT,2026-01-18 12:00:00,0.00005
FOGOUSDT,2026-01-18 08:00:00,0.00005
FOGOUSDT,2026-01-18 04:00:00,0.00005
FOGOUSDT,2026-01-18 00:00:00,-0.00095454
FOGOUSDT,2026-01-17 20:00:00,0.00005
FOGOUSDT,2026-01-17 16:00:00,0.00005
FOGOUSDT,2026-01-17 12:00:00,0.00005
FOGOUSDT,2026-01-17 08:00:00,0.00005
FOGOUSDT,2026-01-17 04:00:00,0.00005
FOGOUSDT,2026-01-17 00:00:00,0.00005
FOGOUSDT,2026-01-16 20:00:00,0.00005
FOGOUSDT,2026-01-16 16:00:00,0.00005
FOGOUSDT,2026-01-16 12:00:00,-0.00098025
FOGOUSDT,2026-01-16 08:00:00,0.00005
FOGOUSDT,2026-01-16 04:00:00,-0.000498
FOGOUSDT,2026-01-16 00:00:00,0.00005
FOGOUSDT,2026-01-15 20:00:00,-0.00011155
FOGOUSDT,2026-01-15 16:00:00,-0.00101295
FOGOUSDT,2026-01-15 12:00:00,0.00005
FOGOUSDT,2026-01-15 08:00:00,0.00005
FOGOUSDT,2026-01-15 04:00:00,0.00005
FOGOUSDT,2026-01-15 00:00:00,0.00005
ELSAUSDT,2026-02-20 00:00:00,-0.00043048
ELSAUSDT,2026-02-19 23:00:00,-0.00024047
ELSAUSDT,2026-02-19 22:00:00,-0.00019623
ELSAUSDT,2026-02-19 21:00:00,-0.00069976
ELSAUSDT,2026-02-19 20:00:00,-0.00064787
ELSAUSDT,2026-02-19 19:00:00,-0.00044543
ELSAUSDT,2026-02-19 18:00:00,-0.00059317
ELSAUSDT,2026-02-19 17:00:00,-0.0005458
ELSAUSDT,2026-02-19 16:00:00,-0.00009064
ELSAUSDT,2026-02-19 15:00:00,-0.00027469
ELSAUSDT,2026-02-19 14:00:00,-0.00001929
ELSAUSDT,2026-02-19 13:00:00,-0.00005078
ELSAUSDT,2026-02-19 12:00:00,-0.00013101
ELSAUSDT,2026-02-19 11:00:00,-0.00028915
ELSAUSDT,2026-02-19 10:00:00,0.0000125
ELSAUSDT,2026-02-19 09:00:00,0.0000125
ELSAUSDT,2026-02-19 08:00:00,-0.00027952
ELSAUSDT,2026-02-19 07:00:00,-0.00050983
ELSAUSDT,2026-02-19 06:00:00,-0.00025609
ELSAUSDT,2026-02-19 05:00:00,-0.00004121
ELSAUSDT,2026-02-19 04:00:00,-0.00013725
ELSAUSDT,2026-02-19 03:00:00,-0.00054437
ELSAUSDT,2026-02-19 02:00:00,-0.00029278
ELSAUSDT,2026-02-19 01:00:00,-0.00025405
ELSAUSDT,2026-02-19 00:00:00,-0.00065763
ELSAUSDT,2026-02-18 23:00:00,-0.00020961
ELSAUSDT,2026-02-18 22:00:00,-0.00015368
ELSAUSDT,2026-02-18 21:00:00,-0.00047455
ELSAUSDT,2026-02-18 20:00:00,-0.00023407
ELSAUSDT,2026-02-18 19:00:00,-0.00030619
ELSAUSDT,2026-02-18 18:00:00,-0.00042424
ELSAUSDT,2026-02-18 17:00:00,-0.00034718
ELSAUSDT,2026-02-18 16:00:00,-0.00026104
ELSAUSDT,2026-02-18 15:00:00,-0.00007429
ELSAUSDT,2026-02-18 14:00:00,-0.0004304
ELSAUSDT,2026-02-18 13:00:00,0.0000125
ELSAUSDT,2026-02-18 12:00:00,0.0000125
ELSAUSDT,2026-02-18 11:00:00,-0.00012613
ELSAUSDT,2026-02-18 10:00:00,0.0000125
ELSAUSDT,2026-02-18 09:00:00,0.0000125
ELSAUSDT,2026-02-18 08:00:00,-0.00002255
ELSAUSDT,2026-02-18 07:00:00,-0.00012439
ELSAUSDT,2026-02-18 06:00:00,-0.00021059
ELSAUSDT,2026-02-18 05:00:00,-0.00016548
ELSAUSDT,2026-02-18 04:00:00,0.0000125
ELSAUSDT,2026-02-18 03:00:00,0.0000125
ELSAUSDT,2026-02-18 02:00:00,-0.00098744
ELSAUSDT,2026-02-18 01:00:00,-0.00027816
ELSAUSDT,2026-02-18 00:00:00,-0.00023244
ELSAUSDT,2026-02-17 23:00:00,-0.00057913
ELSAUSDT,2026-02-17 22:00:00,-0.00006087
ELSAUSDT,2026-02-17 21:00:00,-0.00049767
ELSAUSDT,2026-02-17 20:00:00,-0.00029147
ELSAUSDT,2026-02-17 19:00:00,0.0000125
ELSAUSDT,2026-02-17 18:00:00,-0.0000348
ELSAUSDT,2026-02-17 17:00:00,0.0000125
ELSAUSDT,2026-02-17 16:00:00,0.0000125
ELSAUSDT,2026-02-17 15:00:00,-0.00001666
ELSAUSDT,2026-02-17 14:00:00,0.0000125
ELSAUSDT,2026-02-17 13:00:00,0.0000125
ELSAUSDT,2026-02-17 12:00:00,-0.00002068
ELSAUSDT,2026-02-17 11:00:00,-0.00003442
ELSAUSDT,2026-02-17 10:00:00,0.0000125
ELSAUSDT,2026-02-17 09:00:00,0.0000125
ELSAUSDT,2026-02-17 08:00:00,0.0000125
ELSAUSDT,2026-02-17 07:00:00,0.0000125
ELSAUSDT,2026-02-17 06:00:00,-0.00001703
ELSAUSDT,2026-02-17 05:00:00,0.0000125
ELSAUSDT,2026-02-17 04:00:00,-0.00028928
ELSAUSDT,2026-02-17 03:00:00,0.0000125
ELSAUSDT,2026-02-17 02:00:00,0.0000125
ELSAUSDT,2026-02-17 01:00:00,0.0000125
ELSAUSDT,2026-02-17 00:00:00,0.0000125
ELSAUSDT,2026-02-16 23:00:00,0.0000125
ELSAUSDT,2026-02-16 22:00:00,0.0000125
ELSAUSDT,2026-02-16 21:00:00,0.0000125
ELSAUSDT,2026-02-16 20:00:00,0.0000125
ELSAUSDT,2026-02-16 19:00:00,0.0000125
ELSAUSDT,2026-02-16 18:00:00,0.0000125
ELSAUSDT,2026-02-16 17:00:00,0.0000125
ELSAUSDT,2026-02-16 16:00:00,-0.00018574
ELSAUSDT,2026-02-16 15:00:00,0.0000125
ELSAUSDT,2026-02-16 14:00:00,0.0000125
ELSAUSDT,2026-02-16 13:00:00,0.0000125
ELSAUSDT,2026-02-16 12:00:00,0.0000125
ELSAUSDT,2026-02-16 11:00:00,0.0000125
ELSAUSDT,2026-02-16 10:00:00,-0.00021891
ELSAUSDT,2026-02-16 09:00:00,0.0000125
ELSAUSDT,2026-02-16 08:00:00,-0.0000482
ELSAUSDT,2026-02-16 07:00:00,-0.00032566
ELSAUSDT,2026-02-16 06:00:00,-0.00034237
ELSAUSDT,2026-02-16 05:00:00,0.0000125
ELSAUSDT,2026-02-16 04:00:00,0.0000125
ELSAUSDT,2026-02-16 03:00:00,-0.00007666
ELSAUSDT,2026-02-16 02:00:00,0.0000125
ELSAUSDT,2026-02-16 01:00:00,0.0000125
ELSAUSDT,2026-02-16 00:00:00,0.0000125
ELSAUSDT,2026-02-15 23:00:00,0.0000125
ELSAUSDT,2026-02-15 22:00:00,0.0000125
ELSAUSDT,2026-02-15 21:00:00,0.0000125
ELSAUSDT,2026-02-15 20:00:00,0.0000125
ELSAUSDT,2026-02-15 19:00:00,0.0000125
ELSAUSDT,2026-02-15 18:00:00,0.0000125
ELSAUSDT,2026-02-15 17:00:00,0.0000125
ELSAUSDT,2026-02-15 16:00:00,0.0000125
ELSAUSDT,2026-02-15 15:00:00,0.0000125
ELSAUSDT,2026-02-15 14:00:00,0.0000125
ELSAUSDT,2026-02-15 13:00:00,0.0000125
ELSAUSDT,2026-02-15 12:00:00,0.0000125
ELSAUSDT,2026-02-15 11:00:00,0.0000125
ELSAUSDT,2026-02-15 10:00:00,0.0000125
ELSAUSDT,2026-02-15 09:00:00,0.0000125
ELSAUSDT,2026-02-15 08:00:00,0.0000125
ELSAUSDT,2026-02-15 07:00:00,0.0000125
ELSAUSDT,2026-02-15 06:00:00,-0.00004172
ELSAUSDT,2026-02-15 05:00:00,0.00001198
ELSAUSDT,2026-02-15 04:00:00,0.0000125
ELSAUSDT,2026-02-15 03:00:00,0.0000125
ELSAUSDT,2026-02-15 02:00:00,0.0000125
ELSAUSDT,2026-02-15 01:00:00,0.0000125
ELSAUSDT,2026-02-15 00:00:00,0.0000125
ELSAUSDT,2026-02-14 23:00:00,0.0000125
ELSAUSDT,2026-02-14 22:00:00,0.0000125
ELSAUSDT,2026-02-14 21:00:00,0.0000125
ELSAUSDT,2026-02-14 20:00:00,0.0000125
ELSAUSDT,2026-02-14 19:00:00,0.0000125
ELSAUSDT,2026-02-14 18:00:00,0.0000125
ELSAUSDT,2026-02-14 17:00:00,0.0000125
ELSAUSDT,2026-02-14 16:00:00,0.0000125
ELSAUSDT,2026-02-14 15:00:00,0.0000125
ELSAUSDT,2026-02-14 14:00:00,0.0000125
ELSAUSDT,2026-02-14 13:00:00,0.0000125
ELSAUSDT,2026-02-14 12:00:00,0.0000125
ELSAUSDT,2026-02-14 11:00:00,0.0000125
ELSAUSDT,2026-02-14 10:00:00,0.0000125
ELSAUSDT,2026-02-14 09:00:00,0.0000125
ELSAUSDT,2026-02-14 08:00:00,0.0000125
ELSAUSDT,2026-02-14 07:00:00,0.0000125
ELSAUSDT,2026-02-14 06:00:00,0.0000125
ELSAUSDT,2026-02-14 05:00:00,0.0000125
ELSAUSDT,2026-02-14 04:00:00,0.0000125
ELSAUSDT,2026-02-14 03:00:00,0.0000125
ELSAUSDT,2026-02-14 02:00:00,0.0000125
ELSAUSDT,2026-02-14 01:00:00,0.0000125
ELSAUSDT,2026-02-14 00:00:00,0.0000125
ELSAUSDT,2026-02-13 23:00:00,0.0000125
ELSAUSDT,2026-02-13 22:00:00,0.0000125
ELSAUSDT,2026-02-13 21:00:00,0.0000125
ELSAUSDT,2026-02-13 20:00:00,0.0000125
ELSAUSDT,2026-02-13 19:00:00,0.0000125
ELSAUSDT,2026-02-13 18:00:00,0.0000125
ELSAUSDT,2026-02-13 17:00:00,0.0000125
ELSAUSDT,2026-02-13 16:00:00,0.0000125
ELSAUSDT,2026-02-13 15:00:00,0.0000125
ELSAUSDT,2026-02-13 14:00:00,0.0000125
ELSAUSDT,2026-02-13 13:00:00,0.0000125
ELSAUSDT,2026-02-13 12:00:00,0.0000125
ELSAUSDT,2026-02-13 11:00:00,0.0000125
ELSAUSDT,2026-02-13 10:00:00,0.0000125
ELSAUSDT,2026-02-13 09:00:00,0.0000125
ELSAUSDT,2026-02-13 08:00:00,0.0000125
ELSAUSDT,2026-02-13 07:00:00,0.0000125
ELSAUSDT,2026-02-13 06:00:00,0.0000125
ELSAUSDT,2026-02-13 05:00:00,0.0000125
ELSAUSDT,2026-02-13 04:00:00,0.0000125
ELSAUSDT,2026-02-13 03:00:00,0.0000125
ELSAUSDT,2026-02-13 02:00:00,0.0000125
ELSAUSDT,2026-02-13 01:00:00,-0.00006615
ELSAUSDT,2026-02-13 00:00:00,0.0000125
ELSAUSDT,2026-02-12 23:00:00,0.0000125
ELSAUSDT,2026-02-12 22:00:00,0.0000125
ELSAUSDT,2026-02-12 21:00:00,0.0000125
ELSAUSDT,2026-02-12 20:00:00,0.0000125
ELSAUSDT,2026-02-12 19:00:00,0.0000125
ELSAUSDT,2026-02-12 18:00:00,0.0000125
ELSAUSDT,2026-02-12 17:00:00,0.0000125
ELSAUSDT,2026-02-12 16:00:00,0.0000125
ELSAUSDT,2026-02-12 15:00:00,0.00000655
ELSAUSDT,2026-02-12 14:00:00,0.0000125
ELSAUSDT,2026-02-12 13:00:00,0.0000125
ELSAUSDT,2026-02-12 12:00:00,0.0000125
ELSAUSDT,2026-02-12 11:00:00,0.0000125
ELSAUSDT,2026-02-12 10:00:00,0.0000125
ELSAUSDT,2026-02-12 09:00:00,0.0000125
ELSAUSDT,2026-02-12 08:00:00,0.0000125
ELSAUSDT,2026-02-12 07:00:00,0.0000125
ELSAUSDT,2026-02-12 06:00:00,0.0000125
ELSAUSDT,2026-02-12 05:00:00,0.0000125
ELSAUSDT,2026-02-12 04:00:00,0.0000125
ELSAUSDT,2026-02-12 03:00:00,-0.00032409
ELSAUSDT,2026-02-12 02:00:00,0.0000125
ELSAUSDT,2026-02-12 01:00:00,-0.0002803
ELSAUSDT,2026-02-12 00:00:00,-0.00005195
ELSAUSDT,2026-02-11 23:00:00,0.0000125
ELSAUSDT,2026-02-11 22:00:00,0.0000125
ELSAUSDT,2026-02-11 21:00:00,0.0000125
ELSAUSDT,2026-02-11 20:00:00,0.0000125
ELSAUSDT,2026-02-11 19:00:00,0.0000125
ELSAUSDT,2026-02-11 18:00:00,-0.00050964
ELSAUSDT,2026-02-11 17:00:00,-0.00050445
SKRUSDT,2026-02-21 00:00:00,-0.00007075
SKRUSDT,2026-02-20 20:00:00,-0.00021245
SKRUSDT,2026-02-20 16:00:00,-0.00011365
SKRUSDT,2026-02-20 12:00:00,-0.00050934
SKRUSDT,2026-02-20 08:00:00,-0.00036876
SKRUSDT,2026-02-20 04:00:00,-0.00028584
SKRUSDT,2026-02-20 00:00:00,-0.0003439
SKRUSDT,2026-02-19 20:00:00,-0.00033751
SKRUSDT,2026-02-19 16:00:00,-0.00011389
SKRUSDT,2026-02-19 12:00:00,-0.00029012
SKRUSDT,2026-02-19 08:00:00,-0.00006705
SKRUSDT,2026-02-19 04:00:00,0.00005
SKRUSDT,2026-02-19 00:00:00,0.00005
SKRUSDT,2026-02-18 20:00:00,-0.00007721
SKRUSDT,2026-02-18 16:00:00,-0.00008242
SKRUSDT,2026-02-18 12:00:00,-0.00011487
SKRUSDT,2026-02-18 08:00:00,-0.0002195
SKRUSDT,2026-02-18 04:00:00,-0.00023614
SKRUSDT,2026-02-18 00:00:00,-0.0000883
SKRUSDT,2026-02-17 20:00:00,-0.00017657
SKRUSDT,2026-02-17 16:00:00,-0.00013826
SKRUSDT,2026-02-17 12:00:00,-0.0004284
SKRUSDT,2026-02-17 08:00:00,-0.00050796
SKRUSDT,2026-02-17 04:00:00,-0.00042319
SKRUSDT,2026-02-17 00:00:00,-0.00007708
SKRUSDT,2026-02-16 20:00:00,-0.00014352
SKRUSDT,2026-02-16 16:00:00,-0.00015451
SKRUSDT,2026-02-16 12:00:00,-0.00022407
SKRUSDT,2026-02-16 08:00:00,-0.00015098
SKRUSDT,2026-02-16 04:00:00,-0.00016524
SKRUSDT,2026-02-16 00:00:00,-0.00026472
SKRUSDT,2026-02-15 20:00:00,-0.00029563
SKRUSDT,2026-02-15 16:00:00,-0.00012121
SKRUSDT,2026-02-15 12:00:00,-0.00014716
SKRUSDT,2026-02-15 08:00:00,-0.00009618
SKRUSDT,2026-02-15 04:00:00,-0.00005492
SKRUSDT,2026-02-15 00:00:00,0.00005
SKRUSDT,2026-02-14 20:00:00,0.00005
SKRUSDT,2026-02-14 16:00:00,-0.0001289
SKRUSDT,2026-02-14 12:00:00,-0.00029527
SKRUSDT,2026-02-14 08:00:00,-0.00033609
SKRUSDT,2026-02-14 04:00:00,-0.00048533
SKRUSDT,2026-02-14 00:00:00,-0.00008847
SKRUSDT,2026-02-13 20:00:00,-0.00018277
SKRUSDT,2026-02-13 16:00:00,-0.00024516
SKRUSDT,2026-02-13 12:00:00,-0.00021755
SKRUSDT,2026-02-13 08:00:00,-0.00030192
SKRUSDT,2026-02-13 04:00:00,-0.00025984
SKRUSDT,2026-02-13 00:00:00,-0.00015442
SKRUSDT,2026-02-12 20:00:00,0.00005
SKRUSDT,2026-02-12 16:00:00,-0.00009712
SKRUSDT,2026-02-12 12:00:00,-0.00016006
SKRUSDT,2026-02-12 08:00:00,-0.00004452
SKRUSDT,2026-02-12 04:00:00,-0.0000515
SKRUSDT,2026-02-12 00:00:00,-0.00004053
SKRUSDT,2026-02-11 20:00:00,0.00005
SKRUSDT,2026-02-11 16:00:00,0.00005
SKRUSDT,2026-02-11 12:00:00,0.00005
SKRUSDT,2026-02-11 08:00:00,0.00003961
SKRUSDT,2026-02-11 04:00:00,0.00005
SKRUSDT,2026-02-11 00:00:00,0.00005
SKRUSDT,2026-02-10 20:00:00,0.00005
SKRUSDT,2026-02-10 16:00:00,0.00000379
SKRUSDT,2026-02-10 12:00:00,-0.00010682
SKRUSDT,2026-02-10 08:00:00,-0.00023759
SKRUSDT,2026-02-10 04:00:00,-0.00017492
SKRUSDT,2026-02-10 00:00:00,-0.00011219
SKRUSDT,2026-02-09 20:00:00,-0.00006848
SKRUSDT,2026-02-09 16:00:00,-0.00030976
SKRUSDT,2026-02-09 12:00:00,-0.00032851
SKRUSDT,2026-02-09 08:00:00,-0.00008653
SKRUSDT,2026-02-09 04:00:00,-0.00016931
SKRUSDT,2026-02-09 00:00:00,-0.0001121
SKRUSDT,2026-02-08 20:00:00,0.00005
SKRUSDT,2026-02-08 16:00:00,-0.00007667
SKRUSDT,2026-02-08 12:00:00,-0.00026911
SKRUSDT,2026-02-08 08:00:00,-0.00033297
SKRUSDT,2026-02-08 04:00:00,-0.00011402
SKRUSDT,2026-02-08 00:00:00,-0.0002798
SKRUSDT,2026-02-07 20:00:00,-0.00016449
SKRUSDT,2026-02-07 16:00:00,-0.0000684
SKRUSDT,2026-02-07 12:00:00,-0.00015059
SKRUSDT,2026-02-07 08:00:00,-0.00018488
SKRUSDT,2026-02-07 04:00:00,-0.00027054
SKRUSDT,2026-02-07 00:00:00,0.00005
SKRUSDT,2026-02-06 20:00:00,-0.00011714
SKRUSDT,2026-02-06 16:00:00,-0.00011614
SKRUSDT,2026-02-06 12:00:00,-0.00005091
SKRUSDT,2026-02-06 08:00:00,-0.00128844
SKRUSDT,2026-02-06 04:00:00,-0.00104893
SKRUSDT,2026-02-06 00:00:00,-0.00121699
SKRUSDT,2026-02-05 20:00:00,-0.00336625
SKRUSDT,2026-02-05 16:00:00,-0.00003618
SKRUSDT,2026-02-05 12:00:00,0.00005
SKRUSDT,2026-02-05 08:00:00,0.00005
SKRUSDT,2026-02-05 04:00:00,0.00005
SKRUSDT,2026-02-05 00:00:00,0.00000812
SKRUSDT,2026-02-04 20:00:00,0.00005
SKRUSDT,2026-02-04 16:00:00,-0.00001115
SKRUSDT,2026-02-04 12:00:00,-0.0001629
SKRUSDT,2026-02-04 08:00:00,-0.00012994
SKRUSDT,2026-02-04 04:00:00,-0.00000562
SKRUSDT,2026-02-04 00:00:00,-0.0003149
SKRUSDT,2026-02-03 20:00:00,-0.00002613
SKRUSDT,2026-02-03 16:00:00,-0.00015466
SKRUSDT,2026-02-03 12:00:00,-0.00045318
SKRUSDT,2026-02-03 08:00:00,-0.00008095
SKRUSDT,2026-02-03 04:00:00,-0.00029459
SKRUSDT,2026-02-03 00:00:00,-0.00020695
SKRUSDT,2026-02-02 20:00:00,-0.00019848
SKRUSDT,2026-02-02 16:00:00,-0.00013733
SKRUSDT,2026-02-02 12:00:00,-0.00023391
SKRUSDT,2026-02-02 08:00:00,-0.00009656
SKRUSDT,2026-02-02 04:00:00,-0.00011269
SKRUSDT,2026-02-02 00:00:00,0.00005
SKRUSDT,2026-02-01 20:00:00,0.00000431
SKRUSDT,2026-02-01 16:00:00,0.00005
SKRUSDT,2026-02-01 12:00:00,-0.00010997
SKRUSDT,2026-02-01 08:00:00,-0.00001149
SKRUSDT,2026-02-01 04:00:00,0.00005
SKRUSDT,2026-02-01 00:00:00,-0.00015843
SKRUSDT,2026-01-31 20:00:00,0.00005
SKRUSDT,2026-01-31 16:00:00,-0.0002098
SKRUSDT,2026-01-31 12:00:00,-0.00022985
SKRUSDT,2026-01-31 08:00:00,-0.0000422
SKRUSDT,2026-01-31 04:00:00,-0.00008855
SKRUSDT,2026-01-31 00:00:00,-0.00071944
SKRUSDT,2026-01-30 20:00:00,-0.00043746
SKRUSDT,2026-01-30 16:00:00,-0.00126211
SKRUSDT,2026-01-30 12:00:00,-0.00021006
SKRUSDT,2026-01-30 08:00:00,-0.00014857
SKRUSDT,2026-01-30 04:00:00,0.00005
SKRUSDT,2026-01-30 00:00:00,-0.00001858
SKRUSDT,2026-01-29 20:00:00,-0.0001061
SKRUSDT,2026-01-29 16:00:00,-0.00009047
SKRUSDT,2026-01-29 12:00:00,-0.00010286
SKRUSDT,2026-01-29 08:00:00,-0.00040259
SKRUSDT,2026-01-29 04:00:00,-0.00028101
SKRUSDT,2026-01-29 00:00:00,-0.00016352
SKRUSDT,2026-01-28 20:00:00,-0.0002613
SKRUSDT,2026-01-28 16:00:00,-0.00036559
SKRUSDT,2026-01-28 12:00:00,-0.00037514
SKRUSDT,2026-01-28 08:00:00,-0.00019704
SKRUSDT,2026-01-28 04:00:00,-0.00012466
SKRUSDT,2026-01-28 00:00:00,-0.00026087
SKRUSDT,2026-01-27 20:00:00,-0.00009552
SKRUSDT,2026-01-27 16:00:00,-0.00039061
SKRUSDT,2026-01-27 12:00:00,0.00005
SKRUSDT,2026-01-27 08:00:00,0.00005
SKRUSDT,2026-01-27 04:00:00,0.00005
SKRUSDT,2026-01-27 00:00:00,-0.00028944
SKRUSDT,2026-01-26 20:00:00,-0.00026291
SKRUSDT,2026-01-26 16:00:00,-0.00014359
SKRUSDT,2026-01-26 12:00:00,-0.00035319
SKRUSDT,2026-01-26 08:00:00,-0.00081112
SKRUSDT,2026-01-26 04:00:00,-0.00027975
SKRUSDT,2026-01-26 00:00:00,-0.00058989
SKRUSDT,2026-01-25 20:00:00,-0.00068583
SKRUSDT,2026-01-25 16:00:00,-0.00011459
SKRUSDT,2026-01-25 12:00:00,-0.00053499
SKRUSDT,2026-01-25 08:00:00,-0.00059603
SKRUSDT,2026-01-25 04:00:00,-0.00030452
SKRUSDT,2026-01-25 00:00:00,-0.00116812
SKRUSDT,2026-01-24 20:00:00,-0.00025668
SKRUSDT,2026-01-24 16:00:00,-0.00089965
SKRUSDT,2026-01-24 12:00:00,-0.00001269
SKRUSDT,2026-01-24 08:00:00,-0.00094066
SKRUSDT,2026-01-24 04:00:00,-0.00034022
SKRUSDT,2026-01-24 00:00:00,0.00001132
SKRUSDT,2026-01-23 20:00:00,-0.00012195
SKRUSDT,2026-01-23 16:00:00,-0.00189172
SKRUSDT,2026-01-23 12:00:00,-0.00597679
SKRUSDT,2026-01-23 08:00:00,-0.00222256
SKRUSDT,2026-01-23 04:00:00,-0.00270474
SKRUSDT,2026-01-23 00:00:00,-0.00107727
SKRUSDT,2026-01-22 20:00:00,-0.00140977
SKRUSDT,2026-01-22 16:00:00,-0.00205662
SKRUSDT,2026-01-22 12:00:00,-0.00065373
SKRUSDT,2026-01-22 08:00:00,-0.00133551
SKRUSDT,2026-01-22 04:00:00,-0.01879888
SKRUSDT,2026-01-22 00:00:00,-0.00359097
SKRUSDT,2026-01-21 20:00:00,0.00005
SKRUSDT,2026-01-21 16:00:00,0.00005
SKRUSDT,2026-01-21 12:00:00,-0.00123341
SKRUSDT,2026-01-21 08:00:00,0.00005
SKRUSDT,2026-01-21 04:00:00,-0.00299443
SKRUSDT,2026-01-21 00:00:00,0.00005
FIGHTUSDT,2026-02-22 00:00:00,0.00005
FIGHTUSDT,2026-02-21 20:00:00,0.00005
FIGHTUSDT,2026-02-21 16:00:00,0.00022385
FIGHTUSDT,2026-02-21 12:00:00,0.00005
FIGHTUSDT,2026-02-21 08:00:00,0.00005
FIGHTUSDT,2026-02-21 04:00:00,0.00005
FIGHTUSDT,2026-02-21 00:00:00,0.00031543
FIGHTUSDT,2026-02-20 20:00:00,0.00053832
FIGHTUSDT,2026-02-20 16:00:00,0.00019536
FIGHTUSDT,2026-02-20 12:00:00,0.00005
FIGHTUSDT,2026-02-20 08:00:00,0.00019469
FIGHTUSDT,2026-02-20 04:00:00,0.0002309
FIGHTUSDT,2026-02-20 00:00:00,0.00037219
FIGHTUSDT,2026-02-19 20:00:00,0.00005
FIGHTUSDT,2026-02-19 16:00:00,0.00005
FIGHTUSDT,2026-02-19 12:00:00,0.00005
FIGHTUSDT,2026-02-19 08:00:00,0.00005
FIGHTUSDT,2026-02-19 04:00:00,0.00005
FIGHTUSDT,2026-02-19 00:00:00,0.00005
FIGHTUSDT,2026-02-18 20:00:00,0.00005
FIGHTUSDT,2026-02-18 16:00:00,0.00005
FIGHTUSDT,2026-02-18 12:00:00,0.00005
FIGHTUSDT,2026-02-18 08:00:00,0.00005
FIGHTUSDT,2026-02-18 04:00:00,0.00005
FIGHTUSDT,2026-02-18 00:00:00,0.00005
FIGHTUSDT,2026-02-17 20:00:00,-0.00006116
FIGHTUSDT,2026-02-17 16:00:00,0.00005
FIGHTUSDT,2026-02-17 12:00:00,0.00005
FIGHTUSDT,2026-02-17 08:00:00,0.00005
FIGHTUSDT,2026-02-17 04:00:00,0.00005
FIGHTUSDT,2026-02-17 00:00:00,0.00005
FIGHTUSDT,2026-02-16 20:00:00,0.00005
FIGHTUSDT,2026-02-16 16:00:00,0.00038959
FIGHTUSDT,2026-02-16 12:00:00,0.00049256
FIGHTUSDT,2026-02-16 08:00:00,0.00005
FIGHTUSDT,2026-02-16 04:00:00,0.00034844
FIGHTUSDT,2026-02-16 00:00:00,0.00068962
FIGHTUSDT,2026-02-15 20:00:00,0.00017656
FIGHTUSDT,2026-02-15 16:00:00,0.00064336
FIGHTUSDT,2026-02-15 12:00:00,0.00054681
FIGHTUSDT,2026-02-15 08:00:00,0.00093836
FIGHTUSDT,2026-02-15 04:00:00,0.000639
FIGHTUSDT,2026-02-15 00:00:00,0.00103525
FIGHTUSDT,2026-02-14 20:00:00,0.00022425
FIGHTUSDT,2026-02-14 16:00:00,0.00132221
FIGHTUSDT,2026-02-14 12:00:00,0.0003348
FIGHTUSDT,2026-02-14 08:00:00,0.00038882
FIGHTUSDT,2026-02-14 04:00:00,0.00025675
FIGHTUSDT,2026-02-14 00:00:00,0.00012493
FIGHTUSDT,2026-02-13 20:00:00,0.00063044
FIGHTUSDT,2026-02-13 16:00:00,0.00033545
FIGHTUSDT,2026-02-13 12:00:00,0.00005
FIGHTUSDT,2026-02-13 08:00:00,0.00005
FIGHTUSDT,2026-02-13 04:00:00,0.00005
FIGHTUSDT,2026-02-13 00:00:00,0.00005
FIGHTUSDT,2026-02-12 20:00:00,0.00005
FIGHTUSDT,2026-02-12 16:00:00,0.00005
FIGHTUSDT,2026-02-12 12:00:00,0.00005
FIGHTUSDT,2026-02-12 08:00:00,0.00005
FIGHTUSDT,2026-02-12 04:00:00,0.00005
FIGHTUSDT,2026-02-12 00:00:00,0.00040619
FIGHTUSDT,2026-02-11 20:00:00,0.00005
FIGHTUSDT,2026-02-11 16:00:00,0.00005
FIGHTUSDT,2026-02-11 12:00:00,0.00028236
FIGHTUSDT,2026-02-11 08:00:00,0.00005
FIGHTUSDT,2026-02-11 04:00:00,0.00005
FIGHTUSDT,2026-02-11 00:00:00,0.00005
FIGHTUSDT,2026-02-10 20:00:00,0.00005
FIGHTUSDT,2026-02-10 16:00:00,0.00005
FIGHTUSDT,2026-02-10 12:00:00,0.00005
FIGHTUSDT,2026-02-10 08:00:00,0.00005
FIGHTUSDT,2026-02-10 04:00:00,0.00005
FIGHTUSDT,2026-02-10 00:00:00,0.00005
FIGHTUSDT,2026-02-09 20:00:00,0.00005
FIGHTUSDT,2026-02-09 16:00:00,0.00005
FIGHTUSDT,2026-02-09 12:00:00,0.00005
FIGHTUSDT,2026-02-09 08:00:00,0.00005
FIGHTUSDT,2026-02-09 04:00:00,0.00005
FIGHTUSDT,2026-02-09 00:00:00,0.00005
FIGHTUSDT,2026-02-08 20:00:00,0.00005
FIGHTUSDT,2026-02-08 16:00:00,0.00005
FIGHTUSDT,2026-02-08 12:00:00,0.00023175
FIGHTUSDT,2026-02-08 08:00:00,0.00005
FIGHTUSDT,2026-02-08 04:00:00,0.00005
FIGHTUSDT,2026-02-08 00:00:00,0.00013364
FIGHTUSDT,2026-02-07 20:00:00,0.00005
FIGHTUSDT,2026-02-07 16:00:00,0.00014785
FIGHTUSDT,2026-02-07 12:00:00,0.00005
FIGHTUSDT,2026-02-07 08:00:00,0.00005
FIGHTUSDT,2026-02-07 04:00:00,0.00005
FIGHTUSDT,2026-02-07 00:00:00,0.00005
FIGHTUSDT,2026-02-06 20:00:00,0.00005
FIGHTUSDT,2026-02-06 16:00:00,0.00005
FIGHTUSDT,2026-02-06 12:00:00,0.00005
FIGHTUSDT,2026-02-06 08:00:00,-0.00011346
FIGHTUSDT,2026-02-06 04:00:00,-0.0006329
FIGHTUSDT,2026-02-06 00:00:00,0.00003434
FIGHTUSDT,2026-02-05 20:00:00,-0.00001164
FIGHTUSDT,2026-02-05 16:00:00,-0.00120071
FIGHTUSDT,2026-02-05 12:00:00,-0.00004248
FIGHTUSDT,2026-02-05 08:00:00,-0.00022312
FIGHTUSDT,2026-02-05 04:00:00,0.00005
FIGHTUSDT,2026-02-05 00:00:00,0.00005
FIGHTUSDT,2026-02-04 20:00:00,0.00005
FIGHTUSDT,2026-02-04 16:00:00,0.00005
FIGHTUSDT,2026-02-04 12:00:00,0.00005
FIGHTUSDT,2026-02-04 08:00:00,0.00005
FIGHTUSDT,2026-02-04 04:00:00,0.00005
FIGHTUSDT,2026-02-04 00:00:00,-0.00034228
FIGHTUSDT,2026-02-03 20:00:00,0.00005
FIGHTUSDT,2026-02-03 16:00:00,0.00005
FIGHTUSDT,2026-02-03 12:00:00,0.00005
FIGHTUSDT,2026-02-03 08:00:00,0.00005
FIGHTUSDT,2026-02-03 04:00:00,-0.00012926
FIGHTUSDT,2026-02-03 00:00:00,0.00005
FIGHTUSDT,2026-02-02 20:00:00,0.00005
FIGHTUSDT,2026-02-02 16:00:00,-0.000236
FIGHTUSDT,2026-02-02 12:00:00,-0.00101888
FIGHTUSDT,2026-02-02 08:00:00,-0.00290377
FIGHTUSDT,2026-02-02 04:00:00,-0.01009334
FIGHTUSDT,2026-02-02 00:00:00,-0.00928986
FIGHTUSDT,2026-02-01 20:00:00,-0.00182615
FIGHTUSDT,2026-02-01 16:00:00,-0.00072168
FIGHTUSDT,2026-02-01 12:00:00,-0.00206999
FIGHTUSDT,2026-02-01 08:00:00,-0.00036215
FIGHTUSDT,2026-02-01 04:00:00,-0.0002776
FIGHTUSDT,2026-02-01 00:00:00,0.00005
FIGHTUSDT,2026-01-31 20:00:00,0.00005
FIGHTUSDT,2026-01-31 16:00:00,0.00005
FIGHTUSDT,2026-01-31 12:00:00,-0.00026571
FIGHTUSDT,2026-01-31 08:00:00,0.00005
FIGHTUSDT,2026-01-31 04:00:00,0.00005
FIGHTUSDT,2026-01-31 00:00:00,0.00005
FIGHTUSDT,2026-01-30 20:00:00,0.00025573
FIGHTUSDT,2026-01-30 16:00:00,0.00021617
FIGHTUSDT,2026-01-30 12:00:00,0.00005
FIGHTUSDT,2026-01-30 08:00:00,0.00005
FIGHTUSDT,2026-01-30 04:00:00,0.00005
FIGHTUSDT,2026-01-30 00:00:00,0.00005
FIGHTUSDT,2026-01-29 20:00:00,0.00005
FIGHTUSDT,2026-01-29 16:00:00,0.00005
FIGHTUSDT,2026-01-29 12:00:00,0.00026399
FIGHTUSDT,2026-01-29 08:00:00,0.00006956
FIGHTUSDT,2026-01-29 04:00:00,0.00005
FIGHTUSDT,2026-01-29 00:00:00,0.00016556
FIGHTUSDT,2026-01-28 20:00:00,0.00026977
FIGHTUSDT,2026-01-28 16:00:00,0.00027914
FIGHTUSDT,2026-01-28 12:00:00,0.00005
FIGHTUSDT,2026-01-28 08:00:00,0.00005
FIGHTUSDT,2026-01-28 04:00:00,0.00005
FIGHTUSDT,2026-01-28 00:00:00,0.00005
FIGHTUSDT,2026-01-27 20:00:00,0.00005
FIGHTUSDT,2026-01-27 16:00:00,0.00005
FIGHTUSDT,2026-01-27 12:00:00,-0.0002002
FIGHTUSDT,2026-01-27 08:00:00,-0.00023383
FIGHTUSDT,2026-01-27 04:00:00,0.00005
FIGHTUSDT,2026-01-27 00:00:00,0.00005
FIGHTUSDT,2026-01-26 20:00:00,0.00005
FIGHTUSDT,2026-01-26 16:00:00,-0.00092103
FIGHTUSDT,2026-01-26 12:00:00,-0.00039467
FIGHTUSDT,2026-01-26 08:00:00,-0.002252
FIGHTUSDT,2026-01-26 04:00:00,-0.00078635
FIGHTUSDT,2026-01-26 00:00:00,-0.00017487
FIGHTUSDT,2026-01-25 20:00:00,-0.00030636
FIGHTUSDT,2026-01-25 16:00:00,-0.00105966
FIGHTUSDT,2026-01-25 12:00:00,-0.00225826
FIGHTUSDT,2026-01-25 08:00:00,-0.00142595
FIGHTUSDT,2026-01-25 04:00:00,-0.00078667
FIGHTUSDT,2026-01-25 00:00:00,-0.00032159
FIGHTUSDT,2026-01-24 20:00:00,0.00005
FIGHTUSDT,2026-01-24 16:00:00,-0.00045378
FIGHTUSDT,2026-01-24 12:00:00,-0.00128209
FIGHTUSDT,2026-01-24 08:00:00,-0.00155593
FIGHTUSDT,2026-01-24 04:00:00,-0.00068273
FIGHTUSDT,2026-01-24 00:00:00,-0.00235135
FIGHTUSDT,2026-01-23 20:00:00,-0.00113919
FIGHTUSDT,2026-01-23 16:00:00,-0.00197037
FIGHTUSDT,2026-01-23 12:00:00,0.00005
FIGHTUSDT,2026-01-23 08:00:00,0.00005
SENTUSDT,2026-02-22 00:00:00,-0.0006212
SENTUSDT,2026-02-21 23:00:00,-0.00031624
SENTUSDT,2026-02-21 22:00:00,-0.00035301
SENTUSDT,2026-02-21 21:00:00,-0.00005276
SENTUSDT,2026-02-21 20:00:00,-0.00030299
SENTUSDT,2026-02-21 19:00:00,0.0000125
SENTUSDT,2026-02-21 18:00:00,-0.00001326
SENTUSDT,2026-02-21 17:00:00,-0.0000955
SENTUSDT,2026-02-21 16:00:00,-0.00024883
SENTUSDT,2026-02-21 15:00:00,-0.00023866
SENTUSDT,2026-02-21 14:00:00,-0.00065135
SENTUSDT,2026-02-21 13:00:00,-0.00052236
SENTUSDT,2026-02-21 12:00:00,-0.00056766
SENTUSDT,2026-02-21 11:00:00,-0.00050063
SENTUSDT,2026-02-21 10:00:00,-0.00084881
SENTUSDT,2026-02-21 09:00:00,-0.00115763
SENTUSDT,2026-02-21 08:00:00,-0.00086494
SENTUSDT,2026-02-21 07:00:00,-0.00116132
SENTUSDT,2026-02-21 06:00:00,-0.0008039
SENTUSDT,2026-02-21 05:00:00,-0.0012719
SENTUSDT,2026-02-21 04:00:00,-0.00175137
SENTUSDT,2026-02-21 03:00:00,-0.00122794
SENTUSDT,2026-02-21 02:00:00,-0.00200224
SENTUSDT,2026-02-21 01:00:00,-0.00214748
SENTUSDT,2026-02-21 00:00:00,0.0000125
SENTUSDT,2026-02-20 23:00:00,0.0000125
SENTUSDT,2026-02-20 22:00:00,0.0000125
SENTUSDT,2026-02-20 21:00:00,0.0000125
SENTUSDT,2026-02-20 20:00:00,0.0000125
SENTUSDT,2026-02-20 19:00:00,0.0000125
SENTUSDT,2026-02-20 18:00:00,0.0000125
SENTUSDT,2026-02-20 17:00:00,0.0000125
SENTUSDT,2026-02-20 16:00:00,0.0000125
SENTUSDT,2026-02-20 15:00:00,-0.00070513
SENTUSDT,2026-02-20 14:00:00,-0.00519405
SENTUSDT,2026-02-20 13:00:00,-0.00083622
SENTUSDT,2026-02-20 12:00:00,-0.00037993
SENTUSDT,2026-02-20 11:00:00,-0.00008701
SENTUSDT,2026-02-20 10:00:00,-0.00026181
SENTUSDT,2026-02-20 09:00:00,-0.00034357
SENTUSDT,2026-02-20 08:00:00,-0.00053283
SENTUSDT,2026-02-20 07:00:00,-0.00039623
SENTUSDT,2026-02-20 06:00:00,-0.0002797
SENTUSDT,2026-02-20 05:00:00,-0.00069401
SENTUSDT,2026-02-20 04:00:00,-0.00029202
SENTUSDT,2026-02-20 03:00:00,-0.00127006
SENTUSDT,2026-02-20 02:00:00,-0.00083454
SENTUSDT,2026-02-20 01:00:00,-0.00116627
SENTUSDT,2026-02-20 00:00:00,-0.00113468
SENTUSDT,2026-02-19 23:00:00,-0.00116487
SENTUSDT,2026-02-19 22:00:00,-0.00052069
SENTUSDT,2026-02-19 21:00:00,-0.00102812
SENTUSDT,2026-02-19 20:00:00,-0.00077876
SENTUSDT,2026-02-19 19:00:00,-0.00044911
SENTUSDT,2026-02-19 18:00:00,-0.00102817
SENTUSDT,2026-02-19 17:00:00,-0.0008029
SENTUSDT,2026-02-19 16:00:00,-0.00059432
SENTUSDT,2026-02-19 15:00:00,-0.00046137
SENTUSDT,2026-02-19 14:00:00,-0.0005507
SENTUSDT,2026-02-19 13:00:00,-0.00054675
SENTUSDT,2026-02-19 12:00:00,-0.00034242
SENTUSDT,2026-02-19 11:00:00,-0.00059107
SENTUSDT,2026-02-19 10:00:00,-0.00069152
SENTUSDT,2026-02-19 09:00:00,-0.00065354
SENTUSDT,2026-02-19 08:00:00,-0.0008492
SENTUSDT,2026-02-19 07:00:00,-0.00048103
SENTUSDT,2026-02-19 06:00:00,-0.0006372
SENTUSDT,2026-02-19 05:00:00,-0.00072648
SENTUSDT,2026-02-19 04:00:00,-0.00070465
SENTUSDT,2026-02-19 03:00:00,-0.00067169
SENTUSDT,2026-02-19 02:00:00,-0.00047823
SENTUSDT,2026-02-19 01:00:00,-0.00081058
SENTUSDT,2026-02-19 00:00:00,-0.00203442
SENTUSDT,2026-02-18 23:00:00,-0.00088513
SENTUSDT,2026-02-18 22:00:00,-0.00067487
SENTUSDT,2026-02-18 21:00:00,-0.00020858
SENTUSDT,2026-02-18 20:00:00,-0.0006018
SENTUSDT,2026-02-18 19:00:00,-0.00030756
SENTUSDT,2026-02-18 18:00:00,-0.00049511
SENTUSDT,2026-02-18 17:00:00,-0.00030537
SENTUSDT,2026-02-18 16:00:00,-0.00034276
SENTUSDT,2026-02-18 15:00:00,-0.00071665
SENTUSDT,2026-02-18 14:00:00,-0.00063543
SENTUSDT,2026-02-18 13:00:00,-0.0012027
SENTUSDT,2026-02-18 12:00:00,-0.00081437
SENTUSDT,2026-02-18 11:00:00,-0.00029735
SENTUSDT,2026-02-18 10:00:00,-0.0005932
SENTUSDT,2026-02-18 09:00:00,-0.00051949
SENTUSDT,2026-02-18 08:00:00,-0.00049753
SENTUSDT,2026-02-18 07:00:00,-0.00095792
SENTUSDT,2026-02-18 06:00:00,-0.00075546
SENTUSDT,2026-02-18 05:00:00,-0.00040102
SENTUSDT,2026-02-18 04:00:00,-0.00054414
SENTUSDT,2026-02-18 03:00:00,-0.00057506
SENTUSDT,2026-02-18 02:00:00,-0.00088756
SENTUSDT,2026-02-18 01:00:00,-0.00081308
SENTUSDT,2026-02-18 00:00:00,-0.00073108
SENTUSDT,2026-02-17 23:00:00,-0.00079027
SENTUSDT,2026-02-17 22:00:00,-0.00081326
SENTUSDT,2026-02-17 21:00:00,-0.00089209
SENTUSDT,2026-02-17 20:00:00,-0.00044133
SENTUSDT,2026-02-17 19:00:00,-0.00025664
SENTUSDT,2026-02-17 18:00:00,-0.00052142
SENTUSDT,2026-02-17 17:00:00,-0.00069718
SENTUSDT,2026-02-17 16:00:00,-0.00017864
SENTUSDT,2026-02-17 15:00:00,-0.00051946
SENTUSDT,2026-02-17 14:00:00,-0.00048036
SENTUSDT,2026-02-17 13:00:00,-0.00051792
SENTUSDT,2026-02-17 12:00:00,-0.00041156
SENTUSDT,2026-02-17 11:00:00,-0.00066724
SENTUSDT,2026-02-17 10:00:00,-0.00049213
SENTUSDT,2026-02-17 09:00:00,-0.00074848
SENTUSDT,2026-02-17 08:00:00,-0.00080622
SENTUSDT,2026-02-17 07:00:00,-0.00074912
SENTUSDT,2026-02-17 06:00:00,-0.00047065
SENTUSDT,2026-02-17 05:00:00,-0.00054282
SENTUSDT,2026-02-17 04:00:00,-0.00110102
SENTUSDT,2026-02-17 03:00:00,-0.00074933
SENTUSDT,2026-02-17 02:00:00,-0.0002082
SENTUSDT,2026-02-17 01:00:00,-0.00044614
SENTUSDT,2026-02-17 00:00:00,-0.00025752
SENTUSDT,2026-02-16 23:00:00,-0.00028885
SENTUSDT,2026-02-16 22:00:00,-0.0004518
SENTUSDT,2026-02-16 21:00:00,-0.00025815
SENTUSDT,2026-02-16 20:00:00,-0.00047104
SENTUSDT,2026-02-16 19:00:00,-0.00113294
SENTUSDT,2026-02-16 18:00:00,-0.00043629
SENTUSDT,2026-02-16 17:00:00,-0.00052734
SENTUSDT,2026-02-16 16:00:00,-0.00054653
SENTUSDT,2026-02-16 15:00:00,-0.00023976
SENTUSDT,2026-02-16 14:00:00,-0.00058281
SENTUSDT,2026-02-16 13:00:00,-0.00041898
SENTUSDT,2026-02-16 12:00:00,-0.00053419
SENTUSDT,2026-02-16 11:00:00,-0.00059257
SENTUSDT,2026-02-16 10:00:00,-0.00087502
SENTUSDT,2026-02-16 09:00:00,-0.00076025
SENTUSDT,2026-02-16 08:00:00,-0.00139399
SENTUSDT,2026-02-16 07:00:00,-0.00063761
SENTUSDT,2026-02-16 06:00:00,-0.00060906
SENTUSDT,2026-02-16 05:00:00,-0.000594
SENTUSDT,2026-02-16 04:00:00,-0.00075231
SENTUSDT,2026-02-16 03:00:00,-0.00100272
SENTUSDT,2026-02-16 02:00:00,-0.00113517
SENTUSDT,2026-02-16 01:00:00,-0.00121021
SENTUSDT,2026-02-16 00:00:00,-0.00129413
SENTUSDT,2026-02-15 23:00:00,-0.00119403
SENTUSDT,2026-02-15 22:00:00,-0.00100648
SENTUSDT,2026-02-15 21:00:00,-0.0011065
SENTUSDT,2026-02-15 20:00:00,-0.00109165
SENTUSDT,2026-02-15 19:00:00,-0.00124678
SENTUSDT,2026-02-15 18:00:00,-0.00116146
SENTUSDT,2026-02-15 17:00:00,-0.00103118
SENTUSDT,2026-02-15 16:00:00,-0.00072337
SENTUSDT,2026-02-15 15:00:00,-0.00115823
SENTUSDT,2026-02-15 14:00:00,-0.00145621
SENTUSDT,2026-02-15 13:00:00,-0.00116315
SENTUSDT,2026-02-15 12:00:00,-0.00094152
SENTUSDT,2026-02-15 11:00:00,-0.00123277
SENTUSDT,2026-02-15 10:00:00,-0.00096761
SENTUSDT,2026-02-15 09:00:00,-0.00149385
SENTUSDT,2026-02-15 08:00:00,-0.00086264
SENTUSDT,2026-02-15 07:00:00,-0.00132415
SENTUSDT,2026-02-15 06:00:00,-0.00073675
SENTUSDT,2026-02-15 05:00:00,-0.00078712
SENTUSDT,2026-02-15 04:00:00,-0.00090537
SENTUSDT,2026-02-15 03:00:00,-0.001029
SENTUSDT,2026-02-15 02:00:00,-0.00110972
SENTUSDT,2026-02-15 01:00:00,-0.00104792
SENTUSDT,2026-02-15 00:00:00,-0.00063274
SENTUSDT,2026-02-14 23:00:00,-0.0007092
SENTUSDT,2026-02-14 22:00:00,-0.00079747
SENTUSDT,2026-02-14 21:00:00,-0.00053487
SENTUSDT,2026-02-14 20:00:00,-0.00004548
SENTUSDT,2026-02-14 19:00:00,-0.00012551
SENTUSDT,2026-02-14 18:00:00,-0.00050793
SENTUSDT,2026-02-14 17:00:00,-0.00076423
SENTUSDT,2026-02-14 16:00:00,-0.00011056
SENTUSDT,2026-02-14 15:00:00,-0.00012105
SENTUSDT,2026-02-14 14:00:00,-0.00034765
SENTUSDT,2026-02-14 13:00:00,-0.00048748
SENTUSDT,2026-02-14 12:00:00,-0.00019237
SENTUSDT,2026-02-14 11:00:00,-0.00077055
SENTUSDT,2026-02-14 10:00:00,-0.00033266
SENTUSDT,2026-02-14 09:00:00,-0.00016237
SENTUSDT,2026-02-14 08:00:00,-0.00095297
SENTUSDT,2026-02-14 07:00:00,-0.00060899
SENTUSDT,2026-02-14 06:00:00,-0.0007431
SENTUSDT,2026-02-14 05:00:00,-0.00107682
SENTUSDT,2026-02-14 04:00:00,-0.00087175
SENTUSDT,2026-02-14 03:00:00,-0.00117971
SENTUSDT,2026-02-14 02:00:00,-0.00093521
SENTUSDT,2026-02-14 01:00:00,-0.00138013
SENTUSDT,2026-02-14 00:00:00,-0.00178833
SENTUSDT,2026-02-13 23:00:00,-0.00163987
SENTUSDT,2026-02-13 22:00:00,-0.00062068
SENTUSDT,2026-02-13 21:00:00,-0.00092318
SENTUSDT,2026-02-13 20:00:00,-0.00079677
SENTUSDT,2026-02-13 19:00:00,-0.00051806
SENTUSDT,2026-02-13 18:00:00,-0.00075487
SENTUSDT,2026-02-13 17:00:00,-0.00081972
BIRBUSDT,2026-02-28 00:00:00,-0.00134825
BIRBUSDT,2026-02-27 20:00:00,-0.00024584
BIRBUSDT,2026-02-27 16:00:00,0.0000375
BIRBUSDT,2026-02-27 13:00:00,0.0000125
BIRBUSDT,2026-02-27 12:00:00,0.0000125
BIRBUSDT,2026-02-27 11:00:00,0.0000125
BIRBUSDT,2026-02-27 10:00:00,0.0000125
BIRBUSDT,2026-02-27 09:00:00,-0.00002927
BIRBUSDT,2026-02-27 08:00:00,0.0000125
BIRBUSDT,2026-02-27 07:00:00,-0.00024478
BIRBUSDT,2026-02-27 06:00:00,-0.00008443
BIRBUSDT,2026-02-27 05:00:00,0.0000125
BIRBUSDT,2026-02-27 04:00:00,0.0000125
BIRBUSDT,2026-02-27 03:00:00,0.0000125
BIRBUSDT,2026-02-27 02:00:00,0.0000125
BIRBUSDT,2026-02-27 01:00:00,-0.00001795
BIRBUSDT,2026-02-27 00:00:00,0.0000125
BIRBUSDT,2026-02-26 23:00:00,0.0000125
BIRBUSDT,2026-02-26 22:00:00,-0.00013671
BIRBUSDT,2026-02-26 21:00:00,-0.00025582
BIRBUSDT,2026-02-26 20:00:00,-0.0001059
BIRBUSDT,2026-02-26 19:00:00,-0.00002754
BIRBUSDT,2026-02-26 18:00:00,-0.00011803
BIRBUSDT,2026-02-26 17:00:00,-0.00024192
BIRBUSDT,2026-02-26 16:00:00,0.0000125
BIRBUSDT,2026-02-26 15:00:00,-0.00042341
BIRBUSDT,2026-02-26 14:00:00,-0.00002333
BIRBUSDT,2026-02-26 13:00:00,-0.00134803
BIRBUSDT,2026-02-26 12:00:00,-0.0001668
BIRBUSDT,2026-02-26 11:00:00,-0.00040289
BIRBUSDT,2026-02-26 10:00:00,-0.00014773
BIRBUSDT,2026-02-26 09:00:00,-0.00004636
BIRBUSDT,2026-02-26 08:00:00,-0.00027784
BIRBUSDT,2026-02-26 07:00:00,-0.00022902
BIRBUSDT,2026-02-26 06:00:00,0.0000125
BIRBUSDT,2026-02-26 05:00:00,0.0000125
BIRBUSDT,2026-02-26 04:00:00,0.0000125
BIRBUSDT,2026-02-26 03:00:00,-0.00048888
BIRBUSDT,2026-02-26 02:00:00,-0.00051442
BIRBUSDT,2026-02-26 01:00:00,-0.00054674
BIRBUSDT,2026-02-26 00:00:00,-0.00039526
BIRBUSDT,2026-02-25 23:00:00,-0.00044518
BIRBUSDT,2026-02-25 22:00:00,-0.00027026
BIRBUSDT,2026-02-25 21:00:00,0.0000125
BIRBUSDT,2026-02-25 20:00:00,-0.00028021
BIRBUSDT,2026-02-25 19:00:00,-0.00042261
BIRBUSDT,2026-02-25 18:00:00,0.0000125
BIRBUSDT,2026-02-25 17:00:00,-0.00000008
BIRBUSDT,2026-02-25 16:00:00,0.0000125
BIRBUSDT,2026-02-25 15:00:00,-0.00001857
BIRBUSDT,2026-02-25 14:00:00,0.0000125
BIRBUSDT,2026-02-25 13:00:00,-0.00031563
BIRBUSDT,2026-02-25 12:00:00,-0.00004697
BIRBUSDT,2026-02-25 11:00:00,-0.00023498
BIRBUSDT,2026-02-25 10:00:00,-0.00015351
BIRBUSDT,2026-02-25 09:00:00,-0.00001646
BIRBUSDT,2026-02-25 08:00:00,-0.00045351
BIRBUSDT,2026-02-25 07:00:00,-0.00046668
BIRBUSDT,2026-02-25 06:00:00,-0.00053219
BIRBUSDT,2026-02-25 05:00:00,-0.0001893
BIRBUSDT,2026-02-25 04:00:00,-0.00020385
BIRBUSDT,2026-02-25 03:00:00,-0.00016432
BIRBUSDT,2026-02-25 02:00:00,-0.00040971
BIRBUSDT,2026-02-25 01:00:00,-0.00049693
BIRBUSDT,2026-02-25 00:00:00,-0.00034351
BIRBUSDT,2026-02-24 23:00:00,-0.0003809
BIRBUSDT,2026-02-24 22:00:00,-0.00009193
BIRBUSDT,2026-02-24 21:00:00,-0.00037895
BIRBUSDT,2026-02-24 20:00:00,-0.0002313
BIRBUSDT,2026-02-24 19:00:00,-0.00037313
BIRBUSDT,2026-02-24 18:00:00,-0.00036342
BIRBUSDT,2026-02-24 17:00:00,-0.00024293
BIRBUSDT,2026-02-24 16:00:00,0.0000125
BIRBUSDT,2026-02-24 15:00:00,0.0000125
BIRBUSDT,2026-02-24 14:00:00,-0.00004136
BIRBUSDT,2026-02-24 13:00:00,0.0000125
BIRBUSDT,2026-02-24 12:00:00,0.0000125
BIRBUSDT,2026-02-24 11:00:00,-0.0001045
BIRBUSDT,2026-02-24 10:00:00,0.0000125
BIRBUSDT,2026-02-24 09:00:00,-0.00001795
BIRBUSDT,2026-02-24 08:00:00,-0.00010517
BIRBUSDT,2026-02-24 07:00:00,-0.00005061
BIRBUSDT,2026-02-24 06:00:00,-0.00013352
BIRBUSDT,2026-02-24 05:00:00,-0.00012137
BIRBUSDT,2026-02-24 04:00:00,-0.00025197
BIRBUSDT,2026-02-24 03:00:00,-0.0002952
BIRBUSDT,2026-02-24 02:00:00,-0.00025012
BIRBUSDT,2026-02-24 01:00:00,-0.0003411
BIRBUSDT,2026-02-24 00:00:00,-0.0004516
BIRBUSDT,2026-02-23 23:00:00,-0.00018718
BIRBUSDT,2026-02-23 22:00:00,0.0000125
BIRBUSDT,2026-02-23 21:00:00,-0.00028971
BIRBUSDT,2026-02-23 20:00:00,-0.00023729
BIRBUSDT,2026-02-23 19:00:00,-0.00012686
BIRBUSDT,2026-02-23 18:00:00,-0.00001676
BIRBUSDT,2026-02-23 17:00:00,-0.00006475
BIRBUSDT,2026-02-23 16:00:00,-0.00011425
BIRBUSDT,2026-02-23 15:00:00,-0.00013274
BIRBUSDT,2026-02-23 14:00:00,-0.00017357
BIRBUSDT,2026-02-23 13:00:00,0.0000125
BIRBUSDT,2026-02-23 12:00:00,0.0000125
BIRBUSDT,2026-02-23 11:00:00,0.0000125
BIRBUSDT,2026-02-23 10:00:00,0.0000125
BIRBUSDT,2026-02-23 09:00:00,-0.00001428
BIRBUSDT,2026-02-23 08:00:00,0.0000125
BIRBUSDT,2026-02-23 07:00:00,0.0000125
BIRBUSDT,2026-02-23 06:00:00,0.0000125
BIRBUSDT,2026-02-23 05:00:00,-0.00000905
BIRBUSDT,2026-02-23 04:00:00,0.0000125
BIRBUSDT,2026-02-23 03:00:00,-0.00018803
BIRBUSDT,2026-02-23 02:00:00,0.0000125
BIRBUSDT,2026-02-23 01:00:00,-0.00013382
BIRBUSDT,2026-02-23 00:00:00,-0.00013499
BIRBUSDT,2026-02-22 23:00:00,-0.00001144
BIRBUSDT,2026-02-22 22:00:00,0.0000125
BIRBUSDT,2026-02-22 21:00:00,0.0000125
BIRBUSDT,2026-02-22 20:00:00,-0.00026257
BIRBUSDT,2026-02-22 19:00:00,0.0000125
BIRBUSDT,2026-02-22 18:00:00,-0.00015155
BIRBUSDT,2026-02-22 17:00:00,-0.00011959
BIRBUSDT,2026-02-22 16:00:00,0.0000125
BIRBUSDT,2026-02-22 15:00:00,-0.00031259
BIRBUSDT,2026-02-22 14:00:00,0.0000125
BIRBUSDT,2026-02-22 13:00:00,0.0000125
BIRBUSDT,2026-02-22 12:00:00,0.0000125
BIRBUSDT,2026-02-22 11:00:00,0.0000125
BIRBUSDT,2026-02-22 10:00:00,-0.00000812
BIRBUSDT,2026-02-22 09:00:00,0.0000125
BIRBUSDT,2026-02-22 08:00:00,-0.00005766
BIRBUSDT,2026-02-22 07:00:00,-0.00011161
BIRBUSDT,2026-02-22 06:00:00,-0.00024477
BIRBUSDT,2026-02-22 05:00:00,0.0000125
BIRBUSDT,2026-02-22 04:00:00,0.0000125
BIRBUSDT,2026-02-22 03:00:00,0.0000125
BIRBUSDT,2026-02-22 02:00:00,0.0000125
BIRBUSDT,2026-02-22 01:00:00,0.0000125
BIRBUSDT,2026-02-22 00:00:00,-0.00022041
BIRBUSDT,2026-02-21 23:00:00,-0.00024699
BIRBUSDT,2026-02-21 22:00:00,0.0000125
BIRBUSDT,2026-02-21 21:00:00,0.0000125
BIRBUSDT,2026-02-21 20:00:00,0.0000125
BIRBUSDT,2026-02-21 19:00:00,0.0000125
BIRBUSDT,2026-02-21 18:00:00,0.0000125
BIRBUSDT,2026-02-21 17:00:00,0.0000125
BIRBUSDT,2026-02-21 16:00:00,-0.00010158
BIRBUSDT,2026-02-21 15:00:00,0.0000125
BIRBUSDT,2026-02-21 14:00:00,-0.00003252
BIRBUSDT,2026-02-21 13:00:00,0.0000125
BIRBUSDT,2026-02-21 12:00:00,0.0000125
BIRBUSDT,2026-02-21 11:00:00,0.0000125
BIRBUSDT,2026-02-21 10:00:00,0.0000125
BIRBUSDT,2026-02-21 09:00:00,-0.00011491
BIRBUSDT,2026-02-21 08:00:00,-0.00033813
BIRBUSDT,2026-02-21 07:00:00,0.0000125
BIRBUSDT,2026-02-21 06:00:00,0.0000125
BIRBUSDT,2026-02-21 05:00:00,-0.00005039
BIRBUSDT,2026-02-21 04:00:00,0.0000125
BIRBUSDT,2026-02-21 03:00:00,-0.00001118
BIRBUSDT,2026-02-21 02:00:00,0.0000125
BIRBUSDT,2026-02-21 01:00:00,-0.00001601
BIRBUSDT,2026-02-21 00:00:00,-0.00030815
BIRBUSDT,2026-02-20 23:00:00,-0.00013167
BIRBUSDT,2026-02-20 22:00:00,-0.00015784
BIRBUSDT,2026-02-20 21:00:00,-0.0002878
BIRBUSDT,2026-02-20 20:00:00,0.0000125
BIRBUSDT,2026-02-20 19:00:00,-0.00007612
BIRBUSDT,2026-02-20 18:00:00,0.0000125
BIRBUSDT,2026-02-20 17:00:00,0.0000125
BIRBUSDT,2026-02-20 16:00:00,0.0000125
BIRBUSDT,2026-02-20 15:00:00,0.0000125
BIRBUSDT,2026-02-20 14:00:00,0.0000125
BIRBUSDT,2026-02-20 13:00:00,-0.00004537
BIRBUSDT,2026-02-20 12:00:00,0.0000125
BIRBUSDT,2026-02-20 11:00:00,-0.00016328
BIRBUSDT,2026-02-20 10:00:00,-0.00009216
BIRBUSDT,2026-02-20 09:00:00,-0.00027705
BIRBUSDT,2026-02-20 08:00:00,-0.00026854
BIRBUSDT,2026-02-20 07:00:00,-0.00005238
BIRBUSDT,2026-02-20 06:00:00,0.0000125
BIRBUSDT,2026-02-20 05:00:00,-0.00023242
BIRBUSDT,2026-02-20 04:00:00,-0.0000983
BIRBUSDT,2026-02-20 03:00:00,-0.00041082
BIRBUSDT,2026-02-20 02:00:00,-0.00122214
BIRBUSDT,2026-02-20 01:00:00,0.0000125
BIRBUSDT,2026-02-20 00:00:00,0.0000125
BIRBUSDT,2026-02-19 23:00:00,0.0000125
BIRBUSDT,2026-02-19 22:00:00,-0.00019194
BIRBUSDT,2026-02-19 21:00:00,-0.00023006
BIRBUSDT,2026-02-19 20:00:00,-0.00008547
BIRBUSDT,2026-02-19 19:00:00,-0.00007551
BIRBUSDT,2026-02-19 18:00:00,-0.00022157
BIRBUSDT,2026-02-19 17:00:00,-0.00016406
BIRBUSDT,2026-02-19 16:00:00,0.0000125
BIRBUSDT,2026-02-19 15:00:00,-0.00003021
BIRBUSDT,2026-02-19 14:00:00,0.0000125
BIRBUSDT,2026-02-19 13:00:00,-0.00010732
BIRBUSDT,2026-02-19 12:00:00,0.00000993
BIRBUSDT,2026-02-19 11:00:00,-0.00008105
BIRBUSDT,2026-02-19 10:00:00,0.0000125
BIRBUSDT,2026-02-19 09:00:00,0.0000125
ZAMAUSDT,2026-03-05 00:00:00,0.00005
ZAMAUSDT,2026-03-04 20:00:00,0.00001907
ZAMAUSDT,2026-03-04 16:00:00,0.00005
ZAMAUSDT,2026-03-04 12:00:00,0.00005
ZAMAUSDT,2026-03-04 08:00:00,0.00005
ZAMAUSDT,2026-03-04 04:00:00,0.00005
ZAMAUSDT,2026-03-04 00:00:00,0.00005
ZAMAUSDT,2026-03-03 20:00:00,0.00005
ZAMAUSDT,2026-03-03 16:00:00,0.00005
ZAMAUSDT,2026-03-03 12:00:00,0.00005
ZAMAUSDT,2026-03-03 08:00:00,-0.00004598
ZAMAUSDT,2026-03-03 04:00:00,-0.00000369
ZAMAUSDT,2026-03-03 00:00:00,-0.00020668
ZAMAUSDT,2026-03-02 20:00:00,-0.00015312
ZAMAUSDT,2026-03-02 16:00:00,0.00005
ZAMAUSDT,2026-03-02 12:00:00,0.00005
ZAMAUSDT,2026-03-02 08:00:00,0.00005
ZAMAUSDT,2026-03-02 04:00:00,0.00005
ZAMAUSDT,2026-03-02 00:00:00,0.00005
ZAMAUSDT,2026-03-01 20:00:00,-0.00063877
ZAMAUSDT,2026-03-01 16:00:00,0.00005
ZAMAUSDT,2026-03-01 12:00:00,0.00005
ZAMAUSDT,2026-03-01 08:00:00,0.00005
ZAMAUSDT,2026-03-01 04:00:00,0.00005
ZAMAUSDT,2026-03-01 00:00:00,0.00005
ZAMAUSDT,2026-02-28 20:00:00,0.00005
ZAMAUSDT,2026-02-28 16:00:00,-0.00021072
ZAMAUSDT,2026-02-28 12:00:00,-0.00027576
ZAMAUSDT,2026-02-28 08:00:00,0.00005
ZAMAUSDT,2026-02-28 04:00:00,-0.00020322
ZAMAUSDT,2026-02-28 00:00:00,-0.00022381
ZAMAUSDT,2026-02-27 20:00:00,0.00005
ZAMAUSDT,2026-02-27 16:00:00,0.00001356
ZAMAUSDT,2026-02-27 12:00:00,0.0000095
ZAMAUSDT,2026-02-27 08:00:00,-0.00007639
ZAMAUSDT,2026-02-27 04:00:00,0.00005
ZAMAUSDT,2026-02-27 00:00:00,-0.00006157
ZAMAUSDT,2026-02-26 20:00:00,-0.00004484
ZAMAUSDT,2026-02-26 16:00:00,-0.00011631
ZAMAUSDT,2026-02-26 12:00:00,-0.00033287
ZAMAUSDT,2026-02-26 08:00:00,-0.00008232
ZAMAUSDT,2026-02-26 04:00:00,-0.00018257
ZAMAUSDT,2026-02-26 00:00:00,0.00005
ZAMAUSDT,2026-02-25 20:00:00,0.00005
ZAMAUSDT,2026-02-25 16:00:00,0.00005
ZAMAUSDT,2026-02-25 12:00:00,0.00005
ZAMAUSDT,2026-02-25 08:00:00,0.00005
ZAMAUSDT,2026-02-25 04:00:00,-0.00011681
ZAMAUSDT,2026-02-25 00:00:00,0.00005
ZAMAUSDT,2026-02-24 20:00:00,-0.00010676
ZAMAUSDT,2026-02-24 16:00:00,-0.00039208
ZAMAUSDT,2026-02-24 12:00:00,-0.00030591
ZAMAUSDT,2026-02-24 08:00:00,-0.00006401
ZAMAUSDT,2026-02-24 04:00:00,0.00005
ZAMAUSDT,2026-02-24 00:00:00,0.00005
ZAMAUSDT,2026-02-23 20:00:00,0.00005
ZAMAUSDT,2026-02-23 16:00:00,0.00005
ZAMAUSDT,2026-02-23 12:00:00,0.00004956
ZAMAUSDT,2026-02-23 08:00:00,0.00005
ZAMAUSDT,2026-02-23 04:00:00,0.00005
ZAMAUSDT,2026-02-23 00:00:00,0.00005
ZAMAUSDT,2026-02-22 20:00:00,0.00005
ZAMAUSDT,2026-02-22 16:00:00,0.00005
ZAMAUSDT,2026-02-22 12:00:00,0.00005
ZAMAUSDT,2026-02-22 08:00:00,0.00005
ZAMAUSDT,2026-02-22 04:00:00,0.00005
ZAMAUSDT,2026-02-22 00:00:00,-0.00006354
ZAMAUSDT,2026-02-21 20:00:00,0.00005
ZAMAUSDT,2026-02-21 16:00:00,0.00005
ZAMAUSDT,2026-02-21 12:00:00,0.00005
ZAMAUSDT,2026-02-21 08:00:00,0.00005
ZAMAUSDT,2026-02-21 04:00:00,0.00005
ZAMAUSDT,2026-02-21 00:00:00,0.00005
ZAMAUSDT,2026-02-20 20:00:00,-0.00011461
ZAMAUSDT,2026-02-20 16:00:00,0.00005
ZAMAUSDT,2026-02-20 12:00:00,0.00005
ZAMAUSDT,2026-02-20 08:00:00,0.00005
ZAMAUSDT,2026-02-20 04:00:00,0.00005
ZAMAUSDT,2026-02-20 00:00:00,-0.00018237
ZAMAUSDT,2026-02-19 20:00:00,0.00005
ZAMAUSDT,2026-02-19 16:00:00,-0.00012397
ZAMAUSDT,2026-02-19 12:00:00,0.00005
ZAMAUSDT,2026-02-19 08:00:00,0.00005
ZAMAUSDT,2026-02-19 04:00:00,0.00002645
ZAMAUSDT,2026-02-19 00:00:00,0.00005
ZAMAUSDT,2026-02-18 20:00:00,0.00005
ZAMAUSDT,2026-02-18 16:00:00,0.00005
ZAMAUSDT,2026-02-18 12:00:00,0.00005
ZAMAUSDT,2026-02-18 08:00:00,0.00005
ZAMAUSDT,2026-02-18 04:00:00,0.00005
ZAMAUSDT,2026-02-18 00:00:00,0.00005
ZAMAUSDT,2026-02-17 20:00:00,0.00005
ZAMAUSDT,2026-02-17 16:00:00,0.00005
ZAMAUSDT,2026-02-17 12:00:00,0.00005
ZAMAUSDT,2026-02-17 08:00:00,-0.00026288
ZAMAUSDT,2026-02-17 04:00:00,0.00005
ZAMAUSDT,2026-02-17 00:00:00,-0.00006457
ZAMAUSDT,2026-02-16 20:00:00,-0.00012606
ZAMAUSDT,2026-02-16 16:00:00,0.00005
ZAMAUSDT,2026-02-16 12:00:00,0.00004044
ZAMAUSDT,2026-02-16 08:00:00,-0.00025297
ZAMAUSDT,2026-02-16 04:00:00,-0.00072492
ZAMAUSDT,2026-02-16 00:00:00,-0.00021451
ZAMAUSDT,2026-02-15 20:00:00,-0.00030344
ZAMAUSDT,2026-02-15 16:00:00,-0.00039952
ZAMAUSDT,2026-02-15 12:00:00,-0.00027752
ZAMAUSDT,2026-02-15 08:00:00,-0.0000325
ZAMAUSDT,2026-02-15 04:00:00,-0.00033798
ZAMAUSDT,2026-02-15 00:00:00,-0.00043196
ZAMAUSDT,2026-02-14 20:00:00,-0.00046469
ZAMAUSDT,2026-02-14 16:00:00,-0.00015089
ZAMAUSDT,2026-02-14 12:00:00,-0.00049749
ZAMAUSDT,2026-02-14 08:00:00,-0.00032184
ZAMAUSDT,2026-02-14 04:00:00,0.00005
ZAMAUSDT,2026-02-14 00:00:00,0.00005
ZAMAUSDT,2026-02-13 20:00:00,0.00005
ZAMAUSDT,2026-02-13 16:00:00,0.00005
ZAMAUSDT,2026-02-13 12:00:00,0.00005
ZAMAUSDT,2026-02-13 08:00:00,0.00005
ZAMAUSDT,2026-02-13 04:00:00,0.00005
ZAMAUSDT,2026-02-13 00:00:00,-0.00015844
ZAMAUSDT,2026-02-12 20:00:00,0.00005
ZAMAUSDT,2026-02-12 16:00:00,0.00005
ZAMAUSDT,2026-02-12 12:00:00,0.00005
ZAMAUSDT,2026-02-12 08:00:00,0.00005
ZAMAUSDT,2026-02-12 04:00:00,0.00005
ZAMAUSDT,2026-02-12 00:00:00,0.00005
ZAMAUSDT,2026-02-11 20:00:00,0.00005
ZAMAUSDT,2026-02-11 16:00:00,0.00005
ZAMAUSDT,2026-02-11 12:00:00,0.00005
ZAMAUSDT,2026-02-11 08:00:00,0.00005
ZAMAUSDT,2026-02-11 04:00:00,-0.00023031
ZAMAUSDT,2026-02-11 00:00:00,-0.00054157
ZAMAUSDT,2026-02-10 20:00:00,-0.00058019
ZAMAUSDT,2026-02-10 16:00:00,0.00005
ZAMAUSDT,2026-02-10 12:00:00,0.00005
ZAMAUSDT,2026-02-10 08:00:00,0.00005
ZAMAUSDT,2026-02-10 04:00:00,0.00005
ZAMAUSDT,2026-02-10 00:00:00,0.00060767
ZAMAUSDT,2026-02-09 20:00:00,0.00005
ZAMAUSDT,2026-02-09 16:00:00,0.00005
ZAMAUSDT,2026-02-09 12:00:00,0.00005
ZAMAUSDT,2026-02-09 08:00:00,0.00005
ZAMAUSDT,2026-02-09 04:00:00,0.00005
ZAMAUSDT,2026-02-09 00:00:00,0.00005
ZAMAUSDT,2026-02-08 20:00:00,0.00005
ZAMAUSDT,2026-02-08 16:00:00,0.00005
ZAMAUSDT,2026-02-08 12:00:00,-0.00009786
ZAMAUSDT,2026-02-08 08:00:00,0.00005
ZAMAUSDT,2026-02-08 04:00:00,0.00005
ZAMAUSDT,2026-02-08 00:00:00,0.00005
ZAMAUSDT,2026-02-07 20:00:00,-0.00013645
ZAMAUSDT,2026-02-07 16:00:00,0.00002749
ZAMAUSDT,2026-02-07 12:00:00,-0.00029848
ZAMAUSDT,2026-02-07 08:00:00,-0.00052149
ZAMAUSDT,2026-02-07 04:00:00,0.00005
ZAMAUSDT,2026-02-07 00:00:00,0.00005
ZAMAUSDT,2026-02-06 20:00:00,0.00002062
ZAMAUSDT,2026-02-06 16:00:00,0.00005
ZAMAUSDT,2026-02-06 12:00:00,-0.00033726
ZAMAUSDT,2026-02-06 08:00:00,0.00005
ZAMAUSDT,2026-02-06 04:00:00,0.00005
ZAMAUSDT,2026-02-06 00:00:00,0.00005
ZAMAUSDT,2026-02-05 20:00:00,0.00005
ZAMAUSDT,2026-02-05 16:00:00,0.00005
ZAMAUSDT,2026-02-05 12:00:00,0.00005
ZAMAUSDT,2026-02-05 08:00:00,0.00005
ZAMAUSDT,2026-02-05 04:00:00,0.00005
ZAMAUSDT,2026-02-05 00:00:00,0.00005
ZAMAUSDT,2026-02-04 20:00:00,-0.00010591
ZAMAUSDT,2026-02-04 16:00:00,0.00005
ZAMAUSDT,2026-02-04 12:00:00,-0.0001152
ZAMAUSDT,2026-02-04 08:00:00,-0.00043903
ZAMAUSDT,2026-02-04 04:00:00,-0.00034682
ZAMAUSDT,2026-02-04 00:00:00,0.00005
ZAMAUSDT,2026-02-03 20:00:00,0.00005
ZAMAUSDT,2026-02-03 16:00:00,0.00005
ZAMAUSDT,2026-02-03 12:00:00,-0.0005127
ZAMAUSDT,2026-02-03 08:00:00,0.00005
ZAMAUSDT,2026-02-03 04:00:00,-0.00115552
ZAMAUSDT,2026-02-03 00:00:00,-0.00029147
ZAMAUSDT,2026-02-02 20:00:00,-0.0006362
ZAMAUSDT,2026-02-02 16:00:00,-0.00040092
ZAMAUSDT,2026-02-02 12:00:00,0.00005
ZAMAUSDT,2026-02-02 08:00:00,0.00005
ZAMAUSDT,2026-02-02 04:00:00,0.00005
ZAMAUSDT,2026-02-02 00:00:00,0.00005
TRIAUSDT,2026-03-06 00:00:00,0.00005
TRIAUSDT,2026-03-05 20:00:00,0.00005
TRIAUSDT,2026-03-05 16:00:00,0.00005
TRIAUSDT,2026-03-05 12:00:00,0.00005
TRIAUSDT,2026-03-05 08:00:00,0.00005
TRIAUSDT,2026-03-05 04:00:00,0.00005
TRIAUSDT,2026-03-05 00:00:00,0.00037332
TRIAUSDT,2026-03-04 20:00:00,0.00005
TRIAUSDT,2026-03-04 16:00:00,0.00005
TRIAUSDT,2026-03-04 12:00:00,0.00005
TRIAUSDT,2026-03-04 08:00:00,0.00005
TRIAUSDT,2026-03-04 04:00:00,0.00005
TRIAUSDT,2026-03-04 00:00:00,0.00005
TRIAUSDT,2026-03-03 20:00:00,0.00005
TRIAUSDT,2026-03-03 16:00:00,0.00005
TRIAUSDT,2026-03-03 12:00:00,0.00005
TRIAUSDT,2026-03-03 08:00:00,0.00005
TRIAUSDT,2026-03-03 04:00:00,0.00005
TRIAUSDT,2026-03-03 00:00:00,0.00005
TRIAUSDT,2026-03-02 20:00:00,0.00005
TRIAUSDT,2026-03-02 16:00:00,0.00005
TRIAUSDT,2026-03-02 12:00:00,0.00005
TRIAUSDT,2026-03-02 08:00:00,0.00005
TRIAUSDT,2026-03-02 04:00:00,0.00005
TRIAUSDT,2026-03-02 00:00:00,0.00005
TRIAUSDT,2026-03-01 20:00:00,0.00005
TRIAUSDT,2026-03-01 16:00:00,0.00005
TRIAUSDT,2026-03-01 12:00:00,0.00005
TRIAUSDT,2026-03-01 08:00:00,0.00005
TRIAUSDT,2026-03-01 04:00:00,0.00005
TRIAUSDT,2026-03-01 00:00:00,0.00005
TRIAUSDT,2026-02-28 20:00:00,0.00005
TRIAUSDT,2026-02-28 16:00:00,0.00005
TRIAUSDT,2026-02-28 12:00:00,0.00005
TRIAUSDT,2026-02-28 08:00:00,0.00005
TRIAUSDT,2026-02-28 04:00:00,0.00005
TRIAUSDT,2026-02-28 00:00:00,0.00005
TRIAUSDT,2026-02-27 20:00:00,0.00005
TRIAUSDT,2026-02-27 16:00:00,0.00005
TRIAUSDT,2026-02-27 12:00:00,0.00005
TRIAUSDT,2026-02-27 08:00:00,0.00005
TRIAUSDT,2026-02-27 04:00:00,0.00005
TRIAUSDT,2026-02-27 00:00:00,0.00005
TRIAUSDT,2026-02-26 20:00:00,0.00005
TRIAUSDT,2026-02-26 16:00:00,0.00005
TRIAUSDT,2026-02-26 12:00:00,0.00018926
TRIAUSDT,2026-02-26 08:00:00,0.00005
TRIAUSDT,2026-02-26 04:00:00,0.00005
TRIAUSDT,2026-02-26 00:00:00,0.00005
TRIAUSDT,2026-02-25 20:00:00,0.00005
TRIAUSDT,2026-02-25 16:00:00,0.00005
TRIAUSDT,2026-02-25 12:00:00,0.00015234
TRIAUSDT,2026-02-25 08:00:00,0.00007034
TRIAUSDT,2026-02-25 04:00:00,0.00033509
TRIAUSDT,2026-02-25 00:00:00,0.00005
TRIAUSDT,2026-02-24 20:00:00,0.00005
TRIAUSDT,2026-02-24 16:00:00,0.00005
TRIAUSDT,2026-02-24 12:00:00,0.00005
TRIAUSDT,2026-02-24 08:00:00,0.00005
TRIAUSDT,2026-02-24 04:00:00,0.00005
TRIAUSDT,2026-02-24 00:00:00,0.00005
TRIAUSDT,2026-02-23 20:00:00,0.00005
TRIAUSDT,2026-02-23 16:00:00,0.00005
TRIAUSDT,2026-02-23 12:00:00,0.00005
TRIAUSDT,2026-02-23 08:00:00,0.00005
TRIAUSDT,2026-02-23 04:00:00,0.00023435
TRIAUSDT,2026-02-23 00:00:00,0.00025263
TRIAUSDT,2026-02-22 20:00:00,0.00005
TRIAUSDT,2026-02-22 16:00:00,0.00005
TRIAUSDT,2026-02-22 12:00:00,0.00005
TRIAUSDT,2026-02-22 08:00:00,0.00006161
TRIAUSDT,2026-02-22 04:00:00,0.00005
TRIAUSDT,2026-02-22 00:00:00,0.00005
TRIAUSDT,2026-02-21 20:00:00,0.00005
TRIAUSDT,2026-02-21 16:00:00,0.00005
TRIAUSDT,2026-02-21 12:00:00,0.00011235
TRIAUSDT,2026-02-21 08:00:00,0.00005
TRIAUSDT,2026-02-21 04:00:00,0.00051122
TRIAUSDT,2026-02-21 00:00:00,0.00017799
TRIAUSDT,2026-02-20 20:00:00,0.00005
TRIAUSDT,2026-02-20 16:00:00,0.00005
TRIAUSDT,2026-02-20 12:00:00,0.00005
TRIAUSDT,2026-02-20 08:00:00,0.00005
TRIAUSDT,2026-02-20 04:00:00,0.00014623
TRIAUSDT,2026-02-20 00:00:00,0.00015836
TRIAUSDT,2026-02-19 20:00:00,0.00005533
TRIAUSDT,2026-02-19 16:00:00,0.00038827
TRIAUSDT,2026-02-19 12:00:00,0.00025708
TRIAUSDT,2026-02-19 08:00:00,0.00005
TRIAUSDT,2026-02-19 04:00:00,0.00005
TRIAUSDT,2026-02-19 00:00:00,0.00005
TRIAUSDT,2026-02-18 20:00:00,0.00005
TRIAUSDT,2026-02-18 16:00:00,0.00005
TRIAUSDT,2026-02-18 12:00:00,0.00005
TRIAUSDT,2026-02-18 08:00:00,0.00000945
TRIAUSDT,2026-02-18 04:00:00,0.00005
TRIAUSDT,2026-02-18 00:00:00,0.00007164
TRIAUSDT,2026-02-17 20:00:00,0.00009636
TRIAUSDT,2026-02-17 16:00:00,0.00005
TRIAUSDT,2026-02-17 12:00:00,0.00056206
TRIAUSDT,2026-02-17 08:00:00,0.00005
TRIAUSDT,2026-02-17 04:00:00,0.00005
TRIAUSDT,2026-02-17 00:00:00,0.00005
TRIAUSDT,2026-02-16 20:00:00,0.00005
TRIAUSDT,2026-02-16 16:00:00,0.00009479
TRIAUSDT,2026-02-16 12:00:00,0.00005
TRIAUSDT,2026-02-16 08:00:00,0.00005
TRIAUSDT,2026-02-16 04:00:00,0.00005
TRIAUSDT,2026-02-16 00:00:00,0.00005
TRIAUSDT,2026-02-15 20:00:00,0.00009677
TRIAUSDT,2026-02-15 16:00:00,0.0002712
TRIAUSDT,2026-02-15 12:00:00,0.00005
TRIAUSDT,2026-02-15 08:00:00,0.00005
TRIAUSDT,2026-02-15 04:00:00,0.00040164
TRIAUSDT,2026-02-15 00:00:00,0.00069542
TRIAUSDT,2026-02-14 20:00:00,0.00081951
TRIAUSDT,2026-02-14 16:00:00,0.00045508
TRIAUSDT,2026-02-14 12:00:00,0.00015569
TRIAUSDT,2026-02-14 08:00:00,0.00005
TRIAUSDT,2026-02-14 04:00:00,0.00031953
TRIAUSDT,2026-02-14 00:00:00,0.0007722
TRIAUSDT,2026-02-13 20:00:00,0.00005
TRIAUSDT,2026-02-13 16:00:00,0.00005
TRIAUSDT,2026-02-13 12:00:00,0.00005
TRIAUSDT,2026-02-13 08:00:00,0.00005
TRIAUSDT,2026-02-13 04:00:00,0.00005
TRIAUSDT,2026-02-13 00:00:00,0.00005
TRIAUSDT,2026-02-12 20:00:00,0.00005
TRIAUSDT,2026-02-12 16:00:00,0.00006965
TRIAUSDT,2026-02-12 12:00:00,0.00005
TRIAUSDT,2026-02-12 08:00:00,0.00005
TRIAUSDT,2026-02-12 04:00:00,0.00005
TRIAUSDT,2026-02-12 00:00:00,0.00005
TRIAUSDT,2026-02-11 20:00:00,0.00005
TRIAUSDT,2026-02-11 16:00:00,0.00005
TRIAUSDT,2026-02-11 12:00:00,-0.00000918
TRIAUSDT,2026-02-11 08:00:00,0.00005
TRIAUSDT,2026-02-11 04:00:00,0.00005
TRIAUSDT,2026-02-11 00:00:00,0.00005
TRIAUSDT,2026-02-10 20:00:00,0.00005
TRIAUSDT,2026-02-10 16:00:00,0.00005
TRIAUSDT,2026-02-10 12:00:00,0.00005
TRIAUSDT,2026-02-10 08:00:00,0.00005
TRIAUSDT,2026-02-10 04:00:00,0.0004812
TRIAUSDT,2026-02-10 00:00:00,0.00005
TRIAUSDT,2026-02-09 20:00:00,0.00005
TRIAUSDT,2026-02-09 16:00:00,0.00005
TRIAUSDT,2026-02-09 12:00:00,0.00005
TRIAUSDT,2026-02-09 08:00:00,0.00005
TRIAUSDT,2026-02-09 04:00:00,0.00005
TRIAUSDT,2026-02-09 00:00:00,0.00005
TRIAUSDT,2026-02-08 20:00:00,0.00005
TRIAUSDT,2026-02-08 16:00:00,0.00005
TRIAUSDT,2026-02-08 12:00:00,0.00005
TRIAUSDT,2026-02-08 08:00:00,-0.00165269
TRIAUSDT,2026-02-08 04:00:00,-0.00057502
TRIAUSDT,2026-02-08 00:00:00,-0.00016552
TRIAUSDT,2026-02-07 20:00:00,0.00005
TRIAUSDT,2026-02-07 16:00:00,0.00005
TRIAUSDT,2026-02-07 12:00:00,0.00005
TRIAUSDT,2026-02-07 08:00:00,0.00005
TRIAUSDT,2026-02-07 04:00:00,0.00023248
TRIAUSDT,2026-02-07 00:00:00,0.00005
TRIAUSDT,2026-02-06 20:00:00,0.00005
TRIAUSDT,2026-02-06 16:00:00,-0.00077582
TRIAUSDT,2026-02-06 12:00:00,-0.00054773
TRIAUSDT,2026-02-06 08:00:00,-0.0015999
TRIAUSDT,2026-02-06 04:00:00,-0.00074262
TRIAUSDT,2026-02-06 00:00:00,-0.0090279
TRIAUSDT,2026-02-05 20:00:00,-0.00688977
TRIAUSDT,2026-02-05 16:00:00,-0.00218191
TRIAUSDT,2026-02-05 12:00:00,-0.00103794
TRIAUSDT,2026-02-05 08:00:00,0.00005
AZTECUSDT,2026-03-15 00:00:00,-0.00003452
AZTECUSDT,2026-03-14 20:00:00,0.00005
AZTECUSDT,2026-03-14 16:00:00,0.00005
AZTECUSDT,2026-03-14 12:00:00,0.00005
AZTECUSDT,2026-03-14 08:00:00,0.00005
AZTECUSDT,2026-03-14 04:00:00,0.00005
AZTECUSDT,2026-03-14 00:00:00,0.00005
AZTECUSDT,2026-03-13 20:00:00,0.00005
AZTECUSDT,2026-03-13 16:00:00,0.00005
AZTECUSDT,2026-03-13 12:00:00,0.00005
AZTECUSDT,2026-03-13 08:00:00,0.00005
AZTECUSDT,2026-03-13 04:00:00,0.00005
AZTECUSDT,2026-03-13 00:00:00,0.00005
AZTECUSDT,2026-03-12 20:00:00,-0.00002971
AZTECUSDT,2026-03-12 16:00:00,0.00003336
AZTECUSDT,2026-03-12 12:00:00,0.00005
AZTECUSDT,2026-03-12 08:00:00,0.00005
AZTECUSDT,2026-03-12 04:00:00,0.00005
AZTECUSDT,2026-03-12 00:00:00,0.00005
AZTECUSDT,2026-03-11 20:00:00,0.00005
AZTECUSDT,2026-03-11 16:00:00,-0.00001602
AZTECUSDT,2026-03-11 12:00:00,-0.00021337
AZTECUSDT,2026-03-11 08:00:00,0.00000569
AZTECUSDT,2026-03-11 04:00:00,0.00001379
AZTECUSDT,2026-03-11 00:00:00,-0.00036781
AZTECUSDT,2026-03-10 20:00:00,-0.00003794
AZTECUSDT,2026-03-10 16:00:00,0.00005
AZTECUSDT,2026-03-10 12:00:00,0.00005
AZTECUSDT,2026-03-10 08:00:00,0.00003365
AZTECUSDT,2026-03-10 04:00:00,-0.00005951
AZTECUSDT,2026-03-10 00:00:00,-0.00024551
AZTECUSDT,2026-03-09 20:00:00,0.00001903
AZTECUSDT,2026-03-09 16:00:00,0.00005
AZTECUSDT,2026-03-09 12:00:00,0.00005
AZTECUSDT,2026-03-09 08:00:00,0.00005
AZTECUSDT,2026-03-09 04:00:00,0.00005
AZTECUSDT,2026-03-09 00:00:00,-0.00003619
AZTECUSDT,2026-03-08 20:00:00,0.00005
AZTECUSDT,2026-03-08 16:00:00,-0.0000485
AZTECUSDT,2026-03-08 12:00:00,0.00001626
AZTECUSDT,2026-03-08 08:00:00,-0.00034974
AZTECUSDT,2026-03-08 04:00:00,-0.00038874
AZTECUSDT,2026-03-08 00:00:00,-0.00022544
AZTECUSDT,2026-03-07 20:00:00,-0.00015615
AZTECUSDT,2026-03-07 16:00:00,-0.00030382
AZTECUSDT,2026-03-07 12:00:00,-0.00050691
AZTECUSDT,2026-03-07 08:00:00,-0.00054352
AZTECUSDT,2026-03-07 04:00:00,-0.00144976
AZTECUSDT,2026-03-07 00:00:00,-0.00012855
AZTECUSDT,2026-03-06 20:00:00,0.00000648
AZTECUSDT,2026-03-06 16:00:00,0.00005
AZTECUSDT,2026-03-06 12:00:00,0.00005
AZTECUSDT,2026-03-06 08:00:00,0.00005
AZTECUSDT,2026-03-06 04:00:00,0.00003669
AZTECUSDT,2026-03-06 00:00:00,-0.00025337
AZTECUSDT,2026-03-05 20:00:00,-0.00003409
AZTECUSDT,2026-03-05 16:00:00,-0.00006833
AZTECUSDT,2026-03-05 12:00:00,-0.00028653
AZTECUSDT,2026-03-05 08:00:00,0.00000143
AZTECUSDT,2026-03-05 04:00:00,0.00005
AZTECUSDT,2026-03-05 00:00:00,0.00005
AZTECUSDT,2026-03-04 20:00:00,0.00005
AZTECUSDT,2026-03-04 16:00:00,-0.0000904
AZTECUSDT,2026-03-04 12:00:00,-0.00104307
AZTECUSDT,2026-03-04 08:00:00,0.00005
AZTECUSDT,2026-03-04 04:00:00,0.00001821
AZTECUSDT,2026-03-04 00:00:00,0.00005
AZTECUSDT,2026-03-03 20:00:00,0.00005
AZTECUSDT,2026-03-03 16:00:00,0.00005
AZTECUSDT,2026-03-03 12:00:00,-0.00034406
AZTECUSDT,2026-03-03 08:00:00,-0.00015384
AZTECUSDT,2026-03-03 04:00:00,-0.00023042
AZTECUSDT,2026-03-03 00:00:00,-0.00056183
AZTECUSDT,2026-03-02 20:00:00,-0.0004188
AZTECUSDT,2026-03-02 16:00:00,-0.00027688
AZTECUSDT,2026-03-02 12:00:00,-0.00098569
AZTECUSDT,2026-03-02 08:00:00,-0.00114981
AZTECUSDT,2026-03-02 04:00:00,-0.00074795
AZTECUSDT,2026-03-02 00:00:00,-0.00059028
AZTECUSDT,2026-03-01 20:00:00,-0.0002396
AZTECUSDT,2026-03-01 16:00:00,-0.00034077
AZTECUSDT,2026-03-01 12:00:00,-0.00040948
AZTECUSDT,2026-03-01 08:00:00,-0.00001808
AZTECUSDT,2026-03-01 04:00:00,-0.00051524
AZTECUSDT,2026-03-01 00:00:00,-0.00029817
AZTECUSDT,2026-02-28 20:00:00,0.00005
AZTECUSDT,2026-02-28 16:00:00,0.00005
AZTECUSDT,2026-02-28 12:00:00,-0.00015927
AZTECUSDT,2026-02-28 08:00:00,-0.00040258
AZTECUSDT,2026-02-28 04:00:00,-0.00005687
AZTECUSDT,2026-02-28 00:00:00,-0.00025342
AZTECUSDT,2026-02-27 20:00:00,0.00001267
AZTECUSDT,2026-02-27 16:00:00,0.00005
AZTECUSDT,2026-02-27 12:00:00,0.00005
AZTECUSDT,2026-02-27 08:00:00,0.00005
AZTECUSDT,2026-02-27 04:00:00,-0.00074859
AZTECUSDT,2026-02-27 00:00:00,-0.00018636
AZTECUSDT,2026-02-26 23:00:00,-0.00004004
AZTECUSDT,2026-02-26 22:00:00,-0.00006016
AZTECUSDT,2026-02-26 21:00:00,0.0000125
AZTECUSDT,2026-02-26 20:00:00,0.0000125
AZTECUSDT,2026-02-26 19:00:00,0.0000125
AZTECUSDT,2026-02-26 18:00:00,0.0000125
AZTECUSDT,2026-02-26 17:00:00,0.0000125
AZTECUSDT,2026-02-26 16:00:00,0.0000125
AZTECUSDT,2026-02-26 15:00:00,0.0000125
AZTECUSDT,2026-02-26 14:00:00,0.0000125
AZTECUSDT,2026-02-26 13:00:00,0.0000125
AZTECUSDT,2026-02-26 12:00:00,0.0000125
AZTECUSDT,2026-02-26 11:00:00,-0.00003313
AZTECUSDT,2026-02-26 10:00:00,0.0000125
AZTECUSDT,2026-02-26 09:00:00,-0.00010452
AZTECUSDT,2026-02-26 08:00:00,-0.00027692
AZTECUSDT,2026-02-26 07:00:00,-0.00012648
AZTECUSDT,2026-02-26 06:00:00,0.00001124
AZTECUSDT,2026-02-26 05:00:00,-0.00006952
AZTECUSDT,2026-02-26 04:00:00,-0.00043626
AZTECUSDT,2026-02-26 03:00:00,0.0000125
AZTECUSDT,2026-02-26 02:00:00,-0.00023725
AZTECUSDT,2026-02-26 01:00:00,0.0000125
AZTECUSDT,2026-02-26 00:00:00,-0.0000365
AZTECUSDT,2026-02-25 23:00:00,0.0000125
AZTECUSDT,2026-02-25 22:00:00,0.0000125
AZTECUSDT,2026-02-25 21:00:00,0.0000125
AZTECUSDT,2026-02-25 20:00:00,0.0000125
AZTECUSDT,2026-02-25 19:00:00,0.0000125
AZTECUSDT,2026-02-25 18:00:00,0.0000125
AZTECUSDT,2026-02-25 17:00:00,0.0000125
AZTECUSDT,2026-02-25 16:00:00,-0.00042931
AZTECUSDT,2026-02-25 15:00:00,-0.00056828
AZTECUSDT,2026-02-25 14:00:00,0.0000125
AZTECUSDT,2026-02-25 13:00:00,-0.00043268
AZTECUSDT,2026-02-25 12:00:00,-0.00037184
AZTECUSDT,2026-02-25 11:00:00,-0.00025636
AZTECUSDT,2026-02-25 10:00:00,-0.00047845
AZTECUSDT,2026-02-25 09:00:00,-0.00085145
AZTECUSDT,2026-02-25 08:00:00,-0.00066983
AZTECUSDT,2026-02-25 07:00:00,-0.00028107
AZTECUSDT,2026-02-25 06:00:00,-0.00042679
AZTECUSDT,2026-02-25 05:00:00,-0.00026524
AZTECUSDT,2026-02-25 04:00:00,-0.00054605
AZTECUSDT,2026-02-25 03:00:00,-0.00041964
AZTECUSDT,2026-02-25 02:00:00,0.0000125
AZTECUSDT,2026-02-25 01:00:00,-0.000139
AZTECUSDT,2026-02-25 00:00:00,-0.00030139
AZTECUSDT,2026-02-24 23:00:00,0.0000125
AZTECUSDT,2026-02-24 22:00:00,0.0000125
AZTECUSDT,2026-02-24 21:00:00,-0.00007263
AZTECUSDT,2026-02-24 20:00:00,0.0000125
AZTECUSDT,2026-02-24 19:00:00,-0.00027265
AZTECUSDT,2026-02-24 18:00:00,-0.00039374
AZTECUSDT,2026-02-24 17:00:00,-0.00024142
AZTECUSDT,2026-02-24 16:00:00,-0.00059904
AZTECUSDT,2026-02-24 15:00:00,-0.00052641
AZTECUSDT,2026-02-24 14:00:00,-0.00129366
AZTECUSDT,2026-02-24 13:00:00,-0.00052768
AZTECUSDT,2026-02-24 12:00:00,-0.00066441
AZTECUSDT,2026-02-24 11:00:00,-0.00031271
AZTECUSDT,2026-02-24 10:00:00,-0.00043263
AZTECUSDT,2026-02-24 09:00:00,-0.0010353
AZTECUSDT,2026-02-24 08:00:00,-0.00076055
AZTECUSDT,2026-02-24 07:00:00,-0.0004504
AZTECUSDT,2026-02-24 06:00:00,-0.00149085
AZTECUSDT,2026-02-24 05:00:00,-0.00075317
AZTECUSDT,2026-02-24 04:00:00,-0.00023081
AZTECUSDT,2026-02-24 03:00:00,-0.00038399
AZTECUSDT,2026-02-24 02:00:00,-0.00066946
AZTECUSDT,2026-02-24 01:00:00,-0.00076332
AZTECUSDT,2026-02-24 00:00:00,-0.00101175
AZTECUSDT,2026-02-23 23:00:00,-0.0002684
AZTECUSDT,2026-02-23 22:00:00,-0.00038405
AZTECUSDT,2026-02-23 21:00:00,-0.00093508
AZTECUSDT,2026-02-23 20:00:00,-0.00078772
AZTECUSDT,2026-02-23 19:00:00,-0.00039161
AZTECUSDT,2026-02-23 18:00:00,-0.00096934
AZTECUSDT,2026-02-23 17:00:00,-0.00078838
AZTECUSDT,2026-02-23 16:00:00,-0.00123197
AZTECUSDT,2026-02-23 15:00:00,-0.00054415
AZTECUSDT,2026-02-23 14:00:00,-0.00112937
AZTECUSDT,2026-02-23 13:00:00,-0.00134373
AZTECUSDT,2026-02-23 12:00:00,-0.00218687
AZTECUSDT,2026-02-23 11:00:00,-0.00300296
AZTECUSDT,2026-02-23 10:00:00,-0.00220648
AZTECUSDT,2026-02-23 09:00:00,-0.00192363
AZTECUSDT,2026-02-23 08:00:00,-0.0017465
AZTECUSDT,2026-02-23 07:00:00,-0.00099312
AZTECUSDT,2026-02-23 06:00:00,-0.00178221
AZTECUSDT,2026-02-23 05:00:00,-0.00228494
AZTECUSDT,2026-02-23 04:00:00,-0.00075315
AZTECUSDT,2026-02-23 03:00:00,-0.00087224
AZTECUSDT,2026-02-23 02:00:00,-0.00046765
AZTECUSDT,2026-02-23 01:00:00,-0.00095261
AZTECUSDT,2026-02-23 00:00:00,-0.00098994
AZTECUSDT,2026-02-22 23:00:00,-0.00127322
AZTECUSDT,2026-02-22 22:00:00,-0.00116215
AZTECUSDT,2026-02-22 21:00:00,-0.00132026
AZTECUSDT,2026-02-22 20:00:00,-0.00119671
AZTECUSDT,2026-02-22 19:00:00,-0.00137206
AZTECUSDT,2026-02-22 18:00:00,-0.00174545
AZTECUSDT,2026-02-22 17:00:00,-0.00246305
ROBOUSDT,2026-03-30 00:00:00,0.00005
ROBOUSDT,2026-03-29 20:00:00,0.00005
ROBOUSDT,2026-03-29 16:00:00,0.00001999
ROBOUSDT,2026-03-29 12:00:00,0.00001263
ROBOUSDT,2026-03-29 08:00:00,0.0000435
ROBOUSDT,2026-03-29 04:00:00,-0.00009728
ROBOUSDT,2026-03-29 00:00:00,0.00005
ROBOUSDT,2026-03-28 20:00:00,0.00005
ROBOUSDT,2026-03-28 16:00:00,0.00005
ROBOUSDT,2026-03-28 12:00:00,0.00005
ROBOUSDT,2026-03-28 08:00:00,0.00005
ROBOUSDT,2026-03-28 04:00:00,0.00005
ROBOUSDT,2026-03-28 00:00:00,0.00005
ROBOUSDT,2026-03-27 20:00:00,-0.00103306
ROBOUSDT,2026-03-27 16:00:00,-0.00024993
ROBOUSDT,2026-03-27 12:00:00,0.00005
ROBOUSDT,2026-03-27 08:00:00,-0.00315864
ROBOUSDT,2026-03-27 04:00:00,-0.00264253
ROBOUSDT,2026-03-27 00:00:00,-0.00046564
ROBOUSDT,2026-03-26 20:00:00,-0.00182373
ROBOUSDT,2026-03-26 16:00:00,-0.00234201
ROBOUSDT,2026-03-26 12:00:00,-0.00159874
ROBOUSDT,2026-03-26 08:00:00,-0.00087796
ROBOUSDT,2026-03-26 04:00:00,0.00005
ROBOUSDT,2026-03-26 00:00:00,-0.00077204
ROBOUSDT,2026-03-25 20:00:00,0.00005
ROBOUSDT,2026-03-25 16:00:00,0.00005
ROBOUSDT,2026-03-25 12:00:00,-0.00066048
ROBOUSDT,2026-03-25 08:00:00,-0.00012066
ROBOUSDT,2026-03-25 04:00:00,-0.00013057
ROBOUSDT,2026-03-25 00:00:00,-0.00002826
ROBOUSDT,2026-03-24 20:00:00,-0.00031995
ROBOUSDT,2026-03-24 16:00:00,-0.0002108
ROBOUSDT,2026-03-24 12:00:00,-0.00031702
ROBOUSDT,2026-03-24 08:00:00,0.00005
ROBOUSDT,2026-03-24 04:00:00,-0.00006866
ROBOUSDT,2026-03-24 00:00:00,0.00005
ROBOUSDT,2026-03-23 20:00:00,0.00005
ROBOUSDT,2026-03-23 16:00:00,0.00005
ROBOUSDT,2026-03-23 12:00:00,-0.00013222
ROBOUSDT,2026-03-23 08:00:00,-0.00020675
ROBOUSDT,2026-03-23 04:00:00,0.0000404
ROBOUSDT,2026-03-23 00:00:00,0.00004318
ROBOUSDT,2026-03-22 20:00:00,0.00005
ROBOUSDT,2026-03-22 16:00:00,0.00005
ROBOUSDT,2026-03-22 12:00:00,0.00001617
ROBOUSDT,2026-03-22 08:00:00,-0.00009665
ROBOUSDT,2026-03-22 04:00:00,0.00005
ROBOUSDT,2026-03-22 00:00:00,-0.00004528
ROBOUSDT,2026-03-21 20:00:00,-0.00029198
ROBOUSDT,2026-03-21 16:00:00,-0.00072039
ROBOUSDT,2026-03-21 12:00:00,0.00005
ROBOUSDT,2026-03-21 08:00:00,-0.00046068
ROBOUSDT,2026-03-21 04:00:00,-0.00010343
ROBOUSDT,2026-03-21 00:00:00,-0.00010611
ROBOUSDT,2026-03-20 20:00:00,-0.0006689
ROBOUSDT,2026-03-20 16:00:00,-0.00004893
ROBOUSDT,2026-03-20 12:00:00,0.00002918
ROBOUSDT,2026-03-20 08:00:00,-0.00139691
ROBOUSDT,2026-03-20 04:00:00,-0.00124528
ROBOUSDT,2026-03-20 00:00:00,-0.00186696
ROBOUSDT,2026-03-19 20:00:00,-0.0016319
ROBOUSDT,2026-03-19 16:00:00,-0.001171
ROBOUSDT,2026-03-19 12:00:00,-0.00109779
ROBOUSDT,2026-03-19 08:00:00,-0.00213026
ROBOUSDT,2026-03-19 04:00:00,-0.00676855
ROBOUSDT,2026-03-19 00:00:00,-0.00438978
ROBOUSDT,2026-03-18 20:00:00,-0.00279641
ROBOUSDT,2026-03-18 16:00:00,-0.00191475
ROBOUSDT,2026-03-18 12:00:00,-0.00079972
ROBOUSDT,2026-03-18 08:00:00,-0.00118362
ROBOUSDT,2026-03-18 04:00:00,-0.00818377
ROBOUSDT,2026-03-18 00:00:00,-0.00264353
ROBOUSDT,2026-03-17 20:00:00,-0.00297252
ROBOUSDT,2026-03-17 16:00:00,-0.00225995
ROBOUSDT,2026-03-17 12:00:00,0.00005
ROBOUSDT,2026-03-17 08:00:00,-0.00168997
ROBOUSDT,2026-03-17 04:00:00,-0.00160701
ROBOUSDT,2026-03-17 00:00:00,-0.00305853
ROBOUSDT,2026-03-16 20:00:00,-0.00251332
ROBOUSDT,2026-03-16 16:00:00,-0.00322033
ROBOUSDT,2026-03-16 12:00:00,-0.00267402
ROBOUSDT,2026-03-16 08:00:00,-0.00132736
ROBOUSDT,2026-03-16 04:00:00,-0.00255932
ROBOUSDT,2026-03-16 00:00:00,-0.00078845
ROBOUSDT,2026-03-15 20:00:00,0.00005
ROBOUSDT,2026-03-15 16:00:00,0.00005
ROBOUSDT,2026-03-15 12:00:00,0.00005
ROBOUSDT,2026-03-15 08:00:00,0.00005
ROBOUSDT,2026-03-15 04:00:00,0.00005
ROBOUSDT,2026-03-15 00:00:00,0.00002324
ROBOUSDT,2026-03-14 20:00:00,0.00005
ROBOUSDT,2026-03-14 16:00:00,0.00005
ROBOUSDT,2026-03-14 12:00:00,0.00005
ROBOUSDT,2026-03-14 08:00:00,0.00003642
ROBOUSDT,2026-03-14 04:00:00,0.00005
ROBOUSDT,2026-03-14 00:00:00,0.00005
ROBOUSDT,2026-03-13 20:00:00,-0.00025198
ROBOUSDT,2026-03-13 16:00:00,-0.00021081
ROBOUSDT,2026-03-13 12:00:00,0.00005
ROBOUSDT,2026-03-13 08:00:00,0.00005
ROBOUSDT,2026-03-13 04:00:00,0.00005
ROBOUSDT,2026-03-13 00:00:00,0.00005
ROBOUSDT,2026-03-12 20:00:00,0.00005
ROBOUSDT,2026-03-12 16:00:00,0.00000151
ROBOUSDT,2026-03-12 12:00:00,-0.00059241
ROBOUSDT,2026-03-12 08:00:00,-0.00033199
ROBOUSDT,2026-03-12 04:00:00,-0.00113582
ROBOUSDT,2026-03-12 00:00:00,-0.00197897
ROBOUSDT,2026-03-11 20:00:00,-0.00148093
ROBOUSDT,2026-03-11 16:00:00,-0.00150991
ROBOUSDT,2026-03-11 12:00:00,-0.00011183
ROBOUSDT,2026-03-11 08:00:00,-0.00095947
ROBOUSDT,2026-03-11 04:00:00,-0.002024
ROBOUSDT,2026-03-11 00:00:00,-0.00049139
ROBOUSDT,2026-03-10 20:00:00,0.00002568
ROBOUSDT,2026-03-10 16:00:00,0.00005
ROBOUSDT,2026-03-10 12:00:00,0.00004131
ROBOUSDT,2026-03-10 08:00:00,0.00005
ROBOUSDT,2026-03-10 04:00:00,-0.00118741
ROBOUSDT,2026-03-10 00:00:00,0.00005
ROBOUSDT,2026-03-09 20:00:00,0.00005
ROBOUSDT,2026-03-09 16:00:00,0.00005
ROBOUSDT,2026-03-09 12:00:00,0.00005
ROBOUSDT,2026-03-09 08:00:00,0.00005
ROBOUSDT,2026-03-09 04:00:00,0.00005
ROBOUSDT,2026-03-09 00:00:00,-0.00091599
ROBOUSDT,2026-03-08 20:00:00,0.00005
ROBOUSDT,2026-03-08 16:00:00,-0.00040791
ROBOUSDT,2026-03-08 12:00:00,-0.00001113
ROBOUSDT,2026-03-08 08:00:00,-0.00040557
ROBOUSDT,2026-03-08 04:00:00,-0.0000997
ROBOUSDT,2026-03-08 00:00:00,-0.0000854
ROBOUSDT,2026-03-07 20:00:00,0.00005
ROBOUSDT,2026-03-07 16:00:00,-0.0000949
ROBOUSDT,2026-03-07 12:00:00,-0.00106794
ROBOUSDT,2026-03-07 08:00:00,-0.00313323
ROBOUSDT,2026-03-07 04:00:00,-0.000804
ROBOUSDT,2026-03-07 00:00:00,-0.00046917
ROBOUSDT,2026-03-06 20:00:00,-0.00031316
ROBOUSDT,2026-03-06 16:00:00,0.00005
ROBOUSDT,2026-03-06 12:00:00,-0.00085489
ROBOUSDT,2026-03-06 08:00:00,-0.00055855
ROBOUSDT,2026-03-06 04:00:00,-0.00161344
ROBOUSDT,2026-03-06 00:00:00,-0.00036342
ROBOUSDT,2026-03-05 20:00:00,-0.00067806
ROBOUSDT,2026-03-05 16:00:00,-0.00080021
ROBOUSDT,2026-03-05 12:00:00,-0.00103611
ROBOUSDT,2026-03-05 08:00:00,-0.00130493
ROBOUSDT,2026-03-05 04:00:00,-0.0022076
ROBOUSDT,2026-03-05 00:00:00,-0.00143867
ROBOUSDT,2026-03-04 20:00:00,-0.00096316
ROBOUSDT,2026-03-04 16:00:00,-0.00475291
ROBOUSDT,2026-03-04 12:00:00,0.00005
ROBOUSDT,2026-03-04 08:00:00,0.0000387
ROBOUSDT,2026-03-04 04:00:00,-0.00103531
ROBOUSDT,2026-03-04 00:00:00,-0.00085488
ROBOUSDT,2026-03-03 20:00:00,-0.00197511
ROBOUSDT,2026-03-03 16:00:00,-0.00049367
ROBOUSDT,2026-03-03 12:00:00,-0.00088348
ROBOUSDT,2026-03-03 08:00:00,-0.0019102
ROBOUSDT,2026-03-03 04:00:00,-0.00054333
ROBOUSDT,2026-03-03 00:00:00,0.00005
ROBOUSDT,2026-03-02 20:00:00,0.00005
ROBOUSDT,2026-03-02 16:00:00,0.00005
ROBOUSDT,2026-03-02 12:00:00,0.00005
ROBOUSDT,2026-03-02 08:00:00,-0.00034123
ROBOUSDT,2026-03-02 04:00:00,0.00005
ROBOUSDT,2026-03-02 00:00:00,0.00005
ROBOUSDT,2026-03-01 20:00:00,0.00005
ROBOUSDT,2026-03-01 16:00:00,-0.0001897
ROBOUSDT,2026-03-01 12:00:00,-0.00054444
ROBOUSDT,2026-03-01 08:00:00,-0.00027102
ROBOUSDT,2026-03-01 04:00:00,0.00005
ROBOUSDT,2026-03-01 00:00:00,0.00005
ROBOUSDT,2026-02-28 20:00:00,-0.00028223
ROBOUSDT,2026-02-28 16:00:00,-0.00060815
ROBOUSDT,2026-02-28 12:00:00,-0.00165174
ROBOUSDT,2026-02-28 08:00:00,-0.00168502
ROBOUSDT,2026-02-28 04:00:00,0.00005
ROBOUSDT,2026-02-28 00:00:00,0.00007094
ROBOUSDT,2026-02-27 20:00:00,0.00028168
ROBOUSDT,2026-02-27 16:00:00,0.00090512
ROBOUSDT,2026-02-27 12:00:00,-0.00031408
ROBOUSDT,2026-02-27 08:00:00,0.00005
ROBOUSDT,2026-02-27 04:00:00,0.00005
ROBOUSDT,2026-02-27 00:00:00,0.00005
BSBUSDT,2026-04-04 00:00:00,-0.0000339
BSBUSDT,2026-04-03 20:00:00,0.00005
BSBUSDT,2026-04-03 16:00:00,0.00005
BSBUSDT,2026-04-03 12:00:00,0.00005
BSBUSDT,2026-04-03 08:00:00,-0.00037424
BSBUSDT,2026-04-03 04:00:00,-0.00082052
BSBUSDT,2026-04-03 00:00:00,-0.00444907
BSBUSDT,2026-04-02 20:00:00,-0.00210705
BSBUSDT,2026-04-02 16:00:00,-0.00120754
BSBUSDT,2026-04-02 12:00:00,-0.00101553
BSBUSDT,2026-04-02 08:00:00,-0.00035225
BSBUSDT,2026-04-02 04:00:00,-0.00081135
BSBUSDT,2026-04-02 00:00:00,0.00005
BSBUSDT,2026-04-01 20:00:00,0.00005
BSBUSDT,2026-04-01 16:00:00,0.00005
BSBUSDT,2026-04-01 12:00:00,0.00005
BSBUSDT,2026-04-01 08:00:00,0.00005
BSBUSDT,2026-04-01 04:00:00,0.00005
BSBUSDT,2026-04-01 00:00:00,0.00005
BSBUSDT,2026-03-31 20:00:00,0.00005
BSBUSDT,2026-03-31 16:00:00,0.00005
BSBUSDT,2026-03-31 12:00:00,0.00005
BSBUSDT,2026-03-31 08:00:00,0.00005
BSBUSDT,2026-03-31 04:00:00,0.00005
BSBUSDT,2026-03-31 00:00:00,0.00005
BSBUSDT,2026-03-30 20:00:00,0.00005
BSBUSDT,2026-03-30 16:00:00,0.00005
BSBUSDT,2026-03-30 12:00:00,0.00005
BSBUSDT,2026-03-30 08:00:00,0.00005
BSBUSDT,2026-03-30 04:00:00,0.00005
BSBUSDT,2026-03-30 00:00:00,0.00005
BSBUSDT,2026-03-29 20:00:00,0.00005
BSBUSDT,2026-03-29 16:00:00,0.00005
BSBUSDT,2026-03-29 12:00:00,0.00005
BSBUSDT,2026-03-29 08:00:00,0.00005
BSBUSDT,2026-03-29 04:00:00,0.00005
BSBUSDT,2026-03-29 00:00:00,-0.00003373
BSBUSDT,2026-03-28 20:00:00,0.00005
BSBUSDT,2026-03-28 16:00:00,-0.00017202
BSBUSDT,2026-03-28 12:00:00,-0.00026456
BSBUSDT,2026-03-28 08:00:00,-0.00007405
BSBUSDT,2026-03-28 04:00:00,-0.00009514
BSBUSDT,2026-03-28 00:00:00,-0.00047439
BSBUSDT,2026-03-27 20:00:00,-0.00062342
BSBUSDT,2026-03-27 16:00:00,-0.00002149
BSBUSDT,2026-03-27 12:00:00,0.00005
BSBUSDT,2026-03-27 08:00:00,-0.00014556
BSBUSDT,2026-03-27 04:00:00,0.00005
BSBUSDT,2026-03-27 00:00:00,0.00005
BSBUSDT,2026-03-26 20:00:00,0.00005
BSBUSDT,2026-03-26 16:00:00,0.00005
BSBUSDT,2026-03-26 12:00:00,0.00005
BSBUSDT,2026-03-26 08:00:00,0.00005
BSBUSDT,2026-03-26 04:00:00,0.00005
OPNUSDT,2026-04-05 00:00:00,0.00005
OPNUSDT,2026-04-04 20:00:00,0.00005
OPNUSDT,2026-04-04 16:00:00,0.00005
OPNUSDT,2026-04-04 12:00:00,0.00005
OPNUSDT,2026-04-04 08:00:00,0.00005
OPNUSDT,2026-04-04 04:00:00,0.00005
OPNUSDT,2026-04-04 00:00:00,0.00005
OPNUSDT,2026-04-03 20:00:00,0.00005
OPNUSDT,2026-04-03 16:00:00,0.00005
OPNUSDT,2026-04-03 12:00:00,0.00005
OPNUSDT,2026-04-03 08:00:00,0.00005
OPNUSDT,2026-04-03 04:00:00,0.00005
OPNUSDT,2026-04-03 00:00:00,0.00005
OPNUSDT,2026-04-02 20:00:00,0.00005
OPNUSDT,2026-04-02 16:00:00,0.00005
OPNUSDT,2026-04-02 12:00:00,0.00005
OPNUSDT,2026-04-02 08:00:00,0.00005
OPNUSDT,2026-04-02 04:00:00,0.00005
OPNUSDT,2026-04-02 00:00:00,0.00005
OPNUSDT,2026-04-01 20:00:00,0.00005
OPNUSDT,2026-04-01 16:00:00,0.00005
OPNUSDT,2026-04-01 12:00:00,0.00005
OPNUSDT,2026-04-01 08:00:00,0.00000234
OPNUSDT,2026-04-01 04:00:00,0.00005
OPNUSDT,2026-04-01 00:00:00,0.00005
OPNUSDT,2026-03-31 20:00:00,0.00005
OPNUSDT,2026-03-31 16:00:00,0.00005
OPNUSDT,2026-03-31 12:00:00,0.00005
OPNUSDT,2026-03-31 08:00:00,0.00005
OPNUSDT,2026-03-31 04:00:00,0.00005
OPNUSDT,2026-03-31 00:00:00,0.00005
OPNUSDT,2026-03-30 20:00:00,0.00005
OPNUSDT,2026-03-30 16:00:00,0.00005
OPNUSDT,2026-03-30 12:00:00,0.00005
OPNUSDT,2026-03-30 08:00:00,0.00005
OPNUSDT,2026-03-30 04:00:00,0.00005
OPNUSDT,2026-03-30 00:00:00,0.00005
OPNUSDT,2026-03-29 20:00:00,-0.00003174
OPNUSDT,2026-03-29 16:00:00,0.00005
OPNUSDT,2026-03-29 12:00:00,0.00005
OPNUSDT,2026-03-29 08:00:00,0.00005
OPNUSDT,2026-03-29 04:00:00,0.00005
OPNUSDT,2026-03-29 00:00:00,0.00005
OPNUSDT,2026-03-28 20:00:00,0.00005
OPNUSDT,2026-03-28 16:00:00,0.00005
OPNUSDT,2026-03-28 12:00:00,0.00005
OPNUSDT,2026-03-28 08:00:00,0.00005
OPNUSDT,2026-03-28 04:00:00,0.00005
OPNUSDT,2026-03-28 00:00:00,0.00005
OPNUSDT,2026-03-27 20:00:00,0.00005
OPNUSDT,2026-03-27 16:00:00,0.00005
OPNUSDT,2026-03-27 12:00:00,0.00005
OPNUSDT,2026-03-27 08:00:00,0.00005
OPNUSDT,2026-03-27 04:00:00,0.00005
OPNUSDT,2026-03-27 00:00:00,0.00005
OPNUSDT,2026-03-26 20:00:00,0.00005
OPNUSDT,2026-03-26 16:00:00,0.00005
OPNUSDT,2026-03-26 12:00:00,0.00005
OPNUSDT,2026-03-26 08:00:00,0.00005
OPNUSDT,2026-03-26 04:00:00,0.00005
OPNUSDT,2026-03-26 00:00:00,0.00005
OPNUSDT,2026-03-25 20:00:00,0.00005
OPNUSDT,2026-03-25 16:00:00,0.00005
OPNUSDT,2026-03-25 12:00:00,0.00005
OPNUSDT,2026-03-25 08:00:00,0.00005
OPNUSDT,2026-03-25 04:00:00,0.00005
OPNUSDT,2026-03-25 00:00:00,0.00005
OPNUSDT,2026-03-24 20:00:00,0.00005
OPNUSDT,2026-03-24 16:00:00,0.00005
OPNUSDT,2026-03-24 12:00:00,0.00005
OPNUSDT,2026-03-24 08:00:00,0.00005
OPNUSDT,2026-03-24 04:00:00,0.00005
OPNUSDT,2026-03-24 00:00:00,0.00005
OPNUSDT,2026-03-23 20:00:00,0.00005
OPNUSDT,2026-03-23 16:00:00,0.00005
OPNUSDT,2026-03-23 12:00:00,0.00005
OPNUSDT,2026-03-23 08:00:00,0.00005
OPNUSDT,2026-03-23 04:00:00,0.00005
OPNUSDT,2026-03-23 00:00:00,0.00005
OPNUSDT,2026-03-22 20:00:00,0.00005
OPNUSDT,2026-03-22 16:00:00,0.00005
OPNUSDT,2026-03-22 12:00:00,0.00005
OPNUSDT,2026-03-22 08:00:00,0.00005
OPNUSDT,2026-03-22 04:00:00,0.00005
OPNUSDT,2026-03-22 00:00:00,0.00005
OPNUSDT,2026-03-21 20:00:00,0.00005
OPNUSDT,2026-03-21 16:00:00,0.00005
OPNUSDT,2026-03-21 12:00:00,0.00005
OPNUSDT,2026-03-21 08:00:00,0.00005
OPNUSDT,2026-03-21 04:00:00,0.00005
OPNUSDT,2026-03-21 00:00:00,0.00005
OPNUSDT,2026-03-20 20:00:00,0.00005
OPNUSDT,2026-03-20 16:00:00,0.00005
OPNUSDT,2026-03-20 12:00:00,0.00005
OPNUSDT,2026-03-20 08:00:00,0.00005
OPNUSDT,2026-03-20 04:00:00,0.00005
OPNUSDT,2026-03-20 00:00:00,0.00005
OPNUSDT,2026-03-19 20:00:00,0.00005
OPNUSDT,2026-03-19 16:00:00,0.00005
OPNUSDT,2026-03-19 12:00:00,0.00005
OPNUSDT,2026-03-19 08:00:00,0.00005
OPNUSDT,2026-03-19 04:00:00,0.00005
OPNUSDT,2026-03-19 00:00:00,0.00005
OPNUSDT,2026-03-18 20:00:00,0.00005
OPNUSDT,2026-03-18 16:00:00,0.00005
OPNUSDT,2026-03-18 12:00:00,0.00005
OPNUSDT,2026-03-18 08:00:00,0.00005
OPNUSDT,2026-03-18 04:00:00,0.00005
OPNUSDT,2026-03-18 00:00:00,0.00005
OPNUSDT,2026-03-17 20:00:00,0.00005
OPNUSDT,2026-03-17 16:00:00,-0.00016996
OPNUSDT,2026-03-17 12:00:00,0.00005
OPNUSDT,2026-03-17 08:00:00,0.00005
OPNUSDT,2026-03-17 04:00:00,0.00005
OPNUSDT,2026-03-17 00:00:00,0.00005
OPNUSDT,2026-03-16 20:00:00,0.00005
OPNUSDT,2026-03-16 16:00:00,0.00005
OPNUSDT,2026-03-16 12:00:00,0.00005
OPNUSDT,2026-03-16 08:00:00,0.00005
OPNUSDT,2026-03-16 04:00:00,0.00005
OPNUSDT,2026-03-16 00:00:00,0.00005
OPNUSDT,2026-03-15 20:00:00,0.00005
OPNUSDT,2026-03-15 16:00:00,0.00005
OPNUSDT,2026-03-15 12:00:00,0.00005
OPNUSDT,2026-03-15 08:00:00,0.00005
OPNUSDT,2026-03-15 04:00:00,0.00005
OPNUSDT,2026-03-15 00:00:00,0.00005
OPNUSDT,2026-03-14 20:00:00,0.00005
OPNUSDT,2026-03-14 16:00:00,0.00005
OPNUSDT,2026-03-14 12:00:00,0.00005
OPNUSDT,2026-03-14 08:00:00,0.00005
OPNUSDT,2026-03-14 04:00:00,0.00005
OPNUSDT,2026-03-14 00:00:00,0.00005
OPNUSDT,2026-03-13 20:00:00,0.00005
OPNUSDT,2026-03-13 16:00:00,0.00005
OPNUSDT,2026-03-13 12:00:00,0.00005
OPNUSDT,2026-03-13 08:00:00,0.00005
OPNUSDT,2026-03-13 04:00:00,0.00005
OPNUSDT,2026-03-13 00:00:00,0.00005
OPNUSDT,2026-03-12 20:00:00,0.00005
OPNUSDT,2026-03-12 16:00:00,0.00005
OPNUSDT,2026-03-12 12:00:00,0.00005
OPNUSDT,2026-03-12 08:00:00,0.00005
OPNUSDT,2026-03-12 04:00:00,0.00005
OPNUSDT,2026-03-12 00:00:00,0.00005
OPNUSDT,2026-03-11 20:00:00,0.00005
OPNUSDT,2026-03-11 16:00:00,0.00005
OPNUSDT,2026-03-11 12:00:00,0.00005
OPNUSDT,2026-03-11 08:00:00,0.00005
OPNUSDT,2026-03-11 04:00:00,0.00005
OPNUSDT,2026-03-11 00:00:00,0.00005
OPNUSDT,2026-03-10 20:00:00,0.00005
OPNUSDT,2026-03-10 16:00:00,0.00005
OPNUSDT,2026-03-10 12:00:00,0.00005
OPNUSDT,2026-03-10 08:00:00,0.00005
OPNUSDT,2026-03-10 04:00:00,0.00005
OPNUSDT,2026-03-10 00:00:00,0.00005
OPNUSDT,2026-03-09 20:00:00,0.00005
OPNUSDT,2026-03-09 16:00:00,0.00005
OPNUSDT,2026-03-09 12:00:00,0.00005
OPNUSDT,2026-03-09 08:00:00,0.00005
OPNUSDT,2026-03-09 04:00:00,-0.0000654
OPNUSDT,2026-03-09 00:00:00,0.00005
OPNUSDT,2026-03-08 20:00:00,0.00005
OPNUSDT,2026-03-08 16:00:00,0.00005
OPNUSDT,2026-03-08 12:00:00,0.00005
OPNUSDT,2026-03-08 08:00:00,0.00005
OPNUSDT,2026-03-08 04:00:00,0.00005
OPNUSDT,2026-03-08 00:00:00,0.00005
OPNUSDT,2026-03-07 20:00:00,0.00005
OPNUSDT,2026-03-07 16:00:00,0.00005
OPNUSDT,2026-03-07 12:00:00,0.00005
OPNUSDT,2026-03-07 08:00:00,0.00005
OPNUSDT,2026-03-07 04:00:00,0.00005
OPNUSDT,2026-03-07 00:00:00,0.00005
OPNUSDT,2026-03-06 20:00:00,0.00005
OPNUSDT,2026-03-06 16:00:00,0.00005
OPNUSDT,2026-03-06 12:00:00,0.00005
OPNUSDT,2026-03-06 08:00:00,0.00015093
OPNUSDT,2026-03-06 04:00:00,0.00020489
OPNUSDT,2026-03-06 00:00:00,0.00005
OPNUSDT,2026-03-05 20:00:00,0.0001072
OPNUSDT,2026-03-05 16:00:00,0.00005
OPNUSDT,2026-03-05 12:00:00,-0.00087835
OPNUSDT,2026-03-05 08:00:00,0.00005
OPNUSDT,2026-03-05 04:00:00,0.00005
OPNUSDT,2026-03-05 00:00:00,0.00005
BASEDUSDT,2026-04-30 00:00:00,0.00005
BASEDUSDT,2026-04-29 20:00:00,0.00005
BASEDUSDT,2026-04-29 16:00:00,0.00005
BASEDUSDT,2026-04-29 12:00:00,-0.00003769
BASEDUSDT,2026-04-29 08:00:00,0.00005
BASEDUSDT,2026-04-29 04:00:00,0.00005
BASEDUSDT,2026-04-29 00:00:00,0.00005
BASEDUSDT,2026-04-28 20:00:00,0.00005
BASEDUSDT,2026-04-28 16:00:00,0.00005
BASEDUSDT,2026-04-28 12:00:00,0.00005
BASEDUSDT,2026-04-28 08:00:00,0.00005
BASEDUSDT,2026-04-28 04:00:00,0.00005
BASEDUSDT,2026-04-28 00:00:00,0.00005
BASEDUSDT,2026-04-27 20:00:00,0.00005
BASEDUSDT,2026-04-27 16:00:00,0.00005
BASEDUSDT,2026-04-27 12:00:00,0.00005
BASEDUSDT,2026-04-27 08:00:00,0.00005
BASEDUSDT,2026-04-27 04:00:00,0.00039473
BASEDUSDT,2026-04-27 00:00:00,0.00027069
BASEDUSDT,2026-04-26 20:00:00,0.00018395
BASEDUSDT,2026-04-26 16:00:00,0.00005
BASEDUSDT,2026-04-26 12:00:00,0.00005
BASEDUSDT,2026-04-26 08:00:00,0.00026344
BASEDUSDT,2026-04-26 04:00:00,0.00005
BASEDUSDT,2026-04-26 00:00:00,0.00015354
BASEDUSDT,2026-04-25 20:00:00,0.00005
BASEDUSDT,2026-04-25 16:00:00,0.00005
BASEDUSDT,2026-04-25 12:00:00,0.00005
BASEDUSDT,2026-04-25 08:00:00,0.00005
BASEDUSDT,2026-04-25 04:00:00,0.00005
BASEDUSDT,2026-04-25 00:00:00,0.00005
BASEDUSDT,2026-04-24 20:00:00,0.00005
BASEDUSDT,2026-04-24 16:00:00,0.00005
BASEDUSDT,2026-04-24 12:00:00,0.00005
BASEDUSDT,2026-04-24 08:00:00,0.00005
BASEDUSDT,2026-04-24 04:00:00,0.00005
BASEDUSDT,2026-04-24 00:00:00,0.00005
BASEDUSDT,2026-04-23 20:00:00,0.00005
BASEDUSDT,2026-04-23 16:00:00,0.00005
BASEDUSDT,2026-04-23 12:00:00,0.00005
BASEDUSDT,2026-04-23 08:00:00,0.00005
BASEDUSDT,2026-04-23 04:00:00,0.00005
BASEDUSDT,2026-04-23 00:00:00,0.00005
BASEDUSDT,2026-04-22 20:00:00,0.00005
BASEDUSDT,2026-04-22 16:00:00,0.00005
BASEDUSDT,2026-04-22 12:00:00,-0.00041666
BASEDUSDT,2026-04-22 08:00:00,0.00005
BASEDUSDT,2026-04-22 04:00:00,-0.000389
BASEDUSDT,2026-04-22 00:00:00,0.00005
BASEDUSDT,2026-04-21 20:00:00,-0.00062226
BASEDUSDT,2026-04-21 16:00:00,0.00005
BASEDUSDT,2026-04-21 12:00:00,0.00001019
BASEDUSDT,2026-04-21 08:00:00,-0.00292689
BASEDUSDT,2026-04-21 04:00:00,0.00005
BASEDUSDT,2026-04-21 00:00:00,0.00005
BASEDUSDT,2026-04-20 20:00:00,0.00005
BASEDUSDT,2026-04-20 16:00:00,0.00005
BASEDUSDT,2026-04-20 12:00:00,0.00005
BASEDUSDT,2026-04-20 08:00:00,0.00005
BASEDUSDT,2026-04-20 04:00:00,0.00005
BASEDUSDT,2026-04-20 00:00:00,0.00005
BASEDUSDT,2026-04-19 20:00:00,0.00005
BASEDUSDT,2026-04-19 16:00:00,0.00005
BASEDUSDT,2026-04-19 12:00:00,-0.00002163
BASEDUSDT,2026-04-19 08:00:00,0.00005
BASEDUSDT,2026-04-19 04:00:00,-0.00006616
BASEDUSDT,2026-04-19 00:00:00,0.00003275
BASEDUSDT,2026-04-18 20:00:00,0.00005
BASEDUSDT,2026-04-18 16:00:00,0.00005
BASEDUSDT,2026-04-18 12:00:00,0.00005
BASEDUSDT,2026-04-18 08:00:00,0.00005
BASEDUSDT,2026-04-18 04:00:00,0.00005
BASEDUSDT,2026-04-18 00:00:00,0.00005
BASEDUSDT,2026-04-17 20:00:00,0.00005
BASEDUSDT,2026-04-17 16:00:00,-0.00113498
BASEDUSDT,2026-04-17 12:00:00,0.00005
BASEDUSDT,2026-04-17 08:00:00,0.00005
BASEDUSDT,2026-04-17 04:00:00,0.00005
BASEDUSDT,2026-04-17 00:00:00,0.00005
BASEDUSDT,2026-04-16 20:00:00,0.00005
BASEDUSDT,2026-04-16 16:00:00,0.00005
BASEDUSDT,2026-04-16 12:00:00,0.00005
BASEDUSDT,2026-04-16 08:00:00,0.000024
BASEDUSDT,2026-04-16 04:00:00,0.00005
BASEDUSDT,2026-04-16 00:00:00,-0.0001224
BASEDUSDT,2026-04-15 20:00:00,0.00005
BASEDUSDT,2026-04-15 16:00:00,-0.00025758
BASEDUSDT,2026-04-15 12:00:00,-0.00081953
BASEDUSDT,2026-04-15 08:00:00,0.00000525
BASEDUSDT,2026-04-15 04:00:00,-0.00004401
BASEDUSDT,2026-04-15 00:00:00,-0.00077258
BASEDUSDT,2026-04-14 20:00:00,-0.0002953
BASEDUSDT,2026-04-14 16:00:00,0.00005
BASEDUSDT,2026-04-14 12:00:00,0.00005
BASEDUSDT,2026-04-14 08:00:00,-0.00013638
BASEDUSDT,2026-04-14 04:00:00,-0.00015446
BASEDUSDT,2026-04-14 00:00:00,0.00005
BASEDUSDT,2026-04-13 20:00:00,0.00005
BASEDUSDT,2026-04-13 16:00:00,-0.00013438
BASEDUSDT,2026-04-13 12:00:00,0.00005
BASEDUSDT,2026-04-13 08:00:00,0.00005
BASEDUSDT,2026-04-13 04:00:00,-0.00005661
BASEDUSDT,2026-04-13 00:00:00,0.00005
BASEDUSDT,2026-04-12 20:00:00,0.00005
BASEDUSDT,2026-04-12 16:00:00,0.00005
BASEDUSDT,2026-04-12 12:00:00,0.00005
BASEDUSDT,2026-04-12 08:00:00,-0.00020787
BASEDUSDT,2026-04-12 04:00:00,0.00005
BASEDUSDT,2026-04-12 00:00:00,0.00005
BASEDUSDT,2026-04-11 20:00:00,0.00005
BASEDUSDT,2026-04-11 16:00:00,0.00005
BASEDUSDT,2026-04-11 12:00:00,0.00005
BASEDUSDT,2026-04-11 08:00:00,0.00005
BASEDUSDT,2026-04-11 04:00:00,0.00005
BASEDUSDT,2026-04-11 00:00:00,0.00005
BASEDUSDT,2026-04-10 20:00:00,0.00005
BASEDUSDT,2026-04-10 16:00:00,-0.00021197
BASEDUSDT,2026-04-10 12:00:00,-0.00028423
BASEDUSDT,2026-04-10 08:00:00,0.00005
BASEDUSDT,2026-04-10 04:00:00,-0.00034934
BASEDUSDT,2026-04-10 00:00:00,0.00005
BASEDUSDT,2026-04-09 20:00:00,0.00005
BASEDUSDT,2026-04-09 16:00:00,-0.0004406
BASEDUSDT,2026-04-09 12:00:00,-0.00008333
BASEDUSDT,2026-04-09 08:00:00,0.00005
BASEDUSDT,2026-04-09 04:00:00,0.00005
BASEDUSDT,2026-04-09 00:00:00,0.00005
BASEDUSDT,2026-04-08 20:00:00,0.00005
BASEDUSDT,2026-04-08 16:00:00,0.00005
BASEDUSDT,2026-04-08 12:00:00,0.00005
BASEDUSDT,2026-04-08 08:00:00,0.00005
BASEDUSDT,2026-04-08 04:00:00,0.00005
BASEDUSDT,2026-04-08 00:00:00,0.00005
BASEDUSDT,2026-04-07 20:00:00,0.00005
BASEDUSDT,2026-04-07 16:00:00,0.00005
BASEDUSDT,2026-04-07 12:00:00,0.00005
BASEDUSDT,2026-04-07 08:00:00,0.00005
BASEDUSDT,2026-04-07 04:00:00,-0.00248993
BASEDUSDT,2026-04-07 00:00:00,0.00005
BASEDUSDT,2026-04-06 20:00:00,0.00005
BASEDUSDT,2026-04-06 16:00:00,0.00005
BASEDUSDT,2026-04-06 12:00:00,0.00005
BASEDUSDT,2026-04-06 08:00:00,-0.00026603
BASEDUSDT,2026-04-06 04:00:00,0.00005
BASEDUSDT,2026-04-06 00:00:00,0.00005
BASEDUSDT,2026-04-05 20:00:00,0.00005
BASEDUSDT,2026-04-05 16:00:00,0.00003454
BASEDUSDT,2026-04-05 12:00:00,0.00005
BASEDUSDT,2026-04-05 08:00:00,0.00005
BASEDUSDT,2026-04-05 04:00:00,0.00005
BASEDUSDT,2026-04-05 00:00:00,0.00005
BASEDUSDT,2026-04-04 20:00:00,0.00005
BASEDUSDT,2026-04-04 16:00:00,-0.00045671
BASEDUSDT,2026-04-04 12:00:00,-0.00066741
BASEDUSDT,2026-04-04 08:00:00,-0.00020166
BASEDUSDT,2026-04-04 04:00:00,-0.00075815
BASEDUSDT,2026-04-04 00:00:00,0.00003156
BASEDUSDT,2026-04-03 20:00:00,-0.00014918
BASEDUSDT,2026-04-03 16:00:00,0.00005
BASEDUSDT,2026-04-03 12:00:00,0.00005
BASEDUSDT,2026-04-03 08:00:00,0.00005
BASEDUSDT,2026-04-03 04:00:00,0.00005
BASEDUSDT,2026-04-03 00:00:00,0.00005
BASEDUSDT,2026-04-02 20:00:00,0.00005
BASEDUSDT,2026-04-02 16:00:00,0.00005
BASEDUSDT,2026-04-02 12:00:00,0.00005
BASEDUSDT,2026-04-02 08:00:00,0.00005
BASEDUSDT,2026-04-02 04:00:00,0.00004571
BASEDUSDT,2026-04-02 00:00:00,0.00005
BASEDUSDT,2026-04-01 20:00:00,-0.00029095
BASEDUSDT,2026-04-01 16:00:00,-0.00022441
BASEDUSDT,2026-04-01 12:00:00,-0.00020201
BASEDUSDT,2026-04-01 08:00:00,-0.00112913
BASEDUSDT,2026-04-01 04:00:00,-0.0010833
BASEDUSDT,2026-04-01 00:00:00,-0.00122568
BASEDUSDT,2026-03-31 20:00:00,-0.00026737
BASEDUSDT,2026-03-31 16:00:00,-0.00018301
BASEDUSDT,2026-03-31 12:00:00,-0.00036199
BASEDUSDT,2026-03-31 08:00:00,-0.00044131
BASEDUSDT,2026-03-31 04:00:00,-0.00020016
BASEDUSDT,2026-03-31 00:00:00,0.00005
BASEDUSDT,2026-03-30 20:00:00,0.00022379
BASEDUSDT,2026-03-30 16:00:00,0.00091851
BASEDUSDT,2026-03-30 12:00:00,-0.00538974
BASEDUSDT,2026-03-30 08:00:00,0.00005
EDGEUSDT,2026-05-01 00:00:00,0.00005
EDGEUSDT,2026-04-30 20:00:00,0.000055
EDGEUSDT,2026-04-30 16:00:00,0.00005
EDGEUSDT,2026-04-30 12:00:00,0.00005
EDGEUSDT,2026-04-30 08:00:00,0.00009749
EDGEUSDT,2026-04-30 04:00:00,0.00005
EDGEUSDT,2026-04-30 00:00:00,0.00005
EDGEUSDT,2026-04-29 20:00:00,0.00005
EDGEUSDT,2026-04-29 16:00:00,0.00005
EDGEUSDT,2026-04-29 12:00:00,0.00005
EDGEUSDT,2026-04-29 08:00:00,0.00005
EDGEUSDT,2026-04-29 04:00:00,0.00005
EDGEUSDT,2026-04-29 00:00:00,0.0000911
EDGEUSDT,2026-04-28 20:00:00,0.00005
EDGEUSDT,2026-04-28 16:00:00,0.00005
EDGEUSDT,2026-04-28 12:00:00,0.00005
EDGEUSDT,2026-04-28 08:00:00,0.00005
EDGEUSDT,2026-04-28 04:00:00,0.00005
EDGEUSDT,2026-04-28 00:00:00,0.00005
EDGEUSDT,2026-04-27 20:00:00,0.0001004
EDGEUSDT,2026-04-27 16:00:00,0.00005
EDGEUSDT,2026-04-27 12:00:00,0.00005
EDGEUSDT,2026-04-27 08:00:00,0.00005
EDGEUSDT,2026-04-27 04:00:00,0.00045129
EDGEUSDT,2026-04-27 00:00:00,0.0000893
EDGEUSDT,2026-04-26 20:00:00,0.00027581
EDGEUSDT,2026-04-26 16:00:00,0.00005
EDGEUSDT,2026-04-26 12:00:00,0.00005
EDGEUSDT,2026-04-26 08:00:00,0.00011987
EDGEUSDT,2026-04-26 04:00:00,0.00005
EDGEUSDT,2026-04-26 00:00:00,0.00005
EDGEUSDT,2026-04-25 20:00:00,0.00005
EDGEUSDT,2026-04-25 16:00:00,0.00005
EDGEUSDT,2026-04-25 12:00:00,0.0001767
EDGEUSDT,2026-04-25 08:00:00,0.00005
EDGEUSDT,2026-04-25 04:00:00,0.00005
EDGEUSDT,2026-04-25 00:00:00,0.00044329
EDGEUSDT,2026-04-24 20:00:00,0.00022252
EDGEUSDT,2026-04-24 16:00:00,0.00005
EDGEUSDT,2026-04-24 12:00:00,0.00018298
EDGEUSDT,2026-04-24 08:00:00,0.00035107
EDGEUSDT,2026-04-24 04:00:00,0.00041001
EDGEUSDT,2026-04-24 00:00:00,0.00042938
EDGEUSDT,2026-04-23 20:00:00,0.0003414
EDGEUSDT,2026-04-23 16:00:00,0.00005
EDGEUSDT,2026-04-23 12:00:00,0.00005
EDGEUSDT,2026-04-23 08:00:00,0.00005
EDGEUSDT,2026-04-23 04:00:00,0.00005
EDGEUSDT,2026-04-23 00:00:00,0.00005
EDGEUSDT,2026-04-22 20:00:00,0.00005
EDGEUSDT,2026-04-22 16:00:00,0.00005
EDGEUSDT,2026-04-22 12:00:00,0.00005
EDGEUSDT,2026-04-22 08:00:00,0.00005
EDGEUSDT,2026-04-22 04:00:00,0.00026696
EDGEUSDT,2026-04-22 00:00:00,0.00005
EDGEUSDT,2026-04-21 20:00:00,0.00005
EDGEUSDT,2026-04-21 16:00:00,0.00005
EDGEUSDT,2026-04-21 12:00:00,0.00005
EDGEUSDT,2026-04-21 08:00:00,0.00005
EDGEUSDT,2026-04-21 04:00:00,0.00005
EDGEUSDT,2026-04-21 00:00:00,0.00005
EDGEUSDT,2026-04-20 20:00:00,0.00005
EDGEUSDT,2026-04-20 16:00:00,0.00005
EDGEUSDT,2026-04-20 12:00:00,0.00075431
EDGEUSDT,2026-04-20 08:00:00,0.00069878
EDGEUSDT,2026-04-20 04:00:00,0.00073381
EDGEUSDT,2026-04-20 00:00:00,0.00005
EDGEUSDT,2026-04-19 20:00:00,0.00005
EDGEUSDT,2026-04-19 16:00:00,0.00028504
EDGEUSDT,2026-04-19 12:00:00,0.0002759
EDGEUSDT,2026-04-19 08:00:00,0.00005
EDGEUSDT,2026-04-19 04:00:00,0.00005
EDGEUSDT,2026-04-19 00:00:00,0.00005
EDGEUSDT,2026-04-18 20:00:00,0.00005
EDGEUSDT,2026-04-18 16:00:00,0.00005
EDGEUSDT,2026-04-18 12:00:00,0.00041159
EDGEUSDT,2026-04-18 08:00:00,0.00081391
EDGEUSDT,2026-04-18 04:00:00,0.00031639
EDGEUSDT,2026-04-18 00:00:00,0.00037631
EDGEUSDT,2026-04-17 20:00:00,0.00043101
EDGEUSDT,2026-04-17 16:00:00,0.00095561
EDGEUSDT,2026-04-17 12:00:00,0.00155756
EDGEUSDT,2026-04-17 08:00:00,0.00035266
EDGEUSDT,2026-04-17 04:00:00,0.00062979
EDGEUSDT,2026-04-17 00:00:00,0.00005
EDGEUSDT,2026-04-16 20:00:00,0.00005183
EDGEUSDT,2026-04-16 16:00:00,0.00050959
EDGEUSDT,2026-04-16 12:00:00,0.00050741
EDGEUSDT,2026-04-16 08:00:00,0.00023212
EDGEUSDT,2026-04-16 04:00:00,0.000258
EDGEUSDT,2026-04-16 00:00:00,0.00027069
EDGEUSDT,2026-04-15 20:00:00,0.00020115
EDGEUSDT,2026-04-15 16:00:00,0.00057608
EDGEUSDT,2026-04-15 12:00:00,0.00020536
EDGEUSDT,2026-04-15 08:00:00,0.00005
EDGEUSDT,2026-04-15 04:00:00,0.00005
EDGEUSDT,2026-04-15 00:00:00,0.00010643
EDGEUSDT,2026-04-14 20:00:00,0.00047777
EDGEUSDT,2026-04-14 16:00:00,0.00039173
EDGEUSDT,2026-04-14 12:00:00,0.0002201
EDGEUSDT,2026-04-14 08:00:00,0.00005
EDGEUSDT,2026-04-14 04:00:00,0.00005
EDGEUSDT,2026-04-14 00:00:00,0.00011408
EDGEUSDT,2026-04-13 20:00:00,0.00025761
EDGEUSDT,2026-04-13 16:00:00,0.0000884
EDGEUSDT,2026-04-13 12:00:00,0.00005
EDGEUSDT,2026-04-13 08:00:00,0.00025248
EDGEUSDT,2026-04-13 04:00:00,0.0001521
EDGEUSDT,2026-04-13 00:00:00,0.00005
EDGEUSDT,2026-04-12 20:00:00,0.00005
EDGEUSDT,2026-04-12 16:00:00,0.00005
EDGEUSDT,2026-04-12 12:00:00,0.00005
EDGEUSDT,2026-04-12 08:00:00,0.00005
EDGEUSDT,2026-04-12 04:00:00,0.00005
EDGEUSDT,2026-04-12 00:00:00,0.00005
EDGEUSDT,2026-04-11 20:00:00,0.00005
EDGEUSDT,2026-04-11 16:00:00,0.00005
EDGEUSDT,2026-04-11 12:00:00,0.00005
EDGEUSDT,2026-04-11 08:00:00,0.00005
EDGEUSDT,2026-04-11 04:00:00,0.00010901
EDGEUSDT,2026-04-11 00:00:00,0.00006073
EDGEUSDT,2026-04-10 20:00:00,0.00005
EDGEUSDT,2026-04-10 16:00:00,0.00005
EDGEUSDT,2026-04-10 12:00:00,0.00005
EDGEUSDT,2026-04-10 08:00:00,0.00005
EDGEUSDT,2026-04-10 04:00:00,0.00005
EDGEUSDT,2026-04-10 00:00:00,0.00005
EDGEUSDT,2026-04-09 20:00:00,0.00005
EDGEUSDT,2026-04-09 16:00:00,0.00005
EDGEUSDT,2026-04-09 12:00:00,0.00005
EDGEUSDT,2026-04-09 08:00:00,0.00005
EDGEUSDT,2026-04-09 04:00:00,0.00005
EDGEUSDT,2026-04-09 00:00:00,0.00005
EDGEUSDT,2026-04-08 20:00:00,0.00005
EDGEUSDT,2026-04-08 16:00:00,0.00005
EDGEUSDT,2026-04-08 12:00:00,0.00005
EDGEUSDT,2026-04-08 08:00:00,0.00005
EDGEUSDT,2026-04-08 04:00:00,0.00005
EDGEUSDT,2026-04-08 00:00:00,0.00008191
EDGEUSDT,2026-04-07 20:00:00,0.00005
EDGEUSDT,2026-04-07 16:00:00,0.00005
EDGEUSDT,2026-04-07 12:00:00,0.00005
EDGEUSDT,2026-04-07 08:00:00,0.00005
EDGEUSDT,2026-04-07 04:00:00,0.00005
EDGEUSDT,2026-04-07 00:00:00,0.00005
EDGEUSDT,2026-04-06 20:00:00,0.00005
EDGEUSDT,2026-04-06 16:00:00,0.00005
EDGEUSDT,2026-04-06 12:00:00,0.00005
EDGEUSDT,2026-04-06 08:00:00,0.00005
EDGEUSDT,2026-04-06 04:00:00,0.00005
EDGEUSDT,2026-04-06 00:00:00,0.00005
EDGEUSDT,2026-04-05 20:00:00,0.00005
EDGEUSDT,2026-04-05 16:00:00,0.00005
EDGEUSDT,2026-04-05 12:00:00,0.00005
EDGEUSDT,2026-04-05 08:00:00,0.00005
EDGEUSDT,2026-04-05 04:00:00,0.00005
EDGEUSDT,2026-04-05 00:00:00,0.00005
EDGEUSDT,2026-04-04 20:00:00,0.00005
EDGEUSDT,2026-04-04 16:00:00,-0.00021833
EDGEUSDT,2026-04-04 12:00:00,0.00005
EDGEUSDT,2026-04-04 08:00:00,0.00005
EDGEUSDT,2026-04-04 04:00:00,0.00005
EDGEUSDT,2026-04-04 00:00:00,0.00005
EDGEUSDT,2026-04-03 20:00:00,0.00005
EDGEUSDT,2026-04-03 16:00:00,0.00005
EDGEUSDT,2026-04-03 12:00:00,0.00073314
EDGEUSDT,2026-04-03 08:00:00,0.00014099
EDGEUSDT,2026-04-03 04:00:00,0.00005
EDGEUSDT,2026-04-03 00:00:00,0.00005
EDGEUSDT,2026-04-02 20:00:00,0.00005
EDGEUSDT,2026-04-02 16:00:00,0.00005
EDGEUSDT,2026-04-02 12:00:00,0.00005
EDGEUSDT,2026-04-02 08:00:00,0.00005
EDGEUSDT,2026-04-02 04:00:00,0.00005
EDGEUSDT,2026-04-02 00:00:00,0.00005
EDGEUSDT,2026-04-01 20:00:00,0.00005
EDGEUSDT,2026-04-01 16:00:00,0.00005
EDGEUSDT,2026-04-01 12:00:00,0.00005
EDGEUSDT,2026-04-01 08:00:00,0.00005
EDGEUSDT,2026-04-01 04:00:00,0.00005
EDGEUSDT,2026-04-01 00:00:00,0.00005
EDGEUSDT,2026-03-31 20:00:00,0.00005
EDGEUSDT,2026-03-31 16:00:00,-0.00119606
EDGEUSDT,2026-03-31 12:00:00,0.00005
EDGEUSDT,2026-03-31 08:00:00,0.00005
EDGEUSDT,2026-03-31 04:00:00,0.00005
EDGEUSDT,2026-03-31 00:00:00,0.00005
OPGUSDT,2026-05-22 00:00:00,0.00005
OPGUSDT,2026-05-21 20:00:00,0.00005
OPGUSDT,2026-05-21 16:00:00,0.00005
OPGUSDT,2026-05-21 12:00:00,0.00005
OPGUSDT,2026-05-21 08:00:00,0.00005
OPGUSDT,2026-05-21 04:00:00,0.00005
OPGUSDT,2026-05-21 00:00:00,0.00005
OPGUSDT,2026-05-20 20:00:00,0.00005
OPGUSDT,2026-05-20 16:00:00,0.00005
OPGUSDT,2026-05-20 12:00:00,0.00005
OPGUSDT,2026-05-20 08:00:00,0.00005
OPGUSDT,2026-05-20 04:00:00,0.00005
OPGUSDT,2026-05-20 00:00:00,0.00005
OPGUSDT,2026-05-19 20:00:00,0.00005
OPGUSDT,2026-05-19 16:00:00,0.00005
OPGUSDT,2026-05-19 12:00:00,0.00005
OPGUSDT,2026-05-19 08:00:00,0.00005
OPGUSDT,2026-05-19 04:00:00,0.00005
OPGUSDT,2026-05-19 00:00:00,0.00005
OPGUSDT,2026-05-18 20:00:00,0.00005
OPGUSDT,2026-05-18 16:00:00,0.00005
OPGUSDT,2026-05-18 12:00:00,0.00005
OPGUSDT,2026-05-18 08:00:00,0.00005
OPGUSDT,2026-05-18 04:00:00,0.00005
OPGUSDT,2026-05-18 00:00:00,0.00005
OPGUSDT,2026-05-17 20:00:00,0.00005
OPGUSDT,2026-05-17 16:00:00,0.00005
OPGUSDT,2026-05-17 12:00:00,0.00005
OPGUSDT,2026-05-17 08:00:00,0.00005
OPGUSDT,2026-05-17 04:00:00,0.00005
OPGUSDT,2026-05-17 00:00:00,0.00005
OPGUSDT,2026-05-16 20:00:00,0.00005
OPGUSDT,2026-05-16 16:00:00,0.00005
OPGUSDT,2026-05-16 12:00:00,0.00005
OPGUSDT,2026-05-16 08:00:00,0.00005
OPGUSDT,2026-05-16 04:00:00,0.00005
OPGUSDT,2026-05-16 00:00:00,0.00005
OPGUSDT,2026-05-15 20:00:00,0.00005
OPGUSDT,2026-05-15 16:00:00,0.00005
OPGUSDT,2026-05-15 12:00:00,0.00005
OPGUSDT,2026-05-15 08:00:00,0.00005
OPGUSDT,2026-05-15 04:00:00,0.00005
OPGUSDT,2026-05-15 00:00:00,0.00005
OPGUSDT,2026-05-14 20:00:00,0.00005
OPGUSDT,2026-05-14 16:00:00,0.00005
OPGUSDT,2026-05-14 12:00:00,0.00005
OPGUSDT,2026-05-14 08:00:00,0.00005
OPGUSDT,2026-05-14 04:00:00,0.00005
OPGUSDT,2026-05-14 00:00:00,0.00005
OPGUSDT,2026-05-13 20:00:00,0.00005
OPGUSDT,2026-05-13 16:00:00,0.00010679
OPGUSDT,2026-05-13 12:00:00,0.00014947
OPGUSDT,2026-05-13 08:00:00,0.00005
OPGUSDT,2026-05-13 04:00:00,0.00005
OPGUSDT,2026-05-13 00:00:00,0.00016278
OPGUSDT,2026-05-12 20:00:00,0.0000954
OPGUSDT,2026-05-12 16:00:00,0.00005944
OPGUSDT,2026-05-12 12:00:00,0.00005
OPGUSDT,2026-05-12 08:00:00,0.00005
OPGUSDT,2026-05-12 04:00:00,0.00025616
OPGUSDT,2026-05-12 00:00:00,0.00005
OPGUSDT,2026-05-11 20:00:00,0.00005
OPGUSDT,2026-05-11 16:00:00,0.00005
OPGUSDT,2026-05-11 12:00:00,0.00005
OPGUSDT,2026-05-11 08:00:00,0.00005
OPGUSDT,2026-05-11 04:00:00,0.00005
OPGUSDT,2026-05-11 00:00:00,0.00005
OPGUSDT,2026-05-10 20:00:00,0.00024438
OPGUSDT,2026-05-10 16:00:00,0.00036368
OPGUSDT,2026-05-10 12:00:00,0.00037298
OPGUSDT,2026-05-10 08:00:00,0.00023395
OPGUSDT,2026-05-10 04:00:00,0.00005
OPGUSDT,2026-05-10 00:00:00,0.00005
OPGUSDT,2026-05-09 20:00:00,0.00005
OPGUSDT,2026-05-09 16:00:00,0.00005
OPGUSDT,2026-05-09 12:00:00,0.00005
OPGUSDT,2026-05-09 08:00:00,0.00005
OPGUSDT,2026-05-09 04:00:00,0.00005
OPGUSDT,2026-05-09 00:00:00,0.00005
OPGUSDT,2026-05-08 20:00:00,0.00005
OPGUSDT,2026-05-08 16:00:00,0.00005
OPGUSDT,2026-05-08 12:00:00,0.00005
OPGUSDT,2026-05-08 08:00:00,0.00005476
OPGUSDT,2026-05-08 04:00:00,0.00005
OPGUSDT,2026-05-08 00:00:00,0.00005
OPGUSDT,2026-05-07 20:00:00,0.00005
OPGUSDT,2026-05-07 16:00:00,0.00005
OPGUSDT,2026-05-07 12:00:00,0.00005
OPGUSDT,2026-05-07 08:00:00,0.00005
OPGUSDT,2026-05-07 04:00:00,0.00005
OPGUSDT,2026-05-07 00:00:00,0.00005
OPGUSDT,2026-05-06 20:00:00,0.00005
OPGUSDT,2026-05-06 16:00:00,0.00005
OPGUSDT,2026-05-06 12:00:00,0.00031824
OPGUSDT,2026-05-06 08:00:00,0.00005
OPGUSDT,2026-05-06 04:00:00,0.00005
OPGUSDT,2026-05-06 00:00:00,0.00005
OPGUSDT,2026-05-05 20:00:00,0.00005
OPGUSDT,2026-05-05 16:00:00,0.00005
OPGUSDT,2026-05-05 12:00:00,0.00005
OPGUSDT,2026-05-05 08:00:00,0.00005
OPGUSDT,2026-05-05 04:00:00,0.00005
OPGUSDT,2026-05-05 00:00:00,0.00005
OPGUSDT,2026-05-04 20:00:00,0.00005
OPGUSDT,2026-05-04 16:00:00,0.00005
OPGUSDT,2026-05-04 12:00:00,0.00005
OPGUSDT,2026-05-04 08:00:00,0.00005
OPGUSDT,2026-05-04 04:00:00,-0.00000457
OPGUSDT,2026-05-04 00:00:00,0.00003274
OPGUSDT,2026-05-03 20:00:00,-0.00016992
OPGUSDT,2026-05-03 16:00:00,0.0000182
OPGUSDT,2026-05-03 12:00:00,0.00005
OPGUSDT,2026-05-03 08:00:00,0.00005
OPGUSDT,2026-05-03 04:00:00,-0.00007656
OPGUSDT,2026-05-03 00:00:00,0.00005
OPGUSDT,2026-05-02 20:00:00,0.00005
OPGUSDT,2026-05-02 16:00:00,0.00005
OPGUSDT,2026-05-02 12:00:00,0.00005
OPGUSDT,2026-05-02 08:00:00,0.00005
OPGUSDT,2026-05-02 04:00:00,-0.00023687
OPGUSDT,2026-05-02 00:00:00,0.00005
OPGUSDT,2026-05-01 20:00:00,0.00005
OPGUSDT,2026-05-01 16:00:00,0.00005
OPGUSDT,2026-05-01 12:00:00,0.00005
OPGUSDT,2026-05-01 08:00:00,-0.00003012
OPGUSDT,2026-05-01 04:00:00,-0.00119224
OPGUSDT,2026-05-01 00:00:00,-0.00056782
OPGUSDT,2026-04-30 20:00:00,-0.00022924
OPGUSDT,2026-04-30 16:00:00,0.00005
OPGUSDT,2026-04-30 12:00:00,0.00005
OPGUSDT,2026-04-30 08:00:00,0.00005
OPGUSDT,2026-04-30 04:00:00,0.00005
OPGUSDT,2026-04-30 00:00:00,0.00005
OPGUSDT,2026-04-29 20:00:00,0.00005
OPGUSDT,2026-04-29 16:00:00,0.00005
OPGUSDT,2026-04-29 12:00:00,0.00005
OPGUSDT,2026-04-29 08:00:00,0.00005
OPGUSDT,2026-04-29 04:00:00,0.00005
OPGUSDT,2026-04-29 00:00:00,0.00005
OPGUSDT,2026-04-28 20:00:00,0.00005
OPGUSDT,2026-04-28 16:00:00,0.00005
OPGUSDT,2026-04-28 12:00:00,0.00005
OPGUSDT,2026-04-28 08:00:00,0.00005
OPGUSDT,2026-04-28 04:00:00,0.00005
OPGUSDT,2026-04-28 00:00:00,-0.00006752
OPGUSDT,2026-04-27 20:00:00,-0.00013786
OPGUSDT,2026-04-27 16:00:00,-0.00092705
OPGUSDT,2026-04-27 12:00:00,-0.00130834
OPGUSDT,2026-04-27 08:00:00,-0.00086115
OPGUSDT,2026-04-27 04:00:00,-0.00057885
OPGUSDT,2026-04-27 00:00:00,0.0000034
OPGUSDT,2026-04-26 20:00:00,0.00005
OPGUSDT,2026-04-26 16:00:00,0.00005
OPGUSDT,2026-04-26 12:00:00,0.00005
OPGUSDT,2026-04-26 08:00:00,0.00005
OPGUSDT,2026-04-26 04:00:00,0.00005
OPGUSDT,2026-04-26 00:00:00,-0.0000424
OPGUSDT,2026-04-25 20:00:00,0.00005
OPGUSDT,2026-04-25 16:00:00,0.00005
OPGUSDT,2026-04-25 12:00:00,-0.00024797
OPGUSDT,2026-04-25 08:00:00,0.00005
OPGUSDT,2026-04-25 04:00:00,-0.00058505
OPGUSDT,2026-04-25 00:00:00,0.00005
OPGUSDT,2026-04-24 20:00:00,-0.00023757
OPGUSDT,2026-04-24 16:00:00,0.00005
OPGUSDT,2026-04-24 12:00:00,0.00005
OPGUSDT,2026-04-24 08:00:00,0.00005
OPGUSDT,2026-04-24 04:00:00,0.00005
OPGUSDT,2026-04-24 00:00:00,0.00005
OPGUSDT,2026-04-23 20:00:00,0.00005
OPGUSDT,2026-04-23 16:00:00,0.00059464
OPGUSDT,2026-04-23 12:00:00,0.0001811
OPGUSDT,2026-04-23 08:00:00,0.00091968
OPGUSDT,2026-04-23 04:00:00,0.00005
CHIPUSDT,2026-05-22 00:00:00,-0.0008316
CHIPUSDT,2026-05-21 20:00:00,-0.00058927
CHIPUSDT,2026-05-21 16:00:00,-0.00059073
CHIPUSDT,2026-05-21 12:00:00,-0.00079739
CHIPUSDT,2026-05-21 08:00:00,-0.00028984
CHIPUSDT,2026-05-21 04:00:00,-0.00090143
CHIPUSDT,2026-05-21 00:00:00,-0.0002352
CHIPUSDT,2026-05-20 20:00:00,-0.0003024
CHIPUSDT,2026-05-20 16:00:00,-0.00153397
CHIPUSDT,2026-05-20 12:00:00,-0.00525904
CHIPUSDT,2026-05-20 08:00:00,-0.00055773
CHIPUSDT,2026-05-20 04:00:00,-0.00092741
CHIPUSDT,2026-05-20 00:00:00,-0.00107903
CHIPUSDT,2026-05-19 20:00:00,-0.00078555
CHIPUSDT,2026-05-19 16:00:00,-0.00094352
CHIPUSDT,2026-05-19 12:00:00,-0.00114318
CHIPUSDT,2026-05-19 08:00:00,-0.00103557
CHIPUSDT,2026-05-19 04:00:00,-0.00104505
CHIPUSDT,2026-05-19 00:00:00,-0.00108043
CHIPUSDT,2026-05-18 20:00:00,-0.00055826
CHIPUSDT,2026-05-18 16:00:00,-0.00096885
CHIPUSDT,2026-05-18 12:00:00,-0.00027135
CHIPUSDT,2026-05-18 08:00:00,-0.00068089
CHIPUSDT,2026-05-18 04:00:00,-0.00087582
CHIPUSDT,2026-05-18 00:00:00,-0.00128783
CHIPUSDT,2026-05-17 20:00:00,-0.00040756
CHIPUSDT,2026-05-17 16:00:00,-0.00052346
CHIPUSDT,2026-05-17 12:00:00,-0.00067559
CHIPUSDT,2026-05-17 08:00:00,-0.00051501
CHIPUSDT,2026-05-17 04:00:00,-0.00055185
CHIPUSDT,2026-05-17 00:00:00,-0.00033297
CHIPUSDT,2026-05-16 20:00:00,-0.00021487
CHIPUSDT,2026-05-16 16:00:00,-0.00099032
CHIPUSDT,2026-05-16 12:00:00,-0.00102867
CHIPUSDT,2026-05-16 08:00:00,-0.00064393
CHIPUSDT,2026-05-16 04:00:00,-0.00082539
CHIPUSDT,2026-05-16 00:00:00,-0.00055712
CHIPUSDT,2026-05-15 20:00:00,-0.00068908
CHIPUSDT,2026-05-15 16:00:00,-0.00063341
CHIPUSDT,2026-05-15 12:00:00,-0.00036301
CHIPUSDT,2026-05-15 08:00:00,-0.0003119
CHIPUSDT,2026-05-15 04:00:00,-0.00037856
CHIPUSDT,2026-05-15 00:00:00,-0.0004952
CHIPUSDT,2026-05-14 20:00:00,-0.00050025
CHIPUSDT,2026-05-14 16:00:00,-0.00047594
CHIPUSDT,2026-05-14 12:00:00,-0.00241355
CHIPUSDT,2026-05-14 08:00:00,-0.00109361
CHIPUSDT,2026-05-14 04:00:00,-0.00094355
CHIPUSDT,2026-05-14 00:00:00,-0.0024396
CHIPUSDT,2026-05-13 20:00:00,-0.00110481
CHIPUSDT,2026-05-13 16:00:00,-0.00095668
CHIPUSDT,2026-05-13 12:00:00,-0.00027207
CHIPUSDT,2026-05-13 08:00:00,-0.00024404
CHIPUSDT,2026-05-13 04:00:00,-0.00025709
CHIPUSDT,2026-05-13 00:00:00,-0.00023841
CHIPUSDT,2026-05-12 20:00:00,-0.00066717
CHIPUSDT,2026-05-12 16:00:00,-0.00018461
CHIPUSDT,2026-05-12 12:00:00,-0.00030225
CHIPUSDT,2026-05-12 08:00:00,-0.00029189
CHIPUSDT,2026-05-12 04:00:00,-0.00085709
CHIPUSDT,2026-05-12 00:00:00,0.00002375
CHIPUSDT,2026-05-11 20:00:00,0.00005
CHIPUSDT,2026-05-11 16:00:00,0.00005
CHIPUSDT,2026-05-11 12:00:00,0.00005
CHIPUSDT,2026-05-11 08:00:00,0.00005
CHIPUSDT,2026-05-11 04:00:00,0.00005
CHIPUSDT,2026-05-11 00:00:00,-0.00000032
CHIPUSDT,2026-05-10 20:00:00,0.00005
CHIPUSDT,2026-05-10 16:00:00,-0.00019138
CHIPUSDT,2026-05-10 12:00:00,0.00001491
CHIPUSDT,2026-05-10 08:00:00,0.00005
CHIPUSDT,2026-05-10 04:00:00,0.00005
CHIPUSDT,2026-05-10 00:00:00,0.00005
CHIPUSDT,2026-05-09 20:00:00,0.00005
CHIPUSDT,2026-05-09 16:00:00,0.00005
CHIPUSDT,2026-05-09 12:00:00,0.00005
CHIPUSDT,2026-05-09 08:00:00,0.00005
CHIPUSDT,2026-05-09 04:00:00,0.00005
CHIPUSDT,2026-05-09 00:00:00,0.00005
CHIPUSDT,2026-05-08 20:00:00,0.00005
CHIPUSDT,2026-05-08 16:00:00,0.00005
CHIPUSDT,2026-05-08 12:00:00,-0.00000111
CHIPUSDT,2026-05-08 08:00:00,-0.00370581
CHIPUSDT,2026-05-08 04:00:00,0.00005
CHIPUSDT,2026-05-08 00:00:00,0.00005
CHIPUSDT,2026-05-07 20:00:00,0.00005
CHIPUSDT,2026-05-07 16:00:00,0.00005
CHIPUSDT,2026-05-07 12:00:00,0.00005
CHIPUSDT,2026-05-07 08:00:00,-0.00010559
CHIPUSDT,2026-05-07 04:00:00,-0.00050189
CHIPUSDT,2026-05-07 00:00:00,-0.0001071
CHIPUSDT,2026-05-06 20:00:00,-0.00013093
CHIPUSDT,2026-05-06 16:00:00,-0.00012215
CHIPUSDT,2026-05-06 12:00:00,0.00003671
CHIPUSDT,2026-05-06 08:00:00,-0.00044333
CHIPUSDT,2026-05-06 04:00:00,-0.00066832
CHIPUSDT,2026-05-06 00:00:00,-0.00036692
CHIPUSDT,2026-05-05 20:00:00,-0.00027824
CHIPUSDT,2026-05-05 16:00:00,-0.00032329
CHIPUSDT,2026-05-05 12:00:00,-0.0002372
CHIPUSDT,2026-05-05 08:00:00,-0.00017115
CHIPUSDT,2026-05-05 04:00:00,-0.00008052
CHIPUSDT,2026-05-05 00:00:00,-0.00020124
CHIPUSDT,2026-05-04 20:00:00,-0.00053608
CHIPUSDT,2026-05-04 16:00:00,-0.0002882
CHIPUSDT,2026-05-04 12:00:00,-0.0006055
CHIPUSDT,2026-05-04 08:00:00,-0.00001201
CHIPUSDT,2026-05-04 04:00:00,-0.00015725
CHIPUSDT,2026-05-04 00:00:00,-0.00105572
CHIPUSDT,2026-05-03 20:00:00,-0.00217213
CHIPUSDT,2026-05-03 16:00:00,-0.0014137
CHIPUSDT,2026-05-03 12:00:00,-0.0007405
CHIPUSDT,2026-05-03 08:00:00,-0.00080801
CHIPUSDT,2026-05-03 04:00:00,-0.00072034
CHIPUSDT,2026-05-03 00:00:00,-0.00015231
CHIPUSDT,2026-05-02 20:00:00,0.00005
CHIPUSDT,2026-05-02 16:00:00,0.00005
CHIPUSDT,2026-05-02 12:00:00,0.00005
CHIPUSDT,2026-05-02 08:00:00,0.00005
CHIPUSDT,2026-05-02 04:00:00,0.00005
CHIPUSDT,2026-05-02 00:00:00,0.00005
CHIPUSDT,2026-05-01 20:00:00,0.00005
CHIPUSDT,2026-05-01 16:00:00,-0.00003457
CHIPUSDT,2026-05-01 12:00:00,-0.00020639
CHIPUSDT,2026-05-01 08:00:00,-0.00020033
CHIPUSDT,2026-05-01 04:00:00,-0.00003355
CHIPUSDT,2026-05-01 00:00:00,-0.00046845
CHIPUSDT,2026-04-30 20:00:00,-0.0010425
CHIPUSDT,2026-04-30 16:00:00,-0.0006345
CHIPUSDT,2026-04-30 12:00:00,-0.001198
CHIPUSDT,2026-04-30 08:00:00,-0.00108414
CHIPUSDT,2026-04-30 04:00:00,-0.002149
CHIPUSDT,2026-04-30 00:00:00,-0.00092694
CHIPUSDT,2026-04-29 20:00:00,-0.00091879
CHIPUSDT,2026-04-29 16:00:00,-0.00100562
CHIPUSDT,2026-04-29 12:00:00,-0.00065358
CHIPUSDT,2026-04-29 08:00:00,-0.00161263
CHIPUSDT,2026-04-29 04:00:00,-0.00166149
CHIPUSDT,2026-04-29 00:00:00,-0.00238017
CHIPUSDT,2026-04-28 20:00:00,-0.00092147
CHIPUSDT,2026-04-28 16:00:00,-0.00168104
CHIPUSDT,2026-04-28 12:00:00,-0.0014886
CHIPUSDT,2026-04-28 08:00:00,-0.00130927
CHIPUSDT,2026-04-28 04:00:00,-0.00171437
CHIPUSDT,2026-04-28 00:00:00,-0.00142852
CHIPUSDT,2026-04-27 20:00:00,-0.00311262
CHIPUSDT,2026-04-27 16:00:00,-0.0012079
CHIPUSDT,2026-04-27 12:00:00,-0.00122445
CHIPUSDT,2026-04-27 08:00:00,-0.00220957
CHIPUSDT,2026-04-27 04:00:00,-0.00075264
CHIPUSDT,2026-04-27 00:00:00,-0.00021435
CHIPUSDT,2026-04-26 20:00:00,-0.00205322
CHIPUSDT,2026-04-26 16:00:00,-0.00032062
CHIPUSDT,2026-04-26 12:00:00,0.00002424
CHIPUSDT,2026-04-26 08:00:00,-0.00004096
CHIPUSDT,2026-04-26 04:00:00,0.00005
CHIPUSDT,2026-04-26 00:00:00,0.00005
CHIPUSDT,2026-04-25 20:00:00,0.00005
CHIPUSDT,2026-04-25 16:00:00,0.00005
CHIPUSDT,2026-04-25 12:00:00,0.00005
CHIPUSDT,2026-04-25 08:00:00,0.00005
CHIPUSDT,2026-04-25 04:00:00,0.00005
CHIPUSDT,2026-04-25 00:00:00,0.00005
CHIPUSDT,2026-04-24 20:00:00,0.00005
CHIPUSDT,2026-04-24 16:00:00,-0.00063158
CHIPUSDT,2026-04-24 12:00:00,-0.00224788
CHIPUSDT,2026-04-24 08:00:00,-0.00072979
CHIPUSDT,2026-04-24 04:00:00,-0.00094506
CHIPUSDT,2026-04-24 00:00:00,-0.00058785
CHIPUSDT,2026-04-23 20:00:00,-0.00285284
CHIPUSDT,2026-04-23 16:00:00,-0.00372814
CHIPUSDT,2026-04-23 12:00:00,-0.00628586
CHIPUSDT,2026-04-23 08:00:00,-0.00417007
CHIPUSDT,2026-04-23 04:00:00,-0.00440109
CHIPUSDT,2026-04-23 00:00:00,-0.00340782
CHIPUSDT,2026-04-22 20:00:00,-0.00241636
CHIPUSDT,2026-04-22 16:00:00,-0.00147607
CHIPUSDT,2026-04-22 12:00:00,-0.00097647
CHIPUSDT,2026-04-22 08:00:00,0.00005
CHIPUSDT,2026-04-22 04:00:00,-0.00092555
CHIPUSDT,2026-04-22 00:00:00,-0.00062149
CHIPUSDT,2026-04-21 20:00:00,-0.00210813
CHIPUSDT,2026-04-21 16:00:00,-0.0072474
CHIPUSDT,2026-04-21 12:00:00,0.00005
CHIPUSDT,2026-04-21 08:00:00,0.00005
CHIPUSDT,2026-04-21 04:00:00,0.00005
CHIPUSDT,2026-04-21 00:00:00,0.00005
BLENDUSDT,2026-05-25 00:00:00,0.00005
BLENDUSDT,2026-05-24 20:00:00,0.00005
BLENDUSDT,2026-05-24 16:00:00,0.00005
BLENDUSDT,2026-05-24 12:00:00,0.00005
BLENDUSDT,2026-05-24 08:00:00,0.00005
BLENDUSDT,2026-05-24 04:00:00,0.00005
BLENDUSDT,2026-05-24 00:00:00,0.00005
BLENDUSDT,2026-05-23 20:00:00,0.00005
BLENDUSDT,2026-05-23 16:00:00,0.00005
BLENDUSDT,2026-05-23 12:00:00,0.00005
BLENDUSDT,2026-05-23 08:00:00,0.00005
BLENDUSDT,2026-05-23 04:00:00,0.00005
BLENDUSDT,2026-05-23 00:00:00,0.00005
BLENDUSDT,2026-05-22 20:00:00,0.00005
BLENDUSDT,2026-05-22 16:00:00,0.00005
BLENDUSDT,2026-05-22 12:00:00,0.00005
BLENDUSDT,2026-05-22 08:00:00,0.00005
BLENDUSDT,2026-05-22 04:00:00,0.00005
BLENDUSDT,2026-05-22 00:00:00,0.00005
BLENDUSDT,2026-05-21 20:00:00,0.00005
BLENDUSDT,2026-05-21 16:00:00,-0.00035693
BLENDUSDT,2026-05-21 12:00:00,-0.00069008
BLENDUSDT,2026-05-21 08:00:00,0.00005
BLENDUSDT,2026-05-21 04:00:00,0.00005
BLENDUSDT,2026-05-21 00:00:00,0.00005
BLENDUSDT,2026-05-20 20:00:00,0.00005
BLENDUSDT,2026-05-20 16:00:00,0.00005
BLENDUSDT,2026-05-20 12:00:00,-0.0000331
BLENDUSDT,2026-05-20 08:00:00,0.00005
BLENDUSDT,2026-05-20 04:00:00,0.00005
BLENDUSDT,2026-05-20 00:00:00,0.00005
BLENDUSDT,2026-05-19 20:00:00,0.00005
BLENDUSDT,2026-05-19 16:00:00,0.00005
BLENDUSDT,2026-05-19 12:00:00,0.00005
BLENDUSDT,2026-05-19 08:00:00,0.00005
BLENDUSDT,2026-05-19 04:00:00,0.00005
BLENDUSDT,2026-05-19 00:00:00,0.00005
BLENDUSDT,2026-05-18 20:00:00,0.00005
BLENDUSDT,2026-05-18 16:00:00,0.00005
BLENDUSDT,2026-05-18 12:00:00,0.00005
BLENDUSDT,2026-05-18 08:00:00,0.00005
BLENDUSDT,2026-05-18 04:00:00,0.00005
BLENDUSDT,2026-05-18 00:00:00,0.00005
BLENDUSDT,2026-05-17 20:00:00,0.00005
BLENDUSDT,2026-05-17 16:00:00,0.00005
BLENDUSDT,2026-05-17 12:00:00,0.00005
BLENDUSDT,2026-05-17 08:00:00,0.00005
BLENDUSDT,2026-05-17 04:00:00,0.00005
BLENDUSDT,2026-05-17 00:00:00,0.00005
BLENDUSDT,2026-05-16 20:00:00,0.00005
BLENDUSDT,2026-05-16 16:00:00,0.00005
BLENDUSDT,2026-05-16 12:00:00,0.00005
BLENDUSDT,2026-05-16 08:00:00,0.00005
BLENDUSDT,2026-05-16 04:00:00,0.00005
BLENDUSDT,2026-05-16 00:00:00,0.00005
BLENDUSDT,2026-05-15 20:00:00,0.00005
BLENDUSDT,2026-05-15 16:00:00,0.00005
BLENDUSDT,2026-05-15 12:00:00,0.00005
BLENDUSDT,2026-05-15 08:00:00,0.00005
BLENDUSDT,2026-05-15 04:00:00,0.00005
BLENDUSDT,2026-05-15 00:00:00,0.00005
BLENDUSDT,2026-05-14 20:00:00,0.00005
BLENDUSDT,2026-05-14 16:00:00,0.00013653
BLENDUSDT,2026-05-14 12:00:00,0.00005
BLENDUSDT,2026-05-14 08:00:00,0.00005
BLENDUSDT,2026-05-14 04:00:00,0.00005
BLENDUSDT,2026-05-14 00:00:00,0.00005
BLENDUSDT,2026-05-13 20:00:00,0.00005
BLENDUSDT,2026-05-13 16:00:00,0.00007983
BLENDUSDT,2026-05-13 12:00:00,0.00005
BLENDUSDT,2026-05-13 08:00:00,0.00005
BLENDUSDT,2026-05-13 04:00:00,0.00005
BLENDUSDT,2026-05-13 00:00:00,0.00005
BLENDUSDT,2026-05-12 20:00:00,0.00005
BLENDUSDT,2026-05-12 16:00:00,0.00005
BLENDUSDT,2026-05-12 12:00:00,0.00005
BLENDUSDT,2026-05-12 08:00:00,0.00005
BLENDUSDT,2026-05-12 04:00:00,0.00005
BLENDUSDT,2026-05-12 00:00:00,0.00016246
BLENDUSDT,2026-05-11 20:00:00,0.00029215
BLENDUSDT,2026-05-11 16:00:00,0.00005
BLENDUSDT,2026-05-11 12:00:00,0.00005
BLENDUSDT,2026-05-11 08:00:00,0.00005
BLENDUSDT,2026-05-11 04:00:00,0.00005
BLENDUSDT,2026-05-11 00:00:00,0.00026261
BLENDUSDT,2026-05-10 20:00:00,0.00031474
BLENDUSDT,2026-05-10 16:00:00,0.00007451
BLENDUSDT,2026-05-10 12:00:00,0.00027337
BLENDUSDT,2026-05-10 08:00:00,0.00016566
BLENDUSDT,2026-05-10 04:00:00,0.00007998
BLENDUSDT,2026-05-10 00:00:00,0.00074744
BLENDUSDT,2026-05-09 20:00:00,0.00071052
BLENDUSDT,2026-05-09 16:00:00,0.00005
BLENDUSDT,2026-05-09 12:00:00,0.00049727
BLENDUSDT,2026-05-09 08:00:00,0.00036289
BLENDUSDT,2026-05-09 04:00:00,0.00005
BLENDUSDT,2026-05-09 00:00:00,0.00055185
BLENDUSDT,2026-05-08 20:00:00,0.00005
BLENDUSDT,2026-05-08 16:00:00,0.00005
BLENDUSDT,2026-05-08 12:00:00,0.00006519
BLENDUSDT,2026-05-08 08:00:00,0.00005
BLENDUSDT,2026-05-08 04:00:00,0.00005
BLENDUSDT,2026-05-08 00:00:00,0.00005
BLENDUSDT,2026-05-07 20:00:00,0.00005
BLENDUSDT,2026-05-07 16:00:00,0.00005
BLENDUSDT,2026-05-07 12:00:00,0.00005
BLENDUSDT,2026-05-07 08:00:00,0.00005
BLENDUSDT,2026-05-07 04:00:00,-0.0005213
BLENDUSDT,2026-05-07 00:00:00,0.00005
BLENDUSDT,2026-05-06 20:00:00,-0.00017963
BLENDUSDT,2026-05-06 16:00:00,0.00005
BLENDUSDT,2026-05-06 12:00:00,0.00005
BLENDUSDT,2026-05-06 08:00:00,0.00005
BLENDUSDT,2026-05-06 04:00:00,0.00004766
BLENDUSDT,2026-05-06 00:00:00,0.00005
BLENDUSDT,2026-05-05 20:00:00,0.00005
BLENDUSDT,2026-05-05 16:00:00,-0.00166297
BLENDUSDT,2026-05-05 12:00:00,-0.00119761
BLENDUSDT,2026-05-05 08:00:00,0.00005
BLENDUSDT,2026-05-05 04:00:00,0.00005
BLENDUSDT,2026-05-05 00:00:00,0.00005
BLENDUSDT,2026-05-04 20:00:00,0.00005
BLENDUSDT,2026-05-04 16:00:00,0.00005
BLENDUSDT,2026-05-04 12:00:00,0.00005
BLENDUSDT,2026-05-04 08:00:00,0.00005
BLENDUSDT,2026-05-04 04:00:00,0.00005
BLENDUSDT,2026-05-04 00:00:00,0.00005
BLENDUSDT,2026-05-03 20:00:00,0.00005
BLENDUSDT,2026-05-03 16:00:00,0.00005
BLENDUSDT,2026-05-03 12:00:00,0.00005
BLENDUSDT,2026-05-03 08:00:00,0.00005
BLENDUSDT,2026-05-03 04:00:00,0.00005
BLENDUSDT,2026-05-03 00:00:00,0.00005
BLENDUSDT,2026-05-02 20:00:00,0.00005
BLENDUSDT,2026-05-02 16:00:00,0.00005
BLENDUSDT,2026-05-02 12:00:00,-0.00005184
BLENDUSDT,2026-05-02 08:00:00,-0.00010589
BLENDUSDT,2026-05-02 04:00:00,-0.0000007
BLENDUSDT,2026-05-02 00:00:00,-0.00056402
BLENDUSDT,2026-05-01 20:00:00,0.00000742
BLENDUSDT,2026-05-01 16:00:00,-0.00039387
BLENDUSDT,2026-05-01 12:00:00,-0.00054871
BLENDUSDT,2026-05-01 08:00:00,-0.00043539
BLENDUSDT,2026-05-01 04:00:00,-0.0006928
BLENDUSDT,2026-05-01 00:00:00,-0.00126422
BLENDUSDT,2026-04-30 20:00:00,-0.00047215
BLENDUSDT,2026-04-30 16:00:00,-0.00011451
BLENDUSDT,2026-04-30 12:00:00,0.00005
BLENDUSDT,2026-04-30 08:00:00,-0.00148482
BLENDUSDT,2026-04-30 04:00:00,-0.00264351
BLENDUSDT,2026-04-30 00:00:00,-0.00109785
BLENDUSDT,2026-04-29 20:00:00,-0.00710955
BLENDUSDT,2026-04-29 16:00:00,-0.00785009
BLENDUSDT,2026-04-29 12:00:00,-0.00295816
BLENDUSDT,2026-04-29 08:00:00,0.00005
MEGAUSDT,2026-05-31 00:00:00,0.00005
MEGAUSDT,2026-05-30 20:00:00,0.00005
MEGAUSDT,2026-05-30 16:00:00,0.00005
MEGAUSDT,2026-05-30 12:00:00,0.00005
MEGAUSDT,2026-05-30 08:00:00,0.00005
MEGAUSDT,2026-05-30 04:00:00,0.00005
MEGAUSDT,2026-05-30 00:00:00,0.00005
MEGAUSDT,2026-05-29 20:00:00,0.00005
MEGAUSDT,2026-05-29 16:00:00,0.00005
MEGAUSDT,2026-05-29 12:00:00,0.00005
MEGAUSDT,2026-05-29 08:00:00,0.00005
MEGAUSDT,2026-05-29 04:00:00,0.00005
MEGAUSDT,2026-05-29 00:00:00,0.00005
MEGAUSDT,2026-05-28 20:00:00,0.00005
MEGAUSDT,2026-05-28 16:00:00,0.00005
MEGAUSDT,2026-05-28 12:00:00,0.00005
MEGAUSDT,2026-05-28 08:00:00,0.00005
MEGAUSDT,2026-05-28 04:00:00,-0.00026117
MEGAUSDT,2026-05-28 00:00:00,0.00005
MEGAUSDT,2026-05-27 20:00:00,0.00005
MEGAUSDT,2026-05-27 16:00:00,0.00005
MEGAUSDT,2026-05-27 12:00:00,0.00005
MEGAUSDT,2026-05-27 08:00:00,0.00005
MEGAUSDT,2026-05-27 04:00:00,0.00004208
MEGAUSDT,2026-05-27 00:00:00,0.00005
MEGAUSDT,2026-05-26 20:00:00,-0.00016266
MEGAUSDT,2026-05-26 16:00:00,-0.0000329
MEGAUSDT,2026-05-26 12:00:00,-0.0000989
MEGAUSDT,2026-05-26 08:00:00,0.00005
MEGAUSDT,2026-05-26 04:00:00,0.00005
MEGAUSDT,2026-05-26 00:00:00,-0.00021915
MEGAUSDT,2026-05-25 20:00:00,0.00005
MEGAUSDT,2026-05-25 16:00:00,0.00005
MEGAUSDT,2026-05-25 12:00:00,0.00005
MEGAUSDT,2026-05-25 08:00:00,0.00005
MEGAUSDT,2026-05-25 04:00:00,0.00005
MEGAUSDT,2026-05-25 00:00:00,-0.00032326
MEGAUSDT,2026-05-24 20:00:00,0.00005
MEGAUSDT,2026-05-24 16:00:00,-0.00020091
MEGAUSDT,2026-05-24 12:00:00,0.00005
MEGAUSDT,2026-05-24 08:00:00,-0.00011716
MEGAUSDT,2026-05-24 04:00:00,-0.00004009
MEGAUSDT,2026-05-24 00:00:00,0.00005
MEGAUSDT,2026-05-23 20:00:00,-0.00019778
MEGAUSDT,2026-05-23 16:00:00,-0.00006553
MEGAUSDT,2026-05-23 12:00:00,0.00005
MEGAUSDT,2026-05-23 08:00:00,0.00005
MEGAUSDT,2026-05-23 04:00:00,0.00005
MEGAUSDT,2026-05-23 00:00:00,0.00005
MEGAUSDT,2026-05-22 20:00:00,0.0000259
MEGAUSDT,2026-05-22 16:00:00,0.00001909
MEGAUSDT,2026-05-22 12:00:00,0.00005
MEGAUSDT,2026-05-22 08:00:00,0.00005
MEGAUSDT,2026-05-22 04:00:00,0.00005
MEGAUSDT,2026-05-22 00:00:00,0.00005
MEGAUSDT,2026-05-21 20:00:00,0.00005
MEGAUSDT,2026-05-21 16:00:00,0.00005
MEGAUSDT,2026-05-21 12:00:00,0.00005
MEGAUSDT,2026-05-21 08:00:00,0.00002278
MEGAUSDT,2026-05-21 04:00:00,0.00005
MEGAUSDT,2026-05-21 00:00:00,0.00005
MEGAUSDT,2026-05-20 20:00:00,0.00005
MEGAUSDT,2026-05-20 16:00:00,0.00005
MEGAUSDT,2026-05-20 12:00:00,0.00005
MEGAUSDT,2026-05-20 08:00:00,0.00005
MEGAUSDT,2026-05-20 04:00:00,0.00005
MEGAUSDT,2026-05-20 00:00:00,0.00005
MEGAUSDT,2026-05-19 20:00:00,0.00005
MEGAUSDT,2026-05-19 16:00:00,0.00005
MEGAUSDT,2026-05-19 12:00:00,0.00005
MEGAUSDT,2026-05-19 08:00:00,0.00005
MEGAUSDT,2026-05-19 04:00:00,0.00005
MEGAUSDT,2026-05-19 00:00:00,0.00005
MEGAUSDT,2026-05-18 20:00:00,0.00005
MEGAUSDT,2026-05-18 16:00:00,0.00005
MEGAUSDT,2026-05-18 12:00:00,0.00005
MEGAUSDT,2026-05-18 08:00:00,0.00005
MEGAUSDT,2026-05-18 04:00:00,0.00005
MEGAUSDT,2026-05-18 00:00:00,0.00005
MEGAUSDT,2026-05-17 20:00:00,0.00005
MEGAUSDT,2026-05-17 16:00:00,0.00005
MEGAUSDT,2026-05-17 12:00:00,0.00005
MEGAUSDT,2026-05-17 08:00:00,0.00005
MEGAUSDT,2026-05-17 04:00:00,0.00005
MEGAUSDT,2026-05-17 00:00:00,0.00005
MEGAUSDT,2026-05-16 20:00:00,0.00005
MEGAUSDT,2026-05-16 16:00:00,0.00005
MEGAUSDT,2026-05-16 12:00:00,0.00005
MEGAUSDT,2026-05-16 08:00:00,0.00005
MEGAUSDT,2026-05-16 04:00:00,0.00005
MEGAUSDT,2026-05-16 00:00:00,0.00005
MEGAUSDT,2026-05-15 20:00:00,0.00005
MEGAUSDT,2026-05-15 16:00:00,0.00005
MEGAUSDT,2026-05-15 12:00:00,0.00005
MEGAUSDT,2026-05-15 08:00:00,0.00005
MEGAUSDT,2026-05-15 04:00:00,0.0000462
MEGAUSDT,2026-05-15 00:00:00,-0.00001686
MEGAUSDT,2026-05-14 20:00:00,0.00005
MEGAUSDT,2026-05-14 16:00:00,0.00005
MEGAUSDT,2026-05-14 12:00:00,-0.00012054
MEGAUSDT,2026-05-14 08:00:00,0.00005
MEGAUSDT,2026-05-14 04:00:00,0.00003252
MEGAUSDT,2026-05-14 00:00:00,0.00005
MEGAUSDT,2026-05-13 20:00:00,0.00005
MEGAUSDT,2026-05-13 16:00:00,0.00005
MEGAUSDT,2026-05-13 12:00:00,0.00005
MEGAUSDT,2026-05-13 08:00:00,0.00005
MEGAUSDT,2026-05-13 04:00:00,0.00005
MEGAUSDT,2026-05-13 00:00:00,0.00005
MEGAUSDT,2026-05-12 20:00:00,-0.00010685
MEGAUSDT,2026-05-12 16:00:00,-0.00040786
MEGAUSDT,2026-05-12 12:00:00,0.00002535
MEGAUSDT,2026-05-12 08:00:00,0.00005
MEGAUSDT,2026-05-12 04:00:00,0.00005
MEGAUSDT,2026-05-12 00:00:00,0.00005
MEGAUSDT,2026-05-11 20:00:00,0.0000612
MEGAUSDT,2026-05-11 16:00:00,0.00005
MEGAUSDT,2026-05-11 12:00:00,0.00005
MEGAUSDT,2026-05-11 08:00:00,0.00005
MEGAUSDT,2026-05-11 04:00:00,0.00005
MEGAUSDT,2026-05-11 00:00:00,0.00015624
MEGAUSDT,2026-05-10 20:00:00,0.00005
MEGAUSDT,2026-05-10 16:00:00,0.00005
MEGAUSDT,2026-05-10 12:00:00,0.00005
MEGAUSDT,2026-05-10 08:00:00,0.00005
MEGAUSDT,2026-05-10 04:00:00,0.00005
MEGAUSDT,2026-05-10 00:00:00,0.00005
MEGAUSDT,2026-05-09 20:00:00,0.00005
MEGAUSDT,2026-05-09 16:00:00,0.00005
MEGAUSDT,2026-05-09 12:00:00,0.00005
MEGAUSDT,2026-05-09 08:00:00,0.00005
MEGAUSDT,2026-05-09 04:00:00,-0.00000746
MEGAUSDT,2026-05-09 00:00:00,-0.0001686
MEGAUSDT,2026-05-08 20:00:00,0.00005
MEGAUSDT,2026-05-08 16:00:00,-0.00299751
MEGAUSDT,2026-05-08 12:00:00,0.00005
MEGAUSDT,2026-05-08 08:00:00,0.00005
MEGAUSDT,2026-05-08 04:00:00,0.00005
MEGAUSDT,2026-05-08 00:00:00,-0.0004218
MEGAUSDT,2026-05-07 20:00:00,-0.00053827
MEGAUSDT,2026-05-07 16:00:00,-0.0005932
MEGAUSDT,2026-05-07 12:00:00,-0.00007382
MEGAUSDT,2026-05-07 08:00:00,-0.00094898
MEGAUSDT,2026-05-07 04:00:00,-0.00089558
MEGAUSDT,2026-05-07 00:00:00,-0.00018986
MEGAUSDT,2026-05-06 20:00:00,-0.00036956
MEGAUSDT,2026-05-06 16:00:00,0.00005
MEGAUSDT,2026-05-06 12:00:00,-0.00047159
MEGAUSDT,2026-05-06 08:00:00,-0.00015745
MEGAUSDT,2026-05-06 04:00:00,0.00005
MEGAUSDT,2026-05-06 00:00:00,-0.00029549
MEGAUSDT,2026-05-05 20:00:00,-0.00001011
MEGAUSDT,2026-05-05 16:00:00,0.00005
MEGAUSDT,2026-05-05 12:00:00,-0.00066215
MEGAUSDT,2026-05-05 08:00:00,-0.00061913
MEGAUSDT,2026-05-05 04:00:00,-0.00022072
MEGAUSDT,2026-05-05 00:00:00,0.00005
MEGAUSDT,2026-05-04 20:00:00,0.00005
MEGAUSDT,2026-05-04 16:00:00,0.00005
MEGAUSDT,2026-05-04 12:00:00,0.00001438
MEGAUSDT,2026-05-04 08:00:00,0.00005
MEGAUSDT,2026-05-04 04:00:00,0.00005
MEGAUSDT,2026-05-04 00:00:00,0.00005
MEGAUSDT,2026-05-03 20:00:00,0.00005
MEGAUSDT,2026-05-03 16:00:00,-0.00090311
MEGAUSDT,2026-05-03 12:00:00,0.00005
MEGAUSDT,2026-05-03 08:00:00,-0.00004145
MEGAUSDT,2026-05-03 04:00:00,-0.0015562
MEGAUSDT,2026-05-03 00:00:00,-0.00009864
MEGAUSDT,2026-05-02 20:00:00,-0.00103745
MEGAUSDT,2026-05-02 16:00:00,-0.00071515
MEGAUSDT,2026-05-02 12:00:00,0.00005
MEGAUSDT,2026-05-02 08:00:00,0.00005
MEGAUSDT,2026-05-02 04:00:00,0.00005
MEGAUSDT,2026-05-02 00:00:00,0.00005
MEGAUSDT,2026-05-01 20:00:00,0.00005
MEGAUSDT,2026-05-01 16:00:00,0.00005
MEGAUSDT,2026-05-01 12:00:00,0.00005
MEGAUSDT,2026-05-01 08:00:00,0.00005
MEGAUSDT,2026-05-01 04:00:00,0.00005
MEGAUSDT,2026-05-01 00:00:00,0.00025952
MEGAUSDT,2026-04-30 20:00:00,0.00018721
MEGAUSDT,2026-04-30 16:00:00,0.00005
MEGAUSDT,2026-04-30 12:00:00,-0.00121247
MEGAUSDT,2026-04-30 08:00:00,0.00005
MEGAUSDT,2026-04-30 04:00:00,0.00005
MEGAUSDT,2026-04-30 00:00:00,0.00005
BILLUSDT,2026-06-04 00:00:00,0.000072
BILLUSDT,2026-06-03 20:00:00,0.00005
BILLUSDT,2026-06-03 16:00:00,0.00005
BILLUSDT,2026-06-03 12:00:00,0.00005
BILLUSDT,2026-06-03 08:00:00,0.00005
BILLUSDT,2026-06-03 04:00:00,0.00005
BILLUSDT,2026-06-03 00:00:00,0.00005
BILLUSDT,2026-06-02 20:00:00,0.00005
BILLUSDT,2026-06-02 16:00:00,0.00005
BILLUSDT,2026-06-02 12:00:00,0.00043436
BILLUSDT,2026-06-02 08:00:00,0.00005
BILLUSDT,2026-06-02 04:00:00,0.00005317
BILLUSDT,2026-06-02 00:00:00,0.00005
BILLUSDT,2026-06-01 20:00:00,0.00008156
BILLUSDT,2026-06-01 16:00:00,0.00008305
BILLUSDT,2026-06-01 12:00:00,0.00005
BILLUSDT,2026-06-01 08:00:00,0.00005
BILLUSDT,2026-06-01 04:00:00,0.00005
BILLUSDT,2026-06-01 00:00:00,0.00005
BILLUSDT,2026-05-31 20:00:00,0.00005
BILLUSDT,2026-05-31 16:00:00,0.00005
BILLUSDT,2026-05-31 12:00:00,0.00005
BILLUSDT,2026-05-31 08:00:00,0.00005
BILLUSDT,2026-05-31 04:00:00,0.00005
BILLUSDT,2026-05-31 00:00:00,0.00005
BILLUSDT,2026-05-30 20:00:00,0.00005
BILLUSDT,2026-05-30 16:00:00,0.00005
BILLUSDT,2026-05-30 12:00:00,0.00005
BILLUSDT,2026-05-30 08:00:00,0.00005
BILLUSDT,2026-05-30 04:00:00,0.00005
BILLUSDT,2026-05-30 00:00:00,-0.00011078
BILLUSDT,2026-05-29 20:00:00,-0.00029885
BILLUSDT,2026-05-29 16:00:00,0.00003713
BILLUSDT,2026-05-29 12:00:00,-0.00014525
BILLUSDT,2026-05-29 08:00:00,-0.00020829
BILLUSDT,2026-05-29 04:00:00,-0.00030707
BILLUSDT,2026-05-29 00:00:00,0.00005
BILLUSDT,2026-05-28 20:00:00,0.00005
BILLUSDT,2026-05-28 16:00:00,0.00005
BILLUSDT,2026-05-28 12:00:00,-0.00011745
BILLUSDT,2026-05-28 08:00:00,0.00005
BILLUSDT,2026-05-28 04:00:00,0.00005
BILLUSDT,2026-05-28 00:00:00,0.00005
BILLUSDT,2026-05-27 20:00:00,0.00005
BILLUSDT,2026-05-27 16:00:00,0.00005
BILLUSDT,2026-05-27 12:00:00,0.00005
BILLUSDT,2026-05-27 08:00:00,0.00005
BILLUSDT,2026-05-27 04:00:00,0.00005
BILLUSDT,2026-05-27 00:00:00,0.00005
BILLUSDT,2026-05-26 20:00:00,0.00005
BILLUSDT,2026-05-26 16:00:00,0.00005
BILLUSDT,2026-05-26 12:00:00,0.00005
BILLUSDT,2026-05-26 08:00:00,0.00005
BILLUSDT,2026-05-26 04:00:00,-0.00002417
BILLUSDT,2026-05-26 00:00:00,0.00004304
BILLUSDT,2026-05-25 20:00:00,-0.00009565
BILLUSDT,2026-05-25 16:00:00,0.00005
BILLUSDT,2026-05-25 12:00:00,0.00005
BILLUSDT,2026-05-25 08:00:00,0.00005
BILLUSDT,2026-05-25 04:00:00,0.00005
BILLUSDT,2026-05-25 00:00:00,0.00005
BILLUSDT,2026-05-24 20:00:00,0.00005
BILLUSDT,2026-05-24 16:00:00,0.00005
BILLUSDT,2026-05-24 12:00:00,0.00005
BILLUSDT,2026-05-24 08:00:00,0.00005
BILLUSDT,2026-05-24 04:00:00,0.00005
BILLUSDT,2026-05-24 00:00:00,0.00005
BILLUSDT,2026-05-23 20:00:00,0.00005
BILLUSDT,2026-05-23 16:00:00,0.00005
BILLUSDT,2026-05-23 12:00:00,0.00005
BILLUSDT,2026-05-23 08:00:00,0.00005
BILLUSDT,2026-05-23 04:00:00,0.00005
BILLUSDT,2026-05-23 00:00:00,0.00005
BILLUSDT,2026-05-22 20:00:00,0.00005
BILLUSDT,2026-05-22 16:00:00,0.00005
BILLUSDT,2026-05-22 12:00:00,0.00005
BILLUSDT,2026-05-22 08:00:00,-0.00001118
BILLUSDT,2026-05-22 04:00:00,0.00005
BILLUSDT,2026-05-22 00:00:00,-0.00001779
BILLUSDT,2026-05-21 20:00:00,-0.00002994
BILLUSDT,2026-05-21 16:00:00,0.00005
BILLUSDT,2026-05-21 12:00:00,0.00005
BILLUSDT,2026-05-21 08:00:00,0.00005
BILLUSDT,2026-05-21 04:00:00,0.00005
BILLUSDT,2026-05-21 00:00:00,0.00005
BILLUSDT,2026-05-20 20:00:00,0.00005
BILLUSDT,2026-05-20 16:00:00,0.00005
BILLUSDT,2026-05-20 12:00:00,0.00005
BILLUSDT,2026-05-20 08:00:00,0.00005
BILLUSDT,2026-05-20 04:00:00,0.00005
BILLUSDT,2026-05-20 00:00:00,0.00005
BILLUSDT,2026-05-19 20:00:00,0.00005
BILLUSDT,2026-05-19 16:00:00,0.00005
BILLUSDT,2026-05-19 12:00:00,0.00005
BILLUSDT,2026-05-19 08:00:00,0.00005
BILLUSDT,2026-05-19 04:00:00,-0.00088551
BILLUSDT,2026-05-19 00:00:00,0.00005
BILLUSDT,2026-05-18 20:00:00,0.00005
BILLUSDT,2026-05-18 16:00:00,0.00005
BILLUSDT,2026-05-18 12:00:00,0.00005
BILLUSDT,2026-05-18 08:00:00,0.00002928
BILLUSDT,2026-05-18 04:00:00,0.00005
BILLUSDT,2026-05-18 00:00:00,0.00005
BILLUSDT,2026-05-17 20:00:00,0.00005
BILLUSDT,2026-05-17 16:00:00,0.00005
BILLUSDT,2026-05-17 12:00:00,0.00005
BILLUSDT,2026-05-17 08:00:00,0.00005
BILLUSDT,2026-05-17 04:00:00,0.00005
BILLUSDT,2026-05-17 00:00:00,0.00005
BILLUSDT,2026-05-16 20:00:00,0.00005
BILLUSDT,2026-05-16 16:00:00,0.00005
BILLUSDT,2026-05-16 12:00:00,0.00005
BILLUSDT,2026-05-16 08:00:00,0.00005
BILLUSDT,2026-05-16 04:00:00,-0.00014172
BILLUSDT,2026-05-16 00:00:00,0.00005
BILLUSDT,2026-05-15 20:00:00,0.00005
BILLUSDT,2026-05-15 16:00:00,0.00005
BILLUSDT,2026-05-15 12:00:00,0.00005
BILLUSDT,2026-05-15 08:00:00,0.00005
BILLUSDT,2026-05-15 04:00:00,0.00005
BILLUSDT,2026-05-15 00:00:00,0.00005
BILLUSDT,2026-05-14 20:00:00,0.00005
BILLUSDT,2026-05-14 16:00:00,0.00015095
BILLUSDT,2026-05-14 12:00:00,0.00009453
BILLUSDT,2026-05-14 08:00:00,0.00005
BILLUSDT,2026-05-14 04:00:00,0.00005
BILLUSDT,2026-05-14 00:00:00,0.00005
BILLUSDT,2026-05-13 20:00:00,0.00005
BILLUSDT,2026-05-13 16:00:00,0.00005
BILLUSDT,2026-05-13 12:00:00,0.00008467
BILLUSDT,2026-05-13 08:00:00,0.00101029
BILLUSDT,2026-05-13 04:00:00,0.00005
BILLUSDT,2026-05-13 00:00:00,0.00005
BILLUSDT,2026-05-12 20:00:00,0.0000621
BILLUSDT,2026-05-12 16:00:00,0.00048543
BILLUSDT,2026-05-12 12:00:00,0.00010401
BILLUSDT,2026-05-12 08:00:00,0.00005
BILLUSDT,2026-05-12 04:00:00,0.00005
BILLUSDT,2026-05-12 00:00:00,0.00005
BILLUSDT,2026-05-11 20:00:00,0.00093344
BILLUSDT,2026-05-11 16:00:00,0.00056579
BILLUSDT,2026-05-11 12:00:00,0.00005
BILLUSDT,2026-05-11 08:00:00,0.00005
BILLUSDT,2026-05-11 04:00:00,0.00040677
BILLUSDT,2026-05-11 00:00:00,0.00063394
BILLUSDT,2026-05-10 20:00:00,0.00009092
BILLUSDT,2026-05-10 16:00:00,0.00023175
BILLUSDT,2026-05-10 12:00:00,0.00005
BILLUSDT,2026-05-10 08:00:00,0.00011908
BILLUSDT,2026-05-10 04:00:00,0.00084261
BILLUSDT,2026-05-10 00:00:00,0.00023941
BILLUSDT,2026-05-09 20:00:00,0.00110236
BILLUSDT,2026-05-09 16:00:00,-0.00015933
BILLUSDT,2026-05-09 12:00:00,0.00005
BILLUSDT,2026-05-09 08:00:00,0.00005
BILLUSDT,2026-05-09 04:00:00,0.00005
BILLUSDT,2026-05-09 00:00:00,0.00005
BILLUSDT,2026-05-08 20:00:00,0.00005
BILLUSDT,2026-05-08 16:00:00,0.00038335
BILLUSDT,2026-05-08 12:00:00,0.00005
BILLUSDT,2026-05-08 08:00:00,-0.0000698
BILLUSDT,2026-05-08 04:00:00,0.00005
BILLUSDT,2026-05-08 00:00:00,0.00005
BILLUSDT,2026-05-07 20:00:00,-0.00029572
BILLUSDT,2026-05-07 16:00:00,-0.00001521
BILLUSDT,2026-05-07 12:00:00,-0.00040797
BILLUSDT,2026-05-07 08:00:00,-0.00153398
BILLUSDT,2026-05-07 04:00:00,-0.00042878
BILLUSDT,2026-05-07 00:00:00,0.00005
BILLUSDT,2026-05-06 20:00:00,0.00005
BILLUSDT,2026-05-06 16:00:00,0.00005
BILLUSDT,2026-05-06 12:00:00,-0.00047933
BILLUSDT,2026-05-06 08:00:00,-0.00015454
BILLUSDT,2026-05-06 04:00:00,0.00005
