symbol,date_utc,price,market_cap
AAVE,2025-06-28,256.84,3871362929
AAVE,2025-06-29,268.32,4044483176
AAVE,2025-06-30,274.6,4139106562
AAVE,2025-07-01,268.22,4042980960
AAVE,2025-07-02,268.58,4048401910
AAVE,2025-07-03,279.05,4206237698
AAVE,2025-07-04,269.45,4061409940
AAVE,2025-07-05,270.44,4076443169
AAVE,2025-07-06,275.36,4150557187
AAVE,2025-07-07,285.23,4299391865
AAVE,2025-07-08,285.67,4305908827
AAVE,2025-07-09,297.81,4488888244
AAVE,2025-07-10,300.01,4522063626
AAVE,2025-07-11,307.96,4642020884
AAVE,2025-07-12,300.07,4523004905
AAVE,2025-07-13,305.78,4609155620
AAVE,2025-07-14,319.06,4809218179
AAVE,2025-07-15,316.63,4772697772
AAVE,2025-07-16,328.69,4954436235
AAVE,2025-07-17,321.59,4847405675
AAVE,2025-07-18,324.74,4894919214
AAVE,2025-07-19,317.07,4779256484
AAVE,2025-07-20,325.19,4901706748
AAVE,2025-07-21,326.81,4926136457
AAVE,2025-07-22,310.04,4673229116
AAVE,2025-07-23,297.74,4487869805
AAVE,2025-07-24,289.19,4359094040
AAVE,2025-07-25,289.13,4358127571
AAVE,2025-07-26,296.36,4467074798
AAVE,2025-07-27,297.4,4482740243
AAVE,2025-07-28,298.48,4498991896
AAVE,2025-07-29,286.36,4316430190
AAVE,2025-07-30,277.81,4187544569
AAVE,2025-07-31,272.83,4112406048
AAVE,2025-08-01,257.96,3888273005
AAVE,2025-08-02,253.38,3819275067
AAVE,2025-08-03,256.67,3868779026
AAVE,2025-08-04,264.66,3989206778
AAVE,2025-08-05,258.83,3901398270
AAVE,2025-08-06,258.14,3891014763
AAVE,2025-08-07,271.7,4095449688
AAVE,2025-08-08,285.27,4299864522
AAVE,2025-08-09,300.97,4536532370
AAVE,2025-08-10,304.9,4595747526
AAVE,2025-08-11,301.99,4551957352
AAVE,2025-08-12,304.71,4592914656
AAVE,2025-08-13,324.73,4894770448
AAVE,2025-08-14,321.84,4851123424
AAVE,2025-08-15,306.73,4623351864
AAVE,2025-08-16,296.62,4471043512
AAVE,2025-08-17,302.88,4565405713
AAVE,2025-08-18,291.2,4389296667
AAVE,2025-08-19,283.32,4270538691
AAVE,2025-08-20,289.52,4363980608
AAVE,2025-08-21,299.73,4517938448
AAVE,2025-08-22,314.76,4744486504
AAVE,2025-08-23,353.31,5325450370
AAVE,2025-08-24,350.88,5288904344
AAVE,2025-08-25,330.24,4977733183
AAVE,2025-08-26,330.07,4975196152
AAVE,2025-08-27,328.12,4945836935
AAVE,2025-08-28,320.5,4830894997
AAVE,2025-08-29,312.85,4715588792
AAVE,2025-08-30,316.25,4766851638
AAVE,2025-08-31,321.11,4840091174
AAVE,2025-09-01,309.64,4667261215
AAVE,2025-09-02,311.98,4702554220
AAVE,2025-09-03,321.57,4847118459
AAVE,2025-09-04,317.76,4789700097
AAVE,2025-09-05,306.85,4625228604
AAVE,2025-09-06,300.66,4531976147
AAVE,2025-09-07,301.05,4537744976
AAVE,2025-09-08,302.75,4563397961
AAVE,2025-09-09,301.96,4551538314
AAVE,2025-09-10,299.89,4520319375
AAVE,2025-09-11,304.87,4595367160
AAVE,2025-09-12,314.12,4734809848
AAVE,2025-09-13,316.78,4774890067
AAVE,2025-09-14,309.23,4661072106
AAVE,2025-09-15,301.79,4548946945
AAVE,2025-09-16,296.64,4471302550
AAVE,2025-09-17,297.47,4483791501
AAVE,2025-09-18,308.31,4647264395
AAVE,2025-09-19,304.13,4584217046
AAVE,2025-09-20,298.18,4494457040
AAVE,2025-09-21,296.58,4470421405
AAVE,2025-09-22,271.92,4098763237
AAVE,2025-09-23,272.89,4113256111
AAVE,2025-09-24,277.53,4183209159
AAVE,2025-09-25,267.41,4030708269
AAVE,2025-09-26,265.04,3994955199
AAVE,2025-09-27,268.81,4051770311
AAVE,2025-09-28,267.14,4026624556
AAVE,2025-09-29,274.75,4141319088
AAVE,2025-09-30,272.99,4114836975
AAVE,2025-10-01,280.9,4234138139
AAVE,2025-10-02,286.84,4323539631
AAVE,2025-10-03,288.98,4355910205
AAVE,2025-10-04,284.89,4294188823
AAVE,2025-10-05,288.16,4343470665
AAVE,2025-10-06,293.09,4417851884
AAVE,2025-10-07,287.66,4335917238
AAVE,2025-10-08,280.64,4230090537
AAVE,2025-10-09,276.6,4169209703
AAVE,2025-10-10,265.53,4002404456
AAVE,2025-10-11,234.43,3533597098
AAVE,2025-10-12,238.78,3599172725
AAVE,2025-10-13,253.42,3819825255
AAVE,2025-10-14,250.49,3775689728
AAVE,2025-10-15,249.7,3763847835
AAVE,2025-10-16,238.52,3595301561
AAVE,2025-10-17,211.42,3186810146
AAVE,2025-10-18,210.51,3173093953
AAVE,2025-10-19,219.8,3313021840
AAVE,2025-10-20,228.73,3447634827
AAVE,2025-10-21,225.17,3393981850
AAVE,2025-10-22,218.43,3292495587
AAVE,2025-10-23,221.87,3344294485
AAVE,2025-10-24,228.59,3445535353
AAVE,2025-10-25,227.14,3423781869
AAVE,2025-10-26,232.35,3502324000
AAVE,2025-10-27,240.51,3625304755
AAVE,2025-10-28,234.35,3532356491
AAVE,2025-10-29,229.97,3466432714
AAVE,2025-10-30,220.61,3325343402
AAVE,2025-10-31,220.15,3318412856
AAVE,2025-11-01,225.06,3392432407
AAVE,2025-11-02,224.36,3381899266
AAVE,2025-11-03,211.47,3187552453
AAVE,2025-11-04,195.62,2948689913
AAVE,2025-11-05,198.48,2991666110
AAVE,2025-11-06,199.6,3008559966
AAVE,2025-11-07,201.27,3033859052
AAVE,2025-11-08,204.51,3082630333
AAVE,2025-11-09,204.94,3089106953
AAVE,2025-11-10,221.06,3332139267
AAVE,2025-11-11,218.27,3289980556
AAVE,2025-11-12,210.4,3171394793
AAVE,2025-11-13,206.62,3114490187
AAVE,2025-11-14,184,2773460841
AAVE,2025-11-15,179.21,2701328634
AAVE,2025-11-16,176.56,2661315950
AAVE,2025-11-17,174.33,2627772244
AAVE,2025-11-18,173.25,2611404249
AAVE,2025-11-19,172.88,2605870115
AAVE,2025-11-20,172.39,2598418587
AAVE,2025-11-21,158.45,2388416388
AAVE,2025-11-22,158.42,2387831408
AAVE,2025-11-23,164.94,2486196280
AAVE,2025-11-24,172.41,2598730554
AAVE,2025-11-25,178.3,2687617815
AAVE,2025-11-26,180.13,2715200050
AAVE,2025-11-27,185.52,2796390330
AAVE,2025-11-28,185.75,2799884583
AAVE,2025-11-29,183.9,2771969747
AAVE,2025-11-30,182.36,2748703564
AAVE,2025-12-01,167.34,2522378308
AAVE,2025-12-02,176.31,2657625182
AAVE,2025-12-03,193.58,2917915791
AAVE,2025-12-04,193.88,2922400288
AAVE,2025-12-05,188.49,2841149255
AAVE,2025-12-06,185.6,2797568611
AAVE,2025-12-07,189.18,2851518234
AAVE,2025-12-08,192.81,2906234003
AAVE,2025-12-09,194.32,2929069011
AAVE,2025-12-10,199.75,3010813824
AAVE,2025-12-11,192.44,2900682032
AAVE,2025-12-12,200.03,3015034846
AAVE,2025-12-13,197,2969454428
AAVE,2025-12-14,193.31,2913809332
AAVE,2025-12-15,190.44,2870578071
AAVE,2025-12-16,187.35,2823931800
AAVE,2025-12-17,183.4,2764384160
AAVE,2025-12-18,177.36,2673458735
AAVE,2025-12-19,181.02,2728582893
AAVE,2025-12-20,181.51,2736001963
AAVE,2025-12-21,176,2652929710
AAVE,2025-12-22,157.75,2377794495
AAVE,2025-12-23,151.36,2281473000
AAVE,2025-12-24,148.75,2242185597
AAVE,2025-12-25,151.18,2278732636
AAVE,2025-12-26,153.62,2315505525
AAVE,2025-12-27,155.98,2351131230
AAVE,2025-12-28,154.91,2335003887
AAVE,2025-12-29,152.49,2298456987
AAVE,2025-12-30,150.35,2266286745
AAVE,2025-12-31,148.15,2233034060
AAVE,2026-01-01,146.53,2208629189
AAVE,2026-01-02,153.59,2315137110
AAVE,2026-01-03,162.06,2442814652
AAVE,2026-01-04,163.79,2468860308
AAVE,2026-01-05,167.31,2521865113
AAVE,2026-01-06,173,2607654079
AAVE,2026-01-07,170.12,2564251360
AAVE,2026-01-08,165.3,2491671684
AAVE,2026-01-09,165.59,2496006299
AAVE,2026-01-10,165.28,2491320142
AAVE,2026-01-11,166.75,2513464509
AAVE,2026-01-12,166.2,2505118230
AAVE,2026-01-13,170.87,2575599569
AAVE,2026-01-14,177.43,2674383970
AAVE,2026-01-15,173.95,2621930321
AAVE,2026-01-16,172.44,2599291737
AAVE,2026-01-17,175.11,2639509518
AAVE,2026-01-18,173.89,2621107823
AAVE,2026-01-19,163.61,2466159387
AAVE,2026-01-20,158.91,2395338300
AAVE,2026-01-21,157.13,2368499105
AAVE,2026-01-22,158.83,2394099591
AAVE,2026-01-23,157.84,2379215085
AAVE,2026-01-24,156.57,2360035796
AAVE,2026-01-25,152.77,2302703403
AAVE,2026-01-26,152.16,2293477867
AAVE,2026-01-27,155.05,2337100000
AAVE,2026-01-28,159.57,2405289229
AAVE,2026-01-29,152.54,2299292543
AAVE,2026-01-30,141.11,2127028878
AAVE,2026-01-31,132.42,1995979554
AAVE,2026-02-01,126.65,1909018036
AAVE,2026-02-02,126.85,1911984482
AAVE,2026-02-03,126.91,1912999807
AAVE,2026-02-04,125.32,1889046677
AAVE,2026-02-05,116.22,1751818498
AAVE,2026-02-06,107.9,1626382855
AAVE,2026-02-07,113.46,1710254744
AAVE,2026-02-08,113.32,1708159495
AAVE,2026-02-09,112.44,1694815565
AAVE,2026-02-10,109.86,1655974918
AAVE,2026-02-11,107.41,1619048589
AAVE,2026-02-12,109.36,1648372458
AAVE,2026-02-13,114.59,1727176033
AAVE,2026-02-14,125.82,1896486085
AAVE,2026-02-15,127.44,1920939851
AAVE,2026-02-16,126.16,1901587433
AAVE,2026-02-17,126.41,1905355573
AAVE,2026-02-18,125.86,1897158309
AAVE,2026-02-19,123.03,1854395406
AAVE,2026-02-20,121.29,1828199770
AAVE,2026-02-21,120.28,1813037708
AAVE,2026-02-22,118.78,1790352074
AAVE,2026-02-23,115.48,1740615008
AAVE,2026-02-24,113.87,1716356526
AAVE,2026-02-25,119.03,1794153983
AAVE,2026-02-26,115.64,1743050675
AAVE,2026-02-27,115.64,1743075956
AAVE,2026-02-28,109.47,1650056292
AAVE,2026-03-01,114.18,1721111435
AAVE,2026-03-02,117.96,1778041424
AAVE,2026-03-03,114.6,1727450838
AAVE,2026-03-04,114.27,1722433464
AAVE,2026-03-05,116.79,1760361781
AAVE,2026-03-06,114.44,1724963273
AAVE,2026-03-07,109.93,1657000403
AAVE,2026-03-08,107.28,1617083308
AAVE,2026-03-09,106.71,1608444004
AAVE,2026-03-10,111,1673076716
AAVE,2026-03-11,110.88,1671252680
AAVE,2026-03-12,109.68,1653215184
AAVE,2026-03-13,114.52,1726140724
AAVE,2026-03-14,111.11,1674817864
AAVE,2026-03-15,113.07,1704288444
AAVE,2026-03-16,119.89,1807163998
AAVE,2026-03-17,121.42,1830215931
AAVE,2026-03-18,117.59,1772464416
AAVE,2026-03-19,113.7,1713771415
AAVE,2026-03-20,111.39,1679041382
AAVE,2026-03-21,111.62,1682449770
AAVE,2026-03-22,107.74,1623994514
AAVE,2026-03-23,108.54,1635987729
AAVE,2026-03-24,109.96,1657427283
AAVE,2026-03-25,113.4,1709260457
AAVE,2026-03-26,107.43,1619349677
AAVE,2026-03-27,102.43,1543875373
AAVE,2026-03-28,97.53,1470028850
AAVE,2026-03-29,96.11,1448615096
AAVE,2026-03-30,97.8,1474154375
AAVE,2026-03-31,97.48,1469396623
AAVE,2026-04-01,99.04,1492779519
AAVE,2026-04-02,94.54,1424952414
AAVE,2026-04-03,94.92,1430783046
AAVE,2026-04-04,94.77,1428518590
AAVE,2026-04-05,92.67,1396795968
AAVE,2026-04-06,95.74,1443125005
AAVE,2026-04-07,90.43,1363102286
AAVE,2026-04-08,94.64,1426585386
AAVE,2026-04-09,90.77,1368171783
AAVE,2026-04-10,91.5,1379206396
AAVE,2026-04-11,93.05,1402550597
AAVE,2026-04-12,90.37,1362238491
AAVE,2026-04-13,95.31,1436558506
AAVE,2026-04-14,100.09,1508639890
AAVE,2026-04-15,103.14,1554697508
AAVE,2026-04-16,108.91,1641661024
AAVE,2026-04-17,115.48,1740598160
AAVE,2026-04-18,111.51,1680803240
AAVE,2026-04-19,92.89,1400114764
AAVE,2026-04-20,91.02,1372011641
AAVE,2026-04-21,92.2,1389744495
AAVE,2026-04-22,93.74,1412923353
AAVE,2026-04-23,92.72,1397649521
AAVE,2026-04-24,94.17,1419439823
AAVE,2026-04-25,94.88,1430171279
AAVE,2026-04-26,95.36,1437367172
AAVE,2026-04-27,96.89,1460477121
AAVE,2026-04-28,96.95,1461311018
AAVE,2026-04-29,95.57,1440612765
AAVE,2026-04-30,92.87,1399873677
AAVE,2026-05-01,92.84,1399366389
AAVE,2026-05-02,92.53,1394781489
AAVE,2026-05-03,92.62,1396111552
AAVE,2026-05-04,93.05,1402588405
AAVE,2026-05-05,93.26,1405669600
AAVE,2026-05-06,94.13,1418896315
AAVE,2026-05-07,93.02,1402153259
AAVE,2026-05-08,93.57,1410435467
AAVE,2026-05-09,96.34,1452143211
AAVE,2026-05-10,98.08,1478398219
AAVE,2026-05-11,100.81,1519528605
AAVE,2026-05-12,98.04,1477815089
AAVE,2026-05-13,97.12,1463923576
AAVE,2026-05-14,97.82,1474443520
AAVE,2026-05-15,95.36,1437380492
AAVE,2026-05-16,90.43,1363104746
AAVE,2026-05-17,90.43,1363018202
AAVE,2026-05-18,88.56,1334924059
AAVE,2026-05-19,88.61,1335686018
AAVE,2026-05-20,87.85,1324162355
AAVE,2026-05-21,88.8,1338555417
AAVE,2026-05-22,87.62,1320685341
AAVE,2026-05-23,85.36,1286705991
AAVE,2026-05-24,86.15,1298577160
AAVE,2026-05-25,86.42,1302676969
AAVE,2026-05-26,86.35,1301618906
AAVE,2026-05-27,85.1,1282709000
AAVE,2026-05-28,80.9,1219490274
AAVE,2026-05-29,81.73,1231986567
AAVE,2026-05-30,82.96,1250531135
AAVE,2026-05-31,82.41,1242169266
AAVE,2026-06-01,80.87,1219002489
AAVE,2026-06-02,77.05,1161418241
AAVE,2026-06-03,75.12,1132225537
AAVE,2026-06-04,71.63,1079657335
AAVE,2026-06-05,65.67,989863324
AAVE,2026-06-06,60.84,917033439
AAVE,2026-06-07,62.66,944413864
AAVE,2026-06-08,63.6,958711991
AAVE,2026-06-09,62.06,935431582
AAVE,2026-06-10,61.67,929603913
AAVE,2026-06-11,63.39,955487147
AAVE,2026-06-12,64.43,971180893
AAVE,2026-06-13,66.15,997114033
AAVE,2026-06-14,66.39,1000640913
AAVE,2026-06-15,72.58,1093997578
AAVE,2026-06-16,74.85,1128287814
AAVE,2026-06-17,75.53,1138458533
AAVE,2026-06-18,73.57,1108885940
AAVE,2026-06-19,73.01,1100553583
AAVE,2026-06-20,74.46,1122301357
AAVE,2026-06-21,74.92,1129212227
AAVE,2026-06-22,75.58,1139264174
AAVE,2026-06-23,72.95,1099577989
AAVE,2026-06-24,74.26,1119385704
AAVE,2026-06-25,81.74,1232050380
AAVE,2026-06-26,88.31,1331153686
AAVE,2026-06-27,95.12,1433729650
ADA,2025-06-28,0.562153,21309462513
ADA,2025-06-29,0.563672,21372141226
ADA,2025-06-30,0.570331,21624624280
ADA,2025-07-01,0.556414,21096953299
ADA,2025-07-02,0.568665,21561460231
ADA,2025-07-03,0.597352,22651049839
ADA,2025-07-04,0.58104,22037542491
ADA,2025-07-05,0.575504,21827563311
ADA,2025-07-06,0.579842,21992076207
ADA,2025-07-07,0.583799,22142177941
ADA,2025-07-08,0.582404,22090928666
ADA,2025-07-09,0.603445,22894358104
ADA,2025-07-10,0.635698,24118035365
ADA,2025-07-11,0.714834,27120397998
ADA,2025-07-12,0.713208,27058699621
ADA,2025-07-13,0.732224,27783096318
ADA,2025-07-14,0.745804,28304165103
ADA,2025-07-15,0.728441,27645192827
ADA,2025-07-16,0.752537,28559689687
ADA,2025-07-17,0.789739,29979033776
ADA,2025-07-18,0.841899,31961030389
ADA,2025-07-19,0.824455,31298778043
ADA,2025-07-20,0.8517,32333079608
ADA,2025-07-21,0.887169,33679602121
ADA,2025-07-22,0.88072,33434778234
ADA,2025-07-23,0.848383,32210107728
ADA,2025-07-24,0.809927,30756721891
ADA,2025-07-25,0.800121,30384369680
ADA,2025-07-26,0.824416,31306954483
ADA,2025-07-27,0.825513,31353621254
ADA,2025-07-28,0.819728,31138377449
ADA,2025-07-29,0.789059,29973368019
ADA,2025-07-30,0.771458,29304804486
ADA,2025-07-31,0.768015,29174019075
ADA,2025-08-01,0.725688,27566151337
ADA,2025-08-02,0.710426,26992760546
ADA,2025-08-03,0.720885,27392101901
ADA,2025-08-04,0.743104,28236408398
ADA,2025-08-05,0.738388,28057205814
ADA,2025-08-06,0.729871,27737488508
ADA,2025-08-07,0.754664,28684472010
ADA,2025-08-08,0.792827,30135022232
ADA,2025-08-09,0.806785,30665568139
ADA,2025-08-10,0.802876,30516979410
ADA,2025-08-11,0.800603,30430611623
ADA,2025-08-12,0.801144,30458279630
ADA,2025-08-13,0.867379,32978688505
ADA,2025-08-14,0.944575,35913745057
ADA,2025-08-15,0.938337,35676581324
ADA,2025-08-16,0.933445,35499002068
ADA,2025-08-17,0.953222,36253547631
ADA,2025-08-18,0.920904,35024403452
ADA,2025-08-19,0.900868,34262367796
ADA,2025-08-20,0.862964,32820808730
ADA,2025-08-21,0.868694,33038704412
ADA,2025-08-22,0.881452,33531998885
ADA,2025-08-23,0.914217,34780594124
ADA,2025-08-24,0.910091,34623604398
ADA,2025-08-25,0.876102,33330525071
ADA,2025-08-26,0.849717,32326732966
ADA,2025-08-27,0.863922,32870476395
ADA,2025-08-28,0.861749,32794473294
ADA,2025-08-29,0.832136,31667547438
ADA,2025-08-30,0.825188,31403111467
ADA,2025-08-31,0.826404,31449384950
ADA,2025-09-01,0.811144,30872759870
ADA,2025-09-02,0.818105,31143001248
ADA,2025-09-03,0.835561,31807481963
ADA,2025-09-04,0.818111,31143224335
ADA,2025-09-05,0.826219,31451856285
ADA,2025-09-06,0.824666,31395928248
ADA,2025-09-07,0.829126,31571993183
ADA,2025-09-08,0.852381,32462649958
ADA,2025-09-09,0.871374,33190793991
ADA,2025-09-10,0.879657,33506311430
ADA,2025-09-11,0.88487,33704882674
ADA,2025-09-12,0.899598,34265852609
ADA,2025-09-13,0.932072,35502799109
ADA,2025-09-14,0.904842,34465595930
ADA,2025-09-15,0.872146,33227950438
ADA,2025-09-16,0.869749,33138835548
ADA,2025-09-17,0.878701,33479921555
ADA,2025-09-18,0.919202,35023040621
ADA,2025-09-19,0.906942,34555934065
ADA,2025-09-20,0.895976,34138124931
ADA,2025-09-21,0.890098,33922041117
ADA,2025-09-22,0.832642,31734446172
ADA,2025-09-23,0.819717,31241826741
ADA,2025-09-24,0.817482,31156645306
ADA,2025-09-25,0.787679,30020764316
ADA,2025-09-26,0.778747,29684094947
ADA,2025-09-27,0.786042,29967208364
ADA,2025-09-28,0.781338,29787909163
ADA,2025-09-29,0.802569,30597306781
ADA,2025-09-30,0.79591,30348079794
ADA,2025-10-01,0.827189,31545173045
ADA,2025-10-02,0.858782,32749988563
ADA,2025-10-03,0.864179,32955795845
ADA,2025-10-04,0.847494,32319519352
ADA,2025-10-05,0.854002,32567712277
ADA,2025-10-06,0.857979,32724057012
ADA,2025-10-07,0.8509,32458992104
ADA,2025-10-08,0.826316,31521200385
ADA,2025-10-09,0.81434,31064327712
ADA,2025-10-10,0.782457,29848101890
ADA,2025-10-11,0.650915,24835931992
ADA,2025-10-12,0.661162,25228607402
ADA,2025-10-13,0.716076,27324005682
ADA,2025-10-14,0.695404,26535195669
ADA,2025-10-15,0.686514,26195986152
ADA,2025-10-16,0.663955,25338427466
ADA,2025-10-17,0.62775,23960731502
ADA,2025-10-18,0.633195,24168548187
ADA,2025-10-19,0.644697,24607597342
ADA,2025-10-20,0.663679,25332131336
ADA,2025-10-21,0.6555,25024011179
ADA,2025-10-22,0.633886,24202078214
ADA,2025-10-23,0.638285,24370043181
ADA,2025-10-24,0.65017,24823817426
ADA,2025-10-25,0.654835,25001937129
ADA,2025-10-26,0.665807,25424562339
ADA,2025-10-27,0.678992,25931929279
ADA,2025-10-28,0.66258,25305139045
ADA,2025-10-29,0.646838,24703935604
ADA,2025-10-30,0.621582,23739343800
ADA,2025-10-31,0.610437,23317288854
ADA,2025-11-01,0.611684,23368077181
ADA,2025-11-02,0.607549,23210085522
ADA,2025-11-03,0.57214,21857372298
ADA,2025-11-04,0.537939,20550808490
ADA,2025-11-05,0.535668,20467370378
ADA,2025-11-06,0.533755,20397007239
ADA,2025-11-07,0.550325,21030207271
ADA,2025-11-08,0.572962,21895260930
ADA,2025-11-09,0.566161,21635385608
ADA,2025-11-10,0.589373,22524362440
ADA,2025-11-11,0.578239,22103358698
ADA,2025-11-12,0.559782,21397858933
ADA,2025-11-13,0.550325,21036342284
ADA,2025-11-14,0.515706,19715312410
ADA,2025-11-15,0.506954,19384083636
ADA,2025-11-16,0.494785,18918782534
ADA,2025-11-17,0.482955,18466460293
ADA,2025-11-18,0.470075,17973977979
ADA,2025-11-19,0.461795,17660043259
ADA,2025-11-20,0.456474,17459031551
ADA,2025-11-21,0.414202,15842228070
ADA,2025-11-22,0.402343,15388628969
ADA,2025-11-23,0.411494,15738658018
ADA,2025-11-24,0.416318,15923134269
ADA,2025-11-25,0.419161,16034144494
ADA,2025-11-26,0.423682,16209499041
ADA,2025-11-27,0.433594,16588728756
ADA,2025-11-28,0.425813,16291012995
ADA,2025-11-29,0.417337,15966758947
ADA,2025-11-30,0.420945,16105689758
ADA,2025-12-01,0.383482,14675803910
ADA,2025-12-02,0.406606,15560727638
ADA,2025-12-03,0.440608,16862000254
ADA,2025-12-04,0.446686,17094603163
ADA,2025-12-05,0.429103,16423874422
ADA,2025-12-06,0.41467,15873533575
ADA,2025-12-07,0.419686,16065551714
ADA,2025-12-08,0.431063,16501047591
ADA,2025-12-09,0.448159,17155469080
ADA,2025-12-10,0.463544,17748086966
ADA,2025-12-11,0.424897,16269646452
ADA,2025-12-12,0.419289,16054921694
ADA,2025-12-13,0.411406,15753061554
ADA,2025-12-14,0.403859,15464075744
ADA,2025-12-15,0.395678,15151482493
ADA,2025-12-16,0.38508,14749249619
ADA,2025-12-17,0.378015,14478648297
ADA,2025-12-18,0.36267,13890881940
ADA,2025-12-19,0.366689,14044833523
ADA,2025-12-20,0.375951,14400450722
ADA,2025-12-21,0.366868,14055695954
ADA,2025-12-22,0.371099,14217806768
ADA,2025-12-23,0.364923,13981189717
ADA,2025-12-24,0.357441,13694526170
ADA,2025-12-25,0.355781,13633451954
ADA,2025-12-26,0.351513,13471180061
ADA,2025-12-27,0.35624,13652339470
ADA,2025-12-28,0.36937,14155525196
ADA,2025-12-29,0.367042,14066313523
ADA,2025-12-30,0.352429,13509278245
ADA,2025-12-31,0.344947,13223262912
ADA,2026-01-01,0.342752,13139142820
ADA,2026-01-02,0.369497,14164373163
ADA,2026-01-03,0.389509,14931509119
ADA,2026-01-04,0.398629,15284596880
ADA,2026-01-05,0.406506,15587543224
ADA,2026-01-06,0.419312,16078568887
ADA,2026-01-07,0.409058,15685401064
ADA,2026-01-08,0.394867,15141255683
ADA,2026-01-09,0.394437,15127966361
ADA,2026-01-10,0.389227,14929179691
ADA,2026-01-11,0.391274,15007706803
ADA,2026-01-12,0.391602,15020293439
ADA,2026-01-13,0.397797,15259446063
ADA,2026-01-14,0.418832,16069254860
ADA,2026-01-15,0.401325,15397567932
ADA,2026-01-16,0.390948,14999445613
ADA,2026-01-17,0.397192,15238998392
ADA,2026-01-18,0.393628,15102267694
ADA,2026-01-19,0.367442,14099754087
ADA,2026-01-20,0.359883,13811465197
ADA,2026-01-21,0.3589,13773731290
ADA,2026-01-22,0.363123,13938127501
ADA,2026-01-23,0.36073,13847891421
ADA,2026-01-24,0.359351,13794971102
ADA,2026-01-25,0.350533,13456453595
ADA,2026-01-26,0.349096,13401287378
ADA,2026-01-27,0.353228,13559904550
ADA,2026-01-28,0.358307,13756845520
ADA,2026-01-29,0.343642,13195621230
ADA,2026-01-30,0.325337,12492694552
ADA,2026-01-31,0.304174,11680076118
ADA,2026-02-01,0.292359,11226389004
ADA,2026-02-02,0.293299,11264072992
ADA,2026-02-03,0.296526,11389501355
ADA,2026-02-04,0.293337,11267028092
ADA,2026-02-05,0.270472,10388790864
ADA,2026-02-06,0.26269,10089885366
ADA,2026-02-07,0.27241,10464728786
ADA,2026-02-08,0.271923,10447411529
ADA,2026-02-09,0.268543,10317544803
ADA,2026-02-10,0.264392,10158045331
ADA,2026-02-11,0.257277,9884703094
ADA,2026-02-12,0.261679,10053801058
ADA,2026-02-13,0.266319,10232652756
ADA,2026-02-14,0.283581,10898282869
ADA,2026-02-15,0.289438,11123358421
ADA,2026-02-16,0.282369,10851698274
ADA,2026-02-17,0.283665,10901516973
ADA,2026-02-18,0.280526,10782461530
ADA,2026-02-19,0.273145,10500113493
ADA,2026-02-20,0.278602,10709876934
ADA,2026-02-21,0.282489,10859305299
ADA,2026-02-22,0.274205,10542241969
ADA,2026-02-23,0.265896,10224229887
ADA,2026-02-24,0.259196,9966582056
ADA,2026-02-25,0.280678,10792620979
ADA,2026-02-26,0.291811,11220713792
ADA,2026-02-27,0.284449,10938455648
ADA,2026-02-28,0.271541,10444123072
ADA,2026-03-01,0.279774,10760806517
ADA,2026-03-02,0.276432,10632276535
ADA,2026-03-03,0.26746,10287160953
ADA,2026-03-04,0.271046,10425099775
ADA,2026-03-05,0.27243,10479080146
ADA,2026-03-06,0.264477,10175268931
ADA,2026-03-07,0.257171,9894178250
ADA,2026-03-08,0.252272,9705678792
ADA,2026-03-09,0.255596,9833580760
ADA,2026-03-10,0.263234,10128103958
ADA,2026-03-11,0.261652,10069346405
ADA,2026-03-12,0.261417,10060317896
ADA,2026-03-13,0.271294,10440417854
ADA,2026-03-14,0.261743,10072862664
ADA,2026-03-15,0.264743,10189171515
ADA,2026-03-16,0.284338,10945434328
ADA,2026-03-17,0.287642,11072584098
ADA,2026-03-18,0.28146,10834622771
ADA,2026-03-19,0.268799,10347987085
ADA,2026-03-20,0.267711,10308179618
ADA,2026-03-21,0.265153,10209670802
ADA,2026-03-22,0.25542,9834929000
ADA,2026-03-23,0.256755,9886315378
ADA,2026-03-24,0.262141,10093719874
ADA,2026-03-25,0.27019,10404442632
ADA,2026-03-26,0.259676,10001527304
ADA,2026-03-27,0.249909,9625365023
ADA,2026-03-28,0.248173,9558496458
ADA,2026-03-29,0.243136,9364498154
ADA,2026-03-30,0.246531,9496531850
ADA,2026-03-31,0.242413,9341749048
ADA,2026-04-01,0.247668,9544255851
ADA,2026-04-02,0.239618,9234039002
ADA,2026-04-03,0.244981,9440729017
ADA,2026-04-04,0.245886,9475786821
ADA,2026-04-05,0.244213,9413739741
ADA,2026-04-06,0.254457,9808582527
ADA,2026-04-07,0.245462,9461851156
ADA,2026-04-08,0.257675,9932662011
ADA,2026-04-09,0.252163,9720361996
ADA,2026-04-10,0.253423,9771417008
ADA,2026-04-11,0.251192,9685402404
ADA,2026-04-12,0.24114,9297834469
ADA,2026-04-13,0.23969,9241931310
ADA,2026-04-14,0.243693,9396460707
ADA,2026-04-15,0.242659,9358966887
ADA,2026-04-16,0.2516,9703794724
ADA,2026-04-17,0.259027,9990256009
ADA,2026-04-18,0.253366,9771904994
ADA,2026-04-19,0.246946,9524466530
ADA,2026-04-20,0.246968,9527720029
ADA,2026-04-21,0.248561,9589182686
ADA,2026-04-22,0.2536,9783577437
ADA,2026-04-23,0.24776,9558300736
ADA,2026-04-24,0.250469,9662985103
ADA,2026-04-25,0.251131,9690965362
ADA,2026-04-26,0.251763,9715338477
ADA,2026-04-27,0.248527,9590486171
ADA,2026-04-28,0.246879,9526883118
ADA,2026-04-29,0.247019,9532485145
ADA,2026-04-30,0.246315,9507682485
ADA,2026-05-01,0.248834,9604915450
ADA,2026-05-02,0.249145,9616924131
ADA,2026-05-03,0.249658,9636691962
ADA,2026-05-04,0.251105,9692770002
ADA,2026-05-05,0.256836,9916466836
ADA,2026-05-06,0.266251,10279958844
ADA,2026-05-07,0.265122,10236389909
ADA,2026-05-08,0.2663,10281854301
ADA,2026-05-09,0.273787,10571151759
ADA,2026-05-10,0.27591,10655807270
ADA,2026-05-11,0.279506,10794682552
ADA,2026-05-12,0.274211,10590189598
ADA,2026-05-13,0.269279,10399720700
ADA,2026-05-14,0.267959,10348942669
ADA,2026-05-15,0.264895,10233127212
ADA,2026-05-16,0.256501,9908856749
ADA,2026-05-17,0.255025,9851833858
ADA,2026-05-18,0.249878,9653012667
ADA,2026-05-19,0.249995,9657695309
ADA,2026-05-20,0.249184,9628760073
ADA,2026-05-21,0.249692,9648392878
ADA,2026-05-22,0.249449,9639004224
ADA,2026-05-23,0.242189,9358474925
ADA,2026-05-24,0.244007,9428900366
ADA,2026-05-25,0.244198,9438572528
ADA,2026-05-26,0.241572,9337079033
ADA,2026-05-27,0.239508,9257299707
ADA,2026-05-28,0.232971,9004641238
ADA,2026-05-29,0.233858,9039132251
ADA,2026-05-30,0.235844,9118141040
ADA,2026-05-31,0.2357,9112596873
ADA,2026-06-01,0.231511,8950637546
ADA,2026-06-02,0.221422,8560569659
ADA,2026-06-03,0.211494,8176886771
ADA,2026-06-04,0.190647,7372688161
ADA,2026-06-05,0.162975,6302590130
ADA,2026-06-06,0.156957,6069856074
ADA,2026-06-07,0.162119,6269489616
ADA,2026-06-08,0.166548,6440864761
ADA,2026-06-09,0.167035,6461337339
ADA,2026-06-10,0.161753,6256997302
ADA,2026-06-11,0.166255,6431162082
ADA,2026-06-12,0.170567,6597944722
ADA,2026-06-13,0.17224,6662775712
ADA,2026-06-14,0.170304,6589496430
ADA,2026-06-15,0.183221,7089291195
ADA,2026-06-16,0.176339,6823029705
ADA,2026-06-17,0.169838,6571468400
ADA,2026-06-18,0.164698,6372740082
ADA,2026-06-19,0.161214,6239461370
ADA,2026-06-20,0.162281,6280748052
ADA,2026-06-21,0.16124,6240450179
ADA,2026-06-22,0.159782,6184031303
ADA,2026-06-23,0.153476,5940057986
ADA,2026-06-24,0.147757,5720130675
ADA,2026-06-25,0.145854,5646444760
ADA,2026-06-26,0.144834,5606950447
ADA,2026-06-27,0.147573,5713003471
APT,2025-06-28,4.81,3098988238
APT,2025-06-29,4.82,3106918208
APT,2025-06-30,4.88,3142433478
APT,2025-07-01,4.69,3022607857
APT,2025-07-02,4.62,2975240074
APT,2025-07-03,4.77,3071303077
APT,2025-07-04,4.53,2918080965
APT,2025-07-05,4.41,2844865235
APT,2025-07-06,4.44,2863258354
APT,2025-07-07,4.46,2874150030
APT,2025-07-08,4.42,2847056750
APT,2025-07-09,4.52,2916651840
APT,2025-07-10,4.65,2998462055
APT,2025-07-11,4.95,3199637006
APT,2025-07-12,4.82,3115562806
APT,2025-07-13,4.94,3246023705
APT,2025-07-14,5.06,3328559461
APT,2025-07-15,4.91,3228948861
APT,2025-07-16,5.19,3412143263
APT,2025-07-17,5.2,3402486818
APT,2025-07-18,5.41,3542385786
APT,2025-07-19,5.27,3450546146
APT,2025-07-20,5.36,3510570707
APT,2025-07-21,5.42,3546452898
APT,2025-07-22,5.32,3474626996
APT,2025-07-23,5.2,3397961469
APT,2025-07-24,4.7,3063136812
APT,2025-07-25,4.67,3034153691
APT,2025-07-26,4.79,3049526216
APT,2025-07-27,4.83,3074544713
APT,2025-07-28,4.83,3061775735
APT,2025-07-29,4.63,2629395346
APT,2025-07-30,4.5,3019384876
APT,2025-07-31,4.5,3021608044
APT,2025-08-01,4.28,2870031270
APT,2025-08-02,4.18,2807813189
APT,2025-08-03,4.2,2820790722
APT,2025-08-04,4.29,2879077531
APT,2025-08-05,4.28,2878438579
APT,2025-08-06,4.25,2853111736
APT,2025-08-07,4.31,2895547461
APT,2025-08-08,4.61,3097720020
APT,2025-08-09,4.79,3220116448
APT,2025-08-10,4.72,3171271948
APT,2025-08-11,4.68,3147370923
APT,2025-08-12,4.66,3138953780
APT,2025-08-13,4.91,3359795816
APT,2025-08-14,4.89,3347618426
APT,2025-08-15,4.72,3231907986
APT,2025-08-16,4.69,3212422681
APT,2025-08-17,4.82,3300594626
APT,2025-08-18,4.63,3169884245
APT,2025-08-19,4.43,3033688412
APT,2025-08-20,4.39,3010218992
APT,2025-08-21,4.43,3036658252
APT,2025-08-22,4.52,3098016564
APT,2025-08-23,4.71,3228979927
APT,2025-08-24,4.65,3189160541
APT,2025-08-25,4.44,3045747393
APT,2025-08-26,4.34,2976948374
APT,2025-08-27,4.39,3012457155
APT,2025-08-28,4.42,3034095619
APT,2025-08-29,4.31,2962554336
APT,2025-08-30,4.29,2948362073
APT,2025-08-31,4.32,2971275100
APT,2025-09-01,4.23,2908989301
APT,2025-09-02,4.29,2948430784
APT,2025-09-03,4.34,2983760654
APT,2025-09-04,4.28,2944854527
APT,2025-09-05,4.28,2945951887
APT,2025-09-06,4.22,2904147264
APT,2025-09-07,4.25,2925921312
APT,2025-09-08,4.36,3000680966
APT,2025-09-09,4.43,3052683047
APT,2025-09-10,4.43,3052276701
APT,2025-09-11,4.5,3101355275
APT,2025-09-12,4.55,3134960799
APT,2025-09-13,4.65,3260574157
APT,2025-09-14,4.56,3198384801
APT,2025-09-15,4.44,3109301216
APT,2025-09-16,4.41,3089653802
APT,2025-09-17,4.44,3111709647
APT,2025-09-18,4.64,3257441277
APT,2025-09-19,4.63,3251475405
APT,2025-09-20,4.62,3244987021
APT,2025-09-21,4.63,3250216839
APT,2025-09-22,4.32,3033972829
APT,2025-09-23,4.31,3026217477
APT,2025-09-24,4.3,3019509496
APT,2025-09-25,4.1,2878044377
APT,2025-09-26,4.01,2815344300
APT,2025-09-27,4.13,2903362307
APT,2025-09-28,4.15,2917477517
APT,2025-09-29,4.27,2999197491
APT,2025-09-30,4.28,3006675623
APT,2025-10-01,4.59,3229911902
APT,2025-10-02,5.02,3530164189
APT,2025-10-03,5.25,3692180315
APT,2025-10-04,5.3,3729921818
APT,2025-10-05,5.43,3822880579
APT,2025-10-06,5.38,3786104913
APT,2025-10-07,5.34,3758209296
APT,2025-10-08,5.25,3700339080
APT,2025-10-09,5,3526078925
APT,2025-10-10,4.82,3394098948
APT,2025-10-11,3.82,2691570121
APT,2025-10-12,3.72,2622074548
APT,2025-10-13,3.85,2756803188
APT,2025-10-14,3.7,2648541529
APT,2025-10-15,3.59,2577134710
APT,2025-10-16,3.44,2468805414
APT,2025-10-17,3.17,2273404341
APT,2025-10-18,3.18,2280915049
APT,2025-10-19,3.2,2294222985
APT,2025-10-20,3.26,2342714077
APT,2025-10-21,3.22,2313654180
APT,2025-10-22,3.25,2333672825
APT,2025-10-23,3.24,2323206510
APT,2025-10-24,3.25,2332775377
APT,2025-10-25,3.3,2367592770
APT,2025-10-26,3.44,2470961428
APT,2025-10-27,3.52,2530484464
APT,2025-10-28,3.44,2475286374
APT,2025-10-29,3.39,2439599200
APT,2025-10-30,3.29,2367211937
APT,2025-10-31,3.25,2338342046
APT,2025-11-01,3.29,2368475153
APT,2025-11-02,3.34,2400128048
APT,2025-11-03,3.04,2190089270
APT,2025-11-04,2.67,1924763017
APT,2025-11-05,2.62,1887712036
APT,2025-11-06,2.67,1925484960
APT,2025-11-07,3.05,2197573269
APT,2025-11-08,3.11,2239133470
APT,2025-11-09,3.09,2225814023
APT,2025-11-10,3.25,2342637006
APT,2025-11-11,3.21,2312227780
APT,2025-11-12,3.1,2234773586
APT,2025-11-13,3.04,2223316642
APT,2025-11-14,2.96,2169481462
APT,2025-11-15,2.95,2158313393
APT,2025-11-16,2.88,2113466920
APT,2025-11-17,2.84,2085179573
APT,2025-11-18,2.86,2098905614
APT,2025-11-19,2.85,2087735433
APT,2025-11-20,2.91,2136347432
APT,2025-11-21,2.56,1875332746
APT,2025-11-22,2.34,1714571086
APT,2025-11-23,2.35,1722961535
APT,2025-11-24,2.32,1701440844
APT,2025-11-25,2.28,1671531573
APT,2025-11-26,2.26,1657140733
APT,2025-11-27,2.28,1678072867
APT,2025-11-28,2.19,1605761779
APT,2025-11-29,2.08,1526269758
APT,2025-11-30,2.03,1488929454
APT,2025-12-01,1.85,1359661202
APT,2025-12-02,1.92,1413156460
APT,2025-12-03,2,1471739483
APT,2025-12-04,1.99,1462552424
APT,2025-12-05,1.84,1356747520
APT,2025-12-06,1.74,1280840829
APT,2025-12-07,1.73,1275140376
APT,2025-12-08,1.77,1299928933
APT,2025-12-09,1.81,1331089634
APT,2025-12-10,1.82,1340586070
APT,2025-12-11,1.72,1264486567
APT,2025-12-12,1.68,1240783703
APT,2025-12-13,1.67,1250897158
APT,2025-12-14,1.66,1243476891
APT,2025-12-15,1.62,1209104505
APT,2025-12-16,1.58,1181185803
APT,2025-12-17,1.55,1162645824
APT,2025-12-18,1.49,1113344331
APT,2025-12-19,1.54,1155212782
APT,2025-12-20,1.63,1219689069
APT,2025-12-21,1.6,1196946084
APT,2025-12-22,1.62,1212486015
APT,2025-12-23,1.6,1201418768
APT,2025-12-24,1.59,1194461083
APT,2025-12-25,1.65,1234592872
APT,2025-12-26,1.67,1255858997
APT,2025-12-27,1.72,1288158332
APT,2025-12-28,1.73,1299588957
APT,2025-12-29,1.72,1292608688
APT,2025-12-30,1.71,1281753193
APT,2025-12-31,1.69,1269311600
APT,2026-01-01,1.74,1303007351
APT,2026-01-02,1.86,1395678882
APT,2026-01-03,1.89,1420115841
APT,2026-01-04,1.92,1441801653
APT,2026-01-05,1.94,1455167679
APT,2026-01-06,1.95,1462954099
APT,2026-01-07,1.91,1433014834
APT,2026-01-08,1.83,1375730324
APT,2026-01-09,1.81,1357794098
APT,2026-01-10,1.82,1367336725
APT,2026-01-11,1.8,1352916440
APT,2026-01-12,1.77,1331110843
APT,2026-01-13,1.85,1410859658
APT,2026-01-14,1.94,1482446978
APT,2026-01-15,1.88,1433321723
APT,2026-01-16,1.79,1365528985
APT,2026-01-17,1.86,1417132970
APT,2026-01-18,1.83,1395440194
APT,2026-01-19,1.61,1232577928
APT,2026-01-20,1.58,1207782020
APT,2026-01-21,1.57,1198563605
APT,2026-01-22,1.56,1191776838
APT,2026-01-23,1.57,1202365347
APT,2026-01-24,1.55,1186446297
APT,2026-01-25,1.53,1170198316
APT,2026-01-26,1.54,1176734218
APT,2026-01-27,1.55,1188668697
APT,2026-01-28,1.6,1221307523
APT,2026-01-29,1.53,1171836660
APT,2026-01-30,1.46,1116068857
APT,2026-01-31,1.35,1031879456
APT,2026-02-01,1.26,967654366
APT,2026-02-02,1.26,967151635
APT,2026-02-03,1.26,967967362
APT,2026-02-04,1.25,954482548
APT,2026-02-05,1.149775,880895133
APT,2026-02-06,1.07665,825005416
APT,2026-02-07,1.117352,856344272
APT,2026-02-08,1.085167,831813644
APT,2026-02-09,1.05026,805180562
APT,2026-02-10,1.003791,769679040
APT,2026-02-11,0.959987,736202766
APT,2026-02-12,0.932834,715487294
APT,2026-02-13,0.927598,722026237
APT,2026-02-14,0.966118,752166642
APT,2026-02-15,0.950677,740253877
APT,2026-02-16,0.92151,717649941
APT,2026-02-17,0.927492,722415953
APT,2026-02-18,0.903524,703851265
APT,2026-02-19,0.868038,676308142
APT,2026-02-20,0.870201,678094938
APT,2026-02-21,0.892233,695367111
APT,2026-02-22,0.847296,660443446
APT,2026-02-23,0.828038,645528259
APT,2026-02-24,0.816324,636495433
APT,2026-02-25,0.915918,714257444
APT,2026-02-26,0.964521,752266877
APT,2026-02-27,0.967155,754433596
APT,2026-02-28,0.912936,712247699
APT,2026-03-01,0.944673,737115472
APT,2026-03-02,0.950408,741699879
APT,2026-03-03,0.980022,764925242
APT,2026-03-04,1.006977,786082577
APT,2026-03-05,0.999733,780546019
APT,2026-03-06,0.984216,768546756
APT,2026-03-07,0.948621,740865187
APT,2026-03-08,0.935113,730427528
APT,2026-03-09,0.95422,745463703
APT,2026-03-10,0.970768,758504685
APT,2026-03-11,0.946373,739553445
APT,2026-03-12,0.922521,721019224
APT,2026-03-13,0.938185,743879644
APT,2026-03-14,0.91692,727219462
APT,2026-03-15,0.924772,733550962
APT,2026-03-16,0.98588,782132242
APT,2026-03-17,0.997748,791615434
APT,2026-03-18,0.985689,782102311
APT,2026-03-19,0.958895,760897921
APT,2026-03-20,0.990024,785658839
APT,2026-03-21,1.000228,793809239
APT,2026-03-22,0.946469,751194616
APT,2026-03-23,0.966072,766804168
APT,2026-03-24,1.056637,838742525
APT,2026-03-25,1.070276,849622556
APT,2026-03-26,1.036965,823232315
APT,2026-03-27,1.000232,794121951
APT,2026-03-28,0.949905,754215817
APT,2026-03-29,0.925437,734836570
APT,2026-03-30,0.922976,732929846
APT,2026-03-31,0.896972,712330499
APT,2026-04-01,0.901367,715868220
APT,2026-04-02,0.861361,684139397
APT,2026-04-03,0.85894,682261249
APT,2026-04-04,0.846471,672400082
APT,2026-04-05,0.838273,665932956
APT,2026-04-06,0.858095,681723931
APT,2026-04-07,0.835168,663553169
APT,2026-04-08,0.858033,681765573
APT,2026-04-09,0.833996,662711940
APT,2026-04-10,0.850292,675706433
APT,2026-04-11,0.85934,682942550
APT,2026-04-12,0.826408,656814448
APT,2026-04-13,0.835053,673135518
APT,2026-04-14,0.864845,697235055
APT,2026-04-15,0.879933,709445299
APT,2026-04-16,0.942824,760198081
APT,2026-04-17,0.992941,800656389
APT,2026-04-18,0.961358,775234930
APT,2026-04-19,0.931168,750932311
APT,2026-04-20,0.932834,752318973
APT,2026-04-21,0.93383,753164742
APT,2026-04-22,0.960966,775094418
APT,2026-04-23,0.945618,762760252
APT,2026-04-24,0.959333,773869866
APT,2026-04-25,0.974336,786021756
APT,2026-04-26,0.979984,790627910
APT,2026-04-27,0.963278,777197898
APT,2026-04-28,0.966161,779572769
APT,2026-04-29,0.983364,793502904
APT,2026-04-30,1.000758,807587261
APT,2026-05-01,1.012641,817229667
APT,2026-05-02,0.999725,806854452
APT,2026-05-03,0.98851,797851806
APT,2026-05-04,0.984928,795007056
APT,2026-05-05,0.977659,789186306
APT,2026-05-06,1.021295,824461181
APT,2026-05-07,1.01907,822715838
APT,2026-05-08,1.066693,861217477
APT,2026-05-09,1.114721,900049769
APT,2026-05-10,1.126834,909887438
APT,2026-05-11,1.126906,910001574
APT,2026-05-12,1.093671,883218143
APT,2026-05-13,1.077475,882191489
APT,2026-05-14,1.045965,856624635
APT,2026-05-15,1.011683,828596646
APT,2026-05-16,0.961237,787326318
APT,2026-05-17,0.946657,775430804
APT,2026-05-18,0.929363,761310891
APT,2026-05-19,0.940453,770443748
APT,2026-05-20,0.943075,772637870
APT,2026-05-21,0.962413,788527703
APT,2026-05-22,0.973809,797911527
APT,2026-05-23,0.941162,771206700
APT,2026-05-24,0.954613,782274434
APT,2026-05-25,0.9634,789521638
APT,2026-05-26,0.974811,798921172
APT,2026-05-27,0.96889,794118388
APT,2026-05-28,0.928054,760694077
APT,2026-05-29,0.929208,761684938
APT,2026-05-30,0.94432,774118729
APT,2026-05-31,0.93547,766909762
APT,2026-06-01,0.93179,763938566
APT,2026-06-02,0.889208,729070614
APT,2026-06-03,0.837231,686496222
APT,2026-06-04,0.766181,628274963
APT,2026-06-05,0.695382,570253488
APT,2026-06-06,0.653734,536132084
APT,2026-06-07,0.669556,549140129
APT,2026-06-08,0.672549,551628426
APT,2026-06-09,0.660628,541882740
APT,2026-06-10,0.645226,529280770
APT,2026-06-11,0.63606,521793184
APT,2026-06-12,0.648259,531832301
APT,2026-06-13,0.665569,553512678
APT,2026-06-14,0.661512,550250620
APT,2026-06-15,0.688276,572546759
APT,2026-06-16,0.673699,560453151
APT,2026-06-17,0.669501,556992825
APT,2026-06-18,0.646361,537772234
APT,2026-06-19,0.629901,524108113
APT,2026-06-20,0.634064,527602926
APT,2026-06-21,0.653362,543692483
APT,2026-06-22,0.666924,555009536
APT,2026-06-23,0.640317,532898569
APT,2026-06-24,0.632008,526014155
APT,2026-06-25,0.613319,510488531
APT,2026-06-26,0.593387,493927404
APT,2026-06-27,0.600201,499623133
ARB,2025-06-28,0.30494,1513487752
ARB,2025-06-29,0.322455,1600419738
ARB,2025-06-30,0.355122,1762557261
ARB,2025-07-01,0.329366,1634724004
ARB,2025-07-02,0.343177,1703268062
ARB,2025-07-03,0.350359,1738914951
ARB,2025-07-04,0.329353,1634659170
ARB,2025-07-05,0.32497,1612904747
ARB,2025-07-06,0.328585,1630844830
ARB,2025-07-07,0.331786,1646732260
ARB,2025-07-08,0.331807,1646836847
ARB,2025-07-09,0.341679,1695835428
ARB,2025-07-10,0.364948,1811323515
ARB,2025-07-11,0.41311,2050364376
ARB,2025-07-12,0.398587,1978281865
ARB,2025-07-13,0.409932,2034587768
ARB,2025-07-14,0.414637,2060702069
ARB,2025-07-15,0.408861,2029272640
ARB,2025-07-16,0.4395,2181345654
ARB,2025-07-17,0.442938,2231351195
ARB,2025-07-18,0.466117,2400613954
ARB,2025-07-19,0.456941,2353356523
ARB,2025-07-20,0.479757,2470862200
ARB,2025-07-21,0.48907,2518828410
ARB,2025-07-22,0.471327,2427446076
ARB,2025-07-23,0.452197,2328920373
ARB,2025-07-24,0.433839,2234372689
ARB,2025-07-25,0.431328,2221442102
ARB,2025-07-26,0.448268,2308690066
ARB,2025-07-27,0.453001,2333066069
ARB,2025-07-28,0.455179,2344279915
ARB,2025-07-29,0.430551,2217442050
ARB,2025-07-30,0.416076,2142889722
ARB,2025-07-31,0.416773,2146481456
ARB,2025-08-01,0.387319,1994785793
ARB,2025-08-02,0.374358,1928035946
ARB,2025-08-03,0.379064,1952270063
ARB,2025-08-04,0.396195,2040500395
ARB,2025-08-05,0.39086,2013022148
ARB,2025-08-06,0.384331,1979398872
ARB,2025-08-07,0.400744,2063926214
ARB,2025-08-08,0.424101,2184219611
ARB,2025-08-09,0.457593,2356713530
ARB,2025-08-10,0.463058,2384861781
ARB,2025-08-11,0.456601,2351602415
ARB,2025-08-12,0.454,2338211108
ARB,2025-08-13,0.511964,2636736117
ARB,2025-08-14,0.534349,2752024542
ARB,2025-08-15,0.504584,2598727654
ARB,2025-08-16,0.485609,2501001384
ARB,2025-08-17,0.524903,2703378259
ARB,2025-08-18,0.51916,2725015622
ARB,2025-08-19,0.493238,2612080231
ARB,2025-08-20,0.494695,2619798203
ARB,2025-08-21,0.500288,2649415717
ARB,2025-08-22,0.52836,2798075917
ARB,2025-08-23,0.588731,3117792369
ARB,2025-08-24,0.584994,3097997226
ARB,2025-08-25,0.549556,2910326759
ARB,2025-08-26,0.53088,2811423626
ARB,2025-08-27,0.518538,2746064179
ARB,2025-08-28,0.51716,2738765136
ARB,2025-08-29,0.500131,2648581983
ARB,2025-08-30,0.495265,2622813411
ARB,2025-08-31,0.508679,2693853623
ARB,2025-09-01,0.490076,2595335928
ARB,2025-09-02,0.490446,2597295612
ARB,2025-09-03,0.50555,2677283863
ARB,2025-09-04,0.494389,2618177426
ARB,2025-09-05,0.493244,2612109294
ARB,2025-09-06,0.491054,2600513581
ARB,2025-09-07,0.493478,2613352513
ARB,2025-09-08,0.502013,2658551503
ARB,2025-09-09,0.519628,2751838228
ARB,2025-09-10,0.510184,2701822022
ARB,2025-09-11,0.520874,2758432817
ARB,2025-09-12,0.533702,2826367881
ARB,2025-09-13,0.545303,2887806573
ARB,2025-09-14,0.524431,2777273817
ARB,2025-09-15,0.501496,2655812158
ARB,2025-09-16,0.493879,2615476251
ARB,2025-09-17,0.496768,2630773514
ARB,2025-09-18,0.520932,2758742859
ARB,2025-09-19,0.50696,2722676252
ARB,2025-09-20,0.492665,2662181487
ARB,2025-09-21,0.489327,2644142617
ARB,2025-09-22,0.443373,2395826394
ARB,2025-09-23,0.434002,2345185157
ARB,2025-09-24,0.436706,2359797968
ARB,2025-09-25,0.418756,2262803281
ARB,2025-09-26,0.415105,2243071855
ARB,2025-09-27,0.423624,2289104920
ARB,2025-09-28,0.419721,2268015682
ARB,2025-09-29,0.420406,2271718467
ARB,2025-09-30,0.413056,2232004033
ARB,2025-10-01,0.429462,2320653373
ARB,2025-10-02,0.44431,2400888176
ARB,2025-10-03,0.447923,2420412761
ARB,2025-10-04,0.438043,2367021377
ARB,2025-10-05,0.441151,2383818579
ARB,2025-10-06,0.4481,2421369478
ARB,2025-10-07,0.443706,2397624015
ARB,2025-10-08,0.42721,2308483723
ARB,2025-10-09,0.420449,2271953121
ARB,2025-10-10,0.401178,2167819666
ARB,2025-10-11,0.31159,1683718900
ARB,2025-10-12,0.318912,1723280693
ARB,2025-10-13,0.344049,1859116236
ARB,2025-10-14,0.339786,1836077556
ARB,2025-10-15,0.336451,1818059429
ARB,2025-10-16,0.324863,1755438271
ARB,2025-10-17,0.30515,1663556263
ARB,2025-10-18,0.308724,1700973722
ARB,2025-10-19,0.31416,1730924988
ARB,2025-10-20,0.32225,1775499643
ARB,2025-10-21,0.318991,1757540827
ARB,2025-10-22,0.306801,1690380238
ARB,2025-10-23,0.309621,1705913725
ARB,2025-10-24,0.316817,1745562487
ARB,2025-10-25,0.319564,1760700923
ARB,2025-10-26,0.32432,1786904267
ARB,2025-10-27,0.338428,1864632646
ARB,2025-10-28,0.326476,1798780449
ARB,2025-10-29,0.320612,1766470720
ARB,2025-10-30,0.302698,1667774726
ARB,2025-10-31,0.293945,1619543662
ARB,2025-11-01,0.302455,1666432539
ARB,2025-11-02,0.305485,1683127675
ARB,2025-11-03,0.278595,1534971501
ARB,2025-11-04,0.259472,1429609804
ARB,2025-11-05,0.262657,1447159998
ARB,2025-11-06,0.263519,1451908158
ARB,2025-11-07,0.280819,1547227504
ARB,2025-11-08,0.297941,1641563534
ARB,2025-11-09,0.294549,1622876339
ARB,2025-11-10,0.301047,1658676353
ARB,2025-11-11,0.292279,1610368556
ARB,2025-11-12,0.270991,1493074983
ARB,2025-11-13,0.259584,1430227744
ARB,2025-11-14,0.241646,1331396158
ARB,2025-11-15,0.243265,1340314369
ARB,2025-11-16,0.239103,1317385392
ARB,2025-11-17,0.234566,1292384568
ARB,2025-11-18,0.234181,1290266747
ARB,2025-11-19,0.230692,1281272962
ARB,2025-11-20,0.229087,1287045942
ARB,2025-11-21,0.206626,1160858138
ARB,2025-11-22,0.199394,1120227153
ARB,2025-11-23,0.202115,1135513424
ARB,2025-11-24,0.207929,1168175157
ARB,2025-11-25,0.214995,1207871257
ARB,2025-11-26,0.214861,1207121070
ARB,2025-11-27,0.219926,1235579325
ARB,2025-11-28,0.219214,1231579364
ARB,2025-11-29,0.215781,1212292215
ARB,2025-11-30,0.216204,1214668944
ARB,2025-12-01,0.193949,1089634834
ARB,2025-12-02,0.201399,1131488793
ARB,2025-12-03,0.217344,1221073035
ARB,2025-12-04,0.2204,1238237887
ARB,2025-12-05,0.210197,1180917359
ARB,2025-12-06,0.204572,1149317437
ARB,2025-12-07,0.207928,1168172231
ARB,2025-12-08,0.211265,1186918734
ARB,2025-12-09,0.21727,1220655869
ARB,2025-12-10,0.219492,1233140576
ARB,2025-12-11,0.207559,1166099624
ARB,2025-12-12,0.209834,1178875954
ARB,2025-12-13,0.210575,1183041174
ARB,2025-12-14,0.210355,1181808316
ARB,2025-12-15,0.204418,1148449373
ARB,2025-12-16,0.197289,1108396704
ARB,2025-12-17,0.193943,1096083316
ARB,2025-12-18,0.182196,1042029098
ARB,2025-12-19,0.185695,1062045050
ARB,2025-12-20,0.190795,1091208726
ARB,2025-12-21,0.187389,1071730196
ARB,2025-12-22,0.189184,1081995775
ARB,2025-12-23,0.18609,1064301293
ARB,2025-12-24,0.186646,1067481245
ARB,2025-12-25,0.189244,1082340289
ARB,2025-12-26,0.190649,1090377001
ARB,2025-12-27,0.193253,1105268354
ARB,2025-12-28,0.196441,1123501727
ARB,2025-12-29,0.193518,1106784891
ARB,2025-12-30,0.191754,1096693728
ARB,2025-12-31,0.189341,1082897785
ARB,2026-01-01,0.191183,1093429755
ARB,2026-01-02,0.203259,1162497853
ARB,2026-01-03,0.207935,1189238475
ARB,2026-01-04,0.212963,1217994851
ARB,2026-01-05,0.216454,1237961505
ARB,2026-01-06,0.220552,1261400639
ARB,2026-01-07,0.215546,1232770154
ARB,2026-01-08,0.20963,1198933399
ARB,2026-01-09,0.208081,1190073130
ARB,2026-01-10,0.208582,1192939961
ARB,2026-01-11,0.207085,1184377551
ARB,2026-01-12,0.204114,1167387838
ARB,2026-01-13,0.209309,1197096624
ARB,2026-01-14,0.221478,1266695106
ARB,2026-01-15,0.212698,1216481012
ARB,2026-01-16,0.208534,1202186704
ARB,2026-01-17,0.215315,1254593565
ARB,2026-01-18,0.215886,1257924034
ARB,2026-01-19,0.192716,1122914047
ARB,2026-01-20,0.188568,1098746110
ARB,2026-01-21,0.185347,1079978517
ARB,2026-01-22,0.18094,1054300964
ARB,2026-01-23,0.178159,1038095894
ARB,2026-01-24,0.177279,1032965551
ARB,2026-01-25,0.172305,1003983535
ARB,2026-01-26,0.1701,991136632
ARB,2026-01-27,0.169436,987266696
ARB,2026-01-28,0.170393,992842118
ARB,2026-01-29,0.162783,948501528
ARB,2026-01-30,0.154871,902401791
ARB,2026-01-31,0.146426,853190682
ARB,2026-02-01,0.138735,808380672
ARB,2026-02-02,0.136104,793049769
ARB,2026-02-03,0.134045,781054304
ARB,2026-02-04,0.132493,772007948
ARB,2026-02-05,0.120495,702100903
ARB,2026-02-06,0.112922,657972412
ARB,2026-02-07,0.119353,695446702
ARB,2026-02-08,0.118207,688767785
ARB,2026-02-09,0.113408,660804866
ARB,2026-02-10,0.110217,642211967
ARB,2026-02-11,0.108362,631401560
ARB,2026-02-12,0.11046,643627690
ARB,2026-02-13,0.112133,653375588
ARB,2026-02-14,0.118237,688940172
ARB,2026-02-15,0.11712,682433629
ARB,2026-02-16,0.114174,665264885
ARB,2026-02-17,0.113909,663720727
ARB,2026-02-18,0.111528,649848332
ARB,2026-02-19,0.103158,601077599
ARB,2026-02-20,0.096288,561049398
ARB,2026-02-21,0.099592,580299161
ARB,2026-02-22,0.095318,555400223
ARB,2026-02-23,0.092941,541547897
ARB,2026-02-24,0.092269,537630604
ARB,2026-02-25,0.097421,567653096
ARB,2026-02-26,0.099432,579367796
ARB,2026-02-27,0.102843,605754195
ARB,2026-02-28,0.095928,569722824
ARB,2026-03-01,0.100581,597360576
ARB,2026-03-02,0.102058,606133067
ARB,2026-03-03,0.101437,602441382
ARB,2026-03-04,0.103881,616958904
ARB,2026-03-05,0.103475,614543324
ARB,2026-03-06,0.10195,605488813
ARB,2026-03-07,0.098418,584510559
ARB,2026-03-08,0.095605,567805924
ARB,2026-03-09,0.097629,579828027
ARB,2026-03-10,0.099539,591171234
ARB,2026-03-11,0.099712,592198922
ARB,2026-03-12,0.099387,590264841
ARB,2026-03-13,0.103988,617589978
ARB,2026-03-14,0.100911,599320754
ARB,2026-03-15,0.102059,606136727
ARB,2026-03-16,0.107798,640221993
ARB,2026-03-17,0.108476,651309339
ARB,2026-03-18,0.105151,635196648
ARB,2026-03-19,0.100306,605930678
ARB,2026-03-20,0.100145,604956984
ARB,2026-03-21,0.099775,602723473
ARB,2026-03-22,0.094257,569392762
ARB,2026-03-23,0.09441,570314377
ARB,2026-03-24,0.096696,584121849
ARB,2026-03-25,0.098623,595766695
ARB,2026-03-26,0.095111,574547602
ARB,2026-03-27,0.092034,555960986
ARB,2026-03-28,0.090493,546653279
ARB,2026-03-29,0.089288,539371153
ARB,2026-03-30,0.09154,552977162
ARB,2026-03-31,0.092384,558076669
ARB,2026-04-01,0.094464,570643297
ARB,2026-04-02,0.091431,552321595
ARB,2026-04-03,0.092809,560644939
ARB,2026-04-04,0.092275,557419416
ARB,2026-04-05,0.091339,551761638
ARB,2026-04-06,0.096217,581228839
ARB,2026-04-07,0.09499,573820811
ARB,2026-04-08,0.102332,618168479
ARB,2026-04-09,0.102892,621551532
ARB,2026-04-10,0.110558,667862818
ARB,2026-04-11,0.115932,700324852
ARB,2026-04-12,0.111743,675022691
ARB,2026-04-13,0.111439,673181338
ARB,2026-04-14,0.11165,674456841
ARB,2026-04-15,0.113804,687469255
ARB,2026-04-16,0.121438,733586573
ARB,2026-04-17,0.131237,792781604
ARB,2026-04-18,0.129503,782306608
ARB,2026-04-19,0.126132,761938674
ARB,2026-04-20,0.126942,766835031
ARB,2026-04-21,0.126025,761294827
ARB,2026-04-22,0.12852,776366415
ARB,2026-04-23,0.126293,762911857
ARB,2026-04-24,0.129518,789120555
ARB,2026-04-25,0.130375,801899869
ARB,2026-04-26,0.130401,802058180
ARB,2026-04-27,0.127017,781245452
ARB,2026-04-28,0.124986,768751139
ARB,2026-04-29,0.126286,776752662
ARB,2026-04-30,0.125956,774718209
ARB,2026-05-01,0.125119,769569816
ARB,2026-05-02,0.122931,756112561
ARB,2026-05-03,0.118665,729877968
ARB,2026-05-04,0.116728,717963089
ARB,2026-05-05,0.118668,729891629
ARB,2026-05-06,0.123359,758749205
ARB,2026-05-07,0.126651,778991779
ARB,2026-05-08,0.134726,828661053
ARB,2026-05-09,0.143262,881165807
ARB,2026-05-10,0.142357,875598760
ARB,2026-05-11,0.141953,873111350
ARB,2026-05-12,0.13785,847878111
ARB,2026-05-13,0.136523,839717584
ARB,2026-05-14,0.131482,808711283
ARB,2026-05-15,0.127305,783018143
ARB,2026-05-16,0.121054,744567402
ARB,2026-05-17,0.119822,736993415
ARB,2026-05-18,0.116102,714108406
ARB,2026-05-19,0.115773,715038108
ARB,2026-05-20,0.112686,704940889
ARB,2026-05-21,0.111848,699703111
ARB,2026-05-22,0.112342,702788796
ARB,2026-05-23,0.107842,674640045
ARB,2026-05-24,0.107235,670841257
ARB,2026-05-25,0.107749,674059475
ARB,2026-05-26,0.10919,683076269
ARB,2026-05-27,0.108734,680223203
ARB,2026-05-28,0.103647,648395066
ARB,2026-05-29,0.10403,650790909
ARB,2026-05-30,0.104679,654855929
ARB,2026-05-31,0.102786,643008471
ARB,2026-06-01,0.10158,635465242
ARB,2026-06-02,0.097322,608831661
ARB,2026-06-03,0.094174,589134380
ARB,2026-06-04,0.089846,562060302
ARB,2026-06-05,0.083303,521129722
ARB,2026-06-06,0.079221,495594862
ARB,2026-06-07,0.08187,512161450
ARB,2026-06-08,0.08279,517918283
ARB,2026-06-09,0.080684,504743894
ARB,2026-06-10,0.079142,495097331
ARB,2026-06-11,0.080925,506249843
ARB,2026-06-12,0.083632,523186941
ARB,2026-06-13,0.085351,533940545
ARB,2026-06-14,0.083449,522042052
ARB,2026-06-15,0.087128,545057228
ARB,2026-06-16,0.085833,536953723
ARB,2026-06-17,0.08676,547013168
ARB,2026-06-18,0.084538,537902333
ARB,2026-06-19,0.08381,533267601
ARB,2026-06-20,0.083562,531694522
ARB,2026-06-21,0.083496,531270350
ARB,2026-06-22,0.084356,536744214
ARB,2026-06-23,0.079694,507077677
ARB,2026-06-24,0.077037,490176088
ARB,2026-06-25,0.074835,476160754
ARB,2026-06-26,0.072959,464229590
ARB,2026-06-27,0.074669,475104127
ATOM,2025-06-28,3.96,1550034390
ATOM,2025-06-29,4.03,1575219140
ATOM,2025-06-30,4.14,1617576700
ATOM,2025-07-01,4,1565641902
ATOM,2025-07-02,4.07,1591706197
ATOM,2025-07-03,4.21,1644875932
ATOM,2025-07-04,4.07,1589150492
ATOM,2025-07-05,4,1563381842
ATOM,2025-07-06,4.03,1576563216
ATOM,2025-07-07,4.07,1589693534
ATOM,2025-07-08,4.07,1592710857
ATOM,2025-07-09,4.2,1642449673
ATOM,2025-07-10,4.37,1708735747
ATOM,2025-07-11,4.68,1829477117
ATOM,2025-07-12,4.62,1807722939
ATOM,2025-07-13,4.65,1819504431
ATOM,2025-07-14,4.68,1828233394
ATOM,2025-07-15,4.54,1774248986
ATOM,2025-07-16,4.7,1836514758
ATOM,2025-07-17,4.77,1863869922
ATOM,2025-07-18,4.99,1950420785
ATOM,2025-07-19,4.89,1911061398
ATOM,2025-07-20,5.14,2010862900
ATOM,2025-07-21,5.2,2033646405
ATOM,2025-07-22,5.05,1975214036
ATOM,2025-07-23,4.9,1915788340
ATOM,2025-07-24,4.67,1824942445
ATOM,2025-07-25,4.62,1805445931
ATOM,2025-07-26,4.73,1849301279
ATOM,2025-07-27,4.8,1875535220
ATOM,2025-07-28,4.81,1880199451
ATOM,2025-07-29,4.63,1810444603
ATOM,2025-07-30,4.48,1750170069
ATOM,2025-07-31,4.4,1719206221
ATOM,2025-08-01,4.19,1636123780
ATOM,2025-08-02,4.12,1611129045
ATOM,2025-08-03,4.21,1644617103
ATOM,2025-08-04,4.28,1674782170
ATOM,2025-08-05,4.23,1654977824
ATOM,2025-08-06,4.24,1656830124
ATOM,2025-08-07,4.36,1705763339
ATOM,2025-08-08,4.54,1774637870
ATOM,2025-08-09,4.71,1840211542
ATOM,2025-08-10,4.67,1827300817
ATOM,2025-08-11,4.6,1800170731
ATOM,2025-08-12,4.58,1791751468
ATOM,2025-08-13,4.78,1869110018
ATOM,2025-08-14,4.69,1832363715
ATOM,2025-08-15,4.49,1755279632
ATOM,2025-08-16,4.52,1767024229
ATOM,2025-08-17,4.64,1815380815
ATOM,2025-08-18,4.48,1750440649
ATOM,2025-08-19,4.38,1713237544
ATOM,2025-08-20,4.39,1716931972
ATOM,2025-08-21,4.47,1747428377
ATOM,2025-08-22,4.55,1777638740
ATOM,2025-08-23,4.83,1889849568
ATOM,2025-08-24,4.77,1864278039
ATOM,2025-08-25,4.62,1804641598
ATOM,2025-08-26,4.48,1752562052
ATOM,2025-08-27,4.53,1770018856
ATOM,2025-08-28,4.61,1803594310
ATOM,2025-08-29,4.6,1798677185
ATOM,2025-08-30,4.5,1760323586
ATOM,2025-08-31,4.56,1781559089
ATOM,2025-09-01,4.43,1733751719
ATOM,2025-09-02,4.42,1726602281
ATOM,2025-09-03,4.48,1751125448
ATOM,2025-09-04,4.42,1729009032
ATOM,2025-09-05,4.43,1733093190
ATOM,2025-09-06,4.4,1721419056
ATOM,2025-09-07,4.46,1742512633
ATOM,2025-09-08,4.53,1771155065
ATOM,2025-09-09,4.58,1792098758
ATOM,2025-09-10,4.64,1813597983
ATOM,2025-09-11,4.67,1825592414
ATOM,2025-09-12,4.69,1831628416
ATOM,2025-09-13,4.81,1881483383
ATOM,2025-09-14,4.72,1843969051
ATOM,2025-09-15,4.55,1779042103
ATOM,2025-09-16,4.5,1758596435
ATOM,2025-09-17,4.52,1768198388
ATOM,2025-09-18,4.63,1808876431
ATOM,2025-09-19,4.59,1795387203
ATOM,2025-09-20,4.47,1746382628
ATOM,2025-09-21,4.46,1741726485
ATOM,2025-09-22,4.2,1641004520
ATOM,2025-09-23,4.18,1632340552
ATOM,2025-09-24,4.18,1635576006
ATOM,2025-09-25,4.08,1593832672
ATOM,2025-09-26,4.07,1589469700
ATOM,2025-09-27,4.1,1602728383
ATOM,2025-09-28,4.09,1598873887
ATOM,2025-09-29,4.12,1612192104
ATOM,2025-09-30,4.06,1586636966
ATOM,2025-10-01,4.15,1624217400
ATOM,2025-10-02,4.24,1659032814
ATOM,2025-10-03,4.27,1668024329
ATOM,2025-10-04,4.17,1630055794
ATOM,2025-10-05,4.2,1640969027
ATOM,2025-10-06,4.21,1645887347
ATOM,2025-10-07,4.17,1630241412
ATOM,2025-10-08,4.11,1604940683
ATOM,2025-10-09,4.06,1587185600
ATOM,2025-10-10,3.91,1529339280
ATOM,2025-10-11,3.15,1229963062
ATOM,2025-10-12,3.31,1294988390
ATOM,2025-10-13,3.55,1387760253
ATOM,2025-10-14,3.46,1351345533
ATOM,2025-10-15,3.4,1330937516
ATOM,2025-10-16,3.33,1302544689
ATOM,2025-10-17,3.18,1243766560
ATOM,2025-10-18,3.19,1248063039
ATOM,2025-10-19,3.21,1256078249
ATOM,2025-10-20,3.28,1283506029
ATOM,2025-10-21,3.26,1272839648
ATOM,2025-10-22,3.16,1234686222
ATOM,2025-10-23,3.17,1239108777
ATOM,2025-10-24,3.17,1240121805
ATOM,2025-10-25,3.16,1236179407
ATOM,2025-10-26,3.2,1250295109
ATOM,2025-10-27,3.23,1262677179
ATOM,2025-10-28,3.16,1236911071
ATOM,2025-10-29,3.12,1218636898
ATOM,2025-10-30,3.01,1178464358
ATOM,2025-10-31,2.99,1168569593
ATOM,2025-11-01,3,1174063419
ATOM,2025-11-02,3.01,1177855527
ATOM,2025-11-03,2.76,1080419698
ATOM,2025-11-04,2.52,985895336
ATOM,2025-11-05,2.6,1017384001
ATOM,2025-11-06,2.61,1022052720
ATOM,2025-11-07,2.85,1113483475
ATOM,2025-11-08,2.99,1169832697
ATOM,2025-11-09,2.92,1142775779
ATOM,2025-11-10,3.04,1188929470
ATOM,2025-11-11,3.04,1187100741
ATOM,2025-11-12,2.98,1163902396
ATOM,2025-11-13,2.92,1141331780
ATOM,2025-11-14,2.85,1113810350
ATOM,2025-11-15,2.89,1131396756
ATOM,2025-11-16,2.81,1098488272
ATOM,2025-11-17,2.8,1093701443
ATOM,2025-11-18,2.75,1073134118
ATOM,2025-11-19,2.71,1061060756
ATOM,2025-11-20,2.9,1133380324
ATOM,2025-11-21,2.62,1023248283
ATOM,2025-11-22,2.48,970590968
ATOM,2025-11-23,2.53,988830176
ATOM,2025-11-24,2.48,971449773
ATOM,2025-11-25,2.48,971394814
ATOM,2025-11-26,2.48,970898086
ATOM,2025-11-27,2.53,989231785
ATOM,2025-11-28,2.48,971288516
ATOM,2025-11-29,2.43,948579863
ATOM,2025-11-30,2.43,948989692
ATOM,2025-12-01,2.25,880463085
ATOM,2025-12-02,2.32,905159146
ATOM,2025-12-03,2.38,928944950
ATOM,2025-12-04,2.35,920075454
ATOM,2025-12-05,2.26,882766873
ATOM,2025-12-06,2.22,868589401
ATOM,2025-12-07,2.21,864579734
ATOM,2025-12-08,2.24,874197557
ATOM,2025-12-09,2.28,889690291
ATOM,2025-12-10,2.29,893853549
ATOM,2025-12-11,2.19,857119225
ATOM,2025-12-12,2.16,845054171
ATOM,2025-12-13,2.17,850026460
ATOM,2025-12-14,2.15,839244540
ATOM,2025-12-15,2.1,822626533
ATOM,2025-12-16,2.04,795740667
ATOM,2025-12-17,1.99,777743591
ATOM,2025-12-18,1.9,744219004
ATOM,2025-12-19,1.91,745739127
ATOM,2025-12-20,1.98,773193842
ATOM,2025-12-21,1.95,762632204
ATOM,2025-12-22,1.96,765977166
ATOM,2025-12-23,1.95,763896076
ATOM,2025-12-24,1.95,762022801
ATOM,2025-12-25,2,780729209
ATOM,2025-12-26,2.02,791539984
ATOM,2025-12-27,2.05,800629290
ATOM,2025-12-28,2.08,814694275
ATOM,2025-12-29,2.03,793695898
ATOM,2025-12-30,1.97,771962258
ATOM,2025-12-31,1.95,762588617
ATOM,2026-01-01,1.97,771540413
ATOM,2026-01-02,2.11,826164495
ATOM,2026-01-03,2.21,865637953
ATOM,2026-01-04,2.29,895487470
ATOM,2026-01-05,2.33,910962838
ATOM,2026-01-06,2.42,947775107
ATOM,2026-01-07,2.44,952023460
ATOM,2026-01-08,2.43,951211068
ATOM,2026-01-09,2.5,975771677
ATOM,2026-01-10,2.59,1013992637
ATOM,2026-01-11,2.6,1016587530
ATOM,2026-01-12,2.57,1003766953
ATOM,2026-01-13,2.57,1003546508
ATOM,2026-01-14,2.63,1028785277
ATOM,2026-01-15,2.52,984277332
ATOM,2026-01-16,2.47,967022812
ATOM,2026-01-17,2.55,997669202
ATOM,2026-01-18,2.52,985026494
ATOM,2026-01-19,2.39,935661978
ATOM,2026-01-20,2.39,935377008
ATOM,2026-01-21,2.38,930307443
ATOM,2026-01-22,2.37,927702117
ATOM,2026-01-23,2.37,927312830
ATOM,2026-01-24,2.35,917244002
ATOM,2026-01-25,2.27,889171273
ATOM,2026-01-26,2.25,879923057
ATOM,2026-01-27,2.22,869422446
ATOM,2026-01-28,2.25,878887461
ATOM,2026-01-29,2.16,843920334
ATOM,2026-01-30,2.09,818531230
ATOM,2026-01-31,2.02,788217818
ATOM,2026-02-01,1.95,762938676
ATOM,2026-02-02,1.95,762883506
ATOM,2026-02-03,1.98,775058701
ATOM,2026-02-04,2.04,799051167
ATOM,2026-02-05,1.95,763305913
ATOM,2026-02-06,1.88,735545889
ATOM,2026-02-07,1.99,777279997
ATOM,2026-02-08,1.97,771069333
ATOM,2026-02-09,1.95,762443629
ATOM,2026-02-10,1.93,753307292
ATOM,2026-02-11,1.92,749851714
ATOM,2026-02-12,1.97,768753296
ATOM,2026-02-13,2.02,791522566
ATOM,2026-02-14,2.15,841095645
ATOM,2026-02-15,2.15,841289913
ATOM,2026-02-16,2.19,855676498
ATOM,2026-02-17,2.26,885224905
ATOM,2026-02-18,2.33,910944024
ATOM,2026-02-19,2.31,904642329
ATOM,2026-02-20,2.32,907167831
ATOM,2026-02-21,2.36,922769367
ATOM,2026-02-22,2.28,889694797
ATOM,2026-02-23,2.18,853022857
ATOM,2026-02-24,2.05,802212612
ATOM,2026-02-25,2.05,803260271
ATOM,2026-02-26,1.91,744976151
ATOM,2026-02-27,1.89,737032537
ATOM,2026-02-28,1.82,711235342
ATOM,2026-03-01,1.83,714144846
ATOM,2026-03-02,1.83,713981564
ATOM,2026-03-03,1.82,709550055
ATOM,2026-03-04,1.86,727552953
ATOM,2026-03-05,1.86,728484116
ATOM,2026-03-06,1.82,711436553
ATOM,2026-03-07,1.81,706343355
ATOM,2026-03-08,1.75,685386678
ATOM,2026-03-09,1.74,681388562
ATOM,2026-03-10,1.78,697270820
ATOM,2026-03-11,1.82,711702638
ATOM,2026-03-12,1.83,713750377
ATOM,2026-03-13,1.86,725450925
ATOM,2026-03-14,1.87,730835294
ATOM,2026-03-15,1.86,725390930
ATOM,2026-03-16,1.92,749691102
ATOM,2026-03-17,1.95,761900863
ATOM,2026-03-18,1.95,761618120
ATOM,2026-03-19,1.86,727478075
ATOM,2026-03-20,1.81,708619726
ATOM,2026-03-21,1.84,718988466
ATOM,2026-03-22,1.78,696740778
ATOM,2026-03-23,1.78,696708142
ATOM,2026-03-24,1.78,695658483
ATOM,2026-03-25,1.78,697185454
ATOM,2026-03-26,1.71,670171777
ATOM,2026-03-27,1.69,659958237
ATOM,2026-03-28,1.68,656538264
ATOM,2026-03-29,1.65,645733097
ATOM,2026-03-30,1.68,654877742
ATOM,2026-03-31,1.69,660720288
ATOM,2026-04-01,1.7,665828878
ATOM,2026-04-02,1.64,642740946
ATOM,2026-04-03,1.7,665044736
ATOM,2026-04-04,1.7,665096547
ATOM,2026-04-05,1.69,660962732
ATOM,2026-04-06,1.72,673029222
ATOM,2026-04-07,1.7,665950747
ATOM,2026-04-08,1.79,698427164
ATOM,2026-04-09,1.79,701455450
ATOM,2026-04-10,1.82,712453265
ATOM,2026-04-11,1.79,697880539
ATOM,2026-04-12,1.74,681089524
ATOM,2026-04-13,1.74,678368253
ATOM,2026-04-14,1.76,688121674
ATOM,2026-04-15,1.75,685493101
ATOM,2026-04-16,1.79,701204680
ATOM,2026-04-17,1.82,713308867
ATOM,2026-04-18,1.81,708222570
ATOM,2026-04-19,1.78,695272138
ATOM,2026-04-20,1.79,699573134
ATOM,2026-04-21,1.81,706342900
ATOM,2026-04-22,1.89,737425485
ATOM,2026-04-23,1.87,730639612
ATOM,2026-04-24,1.95,764133508
ATOM,2026-04-25,2.03,792885176
ATOM,2026-04-26,2.02,789320465
ATOM,2026-04-27,1.98,774651772
ATOM,2026-04-28,1.96,767454127
ATOM,2026-04-29,1.95,762505662
ATOM,2026-04-30,1.91,744955530
ATOM,2026-05-01,1.89,740041282
ATOM,2026-05-02,1.89,738710459
ATOM,2026-05-03,1.88,735948478
ATOM,2026-05-04,1.89,739752808
ATOM,2026-05-05,1.89,740061739
ATOM,2026-05-06,1.93,753114183
ATOM,2026-05-07,1.9,742953785
ATOM,2026-05-08,1.89,739440457
ATOM,2026-05-09,1.96,766207889
ATOM,2026-05-10,1.96,767273371
ATOM,2026-05-11,2.02,788594289
ATOM,2026-05-12,2.05,803143548
ATOM,2026-05-13,2.1,822343522
ATOM,2026-05-14,2.03,793337566
ATOM,2026-05-15,1.98,775012043
ATOM,2026-05-16,1.97,771973414
ATOM,2026-05-17,2.06,805066170
ATOM,2026-05-18,2.04,796544363
ATOM,2026-05-19,2.05,803043397
ATOM,2026-05-20,2.01,784507855
ATOM,2026-05-21,2.04,797246976
ATOM,2026-05-22,2.12,827755472
ATOM,2026-05-23,2.08,811249731
ATOM,2026-05-24,2.08,811336052
ATOM,2026-05-25,2.12,830327507
ATOM,2026-05-26,2.19,855284521
ATOM,2026-05-27,2.19,857721170
ATOM,2026-05-28,2.06,803675942
ATOM,2026-05-29,2.03,795352081
ATOM,2026-05-30,2.03,794524697
ATOM,2026-05-31,1.97,771926787
ATOM,2026-06-01,1.93,754932799
ATOM,2026-06-02,1.86,725556420
ATOM,2026-06-03,1.87,730913350
ATOM,2026-06-04,1.81,705748966
ATOM,2026-06-05,1.72,671007165
ATOM,2026-06-06,1.63,635531732
ATOM,2026-06-07,1.68,657766940
ATOM,2026-06-08,1.75,684238459
ATOM,2026-06-09,1.76,686688278
ATOM,2026-06-10,1.79,698735572
ATOM,2026-06-11,1.91,745771972
ATOM,2026-06-12,1.98,772594051
ATOM,2026-06-13,1.98,773429365
ATOM,2026-06-14,1.96,764394684
ATOM,2026-06-15,1.98,774051329
ATOM,2026-06-16,1.98,774395382
ATOM,2026-06-17,1.97,771015690
ATOM,2026-06-18,1.83,716494007
ATOM,2026-06-19,1.81,708723029
ATOM,2026-06-20,1.79,701135799
ATOM,2026-06-21,1.78,694420781
ATOM,2026-06-22,1.8,703438781
ATOM,2026-06-23,1.75,685409694
ATOM,2026-06-24,1.67,651937406
ATOM,2026-06-25,1.62,635144443
ATOM,2026-06-26,1.6,627106885
ATOM,2026-06-27,1.59,620846854
AVAX,2025-06-28,17.74,7487963394
AVAX,2025-06-29,18.04,7613498850
AVAX,2025-06-30,18.16,7663876979
AVAX,2025-07-01,17.47,7373452628
AVAX,2025-07-02,17.87,7545173276
AVAX,2025-07-03,18.7,7896489729
AVAX,2025-07-04,18.13,7655064123
AVAX,2025-07-05,17.84,7530487493
AVAX,2025-07-06,18.03,7611918570
AVAX,2025-07-07,18.15,7662242546
AVAX,2025-07-08,18.07,7630023397
AVAX,2025-07-09,18.6,7854736855
AVAX,2025-07-10,19.68,8310858871
AVAX,2025-07-11,20.98,8857803495
AVAX,2025-07-12,20.7,8742980997
AVAX,2025-07-13,21.2,8952485775
AVAX,2025-07-14,21.56,9103548499
AVAX,2025-07-15,21.19,8949543995
AVAX,2025-07-16,22.21,9377753623
AVAX,2025-07-17,22.69,9581376911
AVAX,2025-07-18,24.07,10164543084
AVAX,2025-07-19,23.86,10073673336
AVAX,2025-07-20,24.91,10517717501
AVAX,2025-07-21,25.56,10794088872
AVAX,2025-07-22,25.37,10711441800
AVAX,2025-07-23,24.73,10441945918
AVAX,2025-07-24,23.81,10054588449
AVAX,2025-07-25,23.46,9905054686
AVAX,2025-07-26,24.47,10331259358
AVAX,2025-07-27,25.15,10621995148
AVAX,2025-07-28,26.18,11054775797
AVAX,2025-07-29,24.69,10426294651
AVAX,2025-07-30,23.67,9993197807
AVAX,2025-07-31,23.37,9868744917
AVAX,2025-08-01,21.98,9280033214
AVAX,2025-08-02,21.37,9024065293
AVAX,2025-08-03,21.29,8990087357
AVAX,2025-08-04,22.17,9361412474
AVAX,2025-08-05,22.31,9420474894
AVAX,2025-08-06,22.04,9308977511
AVAX,2025-08-07,22.53,9513029886
AVAX,2025-08-08,23.43,9895100792
AVAX,2025-08-09,24.34,10276685610
AVAX,2025-08-10,23.86,10077475677
AVAX,2025-08-11,23.73,10021596960
AVAX,2025-08-12,23.61,9971736132
AVAX,2025-08-13,25.02,10563822491
AVAX,2025-08-14,24.58,10377650356
AVAX,2025-08-15,24.32,10267919514
AVAX,2025-08-16,23.98,10124934233
AVAX,2025-08-17,24.81,10475555659
AVAX,2025-08-18,23.91,10096724395
AVAX,2025-08-19,23.05,9733798165
AVAX,2025-08-20,22.99,9707818339
AVAX,2025-08-21,23.15,9777073503
AVAX,2025-08-22,23.71,10010343442
AVAX,2025-08-23,25.59,10807396299
AVAX,2025-08-24,25.66,10834937419
AVAX,2025-08-25,24.44,10320611613
AVAX,2025-08-26,23.64,9983644146
AVAX,2025-08-27,24.58,10379587340
AVAX,2025-08-28,24.6,10386897278
AVAX,2025-08-29,24.05,10157326133
AVAX,2025-08-30,23.65,9988716085
AVAX,2025-08-31,23.93,10106882174
AVAX,2025-09-01,23.47,9911646023
AVAX,2025-09-02,23.88,10085053100
AVAX,2025-09-03,24.96,10541228183
AVAX,2025-09-04,24.74,10447519487
AVAX,2025-09-05,24.47,10333658691
AVAX,2025-09-06,24.33,10274479209
AVAX,2025-09-07,24.54,10362372322
AVAX,2025-09-08,25.17,10629953226
AVAX,2025-09-09,25.76,10877921202
AVAX,2025-09-10,27.54,11628409750
AVAX,2025-09-11,28.98,12238493004
AVAX,2025-09-12,28.68,12109258237
AVAX,2025-09-13,30.03,12679913428
AVAX,2025-09-14,29.78,12576032192
AVAX,2025-09-15,29.23,12342789775
AVAX,2025-09-16,30.04,12687245902
AVAX,2025-09-17,30.02,12677028453
AVAX,2025-09-18,33.34,14078557730
AVAX,2025-09-19,34.3,14483996876
AVAX,2025-09-20,33.56,14173215993
AVAX,2025-09-21,33.03,13946565901
AVAX,2025-09-22,31.74,13401488230
AVAX,2025-09-23,34.4,14526585846
AVAX,2025-09-24,34.06,14383420919
AVAX,2025-09-25,30.61,12923768414
AVAX,2025-09-26,28.37,11979072110
AVAX,2025-09-27,28.7,12119233819
AVAX,2025-09-28,28.7,12118713103
AVAX,2025-09-29,29.98,12660057159
AVAX,2025-09-30,29.65,12520642435
AVAX,2025-10-01,30.4,12838224176
AVAX,2025-10-02,30.67,12950698032
AVAX,2025-10-03,30.76,12988761617
AVAX,2025-10-04,30.56,12905086834
AVAX,2025-10-05,30.29,12789807164
AVAX,2025-10-06,30.53,12893739168
AVAX,2025-10-07,29.44,12433821725
AVAX,2025-10-08,28.49,12030391976
AVAX,2025-10-09,28.27,11938189924
AVAX,2025-10-10,27.08,11436577406
AVAX,2025-10-11,22.26,9399592381
AVAX,2025-10-12,21.78,9195844121
AVAX,2025-10-13,22.86,9653493885
AVAX,2025-10-14,22.79,9622199955
AVAX,2025-10-15,22.39,9454672333
AVAX,2025-10-16,21.64,9136659581
AVAX,2025-10-17,20.12,8496066151
AVAX,2025-10-18,20.13,8500358002
AVAX,2025-10-19,20.42,8624337215
AVAX,2025-10-20,20.64,8716261047
AVAX,2025-10-21,20.06,8470783016
AVAX,2025-10-22,19.37,8180977718
AVAX,2025-10-23,19.36,8174854500
AVAX,2025-10-24,19.45,8212624601
AVAX,2025-10-25,19.5,8233202664
AVAX,2025-10-26,20.06,8471648199
AVAX,2025-10-27,20.66,8725606409
AVAX,2025-10-28,20.11,8490226260
AVAX,2025-10-29,19.67,8306656289
AVAX,2025-10-30,18.91,7986583092
AVAX,2025-10-31,18.26,7710406662
AVAX,2025-11-01,18.53,7823619940
AVAX,2025-11-02,18.59,7848294009
AVAX,2025-11-03,17.35,7326066188
AVAX,2025-11-04,16.34,6899829756
AVAX,2025-11-05,16.51,6970971221
AVAX,2025-11-06,16.25,6863456222
AVAX,2025-11-07,16.91,7139425075
AVAX,2025-11-08,17.62,7440895665
AVAX,2025-11-09,17.38,7338123510
AVAX,2025-11-10,18.03,7615631130
AVAX,2025-11-11,17.71,7478813527
AVAX,2025-11-12,17.18,7254816113
AVAX,2025-11-13,16.93,7150275916
AVAX,2025-11-14,15.61,6591005811
AVAX,2025-11-15,15.56,6569678109
AVAX,2025-11-16,15.37,6490171832
AVAX,2025-11-17,15.22,6427847170
AVAX,2025-11-18,14.57,6153812616
AVAX,2025-11-19,14.27,6024204838
AVAX,2025-11-20,14.15,5976206561
AVAX,2025-11-21,13.38,5648183747
AVAX,2025-11-22,13.25,5594840657
AVAX,2025-11-23,13.34,5632956281
AVAX,2025-11-24,13.54,5718951410
AVAX,2025-11-25,13.94,5886796648
AVAX,2025-11-26,14.21,6000953400
AVAX,2025-11-27,14.99,6329255694
AVAX,2025-11-28,15,6332444242
AVAX,2025-11-29,14.72,6217296283
AVAX,2025-11-30,14.12,5964366660
AVAX,2025-12-01,12.91,5451626137
AVAX,2025-12-02,13.22,5580961750
AVAX,2025-12-03,14.18,5986042478
AVAX,2025-12-04,14.67,6194486801
AVAX,2025-12-05,13.9,5868453841
AVAX,2025-12-06,13.31,5620281634
AVAX,2025-12-07,13.47,5687094566
AVAX,2025-12-08,13.66,5768386003
AVAX,2025-12-09,13.96,5896845146
AVAX,2025-12-10,14.45,6103329430
AVAX,2025-12-11,13.36,5643276683
AVAX,2025-12-12,13.41,5663275788
AVAX,2025-12-13,13.32,5624508031
AVAX,2025-12-14,13.13,5544120009
AVAX,2025-12-15,12.87,5436747041
AVAX,2025-12-16,12.26,5177026236
AVAX,2025-12-17,12.12,5119654758
AVAX,2025-12-18,11.75,4959660776
AVAX,2025-12-19,11.96,5050551168
AVAX,2025-12-20,12.26,5177954996
AVAX,2025-12-21,12.15,5130016887
AVAX,2025-12-22,12.27,5182044316
AVAX,2025-12-23,12.22,5158484287
AVAX,2025-12-24,12.05,5087832773
AVAX,2025-12-25,12.26,5175565636
AVAX,2025-12-26,12.39,5231335761
AVAX,2025-12-27,12.48,5270923361
AVAX,2025-12-28,12.72,5370900372
AVAX,2025-12-29,12.71,5368919446
AVAX,2025-12-30,12.48,5268425367
AVAX,2025-12-31,12.48,5270561163
AVAX,2026-01-01,12.6,5322750635
AVAX,2026-01-02,13.54,5717835627
AVAX,2026-01-03,13.94,5887011539
AVAX,2026-01-04,14.1,5953626280
AVAX,2026-01-05,14.27,6024435312
AVAX,2026-01-06,14.49,6116803924
AVAX,2026-01-07,14.31,6043880977
AVAX,2026-01-08,13.92,5879613399
AVAX,2026-01-09,13.87,5855221320
AVAX,2026-01-10,13.79,5821368185
AVAX,2026-01-11,13.78,5820724332
AVAX,2026-01-12,13.74,5803695543
AVAX,2026-01-13,14.01,5914379442
AVAX,2026-01-14,14.66,6191461677
AVAX,2026-01-15,14.16,5978172984
AVAX,2026-01-16,13.67,5773321029
AVAX,2026-01-17,13.7,5784572851
AVAX,2026-01-18,13.64,5758477367
AVAX,2026-01-19,12.71,5366635860
AVAX,2026-01-20,12.44,5254020537
AVAX,2026-01-21,12.26,5178240476
AVAX,2026-01-22,12.34,5209287973
AVAX,2026-01-23,12.21,5153878216
AVAX,2026-01-24,12.09,5106964636
AVAX,2026-01-25,11.79,4979597430
AVAX,2026-01-26,11.67,4929937788
AVAX,2026-01-27,11.79,4977079265
AVAX,2026-01-28,12.08,5101384286
AVAX,2026-01-29,11.47,4844587184
AVAX,2026-01-30,10.92,4610873099
AVAX,2026-01-31,10.4,4391669054
AVAX,2026-02-01,10.06,4247502402
AVAX,2026-02-02,10.02,4233172923
AVAX,2026-02-03,10.04,4240940437
AVAX,2026-02-04,9.92,4189860739
AVAX,2026-02-05,9.19,3881968233
AVAX,2026-02-06,8.75,3696793508
AVAX,2026-02-07,9.18,3876706002
AVAX,2026-02-08,9.17,3870631501
AVAX,2026-02-09,9.01,3804513635
AVAX,2026-02-10,8.84,3732431697
AVAX,2026-02-11,8.66,3657634796
AVAX,2026-02-12,8.79,3713243163
AVAX,2026-02-13,8.98,3791658397
AVAX,2026-02-14,9.34,3944764626
AVAX,2026-02-15,9.45,3991383306
AVAX,2026-02-16,9.24,3900009782
AVAX,2026-02-17,9.18,3874864887
AVAX,2026-02-18,9.04,3816135539
AVAX,2026-02-19,8.86,3741039557
AVAX,2026-02-20,9.09,3838693148
AVAX,2026-02-21,9.22,3894808089
AVAX,2026-02-22,8.95,3777912155
AVAX,2026-02-23,8.53,3602265139
AVAX,2026-02-24,8.32,3514281201
AVAX,2026-02-25,9.08,3835196112
AVAX,2026-02-26,9.35,3948727567
AVAX,2026-02-27,9.14,3860794460
AVAX,2026-02-28,8.79,3710821324
AVAX,2026-03-01,9.14,3857808543
AVAX,2026-03-02,9.11,3846173571
AVAX,2026-03-03,9.12,3850115274
AVAX,2026-03-04,9.36,3952766093
AVAX,2026-03-05,9.43,3983559534
AVAX,2026-03-06,9.2,3884619100
AVAX,2026-03-07,8.99,3795145671
AVAX,2026-03-08,8.89,3752664757
AVAX,2026-03-09,9.16,3866106673
AVAX,2026-03-10,9.51,4017532074
AVAX,2026-03-11,9.61,4056230483
AVAX,2026-03-12,9.57,4039529998
AVAX,2026-03-13,9.89,4178187056
AVAX,2026-03-14,9.62,4061700174
AVAX,2026-03-15,9.76,4122934591
AVAX,2026-03-16,10.25,4327606360
AVAX,2026-03-17,10.31,4354636099
AVAX,2026-03-18,9.96,4203980965
AVAX,2026-03-19,9.53,4024231322
AVAX,2026-03-20,9.52,4021573843
AVAX,2026-03-21,9.53,4026031326
AVAX,2026-03-22,9.13,3857241105
AVAX,2026-03-23,9.3,3927886802
AVAX,2026-03-24,9.51,4017058046
AVAX,2026-03-25,9.67,4081524426
AVAX,2026-03-26,9.31,3930713277
AVAX,2026-03-27,8.89,3754975465
AVAX,2026-03-28,8.82,3724621280
AVAX,2026-03-29,8.7,3672264749
AVAX,2026-03-30,8.85,3738291332
AVAX,2026-03-31,8.87,3744942855
AVAX,2026-04-01,9.14,3859001734
AVAX,2026-04-02,8.75,3693252899
AVAX,2026-04-03,8.92,3766527129
AVAX,2026-04-04,8.93,3769960782
AVAX,2026-04-05,8.88,3749188097
AVAX,2026-04-06,9.38,3958919662
AVAX,2026-04-07,8.73,3685295793
AVAX,2026-04-08,9.31,3933268472
AVAX,2026-04-09,9.17,3871578894
AVAX,2026-04-10,9.38,3960548507
AVAX,2026-04-11,9.35,3949429335
AVAX,2026-04-12,9.08,3834201340
AVAX,2026-04-13,9.19,3881277773
AVAX,2026-04-14,9.41,3974502288
AVAX,2026-04-15,9.4,3968256088
AVAX,2026-04-16,9.53,4025780986
AVAX,2026-04-17,9.71,4098588021
AVAX,2026-04-18,9.52,4019032939
AVAX,2026-04-19,9.23,3896526498
AVAX,2026-04-20,9.22,3894311324
AVAX,2026-04-21,9.34,3945520806
AVAX,2026-04-22,9.53,4023050492
AVAX,2026-04-23,9.31,3929563076
AVAX,2026-04-24,9.4,3969936277
AVAX,2026-04-25,9.4,3970979597
AVAX,2026-04-26,9.43,3983829649
AVAX,2026-04-27,9.29,3923125342
AVAX,2026-04-28,9.19,3880900353
AVAX,2026-04-29,9.21,3889050005
AVAX,2026-04-30,9.13,3854716639
AVAX,2026-05-01,9.14,3859608232
AVAX,2026-05-02,9.13,3855087041
AVAX,2026-05-03,9.09,3837627445
AVAX,2026-05-04,9.2,3884813425
AVAX,2026-05-05,9.36,3953882257
AVAX,2026-05-06,9.59,4051415501
AVAX,2026-05-07,9.54,4026706780
AVAX,2026-05-08,9.66,4078077775
AVAX,2026-05-09,9.95,4203605003
AVAX,2026-05-10,10.08,4255667653
AVAX,2026-05-11,10.13,4277105373
AVAX,2026-05-12,9.91,4185744099
AVAX,2026-05-13,9.89,4174256747
AVAX,2026-05-14,9.84,4155019002
AVAX,2026-05-15,9.69,4091502785
AVAX,2026-05-16,9.36,3953477371
AVAX,2026-05-17,9.3,3926121969
AVAX,2026-05-18,9.14,3861704073
AVAX,2026-05-19,9.17,3872261510
AVAX,2026-05-20,9.22,3894223891
AVAX,2026-05-21,9.39,3963294405
AVAX,2026-05-22,9.42,3977495266
AVAX,2026-05-23,9.13,3856349142
AVAX,2026-05-24,9.29,3922252862
AVAX,2026-05-25,9.33,3941299347
AVAX,2026-05-26,9.25,3907189688
AVAX,2026-05-27,9.14,3861451371
AVAX,2026-05-28,8.89,3753805011
AVAX,2026-05-29,8.88,3750671044
AVAX,2026-05-30,8.94,3773911484
AVAX,2026-05-31,8.95,3780000202
AVAX,2026-06-01,8.88,3748793578
AVAX,2026-06-02,8.58,3625101992
AVAX,2026-06-03,8.2,3460666921
AVAX,2026-06-04,7.78,3287003177
AVAX,2026-06-05,7.14,3013159037
AVAX,2026-06-06,6.66,2811895187
AVAX,2026-06-07,6.72,2837312679
AVAX,2026-06-08,6.74,2846195741
AVAX,2026-06-09,6.66,2814399249
AVAX,2026-06-10,6.51,2749076626
AVAX,2026-06-11,6.57,2774126984
AVAX,2026-06-12,6.61,2789708863
AVAX,2026-06-13,6.66,2813142536
AVAX,2026-06-14,6.62,2794621161
AVAX,2026-06-15,6.85,2893674240
AVAX,2026-06-16,6.86,2898330785
AVAX,2026-06-17,6.86,2896281618
AVAX,2026-06-18,6.54,2760460197
AVAX,2026-06-19,6.06,2558599786
AVAX,2026-06-20,6.09,2570343457
AVAX,2026-06-21,6.25,2637819452
AVAX,2026-06-22,6.27,2649347546
AVAX,2026-06-23,6.28,2653510264
AVAX,2026-06-24,6.35,2682191467
AVAX,2026-06-25,6.32,2670352824
AVAX,2026-06-26,6.25,2639233218
AVAX,2026-06-27,6.55,2765169959
BNB,2025-06-28,646.88,93157001855
BNB,2025-06-29,649.91,93594162968
BNB,2025-06-30,655.82,94445633398
BNB,2025-07-01,651.49,93820981740
BNB,2025-07-02,657.41,94673802310
BNB,2025-07-03,661.38,95245929235
BNB,2025-07-04,657.23,94648507356
BNB,2025-07-05,655.3,94369572206
BNB,2025-07-06,658.81,94875556793
BNB,2025-07-07,661.14,95211529794
BNB,2025-07-08,660.22,95078546138
BNB,2025-07-09,663.41,95537546294
BNB,2025-07-10,673.01,96920289399
BNB,2025-07-11,689.7,99323897220
BNB,2025-07-12,688.58,99163542222
BNB,2025-07-13,689.57,99305409746
BNB,2025-07-14,696.04,100248843656
BNB,2025-07-15,683.24,98393598401
BNB,2025-07-16,697.25,100411481306
BNB,2025-07-17,717.55,103334620023
BNB,2025-07-18,737.3,106179098019
BNB,2025-07-19,732.37,105468962645
BNB,2025-07-20,746.8,107547923762
BNB,2025-07-21,763.63,109971091033
BNB,2025-07-22,765.24,110202565910
BNB,2025-07-23,786.38,113246555287
BNB,2025-07-24,772.29,111218233395
BNB,2025-07-25,769.49,110814628573
BNB,2025-07-26,783.39,112816453775
BNB,2025-07-27,807.23,116250189073
BNB,2025-07-28,840.91,121100616941
BNB,2025-07-29,818.55,117879732747
BNB,2025-07-30,794.61,114432346941
BNB,2025-07-31,799.05,115071782591
BNB,2025-08-01,769.45,110809700965
BNB,2025-08-02,752.54,108374398554
BNB,2025-08-03,748.21,107749970551
BNB,2025-08-04,759.96,109442514423
BNB,2025-08-05,757.95,109152628250
BNB,2025-08-06,762.79,109849533163
BNB,2025-08-07,773.79,111434224714
BNB,2025-08-08,788.91,113612067833
BNB,2025-08-09,804.86,115909031120
BNB,2025-08-10,803.67,115736922570
BNB,2025-08-11,809.13,116522965035
BNB,2025-08-12,815.79,117482341893
BNB,2025-08-13,843.54,121479326612
BNB,2025-08-14,847.98,122118370777
BNB,2025-08-15,837.39,120592655499
BNB,2025-08-16,834.06,120113071861
BNB,2025-08-17,854.09,122998040269
BNB,2025-08-18,840.64,121061003491
BNB,2025-08-19,839.94,120960615536
BNB,2025-08-20,841.65,121206831144
BNB,2025-08-21,853.05,122848646427
BNB,2025-08-22,865.36,124621487384
BNB,2025-08-23,886.08,127604516613
BNB,2025-08-24,872.46,125644010253
BNB,2025-08-25,863.14,124301516526
BNB,2025-08-26,849.33,122312817892
BNB,2025-08-27,861.01,123994565462
BNB,2025-08-28,869.46,125210992921
BNB,2025-08-29,862.69,124236311827
BNB,2025-08-30,859.18,123730599252
BNB,2025-08-31,862.3,124180965441
BNB,2025-09-01,852.93,122831520541
BNB,2025-09-02,850.71,122510705592
BNB,2025-09-03,854.96,123123723139
BNB,2025-09-04,848.24,122155580294
BNB,2025-09-05,849.24,122299262490
BNB,2025-09-06,858.85,123683141995
BNB,2025-09-07,870.99,125432431675
BNB,2025-09-08,878.78,126553311368
BNB,2025-09-09,877.81,126413494543
BNB,2025-09-10,888.48,127950240036
BNB,2025-09-11,896.62,129122727291
BNB,2025-09-12,911.29,131235682279
BNB,2025-09-13,931.03,134078377099
BNB,2025-09-14,932.83,134336923881
BNB,2025-09-15,922.95,132915332369
BNB,2025-09-16,934.85,134627750862
BNB,2025-09-17,957.02,137821601185
BNB,2025-09-18,992.17,142883137680
BNB,2025-09-19,987.3,142181549123
BNB,2025-09-20,1007.61,145107024653
BNB,2025-09-21,1058.2,152391483311
BNB,2025-09-22,1014.13,146045736356
BNB,2025-09-23,1005.6,144817308016
BNB,2025-09-24,1017.57,146541663204
BNB,2025-09-25,985.88,141977789353
BNB,2025-09-26,949.14,136686604528
BNB,2025-09-27,970.54,139767789417
BNB,2025-09-28,975.5,140482136503
BNB,2025-09-29,1011.71,145696620867
BNB,2025-09-30,1013.75,145990611347
BNB,2025-10-01,1019.26,146784131421
BNB,2025-10-02,1051.51,151428704150
BNB,2025-10-03,1125.92,162145153295
BNB,2025-10-04,1158.42,166825111804
BNB,2025-10-05,1163.56,167565859939
BNB,2025-10-06,1209.37,174162769905
BNB,2025-10-07,1274.7,179739044531
BNB,2025-10-08,1305.44,181697590880
BNB,2025-10-09,1271.06,176911996979
BNB,2025-10-10,1233.95,171746312295
BNB,2025-10-11,1131.46,157482170399
BNB,2025-10-12,1218.09,169538553775
BNB,2025-10-13,1300.71,181038785503
BNB,2025-10-14,1222.26,170119426830
BNB,2025-10-15,1184.54,164869292446
BNB,2025-10-16,1170.88,162968769213
BNB,2025-10-17,1090,151710717596
BNB,2025-10-18,1096.88,152668395020
BNB,2025-10-19,1102.8,153493030675
BNB,2025-10-20,1111.15,154654651611
BNB,2025-10-21,1082.13,150616079381
BNB,2025-10-22,1069.35,148836584296
BNB,2025-10-23,1104.65,153749649349
BNB,2025-10-24,1122.44,156225514962
BNB,2025-10-25,1114.21,155081308863
BNB,2025-10-26,1126.74,156824713865
BNB,2025-10-27,1150.06,160070705779
BNB,2025-10-28,1132.26,157592794429
BNB,2025-10-29,1110.54,154569574289
BNB,2025-10-30,1095.71,152506460019
BNB,2025-10-31,1087.3,151335233070
BNB,2025-11-01,1090.37,151762680919
BNB,2025-11-02,1086.24,151187831065
BNB,2025-11-03,1022.26,142282572119
BNB,2025-11-04,953.3,132684421329
BNB,2025-11-05,950.04,132230096299
BNB,2025-11-06,949.97,132220892505
BNB,2025-11-07,961.65,133847046000
BNB,2025-11-08,994.67,138442351285
BNB,2025-11-09,991.9,138057035351
BNB,2025-11-10,998.19,138932250476
BNB,2025-11-11,979.31,136304804425
BNB,2025-11-12,960.16,133638709638
BNB,2025-11-13,950.23,132256729602
BNB,2025-11-14,919.58,127991721084
BNB,2025-11-15,933.64,129947809622
BNB,2025-11-16,932.22,129750229122
BNB,2025-11-17,922.33,128373981741
BNB,2025-11-18,919.46,127974553581
BNB,2025-11-19,912.49,127004371411
BNB,2025-11-20,894.86,124550247854
BNB,2025-11-21,835.53,116293326472
BNB,2025-11-22,828.33,115291069665
BNB,2025-11-23,846.17,117773310521
BNB,2025-11-24,851.86,118566121942
BNB,2025-11-25,856.72,119242655651
BNB,2025-11-26,870.02,121093918365
BNB,2025-11-27,894.22,124460902074
BNB,2025-11-28,891.72,124113852675
BNB,2025-11-29,879.86,122462164104
BNB,2025-11-30,884.18,123064023871
BNB,2025-12-01,825.3,114869399803
BNB,2025-12-02,850.43,118366605844
BNB,2025-12-03,899.08,125138449584
BNB,2025-12-04,909.52,126590663275
BNB,2025-12-05,893.06,124300619282
BNB,2025-12-06,888.02,123599203360
BNB,2025-12-07,893.63,124379008965
BNB,2025-12-08,902.49,125612177137
BNB,2025-12-09,897.12,124864872126
BNB,2025-12-10,893.76,124396950664
BNB,2025-12-11,872.67,121461752878
BNB,2025-12-12,885.08,123189396245
BNB,2025-12-13,891.08,124024881459
BNB,2025-12-14,890.25,123908365860
BNB,2025-12-15,874.73,121748827101
BNB,2025-12-16,864.4,120311431604
BNB,2025-12-17,856.91,119268274715
BNB,2025-12-18,836.76,116464544315
BNB,2025-12-19,844.7,117568975646
BNB,2025-12-20,853.78,118832541293
BNB,2025-12-21,852.84,118702285948
BNB,2025-12-22,861.79,119947144997
BNB,2025-12-23,849.15,118188665476
BNB,2025-12-24,841.91,117181279631
BNB,2025-12-25,841.16,117076134913
BNB,2025-12-26,836.93,116487134341
BNB,2025-12-27,839.38,116828084641
BNB,2025-12-28,852.08,118596483864
BNB,2025-12-29,856.84,119259152460
BNB,2025-12-30,856.12,119159075232
BNB,2025-12-31,863.57,120195980607
BNB,2026-01-01,861.56,119916189455
BNB,2026-01-02,872.15,121389015744
BNB,2026-01-03,876.24,121958714299
BNB,2026-01-04,888.46,123659674257
BNB,2026-01-05,903.37,125734872440
BNB,2026-01-06,909.49,126586867683
BNB,2026-01-07,905.81,126074705311
BNB,2026-01-08,889.11,123750582687
BNB,2026-01-09,893,124291755342
BNB,2026-01-10,904.37,125874063718
BNB,2026-01-11,909.06,126526422861
BNB,2026-01-12,903.81,125796725823
BNB,2026-01-13,917.27,127669196329
BNB,2026-01-14,941.62,131058610411
BNB,2026-01-15,936.17,130299671343
BNB,2026-01-16,932.6,129802777540
BNB,2026-01-17,943.26,131287310985
BNB,2026-01-18,947.81,131920372642
BNB,2026-01-19,925.14,128765040423
BNB,2026-01-20,909.92,126646971157
BNB,2026-01-21,878.54,122279731253
BNB,2026-01-22,889.02,123738399469
BNB,2026-01-23,890.69,123970031585
BNB,2026-01-24,890.05,123880736314
BNB,2026-01-25,875.36,121835966874
BNB,2026-01-26,872.68,121463421538
BNB,2026-01-27,885.7,123275357733
BNB,2026-01-28,901.35,125454451330
BNB,2026-01-29,884.46,123103006130
BNB,2026-01-30,847.75,117994237999
BNB,2026-01-31,820.55,114208476693
BNB,2026-02-01,769.57,107112814073
BNB,2026-02-02,763.78,106306831189
BNB,2026-02-03,768.18,106918899318
BNB,2026-02-04,739.58,102938304115
BNB,2026-02-05,670.87,93374205640
BNB,2026-02-06,638.79,88910127321
BNB,2026-02-07,646.68,90008345729
BNB,2026-02-08,644.12,89651519167
BNB,2026-02-09,634.28,88281248922
BNB,2026-02-10,627.07,87278168453
BNB,2026-02-11,605.18,84231531883
BNB,2026-02-12,612.08,85191868199
BNB,2026-02-13,608.55,84700895128
BNB,2026-02-14,627.33,87314954310
BNB,2026-02-15,625.36,87040530852
BNB,2026-02-16,616.92,85866272242
BNB,2026-02-17,621.23,86465192497
BNB,2026-02-18,614.7,85557025065
BNB,2026-02-19,605.75,84310337379
BNB,2026-02-20,614.88,85582414201
BNB,2026-02-21,627.88,87390855393
BNB,2026-02-22,619.22,86185680820
BNB,2026-02-23,599.85,83489226243
BNB,2026-02-24,589.37,82030868117
BNB,2026-02-25,610.79,85012095795
BNB,2026-02-26,625.73,87092276637
BNB,2026-02-27,619.63,86242554527
BNB,2026-02-28,606.46,84410490083
BNB,2026-03-01,623.29,86752407830
BNB,2026-03-02,628.37,87458783362
BNB,2026-03-03,631.6,87909098628
BNB,2026-03-04,647.74,90155620773
BNB,2026-03-05,653.65,90977612492
BNB,2026-03-06,638.09,88811642187
BNB,2026-03-07,625.69,87085665377
BNB,2026-03-08,617.56,85954850477
BNB,2026-03-09,629.74,87649966671
BNB,2026-03-10,644.05,89641818911
BNB,2026-03-11,645.54,89849768993
BNB,2026-03-12,649.18,90355802727
BNB,2026-03-13,662.16,92162504778
BNB,2026-03-14,654.08,91037861638
BNB,2026-03-15,661.24,92033732028
BNB,2026-03-16,677.7,94325134947
BNB,2026-03-17,673.32,93715474772
BNB,2026-03-18,661.8,92112662933
BNB,2026-03-19,643.94,89626320673
BNB,2026-03-20,641.61,89302443442
BNB,2026-03-21,642.42,89414357903
BNB,2026-03-22,630.63,87774143909
BNB,2026-03-23,633.8,88215054159
BNB,2026-03-24,633.64,88192497197
BNB,2026-03-25,645.31,89816472645
BNB,2026-03-26,633.12,88120033579
BNB,2026-03-27,617.44,85938640824
BNB,2026-03-28,613.77,85427757358
BNB,2026-03-29,611.13,85059382731
BNB,2026-03-30,614.57,85538402354
BNB,2026-03-31,611.66,85133451149
BNB,2026-04-01,614.89,85582706748
BNB,2026-04-02,586.37,81614080711
BNB,2026-04-03,586.74,81665171625
BNB,2026-04-04,590.89,82242122496
BNB,2026-04-05,592.78,82505626349
BNB,2026-04-06,604.37,84118969903
BNB,2026-04-07,602.12,83806146136
BNB,2026-04-08,610.57,84982090146
BNB,2026-04-09,603.19,83954313929
BNB,2026-04-10,604.14,84087425933
BNB,2026-04-11,607.32,84529321094
BNB,2026-04-12,595,82814855459
BNB,2026-04-13,601.39,83703440162
BNB,2026-04-14,616.55,85814491416
BNB,2026-04-15,618.74,86118638810
BNB,2026-04-16,625.81,87103495173
BNB,2026-04-17,636.2,88549788714
BNB,2026-04-18,637.09,88672658057
BNB,2026-04-19,623.25,86746678743
BNB,2026-04-20,625.89,87113575569
BNB,2026-04-21,631.8,87936805267
BNB,2026-04-22,642.42,89414695162
BNB,2026-04-23,636.52,88593696919
BNB,2026-04-24,637.19,88686341081
BNB,2026-04-25,634.21,88272393079
BNB,2026-04-26,632.38,88017887714
BNB,2026-04-27,628.43,87467003689
BNB,2026-04-28,623.98,86847747208
BNB,2026-04-29,622.13,86590496565
BNB,2026-04-30,616.87,85858196901
BNB,2026-05-01,618.45,86078964197
BNB,2026-05-02,617.02,85879773429
BNB,2026-05-03,618.51,86086538026
BNB,2026-05-04,625.72,87090738888
BNB,2026-05-05,629.09,87559275163
BNB,2026-05-06,643.96,89629231816
BNB,2026-05-07,645.03,89777759851
BNB,2026-05-08,641.81,89329366192
BNB,2026-05-09,650.98,90606966197
BNB,2026-05-10,652.67,90841773558
BNB,2026-05-11,657.32,91488048476
BNB,2026-05-12,661.15,92022085747
BNB,2026-05-13,674.55,93887020167
BNB,2026-05-14,675.18,93973890046
BNB,2026-05-15,678.56,94445334133
BNB,2026-05-16,659.1,91736318835
BNB,2026-05-17,653.56,90965599150
BNB,2026-05-18,641.49,89285708866
BNB,2026-05-19,641.07,89227439846
BNB,2026-05-20,644.47,89700518758
BNB,2026-05-21,653.09,90900031313
BNB,2026-05-22,656.74,91407955582
BNB,2026-05-23,647.69,90148935506
BNB,2026-05-24,656.44,91365700153
BNB,2026-05-25,662.02,92143437157
BNB,2026-05-26,658.31,91626852150
BNB,2026-05-27,653.03,90892282344
BNB,2026-05-28,637.22,88691783017
BNB,2026-05-29,638.35,88847786154
BNB,2026-05-30,682.16,94946058823
BNB,2026-05-31,721.73,100453031198
BNB,2026-06-01,694.04,96600225020
BNB,2026-06-02,674.19,93836727247
BNB,2026-06-03,635.67,88475135100
BNB,2026-06-04,604.02,84070448062
BNB,2026-06-05,585.14,81442582110
BNB,2026-06-06,574.75,79996384089
BNB,2026-06-07,589.57,82058700576
BNB,2026-06-08,601.93,83778690839
BNB,2026-06-09,596.49,83021976518
BNB,2026-06-10,587.8,81812275246
BNB,2026-06-11,598.27,83269773331
BNB,2026-06-12,604.16,84089448168
BNB,2026-06-13,605.71,84305300621
BNB,2026-06-14,609.27,84800983983
BNB,2026-06-15,619.37,86206665727
BNB,2026-06-16,611.05,85048645620
BNB,2026-06-17,604.06,84076168571
BNB,2026-06-18,587.21,81730308595
BNB,2026-06-19,576.89,80294501349
BNB,2026-06-20,584.6,81367123903
BNB,2026-06-21,588.65,81930778911
BNB,2026-06-22,592.76,82503448501
BNB,2026-06-23,578.68,80543675435
BNB,2026-06-24,570.05,79342065878
BNB,2026-06-25,561.6,78165302217
BNB,2026-06-26,562.71,78320529363
BNB,2026-06-27,564.65,78590418002
BONK,2025-06-28,1.386e-05,1074029852
BONK,2025-06-29,1.461e-05,1132739025
BONK,2025-06-30,1.463e-05,1133546983
BONK,2025-07-01,1.396e-05,1081785195
BONK,2025-07-02,1.448e-05,1122350985
BONK,2025-07-03,1.671e-05,1295518475
BONK,2025-07-04,1.676e-05,1299085677
BONK,2025-07-05,1.809e-05,1402236904
BONK,2025-07-06,2.148e-05,1664814115
BONK,2025-07-07,2.239e-05,1735153210
BONK,2025-07-08,2.248e-05,1742079987
BONK,2025-07-09,2.123e-05,1645632965
BONK,2025-07-10,2.226e-05,1725072758
BONK,2025-07-11,2.338e-05,1811877940
BONK,2025-07-12,2.324e-05,1800940771
BONK,2025-07-13,2.553e-05,1978761858
BONK,2025-07-14,2.697e-05,2088878503
BONK,2025-07-15,2.866e-05,2221087883
BONK,2025-07-16,3.386e-05,2624387902
BONK,2025-07-17,3.701e-05,2868168824
BONK,2025-07-18,3.445e-05,2669895344
BONK,2025-07-19,3.325e-05,2577151969
BONK,2025-07-20,3.381e-05,2620232034
BONK,2025-07-21,3.447e-05,2671963083
BONK,2025-07-22,3.482e-05,2698749072
BONK,2025-07-23,3.455e-05,2677946642
BONK,2025-07-24,3.452e-05,2675316569
BONK,2025-07-25,3.375e-05,2615491934
BONK,2025-07-26,3.509e-05,2719947218
BONK,2025-07-27,3.445e-05,2670482638
BONK,2025-07-28,3.423e-05,2652942626
BONK,2025-07-29,3.099e-05,2402055020
BONK,2025-07-30,2.82e-05,2186039207
BONK,2025-07-31,2.823e-05,2187956243
BONK,2025-08-01,2.617e-05,2028166356
BONK,2025-08-02,2.537e-05,1966709846
BONK,2025-08-03,2.559e-05,1983477323
BONK,2025-08-04,2.672e-05,2071104391
BONK,2025-08-05,2.518e-05,1951776483
BONK,2025-08-06,2.411e-05,1868861573
BONK,2025-08-07,2.513e-05,1947960732
BONK,2025-08-08,2.608e-05,2021099273
BONK,2025-08-09,2.689e-05,2084486996
BONK,2025-08-10,2.721e-05,2108684785
BONK,2025-08-11,2.673e-05,2071511045
BONK,2025-08-12,2.492e-05,1931604138
BONK,2025-08-13,2.67e-05,2069494975
BONK,2025-08-14,2.558e-05,1982998118
BONK,2025-08-15,2.397e-05,1858070703
BONK,2025-08-16,2.403e-05,1862221942
BONK,2025-08-17,2.424e-05,1878679653
BONK,2025-08-18,2.275e-05,1762964722
BONK,2025-08-19,2.21e-05,1713002847
BONK,2025-08-20,2.179e-05,1688550524
BONK,2025-08-21,2.168e-05,1680488334
BONK,2025-08-22,2.216e-05,1717661906
BONK,2025-08-23,2.301e-05,1783274551
BONK,2025-08-24,2.256e-05,1748588757
BONK,2025-08-25,2.122e-05,1644924691
BONK,2025-08-26,2.062e-05,1598064253
BONK,2025-08-27,2.132e-05,1652264435
BONK,2025-08-28,2.138e-05,1657292945
BONK,2025-08-29,2.103e-05,1630030922
BONK,2025-08-30,2.212e-05,1714209860
BONK,2025-08-31,2.256e-05,1748566465
BONK,2025-09-01,2.101e-05,1628377314
BONK,2025-09-02,2.036e-05,1578126751
BONK,2025-09-03,2.053e-05,1591013390
BONK,2025-09-04,1.973e-05,1529458689
BONK,2025-09-05,1.998e-05,1548306268
BONK,2025-09-06,2.004e-05,1553238363
BONK,2025-09-07,2.041e-05,1581752010
BONK,2025-09-08,2.218e-05,1719167284
BONK,2025-09-09,2.31e-05,1790653903
BONK,2025-09-10,2.307e-05,1787739250
BONK,2025-09-11,2.355e-05,1825626857
BONK,2025-09-12,2.51e-05,1945381801
BONK,2025-09-13,2.626e-05,2035449296
BONK,2025-09-14,2.515e-05,1949108945
BONK,2025-09-15,2.353e-05,1823472020
BONK,2025-09-16,2.353e-05,1823861441
BONK,2025-09-17,2.407e-05,1865346931
BONK,2025-09-18,2.523e-05,1955166252
BONK,2025-09-19,2.441e-05,1891989208
BONK,2025-09-20,2.338e-05,1812447036
BONK,2025-09-21,2.289e-05,1773890738
BONK,2025-09-22,2.076e-05,1609413079
BONK,2025-09-23,2.064e-05,1599727944
BONK,2025-09-24,2.047e-05,1586609710
BONK,2025-09-25,1.956e-05,1516295546
BONK,2025-09-26,1.928e-05,1494647288
BONK,2025-09-27,1.936e-05,1500149914
BONK,2025-09-28,1.902e-05,1474286903
BONK,2025-09-29,1.923e-05,1490794265
BONK,2025-09-30,1.903e-05,1474860981
BONK,2025-10-01,1.992e-05,1544012962
BONK,2025-10-02,2.063e-05,1599095533
BONK,2025-10-03,2.035e-05,1577253344
BONK,2025-10-04,2.043e-05,1583356854
BONK,2025-10-05,2.032e-05,1574808179
BONK,2025-10-06,2.068e-05,1603090175
BONK,2025-10-07,2.06e-05,1596925076
BONK,2025-10-08,1.996e-05,1546820832
BONK,2025-10-09,1.935e-05,1499848085
BONK,2025-10-10,1.799e-05,1394006946
BONK,2025-10-11,1.411e-05,1093795200
BONK,2025-10-12,1.432e-05,1109627461
BONK,2025-10-13,1.595e-05,1236053752
BONK,2025-10-14,1.591e-05,1232939487
BONK,2025-10-15,1.579e-05,1223822420
BONK,2025-10-16,1.502e-05,1164191449
BONK,2025-10-17,1.396e-05,1082325893
BONK,2025-10-18,1.423e-05,1102597424
BONK,2025-10-19,1.449e-05,1123207648
BONK,2025-10-20,1.505e-05,1166094749
BONK,2025-10-21,1.476e-05,1144386606
BONK,2025-10-22,1.42e-05,1100830979
BONK,2025-10-23,1.425e-05,1104387033
BONK,2025-10-24,1.465e-05,1135518147
BONK,2025-10-25,1.48e-05,1147389531
BONK,2025-10-26,1.504e-05,1165357884
BONK,2025-10-27,1.522e-05,1179787850
BONK,2025-10-28,1.478e-05,1145898181
BONK,2025-10-29,1.454e-05,1127187893
BONK,2025-10-30,1.377e-05,1067021305
BONK,2025-10-31,1.371e-05,1062694156
BONK,2025-11-01,1.417e-05,1098452015
BONK,2025-11-02,1.405e-05,1089126174
BONK,2025-11-03,1.285e-05,995637155
BONK,2025-11-04,1.178e-05,912715977
BONK,2025-11-05,1.196e-05,926907588
BONK,2025-11-06,1.209e-05,936932700
BONK,2025-11-07,1.262e-05,977763131
BONK,2025-11-08,1.307e-05,1013351958
BONK,2025-11-09,1.28e-05,992094292
BONK,2025-11-10,1.328e-05,1029247262
BONK,2025-11-11,1.298e-05,1006031756
BONK,2025-11-12,1.249e-05,968050302
BONK,2025-11-13,1.207e-05,935797996
BONK,2025-11-14,1.134e-05,878887761
BONK,2025-11-15,1.121e-05,868852039
BONK,2025-11-16,1.087e-05,842555159
BONK,2025-11-17,1.049e-05,813366556
BONK,2025-11-18,1.035e-05,802257318
BONK,2025-11-19,1.015e-05,787063437
BONK,2025-11-20,1.004e-05,778028807
BONK,2025-11-21,9.14e-06,708690390
BONK,2025-11-22,8.65e-06,670777034
BONK,2025-11-23,8.94e-06,692835901
BONK,2025-11-24,9.22e-06,714679500
BONK,2025-11-25,9.84e-06,763009416
BONK,2025-11-26,9.74e-06,755090077
BONK,2025-11-27,9.97e-06,773057242
BONK,2025-11-28,9.87e-06,765113105
BONK,2025-11-29,9.71e-06,752467127
BONK,2025-11-30,9.66e-06,748910828
BONK,2025-12-01,8.75e-06,678469340
BONK,2025-12-02,9.18e-06,711320093
BONK,2025-12-03,9.87e-06,764852926
BONK,2025-12-04,9.89e-06,766845678
BONK,2025-12-05,9.37e-06,725884032
BONK,2025-12-06,9.13e-06,707775745
BONK,2025-12-07,9.46e-06,732935551
BONK,2025-12-08,9.44e-06,732008578
BONK,2025-12-09,9.66e-06,748871427
BONK,2025-12-10,9.69e-06,750905070
BONK,2025-12-11,9.21e-06,713970573
BONK,2025-12-12,9.45e-06,732491530
BONK,2025-12-13,9.33e-06,723071121
BONK,2025-12-14,9.16e-06,709889745
BONK,2025-12-15,8.98e-06,695659947
BONK,2025-12-16,8.63e-06,668978888
BONK,2025-12-17,8.45e-06,654844231
BONK,2025-12-18,7.99e-06,619626282
BONK,2025-12-19,8e-06,619836125
BONK,2025-12-20,8.28e-06,641727703
BONK,2025-12-21,8.1e-06,628079181
BONK,2025-12-22,8.17e-06,633463984
BONK,2025-12-23,8.02e-06,621559333
BONK,2025-12-24,7.84e-06,607439368
BONK,2025-12-25,7.89e-06,611587925
BONK,2025-12-26,7.91e-06,612822164
BONK,2025-12-27,7.92e-06,613619579
BONK,2025-12-28,8.02e-06,621715601
BONK,2025-12-29,7.95e-06,615934565
BONK,2025-12-30,7.74e-06,599976222
BONK,2025-12-31,7.65e-06,592867229
BONK,2026-01-01,7.7e-06,596818317
BONK,2026-01-02,8.65e-06,670382942
BONK,2026-01-03,9.13e-06,707873852
BONK,2026-01-04,1.159e-05,898371087
BONK,2026-01-05,1.188e-05,920827718
BONK,2026-01-06,1.207e-05,935398446
BONK,2026-01-07,1.163e-05,901551551
BONK,2026-01-08,1.099e-05,851920828
BONK,2026-01-09,1.088e-05,842951623
BONK,2026-01-10,1.06e-05,821914201
BONK,2026-01-11,1.055e-05,817629168
BONK,2026-01-12,1.048e-05,812389484
BONK,2026-01-13,1.064e-05,825000648
BONK,2026-01-14,1.139e-05,882834199
BONK,2026-01-15,1.066e-05,826188028
BONK,2026-01-16,1.065e-05,825770753
BONK,2026-01-17,1.058e-05,819773185
BONK,2026-01-18,1.031e-05,799158615
BONK,2026-01-19,9.27e-06,718149254
BONK,2026-01-20,9.08e-06,703411563
BONK,2026-01-21,9.07e-06,702861471
BONK,2026-01-22,9.12e-06,706928392
BONK,2026-01-23,9.1e-06,705005445
BONK,2026-01-24,8.97e-06,695589571
BONK,2026-01-25,8.66e-06,671482973
BONK,2026-01-26,8.64e-06,669973627
BONK,2026-01-27,8.72e-06,675755643
BONK,2026-01-28,8.77e-06,679882578
BONK,2026-01-29,8.36e-06,647873102
BONK,2026-01-30,8.05e-06,624277777
BONK,2026-01-31,7.56e-06,586122713
BONK,2026-02-01,7.13e-06,552630200
BONK,2026-02-02,7.12e-06,551656131
BONK,2026-02-03,7.14e-06,553580345
BONK,2026-02-04,7.06e-06,547244756
BONK,2026-02-05,6.51e-06,504527265
BONK,2026-02-06,6.16e-06,477257853
BONK,2026-02-07,6.39e-06,495635762
BONK,2026-02-08,6.35e-06,491895963
BONK,2026-02-09,6.19e-06,480036613
BONK,2026-02-10,6.05e-06,469055773
BONK,2026-02-11,5.87e-06,454852631
BONK,2026-02-12,6.05e-06,468661127
BONK,2026-02-13,6.14e-06,476085920
BONK,2026-02-14,6.63e-06,514107572
BONK,2026-02-15,6.8e-06,527192024
BONK,2026-02-16,6.56e-06,508813988
BONK,2026-02-17,6.52e-06,505379291
BONK,2026-02-18,6.41e-06,497095914
BONK,2026-02-19,6.17e-06,477958332
BONK,2026-02-20,6.26e-06,485231659
BONK,2026-02-21,6.4e-06,495939563
BONK,2026-02-22,6.14e-06,475713898
BONK,2026-02-23,5.94e-06,460658981
BONK,2026-02-24,5.8e-06,449548306
BONK,2026-02-25,6.15e-06,476414609
BONK,2026-02-26,6.26e-06,485460603
BONK,2026-02-27,6.08e-06,471253624
BONK,2026-02-28,5.78e-06,447854647
BONK,2026-03-01,5.95e-06,461038701
BONK,2026-03-02,6e-06,464882882
BONK,2026-03-03,5.93e-06,459353260
BONK,2026-03-04,6.15e-06,476364030
BONK,2026-03-05,6.17e-06,478012450
BONK,2026-03-06,6e-06,465304763
BONK,2026-03-07,5.78e-06,447843978
BONK,2026-03-08,5.62e-06,435874827
BONK,2026-03-09,5.78e-06,447991214
BONK,2026-03-10,5.99e-06,464089059
BONK,2026-03-11,5.95e-06,461174778
BONK,2026-03-12,5.95e-06,461129057
BONK,2026-03-13,6.28e-06,486680061
BONK,2026-03-14,6.05e-06,468980187
BONK,2026-03-15,5.98e-06,463286108
BONK,2026-03-16,6.5e-06,503705606
BONK,2026-03-17,6.52e-06,505462608
BONK,2026-03-18,6.44e-06,499238406
BONK,2026-03-19,6.02e-06,466659733
BONK,2026-03-20,5.98e-06,463376603
BONK,2026-03-21,5.95e-06,460785203
BONK,2026-03-22,5.75e-06,445873641
BONK,2026-03-23,5.87e-06,454878869
BONK,2026-03-24,5.97e-06,462705452
BONK,2026-03-25,6.23e-06,483241952
BONK,2026-03-26,5.99e-06,464154336
BONK,2026-03-27,5.81e-06,450529265
BONK,2026-03-28,5.77e-06,447569096
BONK,2026-03-29,5.7e-06,442094894
BONK,2026-03-30,5.83e-06,452046129
BONK,2026-03-31,5.82e-06,450735261
BONK,2026-04-01,5.93e-06,459587184
BONK,2026-04-02,5.69e-06,441065840
BONK,2026-04-03,5.75e-06,445425559
BONK,2026-04-04,5.7e-06,441656092
BONK,2026-04-05,5.54e-06,429060830
BONK,2026-04-06,5.82e-06,451301205
BONK,2026-04-07,5.69e-06,440709866
BONK,2026-04-08,5.99e-06,464018670
BONK,2026-04-09,5.81e-06,450430744
BONK,2026-04-10,5.92e-06,458816480
BONK,2026-04-11,5.93e-06,459605702
BONK,2026-04-12,5.72e-06,443419926
BONK,2026-04-13,5.71e-06,442873277
BONK,2026-04-14,5.93e-06,459525517
BONK,2026-04-15,5.97e-06,463074525
BONK,2026-04-16,6.3e-06,487992052
BONK,2026-04-17,6.47e-06,501380935
BONK,2026-04-18,6.25e-06,484529973
BONK,2026-04-19,6.04e-06,467757336
BONK,2026-04-20,6.08e-06,471082553
BONK,2026-04-21,6.15e-06,476366552
BONK,2026-04-22,6.4e-06,496390233
BONK,2026-04-23,6.32e-06,489543434
BONK,2026-04-24,6.37e-06,494036700
BONK,2026-04-25,6.28e-06,486803925
BONK,2026-04-26,6.29e-06,487523699
BONK,2026-04-27,6.25e-06,484366364
BONK,2026-04-28,6.2e-06,480818079
BONK,2026-04-29,6.26e-06,484835719
BONK,2026-04-30,6.21e-06,481145230
BONK,2026-05-01,6.26e-06,484925521
BONK,2026-05-02,6.27e-06,485705883
BONK,2026-05-03,6.25e-06,484349757
BONK,2026-05-04,6.29e-06,487903584
BONK,2026-05-05,6.44e-06,499095776
BONK,2026-05-06,6.75e-06,523155940
BONK,2026-05-07,6.81e-06,527842011
BONK,2026-05-08,6.98e-06,541125948
BONK,2026-05-09,7.25e-06,561836667
BONK,2026-05-10,7.41e-06,574648074
BONK,2026-05-11,7.52e-06,583202168
BONK,2026-05-12,7.24e-06,560918490
BONK,2026-05-13,7.01e-06,543621005
BONK,2026-05-14,6.87e-06,532763029
BONK,2026-05-15,6.7e-06,519069293
BONK,2026-05-16,6.33e-06,490464388
BONK,2026-05-17,6.22e-06,481840150
BONK,2026-05-18,5.95e-06,461450402
BONK,2026-05-19,5.95e-06,461508828
BONK,2026-05-20,6.02e-06,466701039
BONK,2026-05-21,6.16e-06,477229666
BONK,2026-05-22,6.19e-06,479994798
BONK,2026-05-23,5.95e-06,461470364
BONK,2026-05-24,6.03e-06,467741504
BONK,2026-05-25,6.09e-06,471750477
BONK,2026-05-26,6e-06,465366710
BONK,2026-05-27,5.91e-06,457841810
BONK,2026-05-28,5.48e-06,424557299
BONK,2026-05-29,5.46e-06,422888263
BONK,2026-05-30,5.49e-06,425563962
BONK,2026-05-31,5.47e-06,423975795
BONK,2026-06-01,5.48e-06,424948720
BONK,2026-06-02,5.31e-06,411441018
BONK,2026-06-03,5.11e-06,395891876
BONK,2026-06-04,4.82e-06,373549451
BONK,2026-06-05,4.45e-06,344714501
BONK,2026-06-06,4.23e-06,327829884
BONK,2026-06-07,4.34e-06,336267580
BONK,2026-06-08,4.42e-06,342842920
BONK,2026-06-09,4.37e-06,338659340
BONK,2026-06-10,4.28e-06,331589187
BONK,2026-06-11,4.35e-06,337328066
BONK,2026-06-12,4.43e-06,343059486
BONK,2026-06-13,4.45e-06,345128058
BONK,2026-06-14,4.44e-06,344495517
BONK,2026-06-15,4.81e-06,372969452
BONK,2026-06-16,4.77e-06,369645477
BONK,2026-06-17,4.75e-06,368032135
BONK,2026-06-18,4.58e-06,354627364
BONK,2026-06-19,4.49e-06,347733785
BONK,2026-06-20,4.54e-06,352178528
BONK,2026-06-21,4.58e-06,355237265
BONK,2026-06-22,4.6e-06,356666414
BONK,2026-06-23,4.43e-06,343349732
BONK,2026-06-24,4.29e-06,332290786
BONK,2026-06-25,4.15e-06,321705715
BONK,2026-06-26,4.11e-06,318697719
BONK,2026-06-27,4.22e-06,327290805
BTC,2025-06-28,107318.32,2133981383136
BTC,2025-06-29,107669.7,2141016840961
BTC,2025-06-30,107808.24,2143829497057
BTC,2025-07-01,106563.78,2119127737595
BTC,2025-07-02,107785.2,2143463253961
BTC,2025-07-03,109440.77,2176441399966
BTC,2025-07-04,108577.92,2159331791117
BTC,2025-07-05,108171.28,2151300787783
BTC,2025-07-06,108477.62,2157446127847
BTC,2025-07-07,108601.9,2159971424072
BTC,2025-07-08,108502.15,2158036990041
BTC,2025-07-09,109343.7,2174827224489
BTC,2025-07-10,112063.35,2228977359690
BTC,2025-07-11,117314.09,2333475468453
BTC,2025-07-12,117489.67,2337024109574
BTC,2025-07-13,118113.3,2349480923540
BTC,2025-07-14,120643.3,2399860639183
BTC,2025-07-15,117265.67,2332732076343
BTC,2025-07-16,118561.06,2358555606613
BTC,2025-07-17,118701.32,2361393109753
BTC,2025-07-18,118806.24,2363530470340
BTC,2025-07-19,118042.84,2348397941734
BTC,2025-07-20,117974.79,2347096442065
BTC,2025-07-21,118027.02,2348190576732
BTC,2025-07-22,118472.98,2357121344859
BTC,2025-07-23,118413.6,2355991726007
BTC,2025-07-24,118570.28,2359162335286
BTC,2025-07-25,116286.01,2313767560978
BTC,2025-07-26,117754.06,2343035231086
BTC,2025-07-27,118439.94,2356736356297
BTC,2025-07-28,118584.64,2359671218306
BTC,2025-07-29,118137.03,2350807452462
BTC,2025-07-30,117779.06,2343732562585
BTC,2025-07-31,117939.07,2346967276853
BTC,2025-08-01,114844.42,2285439467450
BTC,2025-08-02,113395.25,2256652248436
BTC,2025-08-03,113891.96,2266590021061
BTC,2025-08-04,114814.23,2285003334654
BTC,2025-08-05,114140.14,2271644893398
BTC,2025-08-06,114477.57,2278409937885
BTC,2025-08-07,115918.75,2307149998543
BTC,2025-08-08,116645.37,2321667424919
BTC,2025-08-09,116701.41,2322824329947
BTC,2025-08-10,118104.86,2350807815132
BTC,2025-08-11,120301.34,2394580672962
BTC,2025-08-12,119132.25,2371361369172
BTC,2025-08-13,120695.46,2402534860356
BTC,2025-08-14,120391.99,2396554500723
BTC,2025-08-15,118278.22,2354532005972
BTC,2025-08-16,117698.5,2343041911685
BTC,2025-08-17,117963.78,2348380811674
BTC,2025-08-18,115956.16,2308468589238
BTC,2025-08-19,114684.68,2283207402791
BTC,2025-08-20,113730.97,2264269361812
BTC,2025-08-21,113287.45,2255489944670
BTC,2025-08-22,114408.73,2277868540492
BTC,2025-08-23,115445.14,2298555312036
BTC,2025-08-24,114512.63,2280044360222
BTC,2025-08-25,111923.92,2228554522948
BTC,2025-08-26,110360.97,2197485361223
BTC,2025-08-27,111518.61,2220589585738
BTC,2025-08-28,112570,2241578768053
BTC,2025-08-29,109894.51,2188355905692
BTC,2025-08-30,108566,2161957013539
BTC,2025-08-31,108860.04,2167861988357
BTC,2025-09-01,108605.41,2162840146456
BTC,2025-09-02,110396.82,2198574443253
BTC,2025-09-03,111542.95,2221449650214
BTC,2025-09-04,110700.62,2204723102722
BTC,2025-09-05,111554.99,2221786255357
BTC,2025-09-06,110656.91,2203946650329
BTC,2025-09-07,111007.08,2210974507444
BTC,2025-09-08,111812.86,2227078692670
BTC,2025-09-09,111934.25,2229553286604
BTC,2025-09-10,112764.91,2246157192569
BTC,2025-09-11,114263.57,2276067220659
BTC,2025-09-12,115519.53,2301134509575
BTC,2025-09-13,115818.78,2307141527812
BTC,2025-09-14,115706.95,2304968309198
BTC,2025-09-15,115318.75,2297292758961
BTC,2025-09-16,115862.58,2308181333846
BTC,2025-09-17,116368.07,2318306388000
BTC,2025-09-18,117289.88,2336722587784
BTC,2025-09-19,116363.63,2318327081350
BTC,2025-09-20,115842.48,2308008530055
BTC,2025-09-21,115635.22,2303931999924
BTC,2025-09-22,113261.77,2256697025805
BTC,2025-09-23,112601.65,2243596715915
BTC,2025-09-24,113007.01,2251726203752
BTC,2025-09-25,111322.68,2218215074400
BTC,2025-09-26,109490.1,2181748559954
BTC,2025-09-27,109544.19,2182876863483
BTC,2025-09-28,110039.32,2192796383983
BTC,2025-09-29,112925.09,2250354598175
BTC,2025-09-30,113797.52,2267793090584
BTC,2025-10-01,116199.82,2315725944002
BTC,2025-10-02,119373.06,2379017932383
BTC,2025-10-03,121082.36,2413132076389
BTC,2025-10-04,122199.36,2435438109335
BTC,2025-10-05,123446.95,2460357459643
BTC,2025-10-06,124481.16,2481026203288
BTC,2025-10-07,123346.45,2458460372027
BTC,2025-10-08,122580.95,2443258262597
BTC,2025-10-09,121854.72,2428831915531
BTC,2025-10-10,119624.04,2384419410988
BTC,2025-10-11,111959.7,2231693785878
BTC,2025-10-12,112571.43,2243942601512
BTC,2025-10-13,115128.26,2294958875440
BTC,2025-10-14,112682.17,2246256476739
BTC,2025-10-15,111933.78,2231393875073
BTC,2025-10-16,110161.87,2196121376460
BTC,2025-10-17,106892.75,2131005175711
BTC,2025-10-18,107011.43,2133420816129
BTC,2025-10-19,107924.33,2151674190468
BTC,2025-10-20,110522.42,2203519808731
BTC,2025-10-21,109810.89,2189387865274
BTC,2025-10-22,108066.49,2154659481341
BTC,2025-10-23,109442.24,2182138535740
BTC,2025-10-24,110838.44,2210031487321
BTC,2025-10-25,111475.98,2222803462073
BTC,2025-10-26,112784.97,2248957942907
BTC,2025-10-27,115122.07,2295612989725
BTC,2025-10-28,114250.95,2278296941180
BTC,2025-10-29,112354.75,2240535266771
BTC,2025-10-30,109109.22,2175861603564
BTC,2025-10-31,109678.62,2187268156714
BTC,2025-11-01,110139.14,2196501033110
BTC,2025-11-02,110385.15,2201459232524
BTC,2025-11-03,107654.72,2147052716081
BTC,2025-11-04,103790.11,2070021311917
BTC,2025-11-05,102545.17,2045236896342
BTC,2025-11-06,102584.27,2046062887761
BTC,2025-11-07,101773.49,2029934366007
BTC,2025-11-08,102324.83,2040972734024
BTC,2025-11-09,102867.65,2051844015986
BTC,2025-11-10,105944.83,2113265435152
BTC,2025-11-11,104632.09,2087130173111
BTC,2025-11-12,103178.47,2058180008182
BTC,2025-11-13,101603.25,2026806031467
BTC,2025-11-14,96760.18,1930239546811
BTC,2025-11-15,95903.02,1913184602031
BTC,2025-11-16,95270.66,1900612499809
BTC,2025-11-17,94266.69,1880626010322
BTC,2025-11-18,91789.37,1831240327459
BTC,2025-11-19,91016.81,1815865864452
BTC,2025-11-20,90399.12,1803579735546
BTC,2025-11-21,84612.54,1688166094889
BTC,2025-11-22,84403.71,1684039322148
BTC,2025-11-23,86561.63,1727132965506
BTC,2025-11-24,87248.79,1740882246903
BTC,2025-11-25,87471.6,1745363549175
BTC,2025-11-26,88104.93,1758039972434
BTC,2025-11-27,91278.63,1821409950926
BTC,2025-11-28,91379.02,1823455155051
BTC,2025-11-29,90797.28,1811887837987
BTC,2025-11-30,91248.66,1820939068733
BTC,2025-12-01,86179.97,1719830148296
BTC,2025-12-02,88698.72,1770131048433
BTC,2025-12-03,92904.18,1854097673516
BTC,2025-12-04,92893.75,1853925979148
BTC,2025-12-05,90963.01,1815428216259
BTC,2025-12-06,89611.33,1788491796169
BTC,2025-12-07,89791.87,1792139049381
BTC,2025-12-08,91103.87,1818371585142
BTC,2025-12-09,91402.3,1824367291866
BTC,2025-12-10,92454.26,1845404869912
BTC,2025-12-11,90674.73,1809928056778
BTC,2025-12-12,91620.41,1828847885208
BTC,2025-12-13,90314.89,1802830855300
BTC,2025-12-14,89539.56,1787390616117
BTC,2025-12-15,88289.63,1762472720770
BTC,2025-12-16,86864.95,1734074028981
BTC,2025-12-17,86887,1734552635897
BTC,2025-12-18,86694.97,1730757131968
BTC,2025-12-19,87486.38,1746596099262
BTC,2025-12-20,88237.52,1761633651320
BTC,2025-12-21,88320.13,1763320785371
BTC,2025-12-22,89156.59,1780058505772
BTC,2025-12-23,87790.29,1752819530056
BTC,2025-12-24,87276.79,1742608561532
BTC,2025-12-25,87760.46,1752307025743
BTC,2025-12-26,88108.38,1759292613896
BTC,2025-12-27,87516.3,1747511465242
BTC,2025-12-28,87778.57,1752788929214
BTC,2025-12-29,88219.89,1761642658831
BTC,2025-12-30,87857.94,1754452572436
BTC,2025-12-31,88220.5,1761726834516
BTC,2026-01-01,87905.36,1755474223484
BTC,2026-01-02,89351.04,1784385917223
BTC,2026-01-03,90046.42,1798313792771
BTC,2026-01-04,91282.67,1823044699735
BTC,2026-01-05,93184.52,1861069116504
BTC,2026-01-06,93367.54,1864763186860
BTC,2026-01-07,91970.9,1836907787034
BTC,2026-01-08,90648.63,1810538439426
BTC,2026-01-09,90732.49,1812251732367
BTC,2026-01-10,90559.71,1808845261163
BTC,2026-01-11,90721.65,1812119777095
BTC,2026-01-12,91325.77,1824224456376
BTC,2026-01-13,92598.66,1849690429122
BTC,2026-01-14,95904.13,1915757170624
BTC,2026-01-15,96277.14,1923248026743
BTC,2026-01-16,95347.01,1904706969775
BTC,2026-01-17,95291.07,1903629506065
BTC,2026-01-18,95147.4,1900804870714
BTC,2026-01-19,92891.07,1855768986167
BTC,2026-01-20,90839.76,1814830215095
BTC,2026-01-21,89232.65,1782760266378
BTC,2026-01-22,89680.57,1791750422579
BTC,2026-01-23,89572.83,1789640717033
BTC,2026-01-24,89446.94,1787159199261
BTC,2026-01-25,88177.75,1761827233004
BTC,2026-01-26,87766.07,1753632612730
BTC,2026-01-27,88327.91,1764893465005
BTC,2026-01-28,89331.51,1784977842821
BTC,2026-01-29,86740.02,1733231110136
BTC,2026-01-30,83057.98,1659689427558
BTC,2026-01-31,81668.53,1631958811367
BTC,2026-02-01,78127.38,1561227027314
BTC,2026-02-02,77597.29,1550664820600
BTC,2026-02-03,77463.83,1548027089484
BTC,2026-02-04,75073.02,1500282371730
BTC,2026-02-05,68972.6,1378398435662
BTC,2026-02-06,67133.48,1341672881005
BTC,2026-02-07,69353.25,1386069053699
BTC,2026-02-08,70326.22,1405550847906
BTC,2026-02-09,70099.93,1401064364028
BTC,2026-02-10,69203.14,1383175436096
BTC,2026-02-11,67407.22,1347310638047
BTC,2026-02-12,66956.57,1338338462596
BTC,2026-02-13,67488.87,1349012128978
BTC,2026-02-14,69506.78,1389383607638
BTC,2026-02-15,69527.73,1389841980632
BTC,2026-02-16,68504.62,1369427847821
BTC,2026-02-17,68039.73,1360168444429
BTC,2026-02-18,67297.36,1345363155603
BTC,2026-02-19,66751.82,1334492292236
BTC,2026-02-20,67581.44,1351107561098
BTC,2026-02-21,68144.59,1362393591749
BTC,2026-02-22,67817.77,1355891107718
BTC,2026-02-23,65444.89,1308480617151
BTC,2026-02-24,63752.42,1274672765929
BTC,2026-02-25,66640.01,1332441063230
BTC,2026-02-26,67909.54,1357857029133
BTC,2026-02-27,66615.3,1332008267360
BTC,2026-02-28,65240.98,1304556529756
BTC,2026-03-01,66650.43,1332770837117
BTC,2026-03-02,67354.38,1346876238596
BTC,2026-03-03,67933.81,1358491011619
BTC,2026-03-04,70884.16,1417519474026
BTC,2026-03-05,72084.02,1441547670122
BTC,2026-03-06,69692.16,1393749812873
BTC,2026-03-07,67844.66,1356830889109
BTC,2026-03-08,67151.41,1342995261797
BTC,2026-03-09,67993.3,1359862176549
BTC,2026-03-10,70229.47,1404613495426
BTC,2026-03-11,70075.29,1401563142947
BTC,2026-03-12,70006.34,1400211650193
BTC,2026-03-13,71679.16,1433698309264
BTC,2026-03-14,70766.93,1415478136429
BTC,2026-03-15,71606.49,1432301051214
BTC,2026-03-16,73651.92,1473242812891
BTC,2026-03-17,74369.76,1487627990762
BTC,2026-03-18,72788.68,1456033976681
BTC,2026-03-19,70245.86,1405199314274
BTC,2026-03-20,70335.28,1407017622011
BTC,2026-03-21,70562.79,1411598697443
BTC,2026-03-22,68740.35,1375171857492
BTC,2026-03-23,69606.44,1392533273705
BTC,2026-03-24,70353.47,1407508447516
BTC,2026-03-25,71070.16,1421879511069
BTC,2026-03-26,69656.8,1393637625657
BTC,2026-03-27,67201.38,1344544316905
BTC,2026-03-28,66526.06,1331067198894
BTC,2026-03-29,66552.11,1331622149226
BTC,2026-03-30,67134.81,1343309305009
BTC,2026-03-31,67375,1348143503963
BTC,2026-04-01,68353.6,1367757320713
BTC,2026-04-02,66785,1336400217353
BTC,2026-04-03,66816.76,1337065655406
BTC,2026-04-04,67112.88,1343017154224
BTC,2026-04-05,67212.37,1345037376853
BTC,2026-04-06,69396.42,1388776057986
BTC,2026-04-07,68865.32,1378176017579
BTC,2026-04-08,71559.23,1432118971111
BTC,2026-04-09,71440.14,1429769760725
BTC,2026-04-10,72388.12,1448771782871
BTC,2026-04-11,72993.16,1460910297231
BTC,2026-04-12,71458.34,1430223097093
BTC,2026-04-13,71744.43,1435983694498
BTC,2026-04-14,74539.25,1491956251863
BTC,2026-04-15,74310.02,1487403758852
BTC,2026-04-16,74729.68,1495836193562
BTC,2026-04-17,76161,1524522110804
BTC,2026-04-18,76438.72,1530114398240
BTC,2026-04-19,75295.43,1507266116451
BTC,2026-04-20,75231.73,1506026473818
BTC,2026-04-21,75919.94,1519832537298
BTC,2026-04-22,78155.34,1564617062413
BTC,2026-04-23,77952.72,1560588947012
BTC,2026-04-24,77854.66,1558659531073
BTC,2026-04-25,77580.97,1553214391701
BTC,2026-04-26,78006.47,1561769494089
BTC,2026-04-27,77745.25,1556573772239
BTC,2026-04-28,76532.44,1532326414738
BTC,2026-04-29,76548.66,1532681678990
BTC,2026-04-30,76134.49,1524421879245
BTC,2026-05-01,77640.69,1554614373829
BTC,2026-05-02,78366.76,1569189038592
BTC,2026-05-03,78559.91,1573091492535
BTC,2026-05-04,79688.8,1595734560581
BTC,2026-05-05,81037.24,1622775070038
BTC,2026-05-06,81581.44,1633709235789
BTC,2026-05-07,80640.56,1614904373230
BTC,2026-05-08,79940.52,1600921599213
BTC,2026-05-09,80502.74,1612219904150
BTC,2026-05-10,81001.82,1622256115322
BTC,2026-05-11,81276.4,1627796603765
BTC,2026-05-12,80793.61,1618162547372
BTC,2026-05-13,80247.75,1607264525418
BTC,2026-05-14,80271.6,1607779592254
BTC,2026-05-15,80051.84,1603414377974
BTC,2026-05-16,78405.03,1570464499975
BTC,2026-05-17,78107.11,1564533538331
BTC,2026-05-18,76846.09,1539307699208
BTC,2026-05-19,76803.9,1538492995017
BTC,2026-05-20,77226.54,1546999495105
BTC,2026-05-21,77555.16,1553615405150
BTC,2026-05-22,76945.19,1541429650125
BTC,2026-05-23,75444.02,1511394451401
BTC,2026-05-24,76728.11,1537153516945
BTC,2026-05-25,77315.6,1548958472355
BTC,2026-05-26,76533.4,1533326647157
BTC,2026-05-27,75344.42,1509537403883
BTC,2026-05-28,73406.13,1470738072758
BTC,2026-05-29,73506.18,1472778692235
BTC,2026-05-30,73663.29,1475959318802
BTC,2026-05-31,73793.5,1478600645176
BTC,2026-06-01,72317.41,1449054458809
BTC,2026-06-02,68951.73,1381642595029
BTC,2026-06-03,66355.74,1329646990894
BTC,2026-06-04,63490.73,1272261883705
BTC,2026-06-05,61869.67,1239804709038
BTC,2026-06-06,60788.15,1218157296716
BTC,2026-06-07,61993.92,1242342430188
BTC,2026-06-08,63324.22,1269025747414
BTC,2026-06-09,62359.07,1249707916001
BTC,2026-06-10,61577.23,1234064852128
BTC,2026-06-11,62821.25,1259022729798
BTC,2026-06-12,63518.14,1273015553011
BTC,2026-06-13,63915.48,1281007082894
BTC,2026-06-14,64360.54,1289952255034
BTC,2026-06-15,66132.7,1325501935012
BTC,2026-06-16,66045.06,1323777776800
BTC,2026-06-17,65196.23,1306794717524
BTC,2026-06-18,63665.76,1276147474509
BTC,2026-06-19,62847.02,1259766895249
BTC,2026-06-20,63679.49,1276484353623
BTC,2026-06-21,64061.91,1284179212158
BTC,2026-06-22,64325.62,1289494626847
BTC,2026-06-23,62810.68,1259157031499
BTC,2026-06-24,61697.83,1236880177484
BTC,2026-06-25,60477.06,1212437657744
BTC,2026-06-26,59721.06,1197311248902
BTC,2026-06-27,60204.3,1207023518377
DOGE,2025-06-28,0.162823,24284627262
DOGE,2025-06-29,0.164447,24526939568
DOGE,2025-06-30,0.166181,24785439474
DOGE,2025-07-01,0.161251,24050271969
DOGE,2025-07-02,0.164232,24494763782
DOGE,2025-07-03,0.171966,25648367633
DOGE,2025-07-04,0.166434,24823295025
DOGE,2025-07-05,0.163914,24447410838
DOGE,2025-07-06,0.167186,24935401556
DOGE,2025-07-07,0.170344,25406346166
DOGE,2025-07-08,0.169366,25260474930
DOGE,2025-07-09,0.173645,25898755396
DOGE,2025-07-10,0.182998,27293691413
DOGE,2025-07-11,0.201061,29987719644
DOGE,2025-07-12,0.199014,29682546276
DOGE,2025-07-13,0.198904,29666126390
DOGE,2025-07-14,0.202198,30145339891
DOGE,2025-07-15,0.193128,28804535297
DOGE,2025-07-16,0.203319,30324629629
DOGE,2025-07-17,0.2134,31828113514
DOGE,2025-07-18,0.237066,35357844580
DOGE,2025-07-19,0.245601,36630816956
DOGE,2025-07-20,0.257518,38408165296
DOGE,2025-07-21,0.27291,40703884901
DOGE,2025-07-22,0.266096,39687649908
DOGE,2025-07-23,0.253204,37764780324
DOGE,2025-07-24,0.237646,35444398418
DOGE,2025-07-25,0.228741,34116153436
DOGE,2025-07-26,0.237134,35367954502
DOGE,2025-07-27,0.23839,35555364744
DOGE,2025-07-28,0.237072,35358716393
DOGE,2025-07-29,0.225419,33620793377
DOGE,2025-07-30,0.220601,32902127436
DOGE,2025-07-31,0.219281,32705300640
DOGE,2025-08-01,0.206316,30771483249
DOGE,2025-08-02,0.197806,29502278065
DOGE,2025-08-03,0.197468,29451923649
DOGE,2025-08-04,0.203934,30416304335
DOGE,2025-08-05,0.203413,30338635007
DOGE,2025-08-06,0.201676,30079557400
DOGE,2025-08-07,0.211077,31481663267
DOGE,2025-08-08,0.224106,33424820293
DOGE,2025-08-09,0.237797,35466855265
DOGE,2025-08-10,0.235157,35073195663
DOGE,2025-08-11,0.231851,34580015656
DOGE,2025-08-12,0.227448,33923417596
DOGE,2025-08-13,0.241806,36064864659
DOGE,2025-08-14,0.235292,35093258316
DOGE,2025-08-15,0.227603,33946461579
DOGE,2025-08-16,0.230934,34443315825
DOGE,2025-08-17,0.234168,34925654194
DOGE,2025-08-18,0.224413,33470693849
DOGE,2025-08-19,0.217052,32372850054
DOGE,2025-08-20,0.215314,32113594274
DOGE,2025-08-21,0.218721,32621693636
DOGE,2025-08-22,0.22457,33494057971
DOGE,2025-08-23,0.23604,35204771556
DOGE,2025-08-24,0.233615,34843151235
DOGE,2025-08-25,0.220827,32935888096
DOGE,2025-08-26,0.213263,31807745116
DOGE,2025-08-27,0.22023,32846764820
DOGE,2025-08-28,0.222739,33221039757
DOGE,2025-08-29,0.216203,32246121603
DOGE,2025-08-30,0.215719,32174044013
DOGE,2025-08-31,0.217923,32502695735
DOGE,2025-09-01,0.212642,31715096720
DOGE,2025-09-02,0.212439,31684747169
DOGE,2025-09-03,0.217341,32415957231
DOGE,2025-09-04,0.215044,32073255948
DOGE,2025-09-05,0.216074,32227006867
DOGE,2025-09-06,0.215481,32138527398
DOGE,2025-09-07,0.220124,32830959741
DOGE,2025-09-08,0.23525,35086989082
DOGE,2025-09-09,0.240272,35836006053
DOGE,2025-09-10,0.241977,36090323064
DOGE,2025-09-11,0.250072,37297593067
DOGE,2025-09-12,0.264837,39499894562
DOGE,2025-09-13,0.28798,42951565277
DOGE,2025-09-14,0.284253,42395618155
DOGE,2025-09-15,0.26936,40174349733
DOGE,2025-09-16,0.266914,39809670156
DOGE,2025-09-17,0.268745,40082637912
DOGE,2025-09-18,0.281511,41986731243
DOGE,2025-09-19,0.272096,40582461487
DOGE,2025-09-20,0.266308,39719238413
DOGE,2025-09-21,0.266072,39684008913
DOGE,2025-09-22,0.242277,36135020818
DOGE,2025-09-23,0.24021,35826760001
DOGE,2025-09-24,0.241794,36062947695
DOGE,2025-09-25,0.231607,34543691201
DOGE,2025-09-26,0.227832,33980672809
DOGE,2025-09-27,0.231038,34458721407
DOGE,2025-09-28,0.229922,34292263605
DOGE,2025-09-29,0.234139,34921317432
DOGE,2025-09-30,0.231472,34523457310
DOGE,2025-10-01,0.240584,35882572341
DOGE,2025-10-02,0.256178,38208289041
DOGE,2025-10-03,0.25832,38527767940
DOGE,2025-10-04,0.25183,37559902226
DOGE,2025-10-05,0.256698,38285957320
DOGE,2025-10-06,0.260865,38907414196
DOGE,2025-10-07,0.258502,38554967009
DOGE,2025-10-08,0.251953,37578170436
DOGE,2025-10-09,0.24775,36951344544
DOGE,2025-10-10,0.238947,35638433234
DOGE,2025-10-11,0.191735,28596831028
DOGE,2025-10-12,0.195362,29137765255
DOGE,2025-10-13,0.21069,31423916472
DOGE,2025-10-14,0.203438,30342324896
DOGE,2025-10-15,0.201407,30039363000
DOGE,2025-10-16,0.194618,29026841151
DOGE,2025-10-17,0.184891,27576003399
DOGE,2025-10-18,0.187822,28013208813
DOGE,2025-10-19,0.193217,28817897663
DOGE,2025-10-20,0.19932,29728168774
DOGE,2025-10-21,0.197472,29452494928
DOGE,2025-10-22,0.191573,28572600844
DOGE,2025-10-23,0.193858,28913522691
DOGE,2025-10-24,0.196655,29330574596
DOGE,2025-10-25,0.197798,29501107191
DOGE,2025-10-26,0.199805,29800526593
DOGE,2025-10-27,0.204667,30525558095
DOGE,2025-10-28,0.19925,29717700232
DOGE,2025-10-29,0.194164,28959176681
DOGE,2025-10-30,0.186198,27771069289
DOGE,2025-10-31,0.185402,27652271654
DOGE,2025-11-01,0.186909,27876995752
DOGE,2025-11-02,0.185652,27689599114
DOGE,2025-11-03,0.173336,25852614613
DOGE,2025-11-04,0.163985,24457976380
DOGE,2025-11-05,0.164917,24596967431
DOGE,2025-11-06,0.162923,24299636135
DOGE,2025-11-07,0.169092,25219720047
DOGE,2025-11-08,0.178051,26555963885
DOGE,2025-11-09,0.176178,26276564236
DOGE,2025-11-10,0.181102,27011020674
DOGE,2025-11-11,0.177497,26473338633
DOGE,2025-11-12,0.172562,25737280238
DOGE,2025-11-13,0.171072,25515021594
DOGE,2025-11-14,0.162341,24212778062
DOGE,2025-11-15,0.162641,24257528386
DOGE,2025-11-16,0.160821,23986152906
DOGE,2025-11-17,0.158777,23681250240
DOGE,2025-11-18,0.157328,23465061327
DOGE,2025-11-19,0.156215,23299112559
DOGE,2025-11-20,0.154942,23109246038
DOGE,2025-11-21,0.142094,21193056126
DOGE,2025-11-22,0.13873,20691200100
DOGE,2025-11-23,0.144372,21532682264
DOGE,2025-11-24,0.147872,22054774335
DOGE,2025-11-25,0.150457,22440345939
DOGE,2025-11-26,0.152447,22737061673
DOGE,2025-11-27,0.153793,22937853851
DOGE,2025-11-28,0.151137,22541796785
DOGE,2025-11-29,0.149287,22265882289
DOGE,2025-11-30,0.149391,22281395659
DOGE,2025-12-01,0.136338,20334573194
DOGE,2025-12-02,0.140003,20881093126
DOGE,2025-12-03,0.149742,22333657215
DOGE,2025-12-04,0.149715,22329590650
DOGE,2025-12-05,0.143681,21429695965
DOGE,2025-12-06,0.1397,20835975385
DOGE,2025-12-07,0.139745,20842627175
DOGE,2025-12-08,0.142364,21233332762
DOGE,2025-12-09,0.144103,21492640540
DOGE,2025-12-10,0.146379,21832081021
DOGE,2025-12-11,0.138779,20698501859
DOGE,2025-12-12,0.139195,20760683114
DOGE,2025-12-13,0.138596,20671246845
DOGE,2025-12-14,0.136723,20391920340
DOGE,2025-12-15,0.1338,19955931530
DOGE,2025-12-16,0.130585,19476386263
DOGE,2025-12-17,0.129563,19324072152
DOGE,2025-12-18,0.125325,18691986075
DOGE,2025-12-19,0.128268,19130838855
DOGE,2025-12-20,0.131771,19653305327
DOGE,2025-12-21,0.130939,19529198153
DOGE,2025-12-22,0.132552,19769796698
DOGE,2025-12-23,0.130585,19476460512
DOGE,2025-12-24,0.128185,19118506128
DOGE,2025-12-25,0.127285,18984256852
DOGE,2025-12-26,0.124152,18517038764
DOGE,2025-12-27,0.122905,18331044074
DOGE,2025-12-28,0.124007,18495376769
DOGE,2025-12-29,0.124778,18610295284
DOGE,2025-12-30,0.123586,18432518561
DOGE,2025-12-31,0.121307,18092612832
DOGE,2026-01-01,0.121446,18113322335
DOGE,2026-01-02,0.132867,19816797958
DOGE,2026-01-03,0.142268,21218980624
DOGE,2026-01-04,0.150579,22458526530
DOGE,2026-01-05,0.150088,22385337256
DOGE,2026-01-06,0.150061,22381194980
DOGE,2026-01-07,0.147812,22045830133
DOGE,2026-01-08,0.143068,21338287689
DOGE,2026-01-09,0.141247,21066675344
DOGE,2026-01-10,0.140004,20881206856
DOGE,2026-01-11,0.139004,20732118034
DOGE,2026-01-12,0.138106,20598212799
DOGE,2026-01-13,0.140643,20976518225
DOGE,2026-01-14,0.147855,22052189010
DOGE,2026-01-15,0.142759,21292196865
DOGE,2026-01-16,0.138495,20656223212
DOGE,2026-01-17,0.137987,20580380903
DOGE,2026-01-18,0.137137,20453652315
DOGE,2026-01-19,0.128137,19111395619
DOGE,2026-01-20,0.125856,18771187152
DOGE,2026-01-21,0.125022,18646676159
DOGE,2026-01-22,0.125755,18756019727
DOGE,2026-01-23,0.124958,18637194819
DOGE,2026-01-24,0.124276,18535414316
DOGE,2026-01-25,0.122002,18196388603
DOGE,2026-01-26,0.121847,18173185865
DOGE,2026-01-27,0.123085,18357897263
DOGE,2026-01-28,0.125309,18689606108
DOGE,2026-01-29,0.119822,17871128783
DOGE,2026-01-30,0.115236,17187244906
DOGE,2026-01-31,0.109384,16314372689
DOGE,2026-02-01,0.104926,15649411112
DOGE,2026-02-02,0.105773,15775856210
DOGE,2026-02-03,0.106993,15957743513
DOGE,2026-02-04,0.10602,15812572418
DOGE,2026-02-05,0.097611,14558427445
DOGE,2026-02-06,0.094181,14046857931
DOGE,2026-02-07,0.097427,14531024414
DOGE,2026-02-08,0.097372,14522757967
DOGE,2026-02-09,0.095446,14235568488
DOGE,2026-02-10,0.093839,13995857885
DOGE,2026-02-11,0.091002,13572784494
DOGE,2026-02-12,0.092449,13788529137
DOGE,2026-02-13,0.094358,14073284151
DOGE,2026-02-14,0.101526,15142332941
DOGE,2026-02-15,0.109969,16401662577
DOGE,2026-02-16,0.101539,15144289375
DOGE,2026-02-17,0.100343,14965908970
DOGE,2026-02-18,0.100225,14948398276
DOGE,2026-02-19,0.097879,14598495606
DOGE,2026-02-20,0.099333,14815279122
DOGE,2026-02-21,0.099878,14896506452
DOGE,2026-02-22,0.096556,14401164491
DOGE,2026-02-23,0.09443,14083947257
DOGE,2026-02-24,0.091771,13687399491
DOGE,2026-02-25,0.097265,14506911315
DOGE,2026-02-26,0.098908,14751831050
DOGE,2026-02-27,0.095715,14275721451
DOGE,2026-02-28,0.091555,13655256815
DOGE,2026-03-01,0.093944,14011588826
DOGE,2026-03-02,0.09343,13934818505
DOGE,2026-03-03,0.090777,13539169441
DOGE,2026-03-04,0.094677,14120894717
DOGE,2026-03-05,0.095494,14242739967
DOGE,2026-03-06,0.092353,13774222629
DOGE,2026-03-07,0.090484,13495437060
DOGE,2026-03-08,0.089288,13317144987
DOGE,2026-03-09,0.090742,13534017278
DOGE,2026-03-10,0.094324,14068279642
DOGE,2026-03-11,0.092973,13866732446
DOGE,2026-03-12,0.093574,13956292847
DOGE,2026-03-13,0.097281,14509227558
DOGE,2026-03-14,0.095108,14185205805
DOGE,2026-03-15,0.095813,14290251053
DOGE,2026-03-16,0.100767,15029185303
DOGE,2026-03-17,0.100705,15019991130
DOGE,2026-03-18,0.097527,14545988094
DOGE,2026-03-19,0.093905,14005720623
DOGE,2026-03-20,0.094053,14027785495
DOGE,2026-03-21,0.094227,14053786371
DOGE,2026-03-22,0.091328,13621374864
DOGE,2026-03-23,0.092513,13798054936
DOGE,2026-03-24,0.093885,14002701553
DOGE,2026-03-25,0.096284,14360561121
DOGE,2026-03-26,0.092507,13797254727
DOGE,2026-03-27,0.090853,13550565560
DOGE,2026-03-28,0.091473,13643013857
DOGE,2026-03-29,0.090801,13542771058
DOGE,2026-03-30,0.092165,13746215138
DOGE,2026-03-31,0.091314,13619273250
DOGE,2026-04-01,0.092682,13823301095
DOGE,2026-04-02,0.090259,13461979079
DOGE,2026-04-03,0.091321,13620367440
DOGE,2026-04-04,0.091522,13650345907
DOGE,2026-04-05,0.09076,13536717206
DOGE,2026-04-06,0.092305,13767074033
DOGE,2026-04-07,0.091204,13602865253
DOGE,2026-04-08,0.094065,14029545945
DOGE,2026-04-09,0.092232,13756250277
DOGE,2026-04-10,0.09317,13896052425
DOGE,2026-04-11,0.09331,13916978525
DOGE,2026-04-12,0.091292,13616054910
DOGE,2026-04-13,0.091727,13680814904
DOGE,2026-04-14,0.094003,14020336516
DOGE,2026-04-15,0.093899,14004883348
DOGE,2026-04-16,0.096938,14458131334
DOGE,2026-04-17,0.099242,14801746941
DOGE,2026-04-18,0.096895,14451617302
DOGE,2026-04-19,0.094492,14093219597
DOGE,2026-04-20,0.09473,14128730248
DOGE,2026-04-21,0.095068,14179210136
DOGE,2026-04-22,0.09701,14468786089
DOGE,2026-04-23,0.09636,14371913569
DOGE,2026-04-24,0.097876,14597908896
DOGE,2026-04-25,0.098306,14662113886
DOGE,2026-04-26,0.098693,14719808611
DOGE,2026-04-27,0.098559,14699830324
DOGE,2026-04-28,0.099353,14818326095
DOGE,2026-04-29,0.103639,15457563484
DOGE,2026-04-30,0.106395,15868638887
DOGE,2026-05-01,0.108786,16225162132
DOGE,2026-05-02,0.108324,16156254405
DOGE,2026-05-03,0.108315,16154993717
DOGE,2026-05-04,0.111131,16574981378
DOGE,2026-05-05,0.1124,16764167140
DOGE,2026-05-06,0.114479,17074322714
DOGE,2026-05-07,0.109906,16392287692
DOGE,2026-05-08,0.107521,16036442285
DOGE,2026-05-09,0.109776,16372793068
DOGE,2026-05-10,0.109096,16271427358
DOGE,2026-05-11,0.110322,16454304265
DOGE,2026-05-12,0.109747,16368478541
DOGE,2026-05-13,0.112212,16736131552
DOGE,2026-05-14,0.114643,17098683427
DOGE,2026-05-15,0.114004,17003373913
DOGE,2026-05-16,0.110204,16436600488
DOGE,2026-05-17,0.110213,16437996682
DOGE,2026-05-18,0.104986,15658374308
DOGE,2026-05-19,0.103987,15509479286
DOGE,2026-05-20,0.103568,15446903183
DOGE,2026-05-21,0.105061,15669611792
DOGE,2026-05-22,0.105246,15697223454
DOGE,2026-05-23,0.101177,15090305895
DOGE,2026-05-24,0.102526,15291587476
DOGE,2026-05-25,0.102613,15304529748
DOGE,2026-05-26,0.101406,15124431556
DOGE,2026-05-27,0.101484,15136116580
DOGE,2026-05-28,0.098865,14745546736
DOGE,2026-05-29,0.099493,14839196116
DOGE,2026-05-30,0.100956,15057295903
DOGE,2026-05-31,0.100345,14966292322
DOGE,2026-06-01,0.099941,14905971355
DOGE,2026-06-02,0.097481,14539018547
DOGE,2026-06-03,0.092979,13867591153
DOGE,2026-06-04,0.089021,13277279535
DOGE,2026-06-05,0.083917,12516047341
DOGE,2026-06-06,0.081221,12113892973
DOGE,2026-06-07,0.084209,12559617858
DOGE,2026-06-08,0.086132,12846403481
DOGE,2026-06-09,0.085293,12721264682
DOGE,2026-06-10,0.083692,12482436211
DOGE,2026-06-11,0.085095,12691710109
DOGE,2026-06-12,0.086943,12967351332
DOGE,2026-06-13,0.087276,13017023539
DOGE,2026-06-14,0.087173,13001605543
DOGE,2026-06-15,0.089043,13280583744
DOGE,2026-06-16,0.087513,13052407648
DOGE,2026-06-17,0.086561,12910303953
DOGE,2026-06-18,0.084152,12551068897
DOGE,2026-06-19,0.082827,12353479912
DOGE,2026-06-20,0.083534,12458942923
DOGE,2026-06-21,0.08324,12415100748
DOGE,2026-06-22,0.083298,12423646775
DOGE,2026-06-23,0.079796,11901394540
DOGE,2026-06-24,0.077279,11525920280
DOGE,2026-06-25,0.0753,11230864762
DOGE,2026-06-26,0.074508,11112638132
DOGE,2026-06-27,0.075449,11253071521
DOT,2025-06-28,3.37,0
DOT,2025-06-29,3.42,0
DOT,2025-06-30,3.44,0
DOT,2025-07-01,3.34,0
DOT,2025-07-02,3.41,0
DOT,2025-07-03,3.57,0
DOT,2025-07-04,3.43,0
DOT,2025-07-05,3.36,0
DOT,2025-07-06,3.37,0
DOT,2025-07-07,3.39,0
DOT,2025-07-08,3.39,0
DOT,2025-07-09,3.51,0
DOT,2025-07-10,3.68,0
DOT,2025-07-11,3.96,0
DOT,2025-07-12,3.93,0
DOT,2025-07-13,3.97,0
DOT,2025-07-14,4.05,0
DOT,2025-07-15,3.93,0
DOT,2025-07-16,4.13,0
DOT,2025-07-17,4.18,29753804
DOT,2025-07-18,4.38,69727401
DOT,2025-07-19,4.28,68146961
DOT,2025-07-20,4.46,71065536
DOT,2025-07-21,4.53,72197153
DOT,2025-07-22,4.42,70383634
DOT,2025-07-23,4.31,68750107
DOT,2025-07-24,4.05,64584151
DOT,2025-07-25,3.99,63590408
DOT,2025-07-26,4.12,65669783
DOT,2025-07-27,4.17,66431004
DOT,2025-07-28,4.15,66168290
DOT,2025-07-29,3.95,62993641
DOT,2025-07-30,3.83,61050488
DOT,2025-07-31,3.82,60942307
DOT,2025-08-01,3.63,57810059
DOT,2025-08-02,3.54,56444978
DOT,2025-08-03,3.58,57018800
DOT,2025-08-04,3.66,58367486
DOT,2025-08-05,3.64,57973372
DOT,2025-08-06,3.63,57840765
DOT,2025-08-07,3.73,59498759
DOT,2025-08-08,3.91,62313302
DOT,2025-08-09,4.08,64946089
DOT,2025-08-10,4.06,64723869
DOT,2025-08-11,4,63724363
DOT,2025-08-12,4,63677417
DOT,2025-08-13,4.21,67170530
DOT,2025-08-14,4.14,65973864
DOT,2025-08-15,3.96,63148830
DOT,2025-08-16,3.94,62831609
DOT,2025-08-17,4.05,64544662
DOT,2025-08-18,3.92,62530015
DOT,2025-08-19,3.83,61045373
DOT,2025-08-20,3.81,60686049
DOT,2025-08-21,3.84,61209906
DOT,2025-08-22,3.92,62430290
DOT,2025-08-23,4.14,66053718
DOT,2025-08-24,4.12,65597572
DOT,2025-08-25,3.92,62537357
DOT,2025-08-26,3.82,60837223
DOT,2025-08-27,3.88,61856352
DOT,2025-08-28,3.93,62638784
DOT,2025-08-29,3.84,61121891
DOT,2025-08-30,3.78,60317917
DOT,2025-08-31,3.82,60816904
DOT,2025-09-01,3.73,59467281
DOT,2025-09-02,3.76,59972376
DOT,2025-09-03,3.84,61249002
DOT,2025-09-04,3.79,60402091
DOT,2025-09-05,3.81,60750638
DOT,2025-09-06,3.82,60936819
DOT,2025-09-07,3.92,62456288
DOT,2025-09-08,4.03,64237312
DOT,2025-09-09,4.09,65259033
DOT,2025-09-10,4.14,65965103
DOT,2025-09-11,4.21,67063771
DOT,2025-09-12,4.24,67514835
DOT,2025-09-13,4.47,71167166
DOT,2025-09-14,4.39,69918059
DOT,2025-09-15,4.23,67372780
DOT,2025-09-16,4.21,67094964
DOT,2025-09-17,4.23,67377645
DOT,2025-09-18,4.51,71903920
DOT,2025-09-19,4.53,72207587
DOT,2025-09-20,4.37,69628787
DOT,2025-09-21,4.32,68815124
DOT,2025-09-22,4.03,64293979
DOT,2025-09-23,4.01,63965944
DOT,2025-09-24,4.03,64276588
DOT,2025-09-25,3.91,62352347
DOT,2025-09-26,3.87,61713214
DOT,2025-09-27,3.89,62026255
DOT,2025-09-28,3.87,61647654
DOT,2025-09-29,3.97,63275819
DOT,2025-09-30,3.9,62139255
DOT,2025-10-01,4.02,64120615
DOT,2025-10-02,4.24,67522312
DOT,2025-10-03,4.27,68059180
DOT,2025-10-04,4.23,67387586
DOT,2025-10-05,4.23,67405015
DOT,2025-10-06,4.27,68036843
DOT,2025-10-07,4.28,68140743
DOT,2025-10-08,4.17,66382803
DOT,2025-10-09,4.06,64749201
DOT,2025-10-10,3.98,63402095
DOT,2025-10-11,3.12,49715341
DOT,2025-10-12,3.1,49408410
DOT,2025-10-13,3.31,52763774
DOT,2025-10-14,3.22,51372308
DOT,2025-10-15,3.21,51121701
DOT,2025-10-16,3.11,49616612
DOT,2025-10-17,2.93,46718393
DOT,2025-10-18,2.93,46681061
DOT,2025-10-19,2.98,47432926
DOT,2025-10-20,3.07,48958690
DOT,2025-10-21,3.05,48676375
DOT,2025-10-22,2.97,47407024
DOT,2025-10-23,2.97,47274437
DOT,2025-10-24,3.04,48518917
DOT,2025-10-25,3.06,48823873
DOT,2025-10-26,3.13,49907171
DOT,2025-10-27,3.18,50712546
DOT,2025-10-28,3.13,49831395
DOT,2025-10-29,3.09,49252048
DOT,2025-10-30,2.96,47177412
DOT,2025-10-31,2.89,46053260
DOT,2025-11-01,2.92,46576484
DOT,2025-11-02,2.95,47072824
DOT,2025-11-03,2.74,43658105
DOT,2025-11-04,2.56,40806082
DOT,2025-11-05,2.59,41222618
DOT,2025-11-06,2.62,41825303
DOT,2025-11-07,2.93,46648798
DOT,2025-11-08,3.26,51919396
DOT,2025-11-09,3.18,50647708
DOT,2025-11-10,3.23,51503613
DOT,2025-11-11,3.19,50844755
DOT,2025-11-12,3.03,48314095
DOT,2025-11-13,2.94,46815819
DOT,2025-11-14,2.85,45446226
DOT,2025-11-15,2.87,45791482
DOT,2025-11-16,2.82,44878853
DOT,2025-11-17,2.77,44179450
DOT,2025-11-18,2.73,43572865
DOT,2025-11-19,2.68,42736074
DOT,2025-11-20,2.67,42631273
DOT,2025-11-21,2.43,38715746
DOT,2025-11-22,2.3,36715259
DOT,2025-11-23,2.33,37113599
DOT,2025-11-24,2.31,36787301
DOT,2025-11-25,2.28,36342525
DOT,2025-11-26,2.3,36667784
DOT,2025-11-27,2.34,37360127
DOT,2025-11-28,2.32,36968699
DOT,2025-11-29,2.27,36141759
DOT,2025-11-30,2.27,36135624
DOT,2025-12-01,2.04,32438172
DOT,2025-12-02,2.13,34012809
DOT,2025-12-03,2.31,36736726
DOT,2025-12-04,2.32,37039579
DOT,2025-12-05,2.22,35324458
DOT,2025-12-06,2.12,33819854
DOT,2025-12-07,2.12,33808826
DOT,2025-12-08,2.13,34011397
DOT,2025-12-09,2.18,34760933
DOT,2025-12-10,2.23,35539613
DOT,2025-12-11,2.06,32869859
DOT,2025-12-12,2.03,32409810
DOT,2025-12-13,2.03,32422718
DOT,2025-12-14,1.99,31780940
DOT,2025-12-15,1.95,31057674
DOT,2025-12-16,1.9,30266514
DOT,2025-12-17,1.86,29634679
DOT,2025-12-18,1.8,28658077
DOT,2025-12-19,1.81,28867214
DOT,2025-12-20,1.84,29327899
DOT,2025-12-21,1.8,28759845
DOT,2025-12-22,1.81,28852815
DOT,2025-12-23,1.77,28149930
DOT,2025-12-24,1.73,27636863
DOT,2025-12-25,1.73,27558891
DOT,2025-12-26,1.72,27349657
DOT,2025-12-27,1.78,28420000
DOT,2025-12-28,1.87,29870352
DOT,2025-12-29,1.86,29581188
DOT,2025-12-30,1.82,28977677
DOT,2025-12-31,1.8,28761673
DOT,2026-01-01,1.85,29557929
DOT,2026-01-02,2.02,32262203
DOT,2026-01-03,2.14,34057446
DOT,2026-01-04,2.14,34173907
DOT,2026-01-05,2.16,34360651
DOT,2026-01-06,2.2,35103315
DOT,2026-01-07,2.18,34675545
DOT,2026-01-08,2.12,33829683
DOT,2026-01-09,2.09,33313642
DOT,2026-01-10,2.1,33460154
DOT,2026-01-11,2.09,33387824
DOT,2026-01-12,2.08,33087392
DOT,2026-01-13,2.14,34139552
DOT,2026-01-14,2.25,35853461
DOT,2026-01-15,2.17,34655669
DOT,2026-01-16,2.11,33688921
DOT,2026-01-17,2.17,34614846
DOT,2026-01-18,2.16,34452659
DOT,2026-01-19,1.99,31714103
DOT,2026-01-20,1.97,31423855
DOT,2026-01-21,1.94,30937234
DOT,2026-01-22,1.94,30979927
DOT,2026-01-23,1.94,30899068
DOT,2026-01-24,1.92,30611243
DOT,2026-01-25,1.88,29935839
DOT,2026-01-26,1.86,29598242
DOT,2026-01-27,1.86,29720516
DOT,2026-01-28,1.86,29682009
DOT,2026-01-29,1.78,28378099
DOT,2026-01-30,1.7,27104721
DOT,2026-01-31,1.6,25561694
DOT,2026-02-01,1.53,24372489
DOT,2026-02-02,1.53,24317108
DOT,2026-02-03,1.52,24198847
DOT,2026-02-04,1.49,23708090
DOT,2026-02-05,1.38,21958439
DOT,2026-02-06,1.31,20901166
DOT,2026-02-07,1.36,21664177
DOT,2026-02-08,1.36,21616678
DOT,2026-02-09,1.32,21033291
DOT,2026-02-10,1.29,20501351
DOT,2026-02-11,1.26,20020707
DOT,2026-02-12,1.28,20344147
DOT,2026-02-13,1.29,20589478
DOT,2026-02-14,1.37,21853981
DOT,2026-02-15,1.39,22076192
DOT,2026-02-16,1.36,21650553
DOT,2026-02-17,1.36,21752445
DOT,2026-02-18,1.34,21383144
DOT,2026-02-19,1.3,20641477
DOT,2026-02-20,1.31,20901062
DOT,2026-02-21,1.36,21685903
DOT,2026-02-22,1.33,21213234
DOT,2026-02-23,1.28,20325886
DOT,2026-02-24,1.25,19912387
DOT,2026-02-25,1.42,22673917
DOT,2026-02-26,1.6,25461215
DOT,2026-02-27,1.6,25505895
DOT,2026-02-28,1.55,24652123
DOT,2026-03-01,1.57,25071263
DOT,2026-03-02,1.54,24497954
DOT,2026-03-03,1.51,24027675
DOT,2026-03-04,1.54,24493368
DOT,2026-03-05,1.52,24288611
DOT,2026-03-06,1.51,23997336
DOT,2026-03-07,1.48,23583568
DOT,2026-03-08,1.45,23143471
DOT,2026-03-09,1.49,23739195
DOT,2026-03-10,1.51,24141606
DOT,2026-03-11,1.51,24063485
DOT,2026-03-12,1.51,24013475
DOT,2026-03-13,1.51,24039251
DOT,2026-03-14,1.44,22871880
DOT,2026-03-15,1.42,22662434
DOT,2026-03-16,1.57,24954610
DOT,2026-03-17,1.61,25586382
DOT,2026-03-18,1.6,25470122
DOT,2026-03-19,1.53,24447743
DOT,2026-03-20,1.53,24315025
DOT,2026-03-21,1.5,23927126
DOT,2026-03-22,1.45,23034917
DOT,2026-03-23,1.43,22853422
DOT,2026-03-24,1.4,22327200
DOT,2026-03-25,1.38,22018242
DOT,2026-03-26,1.33,21153600
DOT,2026-03-27,1.3,20691261
DOT,2026-03-28,1.29,20483394
DOT,2026-03-29,1.26,20119016
DOT,2026-03-30,1.26,20142625
DOT,2026-03-31,1.25,19962226
DOT,2026-04-01,1.27,20235441
DOT,2026-04-02,1.22,19512974
DOT,2026-04-03,1.25,19875465
DOT,2026-04-04,1.25,19914473
DOT,2026-04-05,1.24,19685499
DOT,2026-04-06,1.27,20278117
DOT,2026-04-07,1.24,19743476
DOT,2026-04-08,1.3,20766449
DOT,2026-04-09,1.27,20247333
DOT,2026-04-10,1.3,20758113
DOT,2026-04-11,1.29,20544075
DOT,2026-04-12,1.24,19715144
DOT,2026-04-13,1.19254,19005459
DOT,2026-04-14,1.183943,18868454
DOT,2026-04-15,1.17213,18680189
DOT,2026-04-16,1.27,20225720
DOT,2026-04-17,1.32,21084789
DOT,2026-04-18,1.3,20783770
DOT,2026-04-19,1.27,20203122
DOT,2026-04-20,1.27,20190760
DOT,2026-04-21,1.28,20350152
DOT,2026-04-22,1.3,20645264
DOT,2026-04-23,1.25,19904482
DOT,2026-04-24,1.25,19888561
DOT,2026-04-25,1.26,20046875
DOT,2026-04-26,1.26,20073644
DOT,2026-04-27,1.24,19733433
DOT,2026-04-28,1.23,19591490
DOT,2026-04-29,1.23,19548194
DOT,2026-04-30,1.21,19299747
DOT,2026-05-01,1.21,19260139
DOT,2026-05-02,1.21,19302660
DOT,2026-05-03,1.21,19341391
DOT,2026-05-04,1.23,19634436
DOT,2026-05-05,1.26,20078876
DOT,2026-05-06,1.31,20838277
DOT,2026-05-07,1.31,20905594
DOT,2026-05-08,1.33,21254392
DOT,2026-05-09,1.36,21707678
DOT,2026-05-10,1.36,21713947
DOT,2026-05-11,1.36,21723088
DOT,2026-05-12,1.34,21340739
DOT,2026-05-13,1.36,21709416
DOT,2026-05-14,1.35,21558022
DOT,2026-05-15,1.33,21214659
DOT,2026-05-16,1.28,20375942
DOT,2026-05-17,1.27,20290967
DOT,2026-05-18,1.23,19674890
DOT,2026-05-19,1.24,19710352
DOT,2026-05-20,1.24,19760226
DOT,2026-05-21,1.27,20239709
DOT,2026-05-22,1.31,20848081
DOT,2026-05-23,1.25,19930517
DOT,2026-05-24,1.27,20241062
DOT,2026-05-25,1.26,20154973
DOT,2026-05-26,1.26,20029259
DOT,2026-05-27,1.25,19990581
DOT,2026-05-28,1.2,19180586
DOT,2026-05-29,1.21,19214836
DOT,2026-05-30,1.197926,19091296
DOT,2026-05-31,1.184212,18872737
DOT,2026-06-01,1.165203,18569789
DOT,2026-06-02,1.123522,17905522
DOT,2026-06-03,1.102563,17571504
DOT,2026-06-04,1.052613,16775451
DOT,2026-06-05,0.981915,15648732
DOT,2026-06-06,0.939123,14966756
DOT,2026-06-07,0.9624,15337725
DOT,2026-06-08,0.974037,15523181
DOT,2026-06-09,0.961031,15315901
DOT,2026-06-10,0.938068,14949956
DOT,2026-06-11,0.947117,15094164
DOT,2026-06-12,0.955557,15228670
DOT,2026-06-13,0.977982,15586054
DOT,2026-06-14,0.968503,15434991
DOT,2026-06-15,1.013212,16147521
DOT,2026-06-16,1.01179,16124847
DOT,2026-06-17,1.015958,16191282
DOT,2026-06-18,0.975412,15545097
DOT,2026-06-19,0.959913,15298087
DOT,2026-06-20,0.962649,15341695
DOT,2026-06-21,0.96399,15363065
DOT,2026-06-22,0.955619,15229652
DOT,2026-06-23,0.909994,14502530
DOT,2026-06-24,0.891956,14215070
DOT,2026-06-25,0.869497,13857143
DOT,2026-06-26,0.840416,13393667
DOT,2026-06-27,0.847338,13503993
ETH,2025-06-28,2430.15,292654170341
ETH,2025-06-29,2445.59,294513922538
ETH,2025-06-30,2487.17,299520518834
ETH,2025-07-01,2448.78,294897701649
ETH,2025-07-02,2488.61,299694229617
ETH,2025-07-03,2587.68,311624729241
ETH,2025-07-04,2538.26,305673108798
ETH,2025-07-05,2516.47,303048770101
ETH,2025-07-06,2534.77,305252501347
ETH,2025-07-07,2555.98,307806711633
ETH,2025-07-08,2572.04,309741638018
ETH,2025-07-09,2657.12,319987764242
ETH,2025-07-10,2805.05,337802210286
ETH,2025-07-11,2977.82,358607486871
ETH,2025-07-12,2946.81,354873975140
ETH,2025-07-13,2965.86,357167371308
ETH,2025-07-14,3019.82,363636910160
ETH,2025-07-15,3012.52,362786418151
ETH,2025-07-16,3217.48,387468764913
ETH,2025-07-17,3413.34,411056079108
ETH,2025-07-18,3587.81,432066213229
ETH,2025-07-19,3563.1,429090904464
ETH,2025-07-20,3703.55,446004721276
ETH,2025-07-21,3773.42,454418624605
ETH,2025-07-22,3703.25,445968803411
ETH,2025-07-23,3654.85,440140571714
ETH,2025-07-24,3661.01,440881988758
ETH,2025-07-25,3666.8,441578634164
ETH,2025-07-26,3740.36,450437424955
ETH,2025-07-27,3802.41,457910788315
ETH,2025-07-28,3844.37,462962888112
ETH,2025-07-29,3799.09,457510584207
ETH,2025-07-30,3788.92,456285652453
ETH,2025-07-31,3810.55,458890364830
ETH,2025-08-01,3617.16,435601457384
ETH,2025-08-02,3477.13,418737683857
ETH,2025-08-03,3471.26,418031535865
ETH,2025-08-04,3609.25,434649219099
ETH,2025-08-05,3632.06,437395983212
ETH,2025-08-06,3632.2,437412168251
ETH,2025-08-07,3778.14,454987597381
ETH,2025-08-08,3949.82,475662105338
ETH,2025-08-09,4174.9,502767410055
ETH,2025-08-10,4224.24,508709782143
ETH,2025-08-11,4269.55,514166104280
ETH,2025-08-12,4385.42,528119661173
ETH,2025-08-13,4669.99,562389635208
ETH,2025-08-14,4653.18,560365414308
ETH,2025-08-15,4547.31,547616079831
ETH,2025-08-16,4430.42,533538817614
ETH,2025-08-17,4496.34,541478165840
ETH,2025-08-18,4332.95,521801586706
ETH,2025-08-19,4228.91,509271879241
ETH,2025-08-20,4228.84,509264103406
ETH,2025-08-21,4274.58,514772100019
ETH,2025-08-22,4487.26,540384577230
ETH,2025-08-23,4739.26,570731525414
ETH,2025-08-24,4792.59,577154218420
ETH,2025-08-25,4604.28,554475974677
ETH,2025-08-26,4480.81,539607480123
ETH,2025-08-27,4591.22,552903705051
ETH,2025-08-28,4541.59,546927344583
ETH,2025-08-29,4389.07,528560101761
ETH,2025-08-30,4366.13,525796539545
ETH,2025-08-31,4461.03,537225683914
ETH,2025-09-01,4378.57,527295627420
ETH,2025-09-02,4342.21,522916452232
ETH,2025-09-03,4389.76,528642674595
ETH,2025-09-04,4369.5,526202569777
ETH,2025-09-05,4345.1,523263928683
ETH,2025-09-06,4296.19,517374782133
ETH,2025-09-07,4298,517592834223
ETH,2025-09-08,4315.71,519725315045
ETH,2025-09-09,4317.97,519997037547
ETH,2025-09-10,4341.18,522792125893
ETH,2025-09-11,4417,531923448959
ETH,2025-09-12,4560.32,549183077153
ETH,2025-09-13,4692.1,565052737121
ETH,2025-09-14,4639.5,558717775991
ETH,2025-09-15,4555.71,548626913607
ETH,2025-09-16,4503.08,542289481181
ETH,2025-09-17,4511.88,543349062653
ETH,2025-09-18,4598.11,553733133465
ETH,2025-09-19,4519.71,544291683464
ETH,2025-09-20,4480.67,539590115240
ETH,2025-09-21,4478.4,539316851673
ETH,2025-09-22,4221.34,508359962264
ETH,2025-09-23,4186.1,504116294305
ETH,2025-09-24,4173.62,502613171627
ETH,2025-09-25,3997.5,481403812703
ETH,2025-09-26,3964.06,477377085660
ETH,2025-09-27,4015.05,483517666086
ETH,2025-09-28,4028.59,485147777861
ETH,2025-09-29,4149.33,499689056362
ETH,2025-09-30,4165.4,501624171280
ETH,2025-10-01,4255.01,512415479363
ETH,2025-10-02,4417.59,531993596059
ETH,2025-10-03,4497.17,541577593082
ETH,2025-10-04,4489.09,540604381618
ETH,2025-10-05,4534.77,546106180362
ETH,2025-10-06,4609.22,555071490148
ETH,2025-10-07,4618.33,556168715635
ETH,2025-10-08,4486.74,540322029818
ETH,2025-10-09,4386.38,528235314917
ETH,2025-10-10,4224.37,508725679142
ETH,2025-10-11,3802.94,457974354460
ETH,2025-10-12,3924.76,472644715913
ETH,2025-10-13,4176.05,502906582705
ETH,2025-10-14,4078.26,491130269232
ETH,2025-10-15,4064.89,489519193462
ETH,2025-10-16,3976.21,478840020789
ETH,2025-10-17,3832.11,461486413534
ETH,2025-10-18,3878.1,467025437790
ETH,2025-10-19,3939.12,474373798719
ETH,2025-10-20,4007.53,482612155806
ETH,2025-10-21,3935.62,473952580653
ETH,2025-10-22,3833.88,461699821287
ETH,2025-10-23,3858.3,464640920977
ETH,2025-10-24,3928.58,473104815790
ETH,2025-10-25,3941.52,474662725100
ETH,2025-10-26,4019.63,484069276519
ETH,2025-10-27,4180.43,503433782782
ETH,2025-10-28,4094.62,493099662376
ETH,2025-10-29,3985.71,479984501020
ETH,2025-10-30,3845.13,463054965036
ETH,2025-10-31,3848.09,463411365140
ETH,2025-11-01,3871.65,466248321174
ETH,2025-11-02,3875.76,466743350013
ETH,2025-11-03,3702.27,445850586261
ETH,2025-11-04,3466.02,417400492661
ETH,2025-11-05,3353.71,403874402715
ETH,2025-11-06,3365.83,405334441905
ETH,2025-11-07,3342.57,402533388425
ETH,2025-11-08,3421.15,411996844506
ETH,2025-11-09,3465.47,417333260099
ETH,2025-11-10,3588.96,432204648968
ETH,2025-11-11,3528.99,424983380926
ETH,2025-11-12,3459.06,416562385048
ETH,2025-11-13,3398.32,409246961259
ETH,2025-11-14,3181.4,383124819473
ETH,2025-11-15,3174,382233071637
ETH,2025-11-16,3154.67,379905151472
ETH,2025-11-17,3124.71,376297898610
ETH,2025-11-18,3067.44,369400972965
ETH,2025-11-19,3030.95,365006533182
ETH,2025-11-20,2966.77,357277077568
ETH,2025-11-21,2762.19,332640018270
ETH,2025-11-22,2746.03,330694474539
ETH,2025-11-23,2817.03,339244371508
ETH,2025-11-24,2862,344660627632
ETH,2025-11-25,2919.97,351640800669
ETH,2025-11-26,2959.55,356407841448
ETH,2025-11-27,3027.26,364561599349
ETH,2025-11-28,3036.07,365622656008
ETH,2025-11-29,3009.37,362407844190
ETH,2025-11-30,3018.47,363502803915
ETH,2025-12-01,2811.39,338564824322
ETH,2025-12-02,2885.08,347439729894
ETH,2025-12-03,3082.41,371202768210
ETH,2025-12-04,3178.46,382769805225
ETH,2025-12-05,3109.69,374487970557
ETH,2025-12-06,3038.75,365945158934
ETH,2025-12-07,3054.62,367856113948
ETH,2025-12-08,3126.53,376515997684
ETH,2025-12-09,3193.97,384637586887
ETH,2025-12-10,3335.02,401624513081
ETH,2025-12-11,3211.71,386774768402
ETH,2025-12-12,3186.6,383751026032
ETH,2025-12-13,3105.9,374031921438
ETH,2025-12-14,3101.12,373456994304
ETH,2025-12-15,3064.64,369062804403
ETH,2025-12-16,2942.49,354353242873
ETH,2025-12-17,2906,349959289067
ETH,2025-12-18,2853.28,343609796210
ETH,2025-12-19,2941.46,354229215654
ETH,2025-12-20,2981.25,359021011110
ETH,2025-12-21,2983.2,359255415205
ETH,2025-12-22,3026.97,364526912845
ETH,2025-12-23,2966.8,357281343280
ETH,2025-12-24,2938.44,353865580309
ETH,2025-12-25,2939.93,354045041130
ETH,2025-12-26,2946.97,354893140994
ETH,2025-12-27,2930.22,352875851610
ETH,2025-12-28,2942.47,354350698331
ETH,2025-12-29,2967.64,357381539455
ETH,2025-12-30,2962.83,356802548401
ETH,2025-12-31,2977.01,358510676004
ETH,2026-01-01,2982.68,359192633842
ETH,2026-01-02,3060.26,368536074113
ETH,2026-01-03,3110.32,374563778980
ETH,2026-01-04,3141.12,378272921505
ETH,2026-01-05,3185.74,383646372086
ETH,2026-01-06,3238.78,390034349951
ETH,2026-01-07,3208.06,386334381645
ETH,2026-01-08,3122.54,376036177423
ETH,2026-01-09,3099.62,373276007352
ETH,2026-01-10,3088.64,371953995727
ETH,2026-01-11,3106.2,374067933572
ETH,2026-01-12,3121.52,375912671295
ETH,2026-01-13,3158.6,380378878935
ETH,2026-01-14,3336.25,401772763350
ETH,2026-01-15,3323.99,400296225400
ETH,2026-01-16,3297.08,397055696324
ETH,2026-01-17,3302.22,397674313961
ETH,2026-01-18,3324.22,400323346755
ETH,2026-01-19,3212.25,386839951357
ETH,2026-01-20,3082.79,371248885848
ETH,2026-01-21,2968.94,357538969553
ETH,2026-01-22,2982.07,359119754677
ETH,2026-01-23,2950.32,355296600589
ETH,2026-01-24,2957.35,356143200665
ETH,2026-01-25,2906.31,349996481362
ETH,2026-01-26,2894.59,348585353734
ETH,2026-01-27,2945.1,354667140090
ETH,2026-01-28,3010.85,362585556999
ETH,2026-01-29,2899.96,349231519136
ETH,2026-01-30,2731.78,328978494935
ETH,2026-01-31,2577.99,310458432280
ETH,2026-02-01,2381.65,286813762958
ETH,2026-02-02,2297.2,276643497822
ETH,2026-02-03,2285.15,275191670091
ETH,2026-02-04,2213.25,266533267920
ETH,2026-02-05,2035.28,245100771624
ETH,2026-02-06,1961.14,236173370066
ETH,2026-02-07,2058.74,247926980580
ETH,2026-02-08,2101.33,253055868761
ETH,2026-02-09,2078.09,250256308293
ETH,2026-02-10,2035.37,245112396354
ETH,2026-02-11,1963.55,236462534864
ETH,2026-02-12,1956.32,235591997707
ETH,2026-02-13,1988.42,239457985222
ETH,2026-02-14,2073.05,249649928870
ETH,2026-02-15,2029.25,244375627034
ETH,2026-02-16,1974.93,237833373174
ETH,2026-02-17,1984.88,239031484791
ETH,2026-02-18,1981.78,238658273430
ETH,2026-02-19,1953.32,235230551602
ETH,2026-02-20,1958.16,235814431366
ETH,2026-02-21,1975.26,237873575908
ETH,2026-02-22,1963.67,236477686124
ETH,2026-02-23,1885.34,227043988408
ETH,2026-02-24,1840.07,221592820030
ETH,2026-02-25,1969.89,237226347664
ETH,2026-02-26,2047.24,246541513062
ETH,2026-02-27,1980.56,238511874352
ETH,2026-02-28,1908.87,229878203657
ETH,2026-03-01,1984.39,238972208390
ETH,2026-03-02,1986.47,239223120360
ETH,2026-03-03,1984.14,238943226710
ETH,2026-03-04,2063.9,248547691461
ETH,2026-03-05,2108.35,253900685317
ETH,2026-03-06,2032.98,244824627083
ETH,2026-03-07,1977.57,238151436106
ETH,2026-03-08,1951.45,235005808286
ETH,2026-03-09,1999.55,240798244800
ETH,2026-03-10,2046.28,246426272536
ETH,2026-03-11,2042.93,246022712084
ETH,2026-03-12,2053.26,247266057394
ETH,2026-03-13,2118.24,255091898043
ETH,2026-03-14,2082.32,250765799590
ETH,2026-03-15,2110.77,254192407424
ETH,2026-03-16,2275.31,274007005563
ETH,2026-03-17,2329.17,280493630911
ETH,2026-03-18,2262.9,272512640505
ETH,2026-03-19,2159.87,260105705710
ETH,2026-03-20,2141.8,257928562977
ETH,2026-03-21,2153.06,259285102009
ETH,2026-03-22,2083.67,250929227239
ETH,2026-03-23,2105.95,253612126953
ETH,2026-03-24,2142,257953244591
ETH,2026-03-25,2169.59,261275992878
ETH,2026-03-26,2095.85,252395500100
ETH,2026-03-27,2019.16,243159747377
ETH,2026-03-28,2005.62,241529523131
ETH,2026-03-29,1998.76,240703072160
ETH,2026-03-30,2042.85,246012543813
ETH,2026-03-31,2066.51,248861827383
ETH,2026-04-01,2127.63,256222574247
ETH,2026-04-02,2059.3,247994364151
ETH,2026-04-03,2055.35,247518152621
ETH,2026-04-04,2055.65,247554268889
ETH,2026-04-05,2053.86,247338866179
ETH,2026-04-06,2138.48,257529710598
ETH,2026-04-07,2109.91,254089107687
ETH,2026-04-08,2231.37,268715247519
ETH,2026-04-09,2192.15,263992044125
ETH,2026-04-10,2216.96,266980873795
ETH,2026-04-11,2256.7,271766514369
ETH,2026-04-12,2211.58,266333022768
ETH,2026-04-13,2218.95,267220213324
ETH,2026-04-14,2358.05,283970972319
ETH,2026-04-15,2337.9,281544332964
ETH,2026-04-16,2343.08,282168680190
ETH,2026-04-17,2382.32,286893627567
ETH,2026-04-18,2378.9,286481653342
ETH,2026-04-19,2319.2,279293046728
ETH,2026-04-20,2304.11,277475031806
ETH,2026-04-21,2315.1,278798726585
ETH,2026-04-22,2385.68,287298877016
ETH,2026-04-23,2335.06,281202893646
ETH,2026-04-24,2318.71,279234105366
ETH,2026-04-25,2317.17,279048410367
ETH,2026-04-26,2340.02,281800472994
ETH,2026-04-27,2323.35,279792290079
ETH,2026-04-28,2286.9,275403353356
ETH,2026-04-29,2292.62,276091463896
ETH,2026-04-30,2258.53,271986626816
ETH,2026-05-01,2290.24,275805728404
ETH,2026-05-02,2306.75,277793420526
ETH,2026-05-03,2319.26,279299851481
ETH,2026-05-04,2356.09,283735763644
ETH,2026-05-05,2375.11,286025328952
ETH,2026-05-06,2370.06,285418048974
ETH,2026-05-07,2315.62,278861649437
ETH,2026-05-08,2292.21,276042771008
ETH,2026-05-09,2320.09,279400188656
ETH,2026-05-10,2337.22,281462592941
ETH,2026-05-11,2336.23,281344006483
ETH,2026-05-12,2291.26,275928325101
ETH,2026-05-13,2280.91,274681682974
ETH,2026-05-14,2274.88,273955613557
ETH,2026-05-15,2245.57,270425123060
ETH,2026-05-16,2193.33,264134117984
ETH,2026-05-17,2184.51,263072666173
ETH,2026-05-18,2118.18,255085148036
ETH,2026-05-19,2120.41,255353018963
ETH,2026-05-20,2125.84,256006578189
ETH,2026-05-21,2131.73,256716629930
ETH,2026-05-22,2114.71,254667214993
ETH,2026-05-23,2062.86,248422472539
ETH,2026-05-24,2109.36,254022076884
ETH,2026-05-25,2112.66,254420249184
ETH,2026-05-26,2092.16,251951633022
ETH,2026-05-27,2065.06,248687835914
ETH,2026-05-28,1998.86,240715420122
ETH,2026-05-29,2010.92,242167967325
ETH,2026-05-30,2018.66,243099347214
ETH,2026-05-31,2016.78,242873494307
ETH,2026-06-01,1989.5,239588514695
ETH,2026-06-02,1952.49,235131407321
ETH,2026-06-03,1849.39,222714876598
ETH,2026-06-04,1773.29,213550354608
ETH,2026-06-05,1652.26,198975681606
ETH,2026-06-06,1563.52,188288807673
ETH,2026-06-07,1619.43,195022407897
ETH,2026-06-08,1681.6,202509416458
ETH,2026-06-09,1662.7,200232612505
ETH,2026-06-10,1630.12,196309463707
ETH,2026-06-11,1655.85,199408005427
ETH,2026-06-12,1668.07,200879463004
ETH,2026-06-13,1673.66,201552810217
ETH,2026-06-14,1677.01,201955625275
ETH,2026-06-15,1767.34,212834023316
ETH,2026-06-16,1786.7,215165107448
ETH,2026-06-17,1769.82,213133184675
ETH,2026-06-18,1726.09,207866485767
ETH,2026-06-19,1699.1,204616576153
ETH,2026-06-20,1723.17,207515354540
ETH,2026-06-21,1727.52,208039208151
ETH,2026-06-22,1740.26,209573435764
ETH,2026-06-23,1677.47,202012076382
ETH,2026-06-24,1642.11,197752894374
ETH,2026-06-25,1604.24,193192235651
ETH,2026-06-26,1561.38,188031498154
ETH,2026-06-27,1579.11,190166431363
FET,2025-06-28,0.672661,1755616862
FET,2025-06-29,0.688485,1796919009
FET,2025-06-30,0.688087,1795879608
FET,2025-07-01,0.667933,1743277193
FET,2025-07-02,0.695057,1814071064
FET,2025-07-03,0.725341,1893110912
FET,2025-07-04,0.69269,1807893334
FET,2025-07-05,0.668612,1745049109
FET,2025-07-06,0.665268,1736323502
FET,2025-07-07,0.672113,1754186667
FET,2025-07-08,0.671768,1753288048
FET,2025-07-09,0.680623,1776399270
FET,2025-07-10,0.707439,1846387722
FET,2025-07-11,0.742193,1937094633
FET,2025-07-12,0.697468,1820363201
FET,2025-07-13,0.714058,1863662169
FET,2025-07-14,0.73035,1906174609
FET,2025-07-15,0.704424,1838517276
FET,2025-07-16,0.761478,1987427181
FET,2025-07-17,0.767785,2003886809
FET,2025-07-18,0.78883,2058813587
FET,2025-07-19,0.764056,1994153760
FET,2025-07-20,0.79719,2080632149
FET,2025-07-21,0.827249,2159086358
FET,2025-07-22,0.807826,2108391896
FET,2025-07-23,0.770493,2010954157
FET,2025-07-24,0.74342,1940296213
FET,2025-07-25,0.725041,1892326436
FET,2025-07-26,0.735124,1918642360
FET,2025-07-27,0.737544,1924959883
FET,2025-07-28,0.747128,1949972995
FET,2025-07-29,0.713559,1862358709
FET,2025-07-30,0.692674,1807851259
FET,2025-07-31,0.690397,1801909228
FET,2025-08-01,0.653736,1706223752
FET,2025-08-02,0.627244,1637080006
FET,2025-08-03,0.629221,1642241115
FET,2025-08-04,0.652009,1701717639
FET,2025-08-05,0.651375,1700061107
FET,2025-08-06,0.644669,1682560056
FET,2025-08-07,0.669478,1747309809
FET,2025-08-08,0.693146,1809083214
FET,2025-08-09,0.712764,1860285720
FET,2025-08-10,0.713242,1861533309
FET,2025-08-11,0.712918,1860687764
FET,2025-08-12,0.704331,1838275765
FET,2025-08-13,0.736129,1921266915
FET,2025-08-14,0.726766,1896828657
FET,2025-08-15,0.70355,1836235972
FET,2025-08-16,0.703512,1836137122
FET,2025-08-17,0.712879,1860585697
FET,2025-08-18,0.683502,1783911414
FET,2025-08-19,0.673585,1758028964
FET,2025-08-20,0.674017,1759156780
FET,2025-08-21,0.671185,1751764190
FET,2025-08-22,0.677835,1769122178
FET,2025-08-23,0.685925,1790235547
FET,2025-08-24,0.68028,1775501895
FET,2025-08-25,0.652851,1703914155
FET,2025-08-26,0.635663,1659055538
FET,2025-08-27,0.643107,1678482983
FET,2025-08-28,0.64628,1686765586
FET,2025-08-29,0.626621,1635455429
FET,2025-08-30,0.622094,1623640023
FET,2025-08-31,0.625816,1633354469
FET,2025-09-01,0.601361,1569526976
FET,2025-09-02,0.60265,1572892991
FET,2025-09-03,0.620255,1618841431
FET,2025-09-04,0.603556,1575257602
FET,2025-09-05,0.60737,1585211893
FET,2025-09-06,0.604896,1578754817
FET,2025-09-07,0.622008,1623414203
FET,2025-09-08,0.644795,1682889893
FET,2025-09-09,0.656026,1712199761
FET,2025-09-10,0.650461,1697676211
FET,2025-09-11,0.661921,1727585878
FET,2025-09-12,0.671793,1753352151
FET,2025-09-13,0.685203,1788352455
FET,2025-09-14,0.667944,1743306579
FET,2025-09-15,0.645819,1685561708
FET,2025-09-16,0.64264,1677264569
FET,2025-09-17,0.641689,1674781415
FET,2025-09-18,0.671247,1751927349
FET,2025-09-19,0.660197,1723086833
FET,2025-09-20,0.645594,1684973788
FET,2025-09-21,0.641234,1673594033
FET,2025-09-22,0.596703,1557370385
FET,2025-09-23,0.595068,1553103257
FET,2025-09-24,0.594155,1550719407
FET,2025-09-25,0.576746,1505283225
FET,2025-09-26,0.570204,1488207876
FET,2025-09-27,0.576937,1505780757
FET,2025-09-28,0.569702,1486899381
FET,2025-09-29,0.573423,1496610054
FET,2025-09-30,0.559385,1459971061
FET,2025-10-01,0.564257,1472686821
FET,2025-10-02,0.596854,1557763944
FET,2025-10-03,0.597652,1559848373
FET,2025-10-04,0.58578,1528863147
FET,2025-10-05,0.595347,1553832401
FET,2025-10-06,0.583955,1524097640
FET,2025-10-07,0.571178,1490752156
FET,2025-10-08,0.555283,1449266564
FET,2025-10-09,0.523382,1366004981
FET,2025-10-10,0.467477,1220095687
FET,2025-10-11,0.392882,1025406350
FET,2025-10-12,0.378889,988884477
FET,2025-10-13,0.375061,978894981
FET,2025-10-14,0.337167,879991398
FET,2025-10-15,0.307853,803484446
FET,2025-10-16,0.287398,750096463
FET,2025-10-17,0.269959,704581185
FET,2025-10-18,0.262334,684680695
FET,2025-10-19,0.273472,713750822
FET,2025-10-20,0.284666,742967399
FET,2025-10-21,0.26111,681486021
FET,2025-10-22,0.241562,630467028
FET,2025-10-23,0.24474,638761330
FET,2025-10-24,0.262318,684639677
FET,2025-10-25,0.260111,678878380
FET,2025-10-26,0.268691,701271626
FET,2025-10-27,0.272161,710327879
FET,2025-10-28,0.264763,691021113
FET,2025-10-29,0.261663,682928687
FET,2025-10-30,0.249615,651484926
FET,2025-10-31,0.239402,624829685
FET,2025-11-01,0.246983,644615500
FET,2025-11-02,0.254229,663526644
FET,2025-11-03,0.223916,584410973
FET,2025-11-04,0.208246,543513378
FET,2025-11-05,0.215815,563268142
FET,2025-11-06,0.219596,573137640
FET,2025-11-07,0.295932,772369178
FET,2025-11-08,0.357215,932317261
FET,2025-11-09,0.320365,836140488
FET,2025-11-10,0.344061,897985143
FET,2025-11-11,0.357154,932157715
FET,2025-11-12,0.33059,862825959
FET,2025-11-13,0.304921,795832123
FET,2025-11-14,0.280731,732697514
FET,2025-11-15,0.287984,751625206
FET,2025-11-16,0.280435,731923506
FET,2025-11-17,0.275762,719726722
FET,2025-11-18,0.2863,747230821
FET,2025-11-19,0.29827,778473350
FET,2025-11-20,0.320276,835907008
FET,2025-11-21,0.289613,755878857
FET,2025-11-22,0.276738,722275415
FET,2025-11-23,0.285869,746106709
FET,2025-11-24,0.277867,725222280
FET,2025-11-25,0.273344,713415872
FET,2025-11-26,0.269558,703534696
FET,2025-11-27,0.267285,697602916
FET,2025-11-28,0.267908,699229108
FET,2025-11-29,0.265958,694138295
FET,2025-11-30,0.259038,676079022
FET,2025-12-01,0.23081,602404639
FET,2025-12-02,0.240776,628415728
FET,2025-12-03,0.261864,683454803
FET,2025-12-04,0.256332,669015116
FET,2025-12-05,0.241021,629054460
FET,2025-12-06,0.235399,614382542
FET,2025-12-07,0.235858,615580132
FET,2025-12-08,0.240027,626461324
FET,2025-12-09,0.247454,645845216
FET,2025-12-10,0.260451,679767746
FET,2025-12-11,0.2412,629522703
FET,2025-12-12,0.2405,627696474
FET,2025-12-13,0.243713,636081597
FET,2025-12-14,0.239463,624987773
FET,2025-12-15,0.23327,608823911
FET,2025-12-16,0.222325,580259249
FET,2025-12-17,0.213332,556788458
FET,2025-12-18,0.202597,528771038
FET,2025-12-19,0.2057,536869808
FET,2025-12-20,0.210324,548938207
FET,2025-12-21,0.206838,539837744
FET,2025-12-22,0.208055,543016210
FET,2025-12-23,0.207441,541413340
FET,2025-12-24,0.206663,539381223
FET,2025-12-25,0.210355,549018915
FET,2025-12-26,0.20882,545012171
FET,2025-12-27,0.213351,556836617
FET,2025-12-28,0.2165,565054922
FET,2025-12-29,0.214791,560596986
FET,2025-12-30,0.208423,543974804
FET,2025-12-31,0.205501,536348878
FET,2026-01-01,0.204275,533150331
FET,2026-01-02,0.218933,571406123
FET,2026-01-03,0.230972,602827652
FET,2026-01-04,0.254267,663627482
FET,2026-01-05,0.284383,742229133
FET,2026-01-06,0.297275,775876071
FET,2026-01-07,0.284231,741831795
FET,2026-01-08,0.277866,725218161
FET,2026-01-09,0.282157,736418281
FET,2026-01-10,0.28154,734808557
FET,2026-01-11,0.286977,748998570
FET,2026-01-12,0.292169,762550021
FET,2026-01-13,0.285311,744650981
FET,2026-01-14,0.291371,760467538
FET,2026-01-15,0.281646,735085725
FET,2026-01-16,0.277333,723826704
FET,2026-01-17,0.280014,730825908
FET,2026-01-18,0.273847,714729084
FET,2026-01-19,0.244637,638493759
FET,2026-01-20,0.239471,625009167
FET,2026-01-21,0.238719,623046583
FET,2026-01-22,0.239716,625649401
FET,2026-01-23,0.236686,617741582
FET,2026-01-24,0.232469,606735849
FET,2026-01-25,0.224293,585396547
FET,2026-01-26,0.222037,579507928
FET,2026-01-27,0.222211,579962745
FET,2026-01-28,0.227273,593173560
FET,2026-01-29,0.218845,571175502
FET,2026-01-30,0.207642,541937274
FET,2026-01-31,0.19562,510560672
FET,2026-02-01,0.187898,490405772
FET,2026-02-02,0.183605,479200890
FET,2026-02-03,0.18219,475507175
FET,2026-02-04,0.181643,474081117
FET,2026-02-05,0.166863,435506243
FET,2026-02-06,0.159576,416487703
FET,2026-02-07,0.166053,433391056
FET,2026-02-08,0.164357,428966027
FET,2026-02-09,0.161014,420241176
FET,2026-02-10,0.157647,411451101
FET,2026-02-11,0.154169,402375130
FET,2026-02-12,0.157617,411374656
FET,2026-02-13,0.16127,420907307
FET,2026-02-14,0.173247,452168055
FET,2026-02-15,0.175234,457354384
FET,2026-02-16,0.172748,450864660
FET,2026-02-17,0.171919,448700365
FET,2026-02-18,0.169815,443209756
FET,2026-02-19,0.16308,425632686
FET,2026-02-20,0.16561,432235324
FET,2026-02-21,0.16726,436541135
FET,2026-02-22,0.160865,419851634
FET,2026-02-23,0.155678,406312647
FET,2026-02-24,0.153137,399680062
FET,2026-02-25,0.161798,422287130
FET,2026-02-26,0.164054,428174599
FET,2026-02-27,0.161073,420394782
FET,2026-02-28,0.15166,395826058
FET,2026-03-01,0.155182,405019088
FET,2026-03-02,0.151369,395067256
FET,2026-03-03,0.147888,385980767
FET,2026-03-04,0.152416,397798528
FET,2026-03-05,0.153904,401682604
FET,2026-03-06,0.14937,389849775
FET,2026-03-07,0.144876,378121129
FET,2026-03-08,0.142244,371250044
FET,2026-03-09,0.143734,375139068
FET,2026-03-10,0.149447,390051629
FET,2026-03-11,0.158566,413850450
FET,2026-03-12,0.161444,421362012
FET,2026-03-13,0.181536,473800540
FET,2026-03-14,0.177392,462985688
FET,2026-03-15,0.192649,502806940
FET,2026-03-16,0.219859,573822438
FET,2026-03-17,0.234212,611284156
FET,2026-03-18,0.225608,588828459
FET,2026-03-19,0.213967,558444544
FET,2026-03-20,0.224945,587096527
FET,2026-03-21,0.225093,587483970
FET,2026-03-22,0.213986,558493963
FET,2026-03-23,0.21424,559156428
FET,2026-03-24,0.233918,610517002
FET,2026-03-25,0.253471,661550029
FET,2026-03-26,0.244921,639234665
FET,2026-03-27,0.233659,609839852
FET,2026-03-28,0.238005,621183151
FET,2026-03-29,0.237306,619359075
FET,2026-03-30,0.236807,618057574
FET,2026-03-31,0.23086,602534968
FET,2026-04-01,0.239431,624906169
FET,2026-04-02,0.230024,600352319
FET,2026-04-03,0.233094,608364810
FET,2026-04-04,0.238042,621280725
FET,2026-04-05,0.229091,597917739
FET,2026-04-06,0.237532,619949801
FET,2026-04-07,0.233509,609447825
FET,2026-04-08,0.248749,649224558
FET,2026-04-09,0.241658,630717987
FET,2026-04-10,0.239035,623870375
FET,2026-04-11,0.239377,624764388
FET,2026-04-12,0.235288,614091137
FET,2026-04-13,0.231654,604607121
FET,2026-04-14,0.232886,607823157
FET,2026-04-15,0.227789,594521158
FET,2026-04-16,0.233274,608836438
FET,2026-04-17,0.234317,611558103
FET,2026-04-18,0.225315,588062257
FET,2026-04-19,0.21536,562079880
FET,2026-04-20,0.21076,550075938
FET,2026-04-21,0.210651,549789646
FET,2026-04-22,0.212966,555831533
FET,2026-04-23,0.208284,543613385
FET,2026-04-24,0.209479,546731084
FET,2026-04-25,0.208745,544815740
FET,2026-04-26,0.21034,548978449
FET,2026-04-27,0.208752,544833880
FET,2026-04-28,0.200033,522077466
FET,2026-04-29,0.198289,517525981
FET,2026-04-30,0.19683,513717372
FET,2026-05-01,0.198874,519053902
FET,2026-05-02,0.20183,526766766
FET,2026-05-03,0.207216,540824650
FET,2026-05-04,0.206015,537691715
FET,2026-05-05,0.210915,550479963
FET,2026-05-06,0.222294,580178446
FET,2026-05-07,0.223261,582701081
FET,2026-05-08,0.227367,593417616
FET,2026-05-09,0.236168,616388722
FET,2026-05-10,0.235912,615719388
FET,2026-05-11,0.236129,616286709
FET,2026-05-12,0.228228,595665873
FET,2026-05-13,0.220964,576707339
FET,2026-05-14,0.213325,556769927
FET,2026-05-15,0.208147,543254363
FET,2026-05-16,0.198317,517599168
FET,2026-05-17,0.19542,510037925
FET,2026-05-18,0.189928,495703240
FET,2026-05-19,0.191937,500947549
FET,2026-05-20,0.190762,497881106
FET,2026-05-21,0.193497,505018317
FET,2026-05-22,0.206983,540217123
FET,2026-05-23,0.201795,526675942
FET,2026-05-24,0.211258,551375443
FET,2026-05-25,0.218809,571083422
FET,2026-05-26,0.244193,637332922
FET,2026-05-27,0.243737,636142606
FET,2026-05-28,0.226466,591065872
FET,2026-05-29,0.242381,632604374
FET,2026-05-30,0.258862,675619568
FET,2026-05-31,0.270729,706592631
FET,2026-06-01,0.273744,714459643
FET,2026-06-02,0.265265,692331017
FET,2026-06-03,0.259927,678397723
FET,2026-06-04,0.231772,604914922
FET,2026-06-05,0.201418,525692590
FET,2026-06-06,0.195186,509428261
FET,2026-06-07,0.208288,543621878
FET,2026-06-08,0.211458,551897698
FET,2026-06-09,0.205081,535253698
FET,2026-06-10,0.194641,508006182
FET,2026-06-11,0.188968,493198637
FET,2026-06-12,0.190105,496164990
FET,2026-06-13,0.197203,514692016
FET,2026-06-14,0.207443,541418030
FET,2026-06-15,0.216097,564003468
FET,2026-06-16,0.210306,548889565
FET,2026-06-17,0.206025,537716636
FET,2026-06-18,0.196884,513857968
FET,2026-06-19,0.193784,505768494
FET,2026-06-20,0.188944,493135621
FET,2026-06-21,0.186034,485540803
FET,2026-06-22,0.182793,477082187
FET,2026-06-23,0.175814,458868332
FET,2026-06-24,0.172031,448993942
FET,2026-06-25,0.170744,445634251
FET,2026-06-26,0.16934,441971494
FET,2026-06-27,0.178948,467047047
HBAR,2025-06-28,0.147193,6238024609
HBAR,2025-06-29,0.148417,6289889296
HBAR,2025-06-30,0.150538,6379809751
HBAR,2025-07-01,0.14777,6262473638
HBAR,2025-07-02,0.149792,6348442919
HBAR,2025-07-03,0.158812,6732282031
HBAR,2025-07-04,0.155696,6600174659
HBAR,2025-07-05,0.154752,6560160250
HBAR,2025-07-06,0.155822,6605497700
HBAR,2025-07-07,0.159174,6747612055
HBAR,2025-07-08,0.158637,6724856497
HBAR,2025-07-09,0.166491,7057773342
HBAR,2025-07-10,0.178322,7559343474
HBAR,2025-07-11,0.199485,8456450643
HBAR,2025-07-12,0.19751,8372721229
HBAR,2025-07-13,0.227029,9624105281
HBAR,2025-07-14,0.243537,10323864003
HBAR,2025-07-15,0.231942,9832425437
HBAR,2025-07-16,0.23687,10041548780
HBAR,2025-07-17,0.246679,10457365589
HBAR,2025-07-18,0.272889,11568483201
HBAR,2025-07-19,0.266032,11277787438
HBAR,2025-07-20,0.272175,11538237120
HBAR,2025-07-21,0.278363,11800561322
HBAR,2025-07-22,0.268353,11376184062
HBAR,2025-07-23,0.259325,10993478456
HBAR,2025-07-24,0.242925,10298236203
HBAR,2025-07-25,0.245599,10411602226
HBAR,2025-07-26,0.27326,11584228685
HBAR,2025-07-27,0.288253,12219818388
HBAR,2025-07-28,0.279714,11857832376
HBAR,2025-07-29,0.26767,11347253989
HBAR,2025-07-30,0.257895,10932837118
HBAR,2025-07-31,0.26533,11248045174
HBAR,2025-08-01,0.247316,10484380353
HBAR,2025-08-02,0.235772,9994987076
HBAR,2025-08-03,0.241621,10242951264
HBAR,2025-08-04,0.250218,10607391657
HBAR,2025-08-05,0.243767,10333948015
HBAR,2025-08-06,0.241782,10249802211
HBAR,2025-08-07,0.249604,10581395610
HBAR,2025-08-08,0.262125,11112189221
HBAR,2025-08-09,0.265041,11235803437
HBAR,2025-08-10,0.260695,11051557792
HBAR,2025-08-11,0.25678,10885598318
HBAR,2025-08-12,0.252413,10700473173
HBAR,2025-08-13,0.262752,11138749669
HBAR,2025-08-14,0.25972,11010213533
HBAR,2025-08-15,0.250004,10598370316
HBAR,2025-08-16,0.250457,10617592410
HBAR,2025-08-17,0.254469,10787664674
HBAR,2025-08-18,0.244859,10380293371
HBAR,2025-08-19,0.238579,10114065143
HBAR,2025-08-20,0.23602,10005593612
HBAR,2025-08-21,0.23713,10052654545
HBAR,2025-08-22,0.243143,10307536115
HBAR,2025-08-23,0.250938,10637992729
HBAR,2025-08-24,0.249202,10564390082
HBAR,2025-08-25,0.239138,10137765493
HBAR,2025-08-26,0.237247,10057588296
HBAR,2025-08-27,0.240749,10206034200
HBAR,2025-08-28,0.238984,10131211953
HBAR,2025-08-29,0.230332,9764459857
HBAR,2025-08-30,0.225721,9568988308
HBAR,2025-08-31,0.224834,9531361155
HBAR,2025-09-01,0.216113,9161652123
HBAR,2025-09-02,0.216641,9184035491
HBAR,2025-09-03,0.220409,9343788664
HBAR,2025-09-04,0.214657,9099920360
HBAR,2025-09-05,0.218,9241665099
HBAR,2025-09-06,0.216317,9170313422
HBAR,2025-09-07,0.219015,9284691750
HBAR,2025-09-08,0.223552,9477009582
HBAR,2025-09-09,0.228601,9691053893
HBAR,2025-09-10,0.231917,9831620826
HBAR,2025-09-11,0.236183,10012506841
HBAR,2025-09-12,0.242319,10272592739
HBAR,2025-09-13,0.247892,10508879392
HBAR,2025-09-14,0.242291,10271409924
HBAR,2025-09-15,0.236441,10023430136
HBAR,2025-09-16,0.23661,10030604018
HBAR,2025-09-17,0.236857,10041072295
HBAR,2025-09-18,0.246517,10450584233
HBAR,2025-09-19,0.242035,10260554055
HBAR,2025-09-20,0.242335,10273296495
HBAR,2025-09-21,0.238334,10103655607
HBAR,2025-09-22,0.22113,9374341197
HBAR,2025-09-23,0.221859,9405244966
HBAR,2025-09-24,0.2231,9457871161
HBAR,2025-09-25,0.213785,9062967133
HBAR,2025-09-26,0.210595,8927725929
HBAR,2025-09-27,0.213348,9044457023
HBAR,2025-09-28,0.21184,8980528967
HBAR,2025-09-29,0.216041,9158622912
HBAR,2025-09-30,0.214181,9079759066
HBAR,2025-10-01,0.21893,9281087260
HBAR,2025-10-02,0.227092,9627096630
HBAR,2025-10-03,0.224785,9529275444
HBAR,2025-10-04,0.220203,9335070735
HBAR,2025-10-05,0.219772,9316784665
HBAR,2025-10-06,0.224203,9504928205
HBAR,2025-10-07,0.22405,9500083411
HBAR,2025-10-08,0.218792,9277131248
HBAR,2025-10-09,0.213229,9041256884
HBAR,2025-10-10,0.205359,8707583535
HBAR,2025-10-11,0.171052,7252912605
HBAR,2025-10-12,0.175638,7447328290
HBAR,2025-10-13,0.188501,7992747271
HBAR,2025-10-14,0.185549,7867685922
HBAR,2025-10-15,0.185404,7862036245
HBAR,2025-10-16,0.177655,7533487762
HBAR,2025-10-17,0.164558,6978116072
HBAR,2025-10-18,0.165316,7010252950
HBAR,2025-10-19,0.168286,7136187159
HBAR,2025-10-20,0.17613,7468851516
HBAR,2025-10-21,0.174049,7380582485
HBAR,2025-10-22,0.169055,7168811769
HBAR,2025-10-23,0.166941,7080017935
HBAR,2025-10-24,0.168849,7171881007
HBAR,2025-10-25,0.171255,7274098521
HBAR,2025-10-26,0.176479,7495979455
HBAR,2025-10-27,0.181292,7700400519
HBAR,2025-10-28,0.201664,8565723805
HBAR,2025-10-29,0.19862,8436451333
HBAR,2025-10-30,0.199882,8490049510
HBAR,2025-10-31,0.195266,8293948935
HBAR,2025-11-01,0.200174,8502454925
HBAR,2025-11-02,0.194892,8278079008
HBAR,2025-11-03,0.182566,7754521804
HBAR,2025-11-04,0.172299,7318423884
HBAR,2025-11-05,0.171968,7304389211
HBAR,2025-11-06,0.16859,7160899121
HBAR,2025-11-07,0.169464,7198021225
HBAR,2025-11-08,0.175403,7450280359
HBAR,2025-11-09,0.172803,7339857536
HBAR,2025-11-10,0.188912,8024072310
HBAR,2025-11-11,0.1861,7904635288
HBAR,2025-11-12,0.179757,7635206475
HBAR,2025-11-13,0.174235,7400663900
HBAR,2025-11-14,0.159288,6765811120
HBAR,2025-11-15,0.156384,6642439566
HBAR,2025-11-16,0.151661,6441881525
HBAR,2025-11-17,0.148548,6309668223
HBAR,2025-11-18,0.147353,6258884244
HBAR,2025-11-19,0.146096,6205514569
HBAR,2025-11-20,0.143179,6081602582
HBAR,2025-11-21,0.131855,5600617170
HBAR,2025-11-22,0.129458,5498776828
HBAR,2025-11-23,0.141085,5992648754
HBAR,2025-11-24,0.147087,6247588231
HBAR,2025-11-25,0.14454,6139389276
HBAR,2025-11-26,0.14538,6175082355
HBAR,2025-11-27,0.147182,6251615244
HBAR,2025-11-28,0.146737,6232739874
HBAR,2025-11-29,0.144181,6124168999
HBAR,2025-11-30,0.143942,6114008689
HBAR,2025-12-01,0.13337,5664957018
HBAR,2025-12-02,0.137151,5825590310
HBAR,2025-12-03,0.146439,6220168135
HBAR,2025-12-04,0.141933,6028773091
HBAR,2025-12-05,0.136754,5808799656
HBAR,2025-12-06,0.133485,5669952620
HBAR,2025-12-07,0.133773,5682185302
HBAR,2025-12-08,0.134833,5727200286
HBAR,2025-12-09,0.136069,5779716812
HBAR,2025-12-10,0.137026,5820364349
HBAR,2025-12-11,0.130195,5530186109
HBAR,2025-12-12,0.127848,5430496668
HBAR,2025-12-13,0.123929,5264042731
HBAR,2025-12-14,0.121347,5154388427
HBAR,2025-12-15,0.117183,4977513500
HBAR,2025-12-16,0.114373,4858169248
HBAR,2025-12-17,0.112169,4764554704
HBAR,2025-12-18,0.1089,4625697154
HBAR,2025-12-19,0.109243,4645362957
HBAR,2025-12-20,0.112359,4806328279
HBAR,2025-12-21,0.111905,4786925869
HBAR,2025-12-22,0.113504,4855343201
HBAR,2025-12-23,0.111431,4766663456
HBAR,2025-12-24,0.109542,4685861693
HBAR,2025-12-25,0.111154,4754803808
HBAR,2025-12-26,0.112341,4805562132
HBAR,2025-12-27,0.112784,4824522529
HBAR,2025-12-28,0.11546,4938993098
HBAR,2025-12-29,0.115073,4922461327
HBAR,2025-12-30,0.111859,4784971884
HBAR,2025-12-31,0.109436,4681296327
HBAR,2026-01-01,0.109336,4677023292
HBAR,2026-01-02,0.11793,5045103392
HBAR,2026-01-03,0.119858,5129103414
HBAR,2026-01-04,0.124232,5316292215
HBAR,2026-01-05,0.126876,5429410720
HBAR,2026-01-06,0.129967,5561698206
HBAR,2026-01-07,0.125342,5363762836
HBAR,2026-01-08,0.121367,5193661595
HBAR,2026-01-09,0.119714,5122917925
HBAR,2026-01-10,0.119241,5102706789
HBAR,2026-01-11,0.117636,5034028435
HBAR,2026-01-12,0.116595,4989448624
HBAR,2026-01-13,0.117462,5026556370
HBAR,2026-01-14,0.124563,5330455382
HBAR,2026-01-15,0.120188,5143218619
HBAR,2026-01-16,0.117287,5019064177
HBAR,2026-01-17,0.11884,5085663982
HBAR,2026-01-18,0.117109,5011597130
HBAR,2026-01-19,0.109794,4698563551
HBAR,2026-01-20,0.107796,4613049098
HBAR,2026-01-21,0.108919,4661135563
HBAR,2026-01-22,0.109338,4679055540
HBAR,2026-01-23,0.109493,4685677479
HBAR,2026-01-24,0.108454,4641238774
HBAR,2026-01-25,0.105866,4530463089
HBAR,2026-01-26,0.106028,4537385439
HBAR,2026-01-27,0.106452,4555545262
HBAR,2026-01-28,0.107453,4599642314
HBAR,2026-01-29,0.102977,4428316171
HBAR,2026-01-30,0.099211,4266363763
HBAR,2026-01-31,0.094132,4047981524
HBAR,2026-02-01,0.090895,3908763219
HBAR,2026-02-02,0.091457,3932917838
HBAR,2026-02-03,0.091337,3927777495
HBAR,2026-02-04,0.091149,3919713237
HBAR,2026-02-05,0.084495,3633528982
HBAR,2026-02-06,0.086196,3706711007
HBAR,2026-02-07,0.089332,3841572745
HBAR,2026-02-08,0.091373,3929316639
HBAR,2026-02-09,0.091302,3926286298
HBAR,2026-02-10,0.091025,3914357779
HBAR,2026-02-11,0.089132,3832946062
HBAR,2026-02-12,0.092313,3969728920
HBAR,2026-02-13,0.094286,4054584360
HBAR,2026-02-14,0.10302,4430164923
HBAR,2026-02-15,0.10193,4383315103
HBAR,2026-02-16,0.100697,4330298864
HBAR,2026-02-17,0.101005,4343533065
HBAR,2026-02-18,0.100898,4338979809
HBAR,2026-02-19,0.09808,4217772473
HBAR,2026-02-20,0.099016,4258010844
HBAR,2026-02-21,0.100021,4301247518
HBAR,2026-02-22,0.098037,4215926014
HBAR,2026-02-23,0.095573,4109944615
HBAR,2026-02-24,0.094536,4065381287
HBAR,2026-02-25,0.099813,4292284787
HBAR,2026-02-26,0.101954,4384363977
HBAR,2026-02-27,0.101698,4373368606
HBAR,2026-02-28,0.097854,4208046332
HBAR,2026-03-01,0.099372,4273333001
HBAR,2026-03-02,0.098599,4240104519
HBAR,2026-03-03,0.096321,4142128979
HBAR,2026-03-04,0.100245,4317880728
HBAR,2026-03-05,0.100293,4343014256
HBAR,2026-03-06,0.09858,4268867054
HBAR,2026-03-07,0.096474,4177643640
HBAR,2026-03-08,0.094918,4110268892
HBAR,2026-03-09,0.094959,4112058472
HBAR,2026-03-10,0.09612,4162318059
HBAR,2026-03-11,0.094485,4091514347
HBAR,2026-03-12,0.094246,4081157642
HBAR,2026-03-13,0.096717,4188179979
HBAR,2026-03-14,0.093159,4034083788
HBAR,2026-03-15,0.095368,4129757376
HBAR,2026-03-16,0.098381,4260216204
HBAR,2026-03-17,0.099169,4294359503
HBAR,2026-03-18,0.097614,4227026007
HBAR,2026-03-19,0.093704,4057704265
HBAR,2026-03-20,0.093347,4042237160
HBAR,2026-03-21,0.093128,4032763077
HBAR,2026-03-22,0.090263,3908702455
HBAR,2026-03-23,0.091529,3963542481
HBAR,2026-03-24,0.093102,4031618988
HBAR,2026-03-25,0.094773,4103984052
HBAR,2026-03-26,0.091924,3980616363
HBAR,2026-03-27,0.089997,3897186152
HBAR,2026-03-28,0.090028,3898523458
HBAR,2026-03-29,0.089082,3857567066
HBAR,2026-03-30,0.089033,3855426860
HBAR,2026-03-31,0.086318,3737845867
HBAR,2026-04-01,0.089494,3875538696
HBAR,2026-04-02,0.086873,3763426578
HBAR,2026-04-03,0.088457,3832003793
HBAR,2026-04-04,0.087321,3782822317
HBAR,2026-04-05,0.087009,3769305687
HBAR,2026-04-06,0.088702,3842628802
HBAR,2026-04-07,0.08708,3772357734
HBAR,2026-04-08,0.091435,3961038141
HBAR,2026-04-09,0.089269,3867212062
HBAR,2026-04-10,0.089134,3861352474
HBAR,2026-04-11,0.08851,3834331387
HBAR,2026-04-12,0.086286,3737963166
HBAR,2026-04-13,0.0855,3703924998
HBAR,2026-04-14,0.08624,3735987911
HBAR,2026-04-15,0.085934,3722841907
HBAR,2026-04-16,0.088449,3831768464
HBAR,2026-04-17,0.090855,3935990739
HBAR,2026-04-18,0.089454,3875313615
HBAR,2026-04-19,0.088331,3826661936
HBAR,2026-04-20,0.089052,3857910149
HBAR,2026-04-21,0.09003,3900396472
HBAR,2026-04-22,0.091269,3954043139
HBAR,2026-04-23,0.090668,3928036958
HBAR,2026-04-24,0.091005,3942623298
HBAR,2026-04-25,0.091216,3951751122
HBAR,2026-04-26,0.092264,3997164572
HBAR,2026-04-27,0.09081,3934643950
HBAR,2026-04-28,0.089095,3864332745
HBAR,2026-04-29,0.089264,3871670419
HBAR,2026-04-30,0.088209,3825895167
HBAR,2026-05-01,0.088008,3817191862
HBAR,2026-05-02,0.088203,3825661289
HBAR,2026-05-03,0.088026,3817945035
HBAR,2026-05-04,0.088356,3832262977
HBAR,2026-05-05,0.089459,3880110084
HBAR,2026-05-06,0.091503,3968784916
HBAR,2026-05-07,0.090463,3923675356
HBAR,2026-05-08,0.091174,3954505714
HBAR,2026-05-09,0.09313,4039351727
HBAR,2026-05-10,0.095236,4130677836
HBAR,2026-05-11,0.09628,4175968682
HBAR,2026-05-12,0.09471,4107875794
HBAR,2026-05-13,0.093623,4060742698
HBAR,2026-05-14,0.094354,4092436833
HBAR,2026-05-15,0.093602,4059820577
HBAR,2026-05-16,0.091681,3976546607
HBAR,2026-05-17,0.091159,3953883550
HBAR,2026-05-18,0.089144,3866486498
HBAR,2026-05-19,0.089329,3874492936
HBAR,2026-05-20,0.088907,3856221800
HBAR,2026-05-21,0.089125,3865641742
HBAR,2026-05-22,0.089496,3881734475
HBAR,2026-05-23,0.087717,3804609595
HBAR,2026-05-24,0.088973,3859054251
HBAR,2026-05-25,0.08892,3856785063
HBAR,2026-05-26,0.087408,3791168925
HBAR,2026-05-27,0.085935,3727285041
HBAR,2026-05-28,0.086382,3746707305
HBAR,2026-05-29,0.091813,3982244294
HBAR,2026-05-30,0.098791,4284919617
HBAR,2026-05-31,0.096038,4165508967
HBAR,2026-06-01,0.094085,4080787586
HBAR,2026-06-02,0.089657,3888735378
HBAR,2026-06-03,0.08679,3764379083
HBAR,2026-06-04,0.084816,3678780090
HBAR,2026-06-05,0.081097,3517464106
HBAR,2026-06-06,0.079078,3429899218
HBAR,2026-06-07,0.081175,3520831705
HBAR,2026-06-08,0.08182,3548807829
HBAR,2026-06-09,0.080205,3478770749
HBAR,2026-06-10,0.078339,3397828596
HBAR,2026-06-11,0.078676,3412421030
HBAR,2026-06-12,0.078889,3421651573
HBAR,2026-06-13,0.078054,3385465739
HBAR,2026-06-14,0.078458,3402960339
HBAR,2026-06-15,0.082205,3566331254
HBAR,2026-06-16,0.082124,3570193587
HBAR,2026-06-17,0.080726,3509403040
HBAR,2026-06-18,0.080291,3490504290
HBAR,2026-06-19,0.07981,3469602947
HBAR,2026-06-20,0.080106,3482470463
HBAR,2026-06-21,0.079821,3470085470
HBAR,2026-06-22,0.079202,3443183430
HBAR,2026-06-23,0.077774,3381089414
HBAR,2026-06-24,0.076111,3308798140
HBAR,2026-06-25,0.073677,3202974333
HBAR,2026-06-26,0.072549,3153958866
HBAR,2026-06-27,0.07218,3137915589
INJ,2025-06-28,10.64,1040033245
INJ,2025-06-29,10.96,1071441204
INJ,2025-06-30,11,1074617035
INJ,2025-07-01,10.42,1017939881
INJ,2025-07-02,10.73,1048855889
INJ,2025-07-03,11.63,1136793036
INJ,2025-07-04,11.12,1086531800
INJ,2025-07-05,10.66,1041750454
INJ,2025-07-06,10.69,1044388966
INJ,2025-07-07,10.52,1027795159
INJ,2025-07-08,10.42,1018597241
INJ,2025-07-09,10.6,1036149431
INJ,2025-07-10,11.19,1093166873
INJ,2025-07-11,12.62,1233065387
INJ,2025-07-12,12.43,1214644656
INJ,2025-07-13,12.46,1218144115
INJ,2025-07-14,12.58,1229818170
INJ,2025-07-15,12.5,1221894533
INJ,2025-07-16,13.39,1308786071
INJ,2025-07-17,13.7,1339029278
INJ,2025-07-18,14.1,1378334852
INJ,2025-07-19,13.79,1347690929
INJ,2025-07-20,14.7,1436562271
INJ,2025-07-21,15.15,1480158200
INJ,2025-07-22,14.84,1450709084
INJ,2025-07-23,14.39,1406140343
INJ,2025-07-24,13.69,1338078388
INJ,2025-07-25,13.52,1320797015
INJ,2025-07-26,14.42,1409162372
INJ,2025-07-27,15.21,1486488279
INJ,2025-07-28,15.38,1502648682
INJ,2025-07-29,14.48,1415139922
INJ,2025-07-30,13.9,1358500139
INJ,2025-07-31,14.03,1371064338
INJ,2025-08-01,12.91,1261436494
INJ,2025-08-02,12.42,1213998067
INJ,2025-08-03,12.63,1234064123
INJ,2025-08-04,13.38,1308031578
INJ,2025-08-05,13.28,1297603660
INJ,2025-08-06,12.9,1260732694
INJ,2025-08-07,13.41,1310519847
INJ,2025-08-08,14.1,1377757615
INJ,2025-08-09,14.52,1419140242
INJ,2025-08-10,14.29,1396089074
INJ,2025-08-11,14.23,1390750704
INJ,2025-08-12,14.11,1378540197
INJ,2025-08-13,15.38,1502563046
INJ,2025-08-14,15.61,1525282160
INJ,2025-08-15,14.83,1449558368
INJ,2025-08-16,14.44,1411387394
INJ,2025-08-17,15.13,1478463550
INJ,2025-08-18,14.63,1429354554
INJ,2025-08-19,13.77,1346065696
INJ,2025-08-20,13.6,1329261840
INJ,2025-08-21,13.62,1330775267
INJ,2025-08-22,13.94,1362719848
INJ,2025-08-23,14.55,1422129193
INJ,2025-08-24,14.41,1408685077
INJ,2025-08-25,13.59,1328206618
INJ,2025-08-26,13.17,1287126798
INJ,2025-08-27,13.45,1314062197
INJ,2025-08-28,13.74,1342973307
INJ,2025-08-29,13.26,1295994793
INJ,2025-08-30,13,1270793433
INJ,2025-08-31,12.97,1267175557
INJ,2025-09-01,12.61,1231995820
INJ,2025-09-02,12.77,1248323473
INJ,2025-09-03,13.19,1289011057
INJ,2025-09-04,12.81,1251640185
INJ,2025-09-05,12.76,1247204190
INJ,2025-09-06,12.98,1268059516
INJ,2025-09-07,13.04,1274272391
INJ,2025-09-08,13.34,1303547411
INJ,2025-09-09,13.95,1363007328
INJ,2025-09-10,13.98,1365779235
INJ,2025-09-11,14.11,1379182580
INJ,2025-09-12,14.26,1393679334
INJ,2025-09-13,14.57,1424232238
INJ,2025-09-14,14.2,1387626051
INJ,2025-09-15,13.72,1341280667
INJ,2025-09-16,13.62,1330919428
INJ,2025-09-17,13.88,1356746964
INJ,2025-09-18,14.51,1418370121
INJ,2025-09-19,14.27,1394930327
INJ,2025-09-20,13.88,1356401589
INJ,2025-09-21,13.76,1344877524
INJ,2025-09-22,12.56,1227786828
INJ,2025-09-23,12.37,1208675396
INJ,2025-09-24,12.41,1212849715
INJ,2025-09-25,11.85,1158550310
INJ,2025-09-26,11.64,1137715287
INJ,2025-09-27,11.78,1151101283
INJ,2025-09-28,11.75,1148601652
INJ,2025-09-29,12.03,1175488614
INJ,2025-09-30,11.85,1157997745
INJ,2025-10-01,12.27,1198901971
INJ,2025-10-02,12.71,1242288716
INJ,2025-10-03,12.99,1269672034
INJ,2025-10-04,12.98,1268494461
INJ,2025-10-05,12.78,1248499254
INJ,2025-10-06,13.13,1282705277
INJ,2025-10-07,12.8,1251293101
INJ,2025-10-08,12.53,1224854374
INJ,2025-10-09,12.22,1194485686
INJ,2025-10-10,11.58,1131314571
INJ,2025-10-11,8.89,869243101
INJ,2025-10-12,8.96,875154613
INJ,2025-10-13,9.68,946381657
INJ,2025-10-14,9.47,925765399
INJ,2025-10-15,9.31,910190531
INJ,2025-10-16,8.96,875547919
INJ,2025-10-17,8.34,814626145
INJ,2025-10-18,8.45,825934807
INJ,2025-10-19,8.54,834261883
INJ,2025-10-20,8.78,857910647
INJ,2025-10-21,8.64,844465323
INJ,2025-10-22,8.33,813981495
INJ,2025-10-23,8.37,817810464
INJ,2025-10-24,8.46,826384483
INJ,2025-10-25,8.42,822576473
INJ,2025-10-26,8.67,847166889
INJ,2025-10-27,8.83,862964070
INJ,2025-10-28,8.59,839488795
INJ,2025-10-29,8.52,832934751
INJ,2025-10-30,8.07,788924597
INJ,2025-10-31,7.7,752385368
INJ,2025-11-01,7.79,760853945
INJ,2025-11-02,7.84,766378593
INJ,2025-11-03,7.18,701813597
INJ,2025-11-04,6.64,648547872
INJ,2025-11-05,6.6,645317477
INJ,2025-11-06,6.38,623581614
INJ,2025-11-07,6.95,678872143
INJ,2025-11-08,7.76,758319902
INJ,2025-11-09,7.33,715988881
INJ,2025-11-10,7.96,777963626
INJ,2025-11-11,7.82,764228944
INJ,2025-11-12,7.59,741309040
INJ,2025-11-13,7.3,713494278
INJ,2025-11-14,7.02,686358582
INJ,2025-11-15,6.8,664244171
INJ,2025-11-16,6.67,651853029
INJ,2025-11-17,6.55,640299569
INJ,2025-11-18,6.5,635532716
INJ,2025-11-19,6.54,639488573
INJ,2025-11-20,6.45,630731127
INJ,2025-11-21,5.62,549673449
INJ,2025-11-22,5.37,524797458
INJ,2025-11-23,5.44,532089709
INJ,2025-11-24,5.57,544383984
INJ,2025-11-25,5.76,562985284
INJ,2025-11-26,5.91,577929610
INJ,2025-11-27,6.08,593738664
INJ,2025-11-28,6.13,598982435
INJ,2025-11-29,5.98,584006425
INJ,2025-11-30,5.91,577096273
INJ,2025-12-01,5.21,509007754
INJ,2025-12-02,5.47,534893587
INJ,2025-12-03,5.9,576518136
INJ,2025-12-04,5.96,582459394
INJ,2025-12-05,5.67,553971781
INJ,2025-12-06,5.51,538069989
INJ,2025-12-07,5.52,539003616
INJ,2025-12-08,5.66,553141368
INJ,2025-12-09,5.7,557250721
INJ,2025-12-10,5.71,558485691
INJ,2025-12-11,5.45,532640480
INJ,2025-12-12,5.51,538290947
INJ,2025-12-13,5.38,525802698
INJ,2025-12-14,5.26,514372514
INJ,2025-12-15,5.15,502830925
INJ,2025-12-16,4.94,482974215
INJ,2025-12-17,4.8,469354784
INJ,2025-12-18,4.59,448355817
INJ,2025-12-19,4.68,457602172
INJ,2025-12-20,4.8,469000024
INJ,2025-12-21,4.64,453924821
INJ,2025-12-22,4.65,454737193
INJ,2025-12-23,4.6,449719929
INJ,2025-12-24,4.52,441610378
INJ,2025-12-25,4.61,450443118
INJ,2025-12-26,4.63,452060541
INJ,2025-12-27,4.68,457217796
INJ,2025-12-28,4.8,468974566
INJ,2025-12-29,4.71,459878794
INJ,2025-12-30,4.56,445419613
INJ,2025-12-31,4.39,428643276
INJ,2026-01-01,4.31,421442043
INJ,2026-01-02,4.66,455688341
INJ,2026-01-03,4.89,477593427
INJ,2026-01-04,5.07,495943381
INJ,2026-01-05,5.22,510493528
INJ,2026-01-06,5.49,536387550
INJ,2026-01-07,5.38,525568133
INJ,2026-01-08,5.18,506284937
INJ,2026-01-09,5.2,508367371
INJ,2026-01-10,5.21,509297517
INJ,2026-01-11,5.23,510635317
INJ,2026-01-12,5.13,501820884
INJ,2026-01-13,5.31,518899571
INJ,2026-01-14,5.61,547810133
INJ,2026-01-15,5.3,518246700
INJ,2026-01-16,5.19,507027513
INJ,2026-01-17,5.38,526025411
INJ,2026-01-18,5.22,509656451
INJ,2026-01-19,4.72,461136149
INJ,2026-01-20,4.66,455747692
INJ,2026-01-21,4.63,452667079
INJ,2026-01-22,4.63,452509308
INJ,2026-01-23,4.61,450220201
INJ,2026-01-24,4.56,445742971
INJ,2026-01-25,4.43,432610047
INJ,2026-01-26,4.41,430858480
INJ,2026-01-27,4.42,432279070
INJ,2026-01-28,4.46,436009934
INJ,2026-01-29,4.24,414572155
INJ,2026-01-30,4.01,391581734
INJ,2026-01-31,3.77,368465274
INJ,2026-02-01,3.6,351447010
INJ,2026-02-02,3.63,354856973
INJ,2026-02-03,3.65,356613721
INJ,2026-02-04,3.58,350114642
INJ,2026-02-05,3.3,322491155
INJ,2026-02-06,3.16,308779946
INJ,2026-02-07,3.25,317887658
INJ,2026-02-08,3.23,315391008
INJ,2026-02-09,3.17,309348967
INJ,2026-02-10,3.07,300353961
INJ,2026-02-11,3.01,294498060
INJ,2026-02-12,3.07,299857980
INJ,2026-02-13,3.05,298166534
INJ,2026-02-14,3.21,313264255
INJ,2026-02-15,3.19,312097076
INJ,2026-02-16,3.14,307305593
INJ,2026-02-17,3.13,305594562
INJ,2026-02-18,3.08,300654003
INJ,2026-02-19,3.27,319769193
INJ,2026-02-20,3.31,323270705
INJ,2026-02-21,3.68,360098806
INJ,2026-02-22,3.6,352121716
INJ,2026-02-23,3.42,334196414
INJ,2026-02-24,3.21,313921806
INJ,2026-02-25,3.24,316709016
INJ,2026-02-26,3.21,313271921
INJ,2026-02-27,3.17,310115856
INJ,2026-02-28,3,293627548
INJ,2026-03-01,3.07,299772028
INJ,2026-03-02,3.06,298830624
INJ,2026-03-03,3.04,297118318
INJ,2026-03-04,3.08,300619381
INJ,2026-03-05,3.07,299905866
INJ,2026-03-06,2.96,289237577
INJ,2026-03-07,2.88,281021915
INJ,2026-03-08,2.82,275756736
INJ,2026-03-09,2.89,282413197
INJ,2026-03-10,2.95,288502599
INJ,2026-03-11,2.96,289381993
INJ,2026-03-12,3,293355185
INJ,2026-03-13,3.11,303981064
INJ,2026-03-14,3.04,297154556
INJ,2026-03-15,3.07,299649657
INJ,2026-03-16,3.2,312786414
INJ,2026-03-17,3.24,316752758
INJ,2026-03-18,3.15,308178341
INJ,2026-03-19,3.02,294794374
INJ,2026-03-20,3.12,304515626
INJ,2026-03-21,3.1,303099604
INJ,2026-03-22,2.98,291615305
INJ,2026-03-23,3.01,293922823
INJ,2026-03-24,3.05,298120142
INJ,2026-03-25,3.08,300709823
INJ,2026-03-26,2.98,291560196
INJ,2026-03-27,2.92,285099329
INJ,2026-03-28,2.87,280855659
INJ,2026-03-29,2.81,275091517
INJ,2026-03-30,2.89,282424081
INJ,2026-03-31,2.88,281036941
INJ,2026-04-01,2.9,283284157
INJ,2026-04-02,2.78,271494485
INJ,2026-04-03,2.8,273972776
INJ,2026-04-04,2.8,274100212
INJ,2026-04-05,2.78,271734642
INJ,2026-04-06,2.9,283474459
INJ,2026-04-07,2.86,279068084
INJ,2026-04-08,2.99,291733324
INJ,2026-04-09,2.93,286586690
INJ,2026-04-10,3.01,294301123
INJ,2026-04-11,3.02,295434941
INJ,2026-04-12,2.92,285669009
INJ,2026-04-13,2.93,286786543
INJ,2026-04-14,3.01,294164023
INJ,2026-04-15,3.09,302252596
INJ,2026-04-16,3.35,327121153
INJ,2026-04-17,3.41,332771185
INJ,2026-04-18,3.29,321904188
INJ,2026-04-19,3.23,316001840
INJ,2026-04-20,3.28,320437343
INJ,2026-04-21,3.28,320112217
INJ,2026-04-22,3.33,325469946
INJ,2026-04-23,3.3,322851111
INJ,2026-04-24,3.42,334315520
INJ,2026-04-25,3.53,344724248
INJ,2026-04-26,3.68,359572224
INJ,2026-04-27,3.65,356915503
INJ,2026-04-28,3.58,350296810
INJ,2026-04-29,3.53,345050459
INJ,2026-04-30,3.45,337271846
INJ,2026-05-01,3.56,348324348
INJ,2026-05-02,3.77,368788328
INJ,2026-05-03,3.75,366890870
INJ,2026-05-04,3.73,364572398
INJ,2026-05-05,3.75,366375896
INJ,2026-05-06,3.87,377834203
INJ,2026-05-07,3.86,377345322
INJ,2026-05-08,4.05,396246758
INJ,2026-05-09,4.25,415720064
INJ,2026-05-10,4.2,409986060
INJ,2026-05-11,4.39,429364655
INJ,2026-05-12,4.72,460873603
INJ,2026-05-13,5.35,522672801
INJ,2026-05-14,5.12,500431363
INJ,2026-05-15,5,488530442
INJ,2026-05-16,4.72,461485293
INJ,2026-05-17,4.77,465682968
INJ,2026-05-18,4.67,455912438
INJ,2026-05-19,5.01,489349401
INJ,2026-05-20,4.98,486964017
INJ,2026-05-21,5.02,490212715
INJ,2026-05-22,5.28,515530320
INJ,2026-05-23,5.13,501229204
INJ,2026-05-24,5.19,506872714
INJ,2026-05-25,5.43,530733792
INJ,2026-05-26,5.69,556124145
INJ,2026-05-27,5.66,553048771
INJ,2026-05-28,5.42,529631941
INJ,2026-05-29,6.12,597831544
INJ,2026-05-30,6.65,650212377
INJ,2026-05-31,6.49,634553737
INJ,2026-06-01,6.75,659942195
INJ,2026-06-02,6.93,677449288
INJ,2026-06-03,6.64,648421307
INJ,2026-06-04,5.91,577655436
INJ,2026-06-05,5.13,501545965
INJ,2026-06-06,5.13,500888109
INJ,2026-06-07,5.29,516584109
INJ,2026-06-08,5.61,547996522
INJ,2026-06-09,5.61,547872112
INJ,2026-06-10,5.2,507900672
INJ,2026-06-11,5.22,510582331
INJ,2026-06-12,5.31,519144162
INJ,2026-06-13,5.2,508495521
INJ,2026-06-14,5.12,500502245
INJ,2026-06-15,5.41,528872847
INJ,2026-06-16,5.71,558161148
INJ,2026-06-17,5.49,536681220
INJ,2026-06-18,5.26,514087638
INJ,2026-06-19,5.11,499604637
INJ,2026-06-20,5.05,493667180
INJ,2026-06-21,4.98,486586583
INJ,2026-06-22,4.89,477454003
INJ,2026-06-23,4.61,450880042
INJ,2026-06-24,4.39,428841207
INJ,2026-06-25,4.21,411679681
INJ,2026-06-26,4.56,445571401
INJ,2026-06-27,4.91,479731194
LINK,2025-06-28,13.21,8277566578
LINK,2025-06-29,13.4,8400055329
LINK,2025-06-30,13.4,8401260088
LINK,2025-07-01,13.11,8219107909
LINK,2025-07-02,13.26,8313944112
LINK,2025-07-03,13.72,8602168179
LINK,2025-07-04,13.33,8356314247
LINK,2025-07-05,13.18,8262227388
LINK,2025-07-06,13.31,8344707133
LINK,2025-07-07,13.5,8464297237
LINK,2025-07-08,13.52,8474147949
LINK,2025-07-09,14.06,8811583319
LINK,2025-07-10,14.49,9080420337
LINK,2025-07-11,15.47,9695394429
LINK,2025-07-12,15.14,9490527871
LINK,2025-07-13,15.44,9677308932
LINK,2025-07-14,15.98,10020752786
LINK,2025-07-15,15.57,9760001453
LINK,2025-07-16,16.45,10314283373
LINK,2025-07-17,16.98,10646102734
LINK,2025-07-18,18.28,11461802653
LINK,2025-07-19,18.02,11296116130
LINK,2025-07-20,19.1,11971617540
LINK,2025-07-21,19.63,12302078519
LINK,2025-07-22,19.27,12078715081
LINK,2025-07-23,18.75,11750874461
LINK,2025-07-24,18.12,11356788003
LINK,2025-07-25,17.81,11167098016
LINK,2025-07-26,18.34,11497931165
LINK,2025-07-27,18.83,11802988571
LINK,2025-07-28,18.79,11778122648
LINK,2025-07-29,18.02,11296360205
LINK,2025-07-30,17.61,11037650718
LINK,2025-07-31,17.7,11092262984
LINK,2025-08-01,16.52,10356801862
LINK,2025-08-02,15.94,9989793109
LINK,2025-08-03,16.1,10091914358
LINK,2025-08-04,16.76,10504853055
LINK,2025-08-05,16.62,10415721602
LINK,2025-08-06,16.49,10337486933
LINK,2025-08-07,17.41,10913464553
LINK,2025-08-08,19.23,12056219714
LINK,2025-08-09,20.99,13154592570
LINK,2025-08-10,21.9,13728854054
LINK,2025-08-11,21.76,13640763028
LINK,2025-08-12,22.28,13967502538
LINK,2025-08-13,23.77,14898300448
LINK,2025-08-14,23.12,14495608875
LINK,2025-08-15,22.17,13898220903
LINK,2025-08-16,22.04,13815041152
LINK,2025-08-17,24.68,15468049273
LINK,2025-08-18,25.22,15806471465
LINK,2025-08-19,24.34,15257204431
LINK,2025-08-20,25.12,15744435488
LINK,2025-08-21,25.57,16030539497
LINK,2025-08-22,25.68,16097961080
LINK,2025-08-23,26.02,16307905384
LINK,2025-08-24,25.81,16178502614
LINK,2025-08-25,24.8,15546836504
LINK,2025-08-26,23.75,14888524218
LINK,2025-08-27,24.25,15199773026
LINK,2025-08-28,24.42,15308136305
LINK,2025-08-29,23.7,14859239345
LINK,2025-08-30,23.32,14620715169
LINK,2025-08-31,23.73,14874880664
LINK,2025-09-01,22.98,14403167035
LINK,2025-09-02,23.14,14503709070
LINK,2025-09-03,23.55,14759524191
LINK,2025-09-04,23.06,14454820646
LINK,2025-09-05,22.53,14124180967
LINK,2025-09-06,22.22,13930927828
LINK,2025-09-07,22.33,13996457465
LINK,2025-09-08,22.83,14309079416
LINK,2025-09-09,23.27,14584191781
LINK,2025-09-10,23.44,14692355701
LINK,2025-09-11,23.82,14931060949
LINK,2025-09-12,24.66,15459069332
LINK,2025-09-13,25.05,15699558189
LINK,2025-09-14,24.45,15325875538
LINK,2025-09-15,23.66,14833747393
LINK,2025-09-16,23.53,14752700526
LINK,2025-09-17,23.34,14629759825
LINK,2025-09-18,24.26,15209822931
LINK,2025-09-19,24.07,15087631909
LINK,2025-09-20,23.39,14659130360
LINK,2025-09-21,23.21,14551481062
LINK,2025-09-22,21.6,13541309968
LINK,2025-09-23,21.72,13616975684
LINK,2025-09-24,21.71,13606133249
LINK,2025-09-25,20.87,13083119175
LINK,2025-09-26,20.6,12914449460
LINK,2025-09-27,20.99,13154913508
LINK,2025-09-28,20.93,13121482217
LINK,2025-09-29,21.47,13458823487
LINK,2025-09-30,21.42,13426792303
LINK,2025-10-01,21.99,13784280880
LINK,2025-10-02,22.64,14193025980
LINK,2025-10-03,22.53,14121709340
LINK,2025-10-04,22.08,13841368310
LINK,2025-10-05,22.41,14047919118
LINK,2025-10-06,22.53,14122619160
LINK,2025-10-07,22.69,14221198588
LINK,2025-10-08,22.14,13879611676
LINK,2025-10-09,21.94,13750591295
LINK,2025-10-10,21.4,13412103741
LINK,2025-10-11,17.69,11090376120
LINK,2025-10-12,17.97,11264310876
LINK,2025-10-13,19.54,12251768779
LINK,2025-10-14,18.99,11905195488
LINK,2025-10-15,18.59,11655294014
LINK,2025-10-16,17.94,11247476333
LINK,2025-10-17,16.72,10481132770
LINK,2025-10-18,16.8,10531551986
LINK,2025-10-19,17.11,10727856279
LINK,2025-10-20,18.45,11566278550
LINK,2025-10-21,18.18,11395794068
LINK,2025-10-22,17.43,10925212555
LINK,2025-10-23,17.4,10906799322
LINK,2025-10-24,17.67,11077760943
LINK,2025-10-25,17.98,11271790880
LINK,2025-10-26,18.1,11344683092
LINK,2025-10-27,18.62,11670332861
LINK,2025-10-28,18.28,11458175928
LINK,2025-10-29,18.07,11324235349
LINK,2025-10-30,17.48,10958657922
LINK,2025-10-31,17.15,10752420133
LINK,2025-11-01,17.25,10814811282
LINK,2025-11-02,17.28,10833283894
LINK,2025-11-03,16.03,10046549834
LINK,2025-11-04,14.89,9335270832
LINK,2025-11-05,14.92,9350854658
LINK,2025-11-06,14.83,9298632190
LINK,2025-11-07,15.19,9524502449
LINK,2025-11-08,15.59,9773170431
LINK,2025-11-09,15.56,9751877670
LINK,2025-11-10,16.27,10196698447
LINK,2025-11-11,16.01,10033228957
LINK,2025-11-12,15.49,9712234947
LINK,2025-11-13,15.27,9569983208
LINK,2025-11-14,14.25,8929960665
LINK,2025-11-15,14.13,8856929876
LINK,2025-11-16,14,8773140518
LINK,2025-11-17,13.76,8628552255
LINK,2025-11-18,13.57,8508441876
LINK,2025-11-19,13.34,8359669966
LINK,2025-11-20,13.47,8444483064
LINK,2025-11-21,12.36,7744808962
LINK,2025-11-22,11.99,7516821093
LINK,2025-11-23,12.52,7848465667
LINK,2025-11-24,12.7,7963442107
LINK,2025-11-25,12.92,8096740371
LINK,2025-11-26,13.1,8209322882
LINK,2025-11-27,13.41,8405062159
LINK,2025-11-28,13.28,8326568218
LINK,2025-11-29,13.09,8208400032
LINK,2025-11-30,13.16,8252443687
LINK,2025-12-01,12.11,7589348625
LINK,2025-12-02,12.61,7905970730
LINK,2025-12-03,14.29,8959148682
LINK,2025-12-04,14.47,9068561084
LINK,2025-12-05,13.97,8756927794
LINK,2025-12-06,13.76,8628348110
LINK,2025-12-07,13.86,8686252305
LINK,2025-12-08,13.89,8708733187
LINK,2025-12-09,14.04,8798171966
LINK,2025-12-10,14.24,8928690249
LINK,2025-12-11,13.69,8581938704
LINK,2025-12-12,13.9,8715748104
LINK,2025-12-13,13.76,8626087525
LINK,2025-12-14,13.57,8505958773
LINK,2025-12-15,13.26,8314149201
LINK,2025-12-16,12.86,8058909829
LINK,2025-12-17,12.61,7902836812
LINK,2025-12-18,12.22,7659975491
LINK,2025-12-19,12.38,7757998147
LINK,2025-12-20,12.59,7891627656
LINK,2025-12-21,12.46,7811328970
LINK,2025-12-22,12.61,7906223052
LINK,2025-12-23,12.39,7763914418
LINK,2025-12-24,12.23,7666681668
LINK,2025-12-25,12.28,7697386678
LINK,2025-12-26,12.3,7710389980
LINK,2025-12-27,12.27,7693759528
LINK,2025-12-28,12.46,7808021134
LINK,2025-12-29,12.53,7857151992
LINK,2025-12-30,12.41,7779314250
LINK,2025-12-31,12.36,7748332225
LINK,2026-01-01,12.32,7723239581
LINK,2026-01-02,13.01,8157082608
LINK,2026-01-03,13.17,8254296401
LINK,2026-01-04,13.4,8400050325
LINK,2026-01-05,13.67,8565907197
LINK,2026-01-06,13.84,8678006318
LINK,2026-01-07,13.61,8534101481
LINK,2026-01-08,13.27,8320543864
LINK,2026-01-09,13.21,8278312337
LINK,2026-01-10,13.15,8243706904
LINK,2026-01-11,13.21,8283173494
LINK,2026-01-12,13.22,8285205226
LINK,2026-01-13,13.39,8395779075
LINK,2026-01-14,14.1,8837880773
LINK,2026-01-15,13.89,8704448071
LINK,2026-01-16,13.7,8590505198
LINK,2026-01-17,13.74,8611698071
LINK,2026-01-18,13.75,8618416882
LINK,2026-01-19,12.83,8044881700
LINK,2026-01-20,12.52,7850724669
LINK,2026-01-21,12.31,7718297974
LINK,2026-01-22,12.37,7754547419
LINK,2026-01-23,12.26,7686529284
LINK,2026-01-24,12.21,7652374643
LINK,2026-01-25,11.92,7469542858
LINK,2026-01-26,11.85,7426821871
LINK,2026-01-27,11.97,7503813169
LINK,2026-01-28,11.9,7458167629
LINK,2026-01-29,11.4,7144376746
LINK,2026-01-30,10.81,6778587366
LINK,2026-01-31,10.29,6449946388
LINK,2026-02-01,9.78,6130629908
LINK,2026-02-02,9.61,6025286247
LINK,2026-02-03,9.63,6034275047
LINK,2026-02-04,9.47,5934630783
LINK,2026-02-05,8.77,5495341045
LINK,2026-02-06,8.4,5266077876
LINK,2026-02-07,8.84,5542695615
LINK,2026-02-08,8.89,5569757914
LINK,2026-02-09,8.76,5494124561
LINK,2026-02-10,8.61,5396988820
LINK,2026-02-11,8.35,5236431248
LINK,2026-02-12,8.4,5267307914
LINK,2026-02-13,8.56,5366729798
LINK,2026-02-14,8.97,5624024636
LINK,2026-02-15,8.95,5608457220
LINK,2026-02-16,8.8,5518397106
LINK,2026-02-17,8.85,5549879165
LINK,2026-02-18,8.77,5496918312
LINK,2026-02-19,8.58,5376203757
LINK,2026-02-20,8.72,5467127164
LINK,2026-02-21,8.92,5593065407
LINK,2026-02-22,8.77,5495831925
LINK,2026-02-23,8.37,5243911700
LINK,2026-02-24,8.21,5144225014
LINK,2026-02-25,8.89,5570126289
LINK,2026-02-26,9.18,5753978566
LINK,2026-02-27,8.93,5598533019
LINK,2026-02-28,8.55,5359883060
LINK,2026-03-01,8.88,5569362337
LINK,2026-03-02,8.85,5545847930
LINK,2026-03-03,8.79,5507560410
LINK,2026-03-04,9.14,5726820598
LINK,2026-03-05,9.28,5816702185
LINK,2026-03-06,9.02,5654318391
LINK,2026-03-07,8.77,5494826628
LINK,2026-03-08,8.61,5400244345
LINK,2026-03-09,8.81,5525447345
LINK,2026-03-10,9.02,5656919174
LINK,2026-03-11,8.99,5638236160
LINK,2026-03-12,8.98,5630184867
LINK,2026-03-13,9.24,5794352883
LINK,2026-03-14,9.03,5661402222
LINK,2026-03-15,9.22,5782536878
LINK,2026-03-16,9.73,6100300182
LINK,2026-03-17,9.83,6159167295
LINK,2026-03-18,9.53,5976172694
LINK,2026-03-19,9.09,5695020477
LINK,2026-03-20,9.08,5689127898
LINK,2026-03-21,9.1,5706736790
LINK,2026-03-22,8.8,5518249572
LINK,2026-03-23,8.91,5586632009
LINK,2026-03-24,9.14,5728375873
LINK,2026-03-25,9.34,5852185970
LINK,2026-03-26,9.04,5664991396
LINK,2026-03-27,8.71,5458006908
LINK,2026-03-28,8.56,5368135809
LINK,2026-03-29,8.47,5309504173
LINK,2026-03-30,8.7,5452227608
LINK,2026-03-31,8.71,5459079732
LINK,2026-04-01,8.96,5613580894
LINK,2026-04-02,8.59,5383876001
LINK,2026-04-03,8.68,5442996154
LINK,2026-04-04,8.67,5434176358
LINK,2026-04-05,8.61,5394990263
LINK,2026-04-06,8.98,5630030771
LINK,2026-04-07,8.77,5495685969
LINK,2026-04-08,9.13,5725107234
LINK,2026-04-09,8.85,5547846095
LINK,2026-04-10,9.02,5654337746
LINK,2026-04-11,9.07,5684664322
LINK,2026-04-12,8.8,5516152841
LINK,2026-04-13,8.85,5548359339
LINK,2026-04-14,9.15,5735881966
LINK,2026-04-15,9.15,5733654776
LINK,2026-04-16,9.36,5866984978
LINK,2026-04-17,9.58,6005907112
LINK,2026-04-18,9.45,5925736618
LINK,2026-04-19,9.2,5766265943
LINK,2026-04-20,9.24,5790989259
LINK,2026-04-21,9.36,5867676687
LINK,2026-04-22,9.47,5935489874
LINK,2026-04-23,9.26,5804990468
LINK,2026-04-24,9.34,5857749301
LINK,2026-04-25,9.39,5883271922
LINK,2026-04-26,9.43,5911990063
LINK,2026-04-27,9.34,5855305306
LINK,2026-04-28,9.25,5798394431
LINK,2026-04-29,9.22,5778618419
LINK,2026-04-30,9.12,5715713783
LINK,2026-05-01,9.17,5745098823
LINK,2026-05-02,9.12,5719478992
LINK,2026-05-03,9.14,5729696465
LINK,2026-05-04,9.37,5873405458
LINK,2026-05-05,9.64,6042865792
LINK,2026-05-06,9.97,6251204651
LINK,2026-05-07,9.95,6234622710
LINK,2026-05-08,10.03,6287762861
LINK,2026-05-09,10.44,6547010770
LINK,2026-05-10,10.53,6601421408
LINK,2026-05-11,10.58,6630715030
LINK,2026-05-12,10.35,6487543337
LINK,2026-05-13,10.35,6490608941
LINK,2026-05-14,10.38,6505903779
LINK,2026-05-15,10.23,6409780923
LINK,2026-05-16,9.81,6148973330
LINK,2026-05-17,9.73,6100472943
LINK,2026-05-18,9.48,5944065323
LINK,2026-05-19,9.58,6007718107
LINK,2026-05-20,9.57,5997591966
LINK,2026-05-21,9.68,6069158758
LINK,2026-05-22,9.74,6108110623
LINK,2026-05-23,9.34,5856100143
LINK,2026-05-24,9.5,5955540251
LINK,2026-05-25,9.52,5965528549
LINK,2026-05-26,9.46,5930014249
LINK,2026-05-27,9.34,5857150779
LINK,2026-05-28,8.95,5609011934
LINK,2026-05-29,8.99,5633191703
LINK,2026-05-30,9.18,5753981787
LINK,2026-05-31,9.16,5744176030
LINK,2026-06-01,9.03,5657835412
LINK,2026-06-02,8.74,5480475940
LINK,2026-06-03,8.4,5266529601
LINK,2026-06-04,8.06,5049619748
LINK,2026-06-05,7.56,4740327933
LINK,2026-06-06,7.34,4598120402
LINK,2026-06-07,7.68,4811605764
LINK,2026-06-08,7.95,4981363705
LINK,2026-06-09,7.87,4931002218
LINK,2026-06-10,7.7,4824515167
LINK,2026-06-11,7.79,4885010562
LINK,2026-06-12,7.86,4930111288
LINK,2026-06-13,7.95,4985285040
LINK,2026-06-14,7.92,4963018461
LINK,2026-06-15,8.3,5205251832
LINK,2026-06-16,8.27,5182076004
LINK,2026-06-17,8.21,5148132488
LINK,2026-06-18,7.98,5002232220
LINK,2026-06-19,7.89,4944654830
LINK,2026-06-20,7.92,4967335588
LINK,2026-06-21,7.93,4969536841
LINK,2026-06-22,7.95,4982545656
LINK,2026-06-23,7.66,4803394094
LINK,2026-06-24,7.49,4697355448
LINK,2026-06-25,7.34,4603622479
LINK,2026-06-26,7.24,4538311896
LINK,2026-06-27,7.36,4611552916
LTC,2025-06-28,85.79,6482166499
LTC,2025-06-29,86.73,6553060264
LTC,2025-06-30,86.54,6538461697
LTC,2025-07-01,85.23,6440047589
LTC,2025-07-02,85.42,6454260380
LTC,2025-07-03,89.69,6776641537
LTC,2025-07-04,87.65,6622754847
LTC,2025-07-05,86.71,6551537087
LTC,2025-07-06,87.43,6605913089
LTC,2025-07-07,86.89,6565570688
LTC,2025-07-08,86.64,6546407902
LTC,2025-07-09,88.58,6693157958
LTC,2025-07-10,91.59,6920556819
LTC,2025-07-11,95.65,7227520116
LTC,2025-07-12,93.06,7031545887
LTC,2025-07-13,94.67,7153351946
LTC,2025-07-14,96.04,7256887833
LTC,2025-07-15,93.75,7083421163
LTC,2025-07-16,97.17,7342085457
LTC,2025-07-17,99.55,7522052585
LTC,2025-07-18,105.57,7976482868
LTC,2025-07-19,103.86,7847312502
LTC,2025-07-20,116.11,8772981413
LTC,2025-07-21,117.53,8880741994
LTC,2025-07-22,116.03,8766841436
LTC,2025-07-23,115.91,8757671615
LTC,2025-07-24,112.74,8518089231
LTC,2025-07-25,112.18,8476119181
LTC,2025-07-26,113.79,8598162844
LTC,2025-07-27,114.11,8622092703
LTC,2025-07-28,112.6,8508008743
LTC,2025-07-29,109.05,8239503239
LTC,2025-07-30,108.94,8230964209
LTC,2025-07-31,109.77,8293835265
LTC,2025-08-01,105.64,7982296552
LTC,2025-08-02,107.15,8095760312
LTC,2025-08-03,108.79,8220314906
LTC,2025-08-04,115.31,8712436595
LTC,2025-08-05,122.42,9249571274
LTC,2025-08-06,118.06,8920692891
LTC,2025-08-07,120.51,9105591404
LTC,2025-08-08,122.5,9255900782
LTC,2025-08-09,123.24,9311577262
LTC,2025-08-10,122.36,9245564211
LTC,2025-08-11,124.16,9381203154
LTC,2025-08-12,122.74,9273949698
LTC,2025-08-13,130.85,9887184437
LTC,2025-08-14,126.44,9553533786
LTC,2025-08-15,120.33,9092187269
LTC,2025-08-16,119.41,9022287475
LTC,2025-08-17,121.5,9180051067
LTC,2025-08-18,117.58,8884424793
LTC,2025-08-19,115.34,8715169686
LTC,2025-08-20,114.95,8685307608
LTC,2025-08-21,115.34,8715257979
LTC,2025-08-22,118.08,8921983839
LTC,2025-08-23,121.29,9164226514
LTC,2025-08-24,120.2,9081893599
LTC,2025-08-25,112.86,8527226872
LTC,2025-08-26,111.6,8432612194
LTC,2025-08-27,113.46,8573201874
LTC,2025-08-28,113.2,8553056792
LTC,2025-08-29,110.92,8381071603
LTC,2025-08-30,110.31,8334919571
LTC,2025-08-31,110.94,8382597610
LTC,2025-09-01,109.03,8238379661
LTC,2025-09-02,110.48,8347608060
LTC,2025-09-03,112.13,8472565464
LTC,2025-09-04,111.2,8402271831
LTC,2025-09-05,112.56,8504498482
LTC,2025-09-06,111.9,8455005641
LTC,2025-09-07,113.94,8609076140
LTC,2025-09-08,113.32,8562477463
LTC,2025-09-09,112.77,8520500239
LTC,2025-09-10,114.08,8619856346
LTC,2025-09-11,115.97,8762373132
LTC,2025-09-12,116.35,8790869244
LTC,2025-09-13,119.13,9000993598
LTC,2025-09-14,116.25,8783406130
LTC,2025-09-15,114.22,8630624322
LTC,2025-09-16,114.45,8647292540
LTC,2025-09-17,114.88,8680043875
LTC,2025-09-18,117.05,8844491405
LTC,2025-09-19,116.24,8783283969
LTC,2025-09-20,114.29,8635516749
LTC,2025-09-21,114.93,8683635484
LTC,2025-09-22,107.29,8106612397
LTC,2025-09-23,106.26,8028602057
LTC,2025-09-24,106.73,8064002527
LTC,2025-09-25,103.97,7855894454
LTC,2025-09-26,103.4,7812699242
LTC,2025-09-27,104.35,7884178172
LTC,2025-09-28,104.6,7903195201
LTC,2025-09-29,106.45,8042874224
LTC,2025-09-30,105.95,8005507829
LTC,2025-10-01,109.56,8278329512
LTC,2025-10-02,119.23,9008507979
LTC,2025-10-03,119.05,8995355743
LTC,2025-10-04,119.02,8993327510
LTC,2025-10-05,120.5,9105005334
LTC,2025-10-06,119.91,9060507292
LTC,2025-10-07,117.58,8884446688
LTC,2025-10-08,117.33,8864922862
LTC,2025-10-09,118.5,8953746223
LTC,2025-10-10,125.43,9477144397
LTC,2025-10-11,97.23,7346562542
LTC,2025-10-12,96.52,7292963293
LTC,2025-10-13,98.5,7442468928
LTC,2025-10-14,96.1,7261517198
LTC,2025-10-15,96.57,7296985377
LTC,2025-10-16,93.93,7097547925
LTC,2025-10-17,89.74,6780896941
LTC,2025-10-18,91.18,6889521551
LTC,2025-10-19,93.05,7030436252
LTC,2025-10-20,94.65,7151373893
LTC,2025-10-21,94.01,7103365178
LTC,2025-10-22,92.75,7008065376
LTC,2025-10-23,93.39,7056401444
LTC,2025-10-24,95.74,7233596251
LTC,2025-10-25,96.46,7288096462
LTC,2025-10-26,98.27,7424847441
LTC,2025-10-27,100.27,7576332640
LTC,2025-10-28,100.01,7556839548
LTC,2025-10-29,98.25,7423737520
LTC,2025-10-30,95.52,7217591473
LTC,2025-10-31,94.72,7156674707
LTC,2025-11-01,98.22,7421478834
LTC,2025-11-02,99.6,7525552567
LTC,2025-11-03,92,6951322905
LTC,2025-11-04,86.64,6546568145
LTC,2025-11-05,87.15,6584958483
LTC,2025-11-06,87.47,6609178187
LTC,2025-11-07,93.07,7032409836
LTC,2025-11-08,100.49,7593144132
LTC,2025-11-09,104.85,7922554041
LTC,2025-11-10,107.73,8139647666
LTC,2025-11-11,102.32,7731339945
LTC,2025-11-12,99.69,7532480199
LTC,2025-11-13,98.65,7453558602
LTC,2025-11-14,96.8,7313833860
LTC,2025-11-15,103.19,7796999991
LTC,2025-11-16,99.79,7540310447
LTC,2025-11-17,95.24,7195897846
LTC,2025-11-18,94.7,7155135685
LTC,2025-11-19,93.03,7029549489
LTC,2025-11-20,90.97,6873295850
LTC,2025-11-21,84.33,6371920436
LTC,2025-11-22,82.34,6221367532
LTC,2025-11-23,83.47,6307000078
LTC,2025-11-24,84.39,6376580613
LTC,2025-11-25,84.97,6420387655
LTC,2025-11-26,85.3,6445483880
LTC,2025-11-27,86.81,6559493883
LTC,2025-11-28,85.15,6434141357
LTC,2025-11-29,84.35,6372992571
LTC,2025-11-30,84.15,6357934865
LTC,2025-12-01,77.31,5841621797
LTC,2025-12-02,79.79,6028615150
LTC,2025-12-03,85.08,6428264374
LTC,2025-12-04,84.78,6405883385
LTC,2025-12-05,82.2,6210638678
LTC,2025-12-06,81.04,6123594483
LTC,2025-12-07,82.08,6202016200
LTC,2025-12-08,83.36,6298812241
LTC,2025-12-09,84.52,6385891350
LTC,2025-12-10,84.75,6403577018
LTC,2025-12-11,81.59,6164625828
LTC,2025-12-12,82.86,6260894261
LTC,2025-12-13,81.81,6181654344
LTC,2025-12-14,80.24,6063169841
LTC,2025-12-15,79.36,5996531629
LTC,2025-12-16,78.26,5913213465
LTC,2025-12-17,78.06,5897789266
LTC,2025-12-18,75.66,5716815420
LTC,2025-12-19,76.13,5752041660
LTC,2025-12-20,77.23,5835556181
LTC,2025-12-21,76.9,5810097025
LTC,2025-12-22,77.77,5876400216
LTC,2025-12-23,76.86,5807153081
LTC,2025-12-24,76.07,5748061767
LTC,2025-12-25,76.53,5782351413
LTC,2025-12-26,76.97,5815774246
LTC,2025-12-27,78.05,5897229764
LTC,2025-12-28,79.23,5986488791
LTC,2025-12-29,78.48,5930103033
LTC,2025-12-30,78.12,5902860426
LTC,2025-12-31,77.63,5865655499
LTC,2026-01-01,77.98,5891817480
LTC,2026-01-02,80.28,6066206379
LTC,2026-01-03,81.97,6193337082
LTC,2026-01-04,82.37,6223867754
LTC,2026-01-05,82.7,6248619553
LTC,2026-01-06,83.4,6301467965
LTC,2026-01-07,82.46,6230297265
LTC,2026-01-08,81.19,6134870879
LTC,2026-01-09,81.31,6143932814
LTC,2026-01-10,81.35,6146599742
LTC,2026-01-11,80.81,6106008870
LTC,2026-01-12,77.68,5869087209
LTC,2026-01-13,76.61,5788796009
LTC,2026-01-14,78.47,5929259477
LTC,2026-01-15,74.25,5610514923
LTC,2026-01-16,72.79,5499981052
LTC,2026-01-17,74.75,5648024674
LTC,2026-01-18,74.98,5665604763
LTC,2026-01-19,70.46,5323850812
LTC,2026-01-20,69.18,5226873331
LTC,2026-01-21,68.42,5169607834
LTC,2026-01-22,68.46,5172703379
LTC,2026-01-23,68.4,5167848535
LTC,2026-01-24,68.31,5161163429
LTC,2026-01-25,68.21,5153977606
LTC,2026-01-26,68.49,5174825280
LTC,2026-01-27,69.5,5251547631
LTC,2026-01-28,69.49,5250231488
LTC,2026-01-29,67.1,5069906676
LTC,2026-01-30,64.69,4888095535
LTC,2026-01-31,61.95,4680603733
LTC,2026-02-01,59.11,4466602887
LTC,2026-02-02,59.28,4478945921
LTC,2026-02-03,59.68,4509224524
LTC,2026-02-04,59.52,4497143030
LTC,2026-02-05,55.77,4213969770
LTC,2026-02-06,52.72,3983119700
LTC,2026-02-07,54.57,4123085663
LTC,2026-02-08,54.99,4155071422
LTC,2026-02-09,54.18,4093791855
LTC,2026-02-10,53.54,4045705544
LTC,2026-02-11,52.37,3957144373
LTC,2026-02-12,52.79,3989084975
LTC,2026-02-13,53.83,4067332390
LTC,2026-02-14,55.68,4206834600
LTC,2026-02-15,55.46,4190298675
LTC,2026-02-16,54.4,4110479645
LTC,2026-02-17,54.75,4137168796
LTC,2026-02-18,53.95,4076157220
LTC,2026-02-19,52.79,3988861183
LTC,2026-02-20,54.02,4081733183
LTC,2026-02-21,55.21,4171773587
LTC,2026-02-22,54.05,4083674733
LTC,2026-02-23,52.01,3930142487
LTC,2026-02-24,51.13,3863185737
LTC,2026-02-25,54.88,4146365486
LTC,2026-02-26,56,4231474838
LTC,2026-02-27,55.11,4163857270
LTC,2026-02-28,53.43,4037085864
LTC,2026-03-01,54.11,4088720184
LTC,2026-03-02,54.08,4086367271
LTC,2026-03-03,54.2,4095537754
LTC,2026-03-04,55.91,4224213640
LTC,2026-03-05,56.14,4242021364
LTC,2026-03-06,54.68,4131548443
LTC,2026-03-07,53.82,4066756116
LTC,2026-03-08,53.11,4013262435
LTC,2026-03-09,53.65,4053442507
LTC,2026-03-10,54.15,4091334183
LTC,2026-03-11,54.35,4106326043
LTC,2026-03-12,54.37,4107846108
LTC,2026-03-13,55.5,4193432303
LTC,2026-03-14,54.88,4146340773
LTC,2026-03-15,55.3,4178361759
LTC,2026-03-16,57.62,4353659532
LTC,2026-03-17,58.12,4391233428
LTC,2026-03-18,56.96,4303583370
LTC,2026-03-19,55.46,4190744219
LTC,2026-03-20,55.74,4211391939
LTC,2026-03-21,56.05,4234980794
LTC,2026-03-22,54.22,4096845504
LTC,2026-03-23,54.71,4134007647
LTC,2026-03-24,55.68,4207057009
LTC,2026-03-25,56.4,4261165627
LTC,2026-03-26,55.13,4165181036
LTC,2026-03-27,54.25,4099424532
LTC,2026-03-28,53.98,4078853686
LTC,2026-03-29,53.77,4063156876
LTC,2026-03-30,53.74,4060691509
LTC,2026-03-31,53.72,4059302268
LTC,2026-04-01,54.15,4091274419
LTC,2026-04-02,52.24,3947469049
LTC,2026-04-03,52.91,3998079060
LTC,2026-04-04,53.37,4032673237
LTC,2026-04-05,53.24,4022363655
LTC,2026-04-06,54.15,4091501304
LTC,2026-04-07,53.59,4049007882
LTC,2026-04-08,54.84,4143613795
LTC,2026-04-09,54.23,4097598708
LTC,2026-04-10,54.82,4141873421
LTC,2026-04-11,54.84,4143912379
LTC,2026-04-12,53.93,4074680196
LTC,2026-04-13,53.42,4036661529
LTC,2026-04-14,54.51,4118661212
LTC,2026-04-15,54.67,4131116615
LTC,2026-04-16,55.59,4200390447
LTC,2026-04-17,56.33,4256332100
LTC,2026-04-18,56.04,4234080690
LTC,2026-04-19,55.17,4168865396
LTC,2026-04-20,54.94,4151258935
LTC,2026-04-21,55.22,4172591663
LTC,2026-04-22,56.06,4235992450
LTC,2026-04-23,55.5,4193304516
LTC,2026-04-24,56.28,4252375365
LTC,2026-04-25,56.39,4260907064
LTC,2026-04-26,56.14,4242108678
LTC,2026-04-27,55.68,4206752565
LTC,2026-04-28,55.28,4176633941
LTC,2026-04-29,55.77,4214240184
LTC,2026-04-30,55.48,4191666061
LTC,2026-05-01,55.44,4189168150
LTC,2026-05-02,55.38,4184548284
LTC,2026-05-03,55.23,4172981213
LTC,2026-05-04,55.5,4193689994
LTC,2026-05-05,55.57,4198831366
LTC,2026-05-06,57.02,4308057883
LTC,2026-05-07,56.66,4281174822
LTC,2026-05-08,57.14,4317431493
LTC,2026-05-09,58.35,4408818610
LTC,2026-05-10,58.69,4434439748
LTC,2026-05-11,58.85,4446792685
LTC,2026-05-12,57.91,4375624414
LTC,2026-05-13,57.71,4360355184
LTC,2026-05-14,57.64,4355247607
LTC,2026-05-15,57.68,4358417054
LTC,2026-05-16,56.39,4260511522
LTC,2026-05-17,56.07,4236769447
LTC,2026-05-18,53.93,4074566133
LTC,2026-05-19,54.18,4093491452
LTC,2026-05-20,54.03,4082403199
LTC,2026-05-21,54.09,4087221398
LTC,2026-05-22,53.97,4077876469
LTC,2026-05-23,52.75,3985809954
LTC,2026-05-24,53.13,4014472598
LTC,2026-05-25,52.81,3989944610
LTC,2026-05-26,52.3,3951976196
LTC,2026-05-27,52.2,3943818843
LTC,2026-05-28,51.27,3873610813
LTC,2026-05-29,51.75,3909992082
LTC,2026-05-30,52.41,3959874012
LTC,2026-05-31,52.19,3943132743
LTC,2026-06-01,51.11,3862026310
LTC,2026-06-02,49.01,3703089955
LTC,2026-06-03,47.72,3605739304
LTC,2026-06-04,46.12,3484924564
LTC,2026-06-05,44.02,3326154281
LTC,2026-06-06,42.37,3201429255
LTC,2026-06-07,41.98,3171683502
LTC,2026-06-08,42.95,3245301890
LTC,2026-06-09,42.72,3227678654
LTC,2026-06-10,42.29,3195581095
LTC,2026-06-11,42.45,3207339177
LTC,2026-06-12,42.83,3235862696
LTC,2026-06-13,43.66,3298791584
LTC,2026-06-14,44.25,3343114818
LTC,2026-06-15,45.55,3441577244
LTC,2026-06-16,45.52,3439193375
LTC,2026-06-17,45.33,3425321504
LTC,2026-06-18,44.03,3327159072
LTC,2026-06-19,43.76,3306780987
LTC,2026-06-20,44.13,3334185353
LTC,2026-06-21,44.87,3390615085
LTC,2026-06-22,44.91,3393580597
LTC,2026-06-23,43.18,3262544403
LTC,2026-06-24,41.43,3130072057
LTC,2026-06-25,41.1,3105467881
LTC,2026-06-26,41.31,3121106596
LTC,2026-06-27,42.29,3195266503
NEAR,2025-06-28,2.12,2517254815
NEAR,2025-06-29,2.16,2557236955
NEAR,2025-06-30,2.18,2584226152
NEAR,2025-07-01,2.09,2478450574
NEAR,2025-07-02,2.15,2552809219
NEAR,2025-07-03,2.29,2712684300
NEAR,2025-07-04,2.18,2586355739
NEAR,2025-07-05,2.13,2525487777
NEAR,2025-07-06,2.16,2554833909
NEAR,2025-07-07,2.17,2570290057
NEAR,2025-07-08,2.17,2577367802
NEAR,2025-07-09,2.27,2689330946
NEAR,2025-07-10,2.39,2826706616
NEAR,2025-07-11,2.56,3038727106
NEAR,2025-07-12,2.49,2949974644
NEAR,2025-07-13,2.52,2989001565
NEAR,2025-07-14,2.61,3098843898
NEAR,2025-07-15,2.56,3029809513
NEAR,2025-07-16,2.7,3196614861
NEAR,2025-07-17,2.77,3282028388
NEAR,2025-07-18,2.89,3427186501
NEAR,2025-07-19,2.86,3385856743
NEAR,2025-07-20,2.97,3519153541
NEAR,2025-07-21,3.01,3564585280
NEAR,2025-07-22,2.95,3500321875
NEAR,2025-07-23,2.88,3408357465
NEAR,2025-07-24,2.74,3242797061
NEAR,2025-07-25,2.73,3231183935
NEAR,2025-07-26,2.88,3408333877
NEAR,2025-07-27,2.91,3448876809
NEAR,2025-07-28,2.89,3426742798
NEAR,2025-07-29,2.74,3241793909
NEAR,2025-07-30,2.67,3159476089
NEAR,2025-07-31,2.66,3151867454
NEAR,2025-08-01,2.47,2929457614
NEAR,2025-08-02,2.39,2834068670
NEAR,2025-08-03,2.42,2863928436
NEAR,2025-08-04,2.5,2967891645
NEAR,2025-08-05,2.49,2947161743
NEAR,2025-08-06,2.47,2927072121
NEAR,2025-08-07,2.55,3024315226
NEAR,2025-08-08,2.67,3165364732
NEAR,2025-08-09,2.79,3306474658
NEAR,2025-08-10,2.76,3275405424
NEAR,2025-08-11,2.71,3210803303
NEAR,2025-08-12,2.68,3171235022
NEAR,2025-08-13,2.89,3421563712
NEAR,2025-08-14,2.89,3426367457
NEAR,2025-08-15,2.75,3254240090
NEAR,2025-08-16,2.73,3237444367
NEAR,2025-08-17,2.75,3260849133
NEAR,2025-08-18,2.59,3073772735
NEAR,2025-08-19,2.5,2967246561
NEAR,2025-08-20,2.49,2946764133
NEAR,2025-08-21,2.49,2954366739
NEAR,2025-08-22,2.53,3000043006
NEAR,2025-08-23,2.68,3171182739
NEAR,2025-08-24,2.66,3149677476
NEAR,2025-08-25,2.52,2989734834
NEAR,2025-08-26,2.46,2912851917
NEAR,2025-08-27,2.53,2997999956
NEAR,2025-08-28,2.52,2989615661
NEAR,2025-08-29,2.46,2911591309
NEAR,2025-08-30,2.44,2886196322
NEAR,2025-08-31,2.44,2892743667
NEAR,2025-09-01,2.36,2795707660
NEAR,2025-09-02,2.38,2816954853
NEAR,2025-09-03,2.46,2912718819
NEAR,2025-09-04,2.41,2856636250
NEAR,2025-09-05,2.41,2850923220
NEAR,2025-09-06,2.4,2838502881
NEAR,2025-09-07,2.45,2902059535
NEAR,2025-09-08,2.52,2992030317
NEAR,2025-09-09,2.67,3161448377
NEAR,2025-09-10,2.68,3176869019
NEAR,2025-09-11,2.73,3229675660
NEAR,2025-09-12,2.75,3257392392
NEAR,2025-09-13,2.82,3343589300
NEAR,2025-09-14,2.74,3244393822
NEAR,2025-09-15,2.66,3147688236
NEAR,2025-09-16,2.68,3170641564
NEAR,2025-09-17,2.72,3228779452
NEAR,2025-09-18,2.98,3535181151
NEAR,2025-09-19,3.19,3777408157
NEAR,2025-09-20,3.14,3721051900
NEAR,2025-09-21,3.13,3704803475
NEAR,2025-09-22,2.93,3466931591
NEAR,2025-09-23,3,3553046229
NEAR,2025-09-24,3.03,3586047833
NEAR,2025-09-25,2.87,3402190884
NEAR,2025-09-26,2.73,3232113152
NEAR,2025-09-27,2.73,3233805246
NEAR,2025-09-28,2.71,3208905268
NEAR,2025-09-29,2.78,3296712687
NEAR,2025-09-30,2.66,3149915949
NEAR,2025-10-01,2.76,3271355844
NEAR,2025-10-02,2.91,3448425633
NEAR,2025-10-03,2.97,3520053958
NEAR,2025-10-04,2.96,3504181137
NEAR,2025-10-05,3.03,3588111173
NEAR,2025-10-06,3.01,3564568172
NEAR,2025-10-07,3,3550821319
NEAR,2025-10-08,2.96,3508806896
NEAR,2025-10-09,2.89,3419988704
NEAR,2025-10-10,2.95,3496829298
NEAR,2025-10-11,2.4,2848381976
NEAR,2025-10-12,2.36,2793238504
NEAR,2025-10-13,2.53,3002216777
NEAR,2025-10-14,2.47,2929455717
NEAR,2025-10-15,2.41,2850744179
NEAR,2025-10-16,2.3,2729285011
NEAR,2025-10-17,2.17,2567745925
NEAR,2025-10-18,2.16,2556705534
NEAR,2025-10-19,2.22,2631267052
NEAR,2025-10-20,2.29,2710460935
NEAR,2025-10-21,2.25,2662031248
NEAR,2025-10-22,2.2,2603556935
NEAR,2025-10-23,2.19,2590839106
NEAR,2025-10-24,2.24,2656073300
NEAR,2025-10-25,2.26,2681066710
NEAR,2025-10-26,2.32,2753731039
NEAR,2025-10-27,2.37,2811194201
NEAR,2025-10-28,2.31,2742635209
NEAR,2025-10-29,2.28,2700747125
NEAR,2025-10-30,2.17,2576186042
NEAR,2025-10-31,2.11,2505401386
NEAR,2025-11-01,2.15,2543851410
NEAR,2025-11-02,2.16,2555956247
NEAR,2025-11-03,2.01,2377832202
NEAR,2025-11-04,1.87,2218550366
NEAR,2025-11-05,1.88,2229282131
NEAR,2025-11-06,1.96,2327470736
NEAR,2025-11-07,2.42,2873173816
NEAR,2025-11-08,2.81,3325152985
NEAR,2025-11-09,2.86,3390150690
NEAR,2025-11-10,2.91,3447389280
NEAR,2025-11-11,2.69,3188935732
NEAR,2025-11-12,2.58,3052410935
NEAR,2025-11-13,2.52,2985897151
NEAR,2025-11-14,2.4,2842999967
NEAR,2025-11-15,2.47,2932500604
NEAR,2025-11-16,2.4,2842781027
NEAR,2025-11-17,2.28,2704843104
NEAR,2025-11-18,2.28,2696572100
NEAR,2025-11-19,2.26,2676971832
NEAR,2025-11-20,2.28,2706246546
NEAR,2025-11-21,1.95,2311472187
NEAR,2025-11-22,1.84,2179479479
NEAR,2025-11-23,1.86,2206649460
NEAR,2025-11-24,1.89,2240355178
NEAR,2025-11-25,1.88,2233936212
NEAR,2025-11-26,1.9,2248947782
NEAR,2025-11-27,1.93,2286304727
NEAR,2025-11-28,1.9,2248818373
NEAR,2025-11-29,1.87,2219422438
NEAR,2025-11-30,1.85,2196487403
NEAR,2025-12-01,1.65,1955303892
NEAR,2025-12-02,1.73,2050842561
NEAR,2025-12-03,1.81,2150964108
NEAR,2025-12-04,1.84,2183779571
NEAR,2025-12-05,1.74,2064159031
NEAR,2025-12-06,1.7,2020338330
NEAR,2025-12-07,1.71,2028180835
NEAR,2025-12-08,1.76,2084075124
NEAR,2025-12-09,1.77,2096766840
NEAR,2025-12-10,1.78,2109698918
NEAR,2025-12-11,1.68,1985514617
NEAR,2025-12-12,1.67,1976461388
NEAR,2025-12-13,1.66,1964382672
NEAR,2025-12-14,1.62,1925595387
NEAR,2025-12-15,1.59,1882268947
NEAR,2025-12-16,1.55,1836024358
NEAR,2025-12-17,1.53,1814308287
NEAR,2025-12-18,1.48,1756204742
NEAR,2025-12-19,1.5,1773341637
NEAR,2025-12-20,1.52,1802909124
NEAR,2025-12-21,1.5,1776949360
NEAR,2025-12-22,1.54,1821964302
NEAR,2025-12-23,1.49,1771268752
NEAR,2025-12-24,1.46,1728791527
NEAR,2025-12-25,1.49,1762390177
NEAR,2025-12-26,1.52,1798581616
NEAR,2025-12-27,1.54,1821835712
NEAR,2025-12-28,1.59,1881519087
NEAR,2025-12-29,1.55,1839421310
NEAR,2025-12-30,1.53,1814233356
NEAR,2025-12-31,1.51,1789190556
NEAR,2026-01-01,1.55,1835148196
NEAR,2026-01-02,1.65,1957350575
NEAR,2026-01-03,1.69,2006154541
NEAR,2026-01-04,1.72,2037308304
NEAR,2026-01-05,1.75,2075213252
NEAR,2026-01-06,1.79,2116196110
NEAR,2026-01-07,1.75,2075713886
NEAR,2026-01-08,1.7,2010235588
NEAR,2026-01-09,1.69,2008764804
NEAR,2026-01-10,1.7,2014740384
NEAR,2026-01-11,1.7,2014442813
NEAR,2026-01-12,1.7,2016160481
NEAR,2026-01-13,1.77,2102353806
NEAR,2026-01-14,1.84,2175979658
NEAR,2026-01-15,1.76,2087058911
NEAR,2026-01-16,1.72,2037871759
NEAR,2026-01-17,1.77,2092212290
NEAR,2026-01-18,1.72,2036613249
NEAR,2026-01-19,1.58,1868030130
NEAR,2026-01-20,1.55,1834617396
NEAR,2026-01-21,1.53,1816856088
NEAR,2026-01-22,1.53,1816929103
NEAR,2026-01-23,1.52,1801115876
NEAR,2026-01-24,1.51,1785610706
NEAR,2026-01-25,1.48,1753738110
NEAR,2026-01-26,1.46,1730081428
NEAR,2026-01-27,1.47,1743670394
NEAR,2026-01-28,1.48,1752646778
NEAR,2026-01-29,1.42,1677651035
NEAR,2026-01-30,1.33,1574897042
NEAR,2026-01-31,1.26,1492931810
NEAR,2026-02-01,1.190446,1410875121
NEAR,2026-02-02,1.194277,1415415299
NEAR,2026-02-03,1.189476,1409726151
NEAR,2026-02-04,1.174165,1391579280
NEAR,2026-02-05,1.088917,1290546833
NEAR,2026-02-06,1.023133,1212581735
NEAR,2026-02-07,1.074587,1273562899
NEAR,2026-02-08,1.058583,1254595413
NEAR,2026-02-09,1.023878,1213464740
NEAR,2026-02-10,1.00169,1187168782
NEAR,2026-02-11,0.969453,1148961631
NEAR,2026-02-12,0.968523,1147859516
NEAR,2026-02-13,0.992284,1176021159
NEAR,2026-02-14,1.053144,1248149371
NEAR,2026-02-15,1.065176,1262409236
NEAR,2026-02-16,1.050967,1245570119
NEAR,2026-02-17,1.050686,1245236145
NEAR,2026-02-18,1.03949,1231968146
NEAR,2026-02-19,1.006263,1192588136
NEAR,2026-02-20,1.024747,1214495265
NEAR,2026-02-21,1.066558,1264048227
NEAR,2026-02-22,1.024517,1214222727
NEAR,2026-02-23,0.994574,1178735204
NEAR,2026-02-24,0.976009,1156731756
NEAR,2026-02-25,1.072057,1270564997
NEAR,2026-02-26,1.133941,1343907960
NEAR,2026-02-27,1.11588,1322502883
NEAR,2026-02-28,1.084757,1285616043
NEAR,2026-03-01,1.155897,1369929252
NEAR,2026-03-02,1.25,1478689271
NEAR,2026-03-03,1.37,1619792460
NEAR,2026-03-04,1.35,1601142136
NEAR,2026-03-05,1.28,1518756806
NEAR,2026-03-06,1.25,1485946223
NEAR,2026-03-07,1.22,1449999693
NEAR,2026-03-08,1.22,1446133289
NEAR,2026-03-09,1.24,1471139865
NEAR,2026-03-10,1.28,1519958223
NEAR,2026-03-11,1.29,1528471494
NEAR,2026-03-12,1.32,1563726565
NEAR,2026-03-13,1.36,1609218417
NEAR,2026-03-14,1.32,1558719966
NEAR,2026-03-15,1.34,1593124838
NEAR,2026-03-16,1.41,1674198386
NEAR,2026-03-17,1.46,1726069279
NEAR,2026-03-18,1.42,1685902134
NEAR,2026-03-19,1.35,1601206355
NEAR,2026-03-20,1.34,1585469430
NEAR,2026-03-21,1.32,1561018290
NEAR,2026-03-22,1.29,1526666199
NEAR,2026-03-23,1.29,1532724678
NEAR,2026-03-24,1.3,1540867844
NEAR,2026-03-25,1.29,1526473147
NEAR,2026-03-26,1.23,1460830851
NEAR,2026-03-27,1.2,1425086878
NEAR,2026-03-28,1.175226,1392837705
NEAR,2026-03-29,1.163188,1378570798
NEAR,2026-03-30,1.182995,1402045351
NEAR,2026-03-31,1.180327,1398883033
NEAR,2026-04-01,1.2,1425018678
NEAR,2026-04-02,1.159501,1374199943
NEAR,2026-04-03,1.2,1422616241
NEAR,2026-04-04,1.24,1472176122
NEAR,2026-04-05,1.25,1477139439
NEAR,2026-04-06,1.27,1510188198
NEAR,2026-04-07,1.25,1480730105
NEAR,2026-04-08,1.34,1588725586
NEAR,2026-04-09,1.35,1596401187
NEAR,2026-04-10,1.37,1619272555
NEAR,2026-04-11,1.37,1620943077
NEAR,2026-04-12,1.35,1596936999
NEAR,2026-04-13,1.38,1640494500
NEAR,2026-04-14,1.4,1654425155
NEAR,2026-04-15,1.38,1636681894
NEAR,2026-04-16,1.42,1677077077
NEAR,2026-04-17,1.42,1678680541
NEAR,2026-04-18,1.39,1641868465
NEAR,2026-04-19,1.35,1598086752
NEAR,2026-04-20,1.35,1605301663
NEAR,2026-04-21,1.37,1625413831
NEAR,2026-04-22,1.41,1672686125
NEAR,2026-04-23,1.39,1650907672
NEAR,2026-04-24,1.41,1673640872
NEAR,2026-04-25,1.41,1667249086
NEAR,2026-04-26,1.4,1656748994
NEAR,2026-04-27,1.37,1627539928
NEAR,2026-04-28,1.35,1601659710
NEAR,2026-04-29,1.34,1592826393
NEAR,2026-04-30,1.32,1561817177
NEAR,2026-05-01,1.3,1538157248
NEAR,2026-05-02,1.29,1530716604
NEAR,2026-05-03,1.28,1516699905
NEAR,2026-05-04,1.28,1511219561
NEAR,2026-05-05,1.28,1516456038
NEAR,2026-05-06,1.42,1687266233
NEAR,2026-05-07,1.48,1757272421
NEAR,2026-05-08,1.54,1820615204
NEAR,2026-05-09,1.58,1867527769
NEAR,2026-05-10,1.57,1861813143
NEAR,2026-05-11,1.54,1826582501
NEAR,2026-05-12,1.56,1853369746
NEAR,2026-05-13,1.61,1908680948
NEAR,2026-05-14,1.58,1871433761
NEAR,2026-05-15,1.55,1839617492
NEAR,2026-05-16,1.51,1786220882
NEAR,2026-05-17,1.52,1805187688
NEAR,2026-05-18,1.52,1807158718
NEAR,2026-05-19,1.62,1924267440
NEAR,2026-05-20,1.65,1956663515
NEAR,2026-05-21,1.79,2120774349
NEAR,2026-05-22,2.16,2565550320
NEAR,2026-05-23,2.19,2595831416
NEAR,2026-05-24,2.4,2843997475
NEAR,2026-05-25,2.54,3014386146
NEAR,2026-05-26,2.73,3232624857
NEAR,2026-05-27,2.54,3009065806
NEAR,2026-05-28,2.39,2833547568
NEAR,2026-05-29,2.49,2955452767
NEAR,2026-05-30,2.36,2793780454
NEAR,2026-05-31,2.28,2704479135
NEAR,2026-06-01,2.42,2868138918
NEAR,2026-06-02,2.63,3115389346
NEAR,2026-06-03,2.84,3371495691
NEAR,2026-06-04,2.45,2907894902
NEAR,2026-06-05,2.05,2432851893
NEAR,2026-06-06,1.9,2257126371
NEAR,2026-06-07,1.95,2309336254
NEAR,2026-06-08,2.13,2529660509
NEAR,2026-06-09,2.14,2532915830
NEAR,2026-06-10,2.07,2452875743
NEAR,2026-06-11,2.03,2400847002
NEAR,2026-06-12,2.06,2445008621
NEAR,2026-06-13,2.06,2440901032
NEAR,2026-06-14,2.12,2510400981
NEAR,2026-06-15,2.41,2850516057
NEAR,2026-06-16,2.39,2830751932
NEAR,2026-06-17,2.3,2722455758
NEAR,2026-06-18,2.21,2617618239
NEAR,2026-06-19,2.15,2543050012
NEAR,2026-06-20,2.16,2554591394
NEAR,2026-06-21,2.19,2594007255
NEAR,2026-06-22,2.14,2533032552
NEAR,2026-06-23,2,2374874397
NEAR,2026-06-24,1.95,2308656791
NEAR,2026-06-25,1.9,2251444123
NEAR,2026-06-26,1.8,2138458616
NEAR,2026-06-27,1.81,2139225869
POL,2025-06-28,0.176089,1508023223
POL,2025-06-29,0.179254,1535125988
POL,2025-06-30,0.185437,1588078267
POL,2025-07-01,0.182365,1561774952
POL,2025-07-02,0.182769,1565234504
POL,2025-07-03,0.189286,1621040325
POL,2025-07-04,0.182216,1560493341
POL,2025-07-05,0.180868,1548954038
POL,2025-07-06,0.182579,1563602567
POL,2025-07-07,0.184587,1580797566
POL,2025-07-08,0.187325,1604249994
POL,2025-07-09,0.201164,1722766254
POL,2025-07-10,0.210127,1799522446
POL,2025-07-11,0.22892,1960470812
POL,2025-07-12,0.229742,1967506386
POL,2025-07-13,0.231015,1978409412
POL,2025-07-14,0.23528,2014934935
POL,2025-07-15,0.225273,1929233312
POL,2025-07-16,0.2329,1994552354
POL,2025-07-17,0.232795,1993654678
POL,2025-07-18,0.242578,2077438344
POL,2025-07-19,0.236245,2023198089
POL,2025-07-20,0.246891,2114368459
POL,2025-07-21,0.255614,2189077332
POL,2025-07-22,0.250011,2141088038
POL,2025-07-23,0.241749,2070337360
POL,2025-07-24,0.23058,1974687375
POL,2025-07-25,0.229657,1966781073
POL,2025-07-26,0.235146,2013787421
POL,2025-07-27,0.238133,2039363783
POL,2025-07-28,0.235709,2018608105
POL,2025-07-29,0.225825,1933957702
POL,2025-07-30,0.218222,1868852999
POL,2025-07-31,0.215796,1848070293
POL,2025-08-01,0.201192,1723006445
POL,2025-08-02,0.19627,1680853103
POL,2025-08-03,0.19967,1709971106
POL,2025-08-04,0.205026,1755842144
POL,2025-08-05,0.213818,1831135724
POL,2025-08-06,0.218785,1873671750
POL,2025-08-07,0.234947,2012079232
POL,2025-08-08,0.240426,2059006249
POL,2025-08-09,0.248525,2128361236
POL,2025-08-10,0.243699,2087035223
POL,2025-08-11,0.241595,2069019550
POL,2025-08-12,0.240521,2059815475
POL,2025-08-13,0.250675,2146773128
POL,2025-08-14,0.246935,2114747394
POL,2025-08-15,0.236503,2025405467
POL,2025-08-16,0.235274,2014882103
POL,2025-08-17,0.244568,2094474498
POL,2025-08-18,0.249323,2135202007
POL,2025-08-19,0.24842,2127462577
POL,2025-08-20,0.239544,2051453765
POL,2025-08-21,0.23999,2055270590
POL,2025-08-22,0.24278,2079162329
POL,2025-08-23,0.249082,2133134319
POL,2025-08-24,0.249081,2133127454
POL,2025-08-25,0.242326,2075275114
POL,2025-08-26,0.23878,2044908056
POL,2025-08-27,0.243206,2082811185
POL,2025-08-28,0.243724,2087247011
POL,2025-08-29,0.246482,2110867271
POL,2025-08-30,0.247073,2115932252
POL,2025-08-31,0.276061,2364185157
POL,2025-09-01,0.277082,2372926144
POL,2025-09-02,0.283753,2430056042
POL,2025-09-03,0.285376,2443956197
POL,2025-09-04,0.277842,2379437463
POL,2025-09-05,0.283264,2425868922
POL,2025-09-06,0.277779,2378896104
POL,2025-09-07,0.27813,2381902170
POL,2025-09-08,0.277004,2372260244
POL,2025-09-09,0.273017,2338109261
POL,2025-09-10,0.268847,2302404882
POL,2025-09-11,0.271332,2323679135
POL,2025-09-12,0.271156,2322175414
POL,2025-09-13,0.281062,2407007865
POL,2025-09-14,0.276717,2369796403
POL,2025-09-15,0.26396,2260549202
POL,2025-09-16,0.257522,2205415393
POL,2025-09-17,0.255034,2184105180
POL,2025-09-18,0.261408,2238696593
POL,2025-09-19,0.254851,2182542297
POL,2025-09-20,0.251557,2154326120
POL,2025-09-21,0.249026,2132659018
POL,2025-09-22,0.229956,1969341694
POL,2025-09-23,0.226532,1940017740
POL,2025-09-24,0.226464,1939431007
POL,2025-09-25,0.220037,1884395035
POL,2025-09-26,0.218692,1872874623
POL,2025-09-27,0.22289,1908829709
POL,2025-09-28,0.224451,1922196107
POL,2025-09-29,0.227851,1951308315
POL,2025-09-30,0.224452,1922202896
POL,2025-10-01,0.231748,1984683544
POL,2025-10-02,0.239622,2052122853
POL,2025-10-03,0.239954,2054966117
POL,2025-10-04,0.23727,2031976951
POL,2025-10-05,0.239574,2051708900
POL,2025-10-06,0.244186,2091202518
POL,2025-10-07,0.244059,2090115974
POL,2025-10-08,0.23923,2048766112
POL,2025-10-09,0.237253,2031834699
POL,2025-10-10,0.227454,1947909941
POL,2025-10-11,0.191525,1640216490
POL,2025-10-12,0.192566,1649135025
POL,2025-10-13,0.204303,1749651290
POL,2025-10-14,0.199797,1711057709
POL,2025-10-15,0.198826,1702741496
POL,2025-10-16,0.193687,1658729162
POL,2025-10-17,0.185601,1589486702
POL,2025-10-18,0.188837,1617194601
POL,2025-10-19,0.192165,1645695175
POL,2025-10-20,0.199802,1711103878
POL,2025-10-21,0.197991,1695593562
POL,2025-10-22,0.192454,1648171228
POL,2025-10-23,0.191878,1643244270
POL,2025-10-24,0.193973,1661185890
POL,2025-10-25,0.194868,1668849239
POL,2025-10-26,0.198882,1703221490
POL,2025-10-27,0.202152,1731223744
POL,2025-10-28,0.199321,1706978511
POL,2025-10-29,0.196524,1683028965
POL,2025-10-30,0.189435,1622319805
POL,2025-10-31,0.186233,1594893807
POL,2025-11-01,0.18855,1614737611
POL,2025-11-02,0.191654,1641320648
POL,2025-11-03,0.178245,1526486849
POL,2025-11-04,0.166338,1424515762
POL,2025-11-05,0.165699,1419044140
POL,2025-11-06,0.165515,1417468760
POL,2025-11-07,0.173029,1481818399
POL,2025-11-08,0.180553,1546249109
POL,2025-11-09,0.177148,1517090046
POL,2025-11-10,0.181414,1553628793
POL,2025-11-11,0.177936,1523844818
POL,2025-11-12,0.173292,1484067635
POL,2025-11-13,0.171096,1465261608
POL,2025-11-14,0.160528,1374756569
POL,2025-11-15,0.155546,1332095083
POL,2025-11-16,0.153537,1314887338
POL,2025-11-17,0.148818,1274472071
POL,2025-11-18,0.147378,1262146580
POL,2025-11-19,0.145531,1246325362
POL,2025-11-20,0.146205,1252097038
POL,2025-11-21,0.135414,1159686276
POL,2025-11-22,0.132235,1132454946
POL,2025-11-23,0.135563,1160963106
POL,2025-11-24,0.135038,1156460260
POL,2025-11-25,0.135422,1159749637
POL,2025-11-26,0.135724,1162336163
POL,2025-11-27,0.137987,1181717735
POL,2025-11-28,0.136649,1170264198
POL,2025-11-29,0.134729,1153820597
POL,2025-11-30,0.134128,1148670675
POL,2025-12-01,0.12257,1049688094
POL,2025-12-02,0.124131,1063053425
POL,2025-12-03,0.128858,1103538228
POL,2025-12-04,0.127091,1088408318
POL,2025-12-05,0.12248,1048917795
POL,2025-12-06,0.121756,1042715295
POL,2025-12-07,0.122679,1050619604
POL,2025-12-08,0.123799,1060208883
POL,2025-12-09,0.124669,1067661185
POL,2025-12-10,0.125046,1070889477
POL,2025-12-11,0.120263,1029927247
POL,2025-12-12,0.120447,1031502188
POL,2025-12-13,0.120743,1034039908
POL,2025-12-14,0.118804,1017439585
POL,2025-12-15,0.117047,1002386639
POL,2025-12-16,0.112499,963437689
POL,2025-12-17,0.110625,947387257
POL,2025-12-18,0.106752,914226186
POL,2025-12-19,0.106542,912422670
POL,2025-12-20,0.110211,943846987
POL,2025-12-21,0.1084,928333366
POL,2025-12-22,0.108079,925590945
POL,2025-12-23,0.106535,912364581
POL,2025-12-24,0.105611,904451626
POL,2025-12-25,0.105796,906037702
POL,2025-12-26,0.104163,892052602
POL,2025-12-27,0.104861,898029865
POL,2025-12-28,0.107613,921592998
POL,2025-12-29,0.106445,911592825
POL,2025-12-30,0.103354,885120631
POL,2025-12-31,0.101977,873330832
POL,2026-01-01,0.101309,867604950
POL,2026-01-02,0.109472,937520719
POL,2026-01-03,0.114216,978144015
POL,2026-01-04,0.119623,1024446065
POL,2026-01-05,0.122334,1047667222
POL,2026-01-06,0.12705,1088055071
POL,2026-01-07,0.127134,1088772369
POL,2026-01-08,0.1306,1118456566
POL,2026-01-09,0.147646,1264438774
POL,2026-01-10,0.171167,1465871482
POL,2026-01-11,0.171421,1468049699
POL,2026-01-12,0.155765,1333968183
POL,2026-01-13,0.15359,1315344846
POL,2026-01-14,0.158623,1358441574
POL,2026-01-15,0.153729,1316528753
POL,2026-01-16,0.145107,1242691215
POL,2026-01-17,0.146157,1251685921
POL,2026-01-18,0.143265,1226922450
POL,2026-01-19,0.136238,1166737437
POL,2026-01-20,0.132671,1136194226
POL,2026-01-21,0.134358,1150637336
POL,2026-01-22,0.134095,1148388543
POL,2026-01-23,0.131251,1124027916
POL,2026-01-24,0.12684,1086258681
POL,2026-01-25,0.122253,1046975908
POL,2026-01-26,0.120883,1035238251
POL,2026-01-27,0.117929,1009944110
POL,2026-01-28,0.118535,1015133864
POL,2026-01-29,0.114858,983642667
POL,2026-01-30,0.111216,952455139
POL,2026-01-31,0.106574,912694033
POL,2026-02-01,0.105033,899503693
POL,2026-02-02,0.106712,913877452
POL,2026-02-03,0.112429,962841136
POL,2026-02-04,0.108134,926053778
POL,2026-02-05,0.101162,866354011
POL,2026-02-06,0.095767,820149995
POL,2026-02-07,0.096614,827400732
POL,2026-02-08,0.096494,826374101
POL,2026-02-09,0.094332,807858698
POL,2026-02-10,0.092648,793433860
POL,2026-02-11,0.089671,767939967
POL,2026-02-12,0.092344,790833392
POL,2026-02-13,0.097191,832346090
POL,2026-02-14,0.106061,908308223
POL,2026-02-15,0.108438,928665092
POL,2026-02-16,0.106642,913281497
POL,2026-02-17,0.10772,922514937
POL,2026-02-18,0.109519,937921092
POL,2026-02-19,0.106212,909596185
POL,2026-02-20,0.105635,904654287
POL,2026-02-21,0.110079,942713146
POL,2026-02-22,0.106966,916052477
POL,2026-02-23,0.106725,913990399
POL,2026-02-24,0.10783,923454991
POL,2026-02-25,0.114809,983221681
POL,2026-02-26,0.111235,952617933
POL,2026-02-27,0.111261,952833331
POL,2026-02-28,0.105438,902971450
POL,2026-03-01,0.107211,918157160
POL,2026-03-02,0.104407,894142837
POL,2026-03-03,0.10022,858284685
POL,2026-03-04,0.103034,882385714
POL,2026-03-05,0.102542,878166211
POL,2026-03-06,0.099806,854732858
POL,2026-03-07,0.097271,833027987
POL,2026-03-08,0.094968,813300660
POL,2026-03-09,0.09645,825999308
POL,2026-03-10,0.096902,829869767
POL,2026-03-11,0.097032,830979305
POL,2026-03-12,0.098101,840133440
POL,2026-03-13,0.097931,838679656
POL,2026-03-14,0.096074,822777368
POL,2026-03-15,0.096342,825067565
POL,2026-03-16,0.100303,858996399
POL,2026-03-17,0.100046,856794817
POL,2026-03-18,0.098492,843487238
POL,2026-03-19,0.095683,819423918
POL,2026-03-20,0.097887,838305265
POL,2026-03-21,0.096668,827860118
POL,2026-03-22,0.093546,801128785
POL,2026-03-23,0.094262,807258028
POL,2026-03-24,0.095452,817447259
POL,2026-03-25,0.096918,830003868
POL,2026-03-26,0.095292,816081197
POL,2026-03-27,0.092758,794379528
POL,2026-03-28,0.091646,784853614
POL,2026-03-29,0.092136,789055297
POL,2026-03-30,0.092632,793300954
POL,2026-03-31,0.090488,774939841
POL,2026-04-01,0.093508,800797386
POL,2026-04-02,0.091029,779572417
POL,2026-04-03,0.092643,793389773
POL,2026-04-04,0.092551,792601861
POL,2026-04-05,0.090621,776075290
POL,2026-04-06,0.092635,793323881
POL,2026-04-07,0.090175,772256892
POL,2026-04-08,0.091219,781195987
POL,2026-04-09,0.086933,744488930
POL,2026-04-10,0.085654,733541033
POL,2026-04-11,0.085381,731203090
POL,2026-04-12,0.08332,713553987
POL,2026-04-13,0.083055,711283606
POL,2026-04-14,0.083897,718489264
POL,2026-04-15,0.084458,723295881
POL,2026-04-16,0.087783,751769949
POL,2026-04-17,0.090072,771376069
POL,2026-04-18,0.08995,770330106
POL,2026-04-19,0.089486,766357595
POL,2026-04-20,0.091428,782986661
POL,2026-04-21,0.092951,796032032
POL,2026-04-22,0.094243,807092913
POL,2026-04-23,0.093814,803424948
POL,2026-04-24,0.094297,807556853
POL,2026-04-25,0.092427,791540240
POL,2026-04-26,0.091914,787149098
POL,2026-04-27,0.091894,786980354
POL,2026-04-28,0.091699,785306604
POL,2026-04-29,0.092322,790646796
POL,2026-04-30,0.094786,811748623
POL,2026-05-01,0.094473,809061496
POL,2026-05-02,0.097044,831079224
POL,2026-05-03,0.096703,828167052
POL,2026-05-04,0.096788,828893989
POL,2026-05-05,0.098035,839567080
POL,2026-05-06,0.09883,846379626
POL,2026-05-07,0.099019,847999783
POL,2026-05-08,0.100373,859595326
POL,2026-05-09,0.101978,873333991
POL,2026-05-10,0.102664,879209472
POL,2026-05-11,0.103544,886748068
POL,2026-05-12,0.100706,862445271
POL,2026-05-13,0.098688,845161329
POL,2026-05-14,0.094708,811080474
POL,2026-05-15,0.092474,791946688
POL,2026-05-16,0.090452,774630982
POL,2026-05-17,0.091824,786375634
POL,2026-05-18,0.090236,772775630
POL,2026-05-19,0.09021,772558847
POL,2026-05-20,0.09025,772903433
POL,2026-05-21,0.091128,780421548
POL,2026-05-22,0.09189,786948733
POL,2026-05-23,0.089873,769667762
POL,2026-05-24,0.090829,777859723
POL,2026-05-25,0.092008,787955997
POL,2026-05-26,0.092283,790311908
POL,2026-05-27,0.091089,780081686
POL,2026-05-28,0.087902,752791215
POL,2026-05-29,0.088168,755066730
POL,2026-05-30,0.090861,778128415
POL,2026-05-31,0.090927,778701474
POL,2026-06-01,0.092838,795066103
POL,2026-06-02,0.091684,785179931
POL,2026-06-03,0.092874,795370542
POL,2026-06-04,0.090401,774196368
POL,2026-06-05,0.079116,677546011
POL,2026-06-06,0.07623,652835172
POL,2026-06-07,0.079117,677555905
POL,2026-06-08,0.079562,681368474
POL,2026-06-09,0.075867,649721857
POL,2026-06-10,0.074149,635014954
POL,2026-06-11,0.073198,626867455
POL,2026-06-12,0.074103,634619053
POL,2026-06-13,0.075184,643873485
POL,2026-06-14,0.075455,646192452
POL,2026-06-15,0.077829,666528627
POL,2026-06-16,0.077819,666444990
POL,2026-06-17,0.076941,658918096
POL,2026-06-18,0.076869,658301788
POL,2026-06-19,0.078395,671376780
POL,2026-06-20,0.081428,697345969
POL,2026-06-21,0.079718,682707642
POL,2026-06-22,0.079772,683164061
POL,2026-06-23,0.077753,665873165
POL,2026-06-24,0.075443,646093065
POL,2026-06-25,0.07227,677394595
POL,2026-06-26,0.072102,769123790
POL,2026-06-27,0.071514,762846657
SEI,2025-06-28,0.286521,1334473133
SEI,2025-06-29,0.300849,1401204871
SEI,2025-06-30,0.296952,1383056092
SEI,2025-07-01,0.282662,1316499923
SEI,2025-07-02,0.278971,1299307059
SEI,2025-07-03,0.27809,1295204229
SEI,2025-07-04,0.262868,1224306046
SEI,2025-07-05,0.261546,1218152823
SEI,2025-07-06,0.264189,1230461709
SEI,2025-07-07,0.260617,1213825626
SEI,2025-07-08,0.254237,1184109314
SEI,2025-07-09,0.262189,1221146997
SEI,2025-07-10,0.273234,1272586559
SEI,2025-07-11,0.331081,1542011845
SEI,2025-07-12,0.326583,1521061729
SEI,2025-07-13,0.322528,1502176050
SEI,2025-07-14,0.336438,1566957969
SEI,2025-07-15,0.353986,1648691731
SEI,2025-07-16,0.367416,1711239977
SEI,2025-07-17,0.352856,1643428087
SEI,2025-07-18,0.357011,1662777930
SEI,2025-07-19,0.347079,1616522678
SEI,2025-07-20,0.357892,1666882781
SEI,2025-07-21,0.35815,1668083912
SEI,2025-07-22,0.343666,1600624435
SEI,2025-07-23,0.337802,1573311193
SEI,2025-07-24,0.322126,1500301987
SEI,2025-07-25,0.320652,1493435547
SEI,2025-07-26,0.335262,1561483607
SEI,2025-07-27,0.341394,1590041748
SEI,2025-07-28,0.3378,1573301434
SEI,2025-07-29,0.324555,1511617140
SEI,2025-07-30,0.310751,1447322000
SEI,2025-07-31,0.310255,1445012578
SEI,2025-08-01,0.288102,1341833217
SEI,2025-08-02,0.276858,1289465534
SEI,2025-08-03,0.275749,1284300171
SEI,2025-08-04,0.291052,1355576449
SEI,2025-08-05,0.294818,1373116864
SEI,2025-08-06,0.287984,1341286611
SEI,2025-08-07,0.299091,1393015320
SEI,2025-08-08,0.309465,1441333115
SEI,2025-08-09,0.326757,1521871050
SEI,2025-08-10,0.323198,1505295997
SEI,2025-08-11,0.316704,1475046975
SEI,2025-08-12,0.311696,1451725739
SEI,2025-08-13,0.340582,1586259844
SEI,2025-08-14,0.341477,1590430336
SEI,2025-08-15,0.329643,1535312235
SEI,2025-08-16,0.32273,1503114063
SEI,2025-08-17,0.340548,1586103395
SEI,2025-08-18,0.33025,1538139725
SEI,2025-08-19,0.314555,1465041268
SEI,2025-08-20,0.302077,1406922070
SEI,2025-08-21,0.297052,1383519558
SEI,2025-08-22,0.303593,1413985874
SEI,2025-08-23,0.319956,1490195539
SEI,2025-08-24,0.315332,1468661110
SEI,2025-08-25,0.297456,1560394975
SEI,2025-08-26,0.292069,1754361910
SEI,2025-08-27,0.299211,1797262472
SEI,2025-08-28,0.298119,1790700609
SEI,2025-08-29,0.293908,1765407391
SEI,2025-08-30,0.287453,1726632772
SEI,2025-08-31,0.290332,1743928091
SEI,2025-09-01,0.279299,1677655132
SEI,2025-09-02,0.281945,1693549032
SEI,2025-09-03,0.289287,1737651000
SEI,2025-09-04,0.284148,1706784534
SEI,2025-09-05,0.289656,1739867909
SEI,2025-09-06,0.287745,1728390653
SEI,2025-09-07,0.295111,1772632648
SEI,2025-09-08,0.302004,1814037321
SEI,2025-09-09,0.310495,1865042955
SEI,2025-09-10,0.314517,1889200150
SEI,2025-09-11,0.326307,1960018367
SEI,2025-09-12,0.336754,2022770235
SEI,2025-09-13,0.347734,2088723328
SEI,2025-09-14,0.335735,2016647470
SEI,2025-09-15,0.322934,1939755414
SEI,2025-09-16,0.318067,1910523297
SEI,2025-09-17,0.315792,1896855406
SEI,2025-09-18,0.334193,2007385430
SEI,2025-09-19,0.331422,1990740734
SEI,2025-09-20,0.320251,1923643426
SEI,2025-09-21,0.316496,1901087698
SEI,2025-09-22,0.294323,1767899737
SEI,2025-09-23,0.292091,1754494247
SEI,2025-09-24,0.293328,1761921647
SEI,2025-09-25,0.280362,1684042202
SEI,2025-09-26,0.27633,1659823050
SEI,2025-09-27,0.279513,1678943006
SEI,2025-09-28,0.275622,1655570623
SEI,2025-09-29,0.280794,1686636860
SEI,2025-09-30,0.275133,1652632337
SEI,2025-10-01,0.287631,1727706328
SEI,2025-10-02,0.298903,1795412348
SEI,2025-10-03,0.296211,1779240405
SEI,2025-10-04,0.291492,1750893701
SEI,2025-10-05,0.294422,1768493150
SEI,2025-10-06,0.297061,1784346347
SEI,2025-10-07,0.295315,1773860104
SEI,2025-10-08,0.285302,1713714675
SEI,2025-10-09,0.280532,1685064831
SEI,2025-10-10,0.271431,1630392668
SEI,2025-10-11,0.216872,1302676139
SEI,2025-10-12,0.215713,1295714429
SEI,2025-10-13,0.231623,1391282639
SEI,2025-10-14,0.223285,1341197655
SEI,2025-10-15,0.221184,1328580931
SEI,2025-10-16,0.212688,1277547804
SEI,2025-10-17,0.195492,1174252983
SEI,2025-10-18,0.192464,1156064333
SEI,2025-10-19,0.194633,1169097306
SEI,2025-10-20,0.199498,1198318997
SEI,2025-10-21,0.196277,1178968126
SEI,2025-10-22,0.188412,1131728445
SEI,2025-10-23,0.189549,1138558270
SEI,2025-10-24,0.194343,1167356340
SEI,2025-10-25,0.197384,1185618630
SEI,2025-10-26,0.203123,1220091078
SEI,2025-10-27,0.204838,1230390796
SEI,2025-10-28,0.200434,1203938998
SEI,2025-10-29,0.196981,1183197633
SEI,2025-10-30,0.190084,1141769053
SEI,2025-10-31,0.188992,1135212832
SEI,2025-11-01,0.193234,1160692652
SEI,2025-11-02,0.194622,1169031941
SEI,2025-11-03,0.176334,1059177811
SEI,2025-11-04,0.160688,965197897
SEI,2025-11-05,0.16277,977703840
SEI,2025-11-06,0.162118,973789183
SEI,2025-11-07,0.168896,1014502827
SEI,2025-11-08,0.182983,1099117977
SEI,2025-11-09,0.178427,1071753902
SEI,2025-11-10,0.18517,1112254960
SEI,2025-11-11,0.182939,1098850955
SEI,2025-11-12,0.176954,1062904283
SEI,2025-11-13,0.173156,1040089390
SEI,2025-11-14,0.164122,985824049
SEI,2025-11-15,0.163953,984813202
SEI,2025-11-16,0.160661,965039187
SEI,2025-11-17,0.154698,929221554
SEI,2025-11-18,0.15039,903341035
SEI,2025-11-19,0.147231,884368696
SEI,2025-11-20,0.148638,892820313
SEI,2025-11-21,0.136215,818197207
SEI,2025-11-22,0.131443,789532768
SEI,2025-11-23,0.132866,798079126
SEI,2025-11-24,0.134861,810064278
SEI,2025-11-25,0.136226,818266196
SEI,2025-11-26,0.137233,824314439
SEI,2025-11-27,0.140466,843732471
SEI,2025-11-28,0.139168,835934563
SEI,2025-11-29,0.136368,819115892
SEI,2025-11-30,0.138467,831723029
SEI,2025-12-01,0.125286,752554137
SEI,2025-12-02,0.129266,776460053
SEI,2025-12-03,0.139003,834942760
SEI,2025-12-04,0.139065,835319843
SEI,2025-12-05,0.131947,792560908
SEI,2025-12-06,0.127919,768367908
SEI,2025-12-07,0.129804,779691665
SEI,2025-12-08,0.131869,792091200
SEI,2025-12-09,0.133963,804671705
SEI,2025-12-10,0.14055,844238071
SEI,2025-12-11,0.135572,814335516
SEI,2025-12-12,0.131101,787482632
SEI,2025-12-13,0.129369,777078760
SEI,2025-12-14,0.126665,760832382
SEI,2025-12-15,0.122391,735159701
SEI,2025-12-16,0.118789,713523386
SEI,2025-12-17,0.115973,696610933
SEI,2025-12-18,0.111669,670758306
SEI,2025-12-19,0.111022,666872830
SEI,2025-12-20,0.111833,671744348
SEI,2025-12-21,0.109775,659381713
SEI,2025-12-22,0.112615,676441760
SEI,2025-12-23,0.110706,664971477
SEI,2025-12-24,0.109094,655289829
SEI,2025-12-25,0.110118,661441814
SEI,2025-12-26,0.110397,663117966
SEI,2025-12-27,0.112592,676301273
SEI,2025-12-28,0.116312,698646838
SEI,2025-12-29,0.115139,691600800
SEI,2025-12-30,0.113416,681249891
SEI,2025-12-31,0.112561,676116657
SEI,2026-01-01,0.113228,680125424
SEI,2026-01-02,0.117979,708658152
SEI,2026-01-03,0.121291,728553378
SEI,2026-01-04,0.124936,750448068
SEI,2026-01-05,0.125521,753961605
SEI,2026-01-06,0.131298,788663679
SEI,2026-01-07,0.1267,761043098
SEI,2026-01-08,0.123302,740634467
SEI,2026-01-09,0.122054,733138155
SEI,2026-01-10,0.12082,725728005
SEI,2026-01-11,0.121065,727199900
SEI,2026-01-12,0.12059,724342835
SEI,2026-01-13,0.12238,735093579
SEI,2026-01-14,0.125676,754893785
SEI,2026-01-15,0.121933,732408026
SEI,2026-01-16,0.120116,721495732
SEI,2026-01-17,0.120774,725448970
SEI,2026-01-18,0.119819,719710681
SEI,2026-01-19,0.110428,663306455
SEI,2026-01-20,0.108194,649882502
SEI,2026-01-21,0.107248,644202480
SEI,2026-01-22,0.108103,649335815
SEI,2026-01-23,0.107434,645322658
SEI,2026-01-24,0.106572,640144028
SEI,2026-01-25,0.105092,631254032
SEI,2026-01-26,0.10481,629557476
SEI,2026-01-27,0.105798,635493888
SEI,2026-01-28,0.1066,640311324
SEI,2026-01-29,0.103019,618801435
SEI,2026-01-30,0.095534,573841756
SEI,2026-01-31,0.090654,544525859
SEI,2026-02-01,0.086905,522008230
SEI,2026-02-02,0.086972,522414539
SEI,2026-02-03,0.088592,532144853
SEI,2026-02-04,0.08562,514290524
SEI,2026-02-05,0.078947,474206219
SEI,2026-02-06,0.076128,457277225
SEI,2026-02-07,0.077515,465604534
SEI,2026-02-08,0.076747,460995768
SEI,2026-02-09,0.075272,452134042
SEI,2026-02-10,0.073015,438576458
SEI,2026-02-11,0.071205,427703111
SEI,2026-02-12,0.072925,438037496
SEI,2026-02-13,0.075294,452266459
SEI,2026-02-14,0.076796,461289071
SEI,2026-02-15,0.076574,459953948
SEI,2026-02-16,0.075067,450903450
SEI,2026-02-17,0.074996,450474179
SEI,2026-02-18,0.074095,445066313
SEI,2026-02-19,0.071389,428812814
SEI,2026-02-20,0.070945,426144607
SEI,2026-02-21,0.071305,428303483
SEI,2026-02-22,0.069726,418817986
SEI,2026-02-23,0.067289,404181621
SEI,2026-02-24,0.065861,395605174
SEI,2026-02-25,0.069536,417677962
SEI,2026-02-26,0.070718,424778503
SEI,2026-02-27,0.069977,420329508
SEI,2026-02-28,0.066541,399686714
SEI,2026-03-01,0.068784,413164652
SEI,2026-03-02,0.069282,416153954
SEI,2026-03-03,0.067686,406564526
SEI,2026-03-04,0.068914,413941304
SEI,2026-03-05,0.06822,409776802
SEI,2026-03-06,0.06762,406171600
SEI,2026-03-07,0.065594,394000884
SEI,2026-03-08,0.06395,384128200
SEI,2026-03-09,0.062816,377314239
SEI,2026-03-10,0.065194,391596023
SEI,2026-03-11,0.062725,376770855
SEI,2026-03-12,0.063195,379592495
SEI,2026-03-13,0.066691,400590238
SEI,2026-03-14,0.066095,397010491
SEI,2026-03-15,0.066791,401188448
SEI,2026-03-16,0.068603,412076078
SEI,2026-03-17,0.068846,413532525
SEI,2026-03-18,0.06704,402686813
SEI,2026-03-19,0.063974,384270382
SEI,2026-03-20,0.063755,382957178
SEI,2026-03-21,0.063251,379925881
SEI,2026-03-22,0.060565,363793108
SEI,2026-03-23,0.060102,361011187
SEI,2026-03-24,0.060272,362034506
SEI,2026-03-25,0.061019,366522922
SEI,2026-03-26,0.059332,356390015
SEI,2026-03-27,0.056642,340232192
SEI,2026-03-28,0.054602,327975610
SEI,2026-03-29,0.053393,320713552
SEI,2026-03-30,0.052717,316651364
SEI,2026-03-31,0.050538,303563154
SEI,2026-04-01,0.053923,323896358
SEI,2026-04-02,0.052048,312637131
SEI,2026-04-03,0.053659,322311872
SEI,2026-04-04,0.054009,324415518
SEI,2026-04-05,0.052689,316486569
SEI,2026-04-06,0.054238,325789470
SEI,2026-04-07,0.053262,319926007
SEI,2026-04-08,0.056771,341001681
SEI,2026-04-09,0.055361,332537698
SEI,2026-04-10,0.056743,340838197
SEI,2026-04-11,0.056025,336523514
SEI,2026-04-12,0.05425,325862034
SEI,2026-04-13,0.054652,328275784
SEI,2026-04-14,0.055389,332701745
SEI,2026-04-15,0.054809,329222019
SEI,2026-04-16,0.057295,344153192
SEI,2026-04-17,0.058708,352638679
SEI,2026-04-18,0.057161,343349785
SEI,2026-04-19,0.055402,332782754
SEI,2026-04-20,0.055548,333660788
SEI,2026-04-21,0.056334,338382323
SEI,2026-04-22,0.06132,368328330
SEI,2026-04-23,0.061136,367220666
SEI,2026-04-24,0.062205,373643263
SEI,2026-04-25,0.061701,370616686
SEI,2026-04-26,0.0618,371214687
SEI,2026-04-27,0.060961,366174448
SEI,2026-04-28,0.059611,358062071
SEI,2026-04-29,0.058727,352755077
SEI,2026-04-30,0.057457,345122652
SEI,2026-05-01,0.057772,347018357
SEI,2026-05-02,0.058329,350364478
SEI,2026-05-03,0.058339,350421329
SEI,2026-05-04,0.059285,356104748
SEI,2026-05-05,0.059548,357684063
SEI,2026-05-06,0.061092,366959982
SEI,2026-05-07,0.060937,366028069
SEI,2026-05-08,0.062692,376572795
SEI,2026-05-09,0.068009,408507818
SEI,2026-05-10,0.071001,426477626
SEI,2026-05-11,0.074876,449754481
SEI,2026-05-12,0.071795,431249189
SEI,2026-05-13,0.068648,412344276
SEI,2026-05-14,0.066772,401079092
SEI,2026-05-15,0.065235,391843729
SEI,2026-05-16,0.062483,375316003
SEI,2026-05-17,0.062677,376478891
SEI,2026-05-18,0.060516,363501713
SEI,2026-05-19,0.060553,363723519
SEI,2026-05-20,0.06069,364544047
SEI,2026-05-21,0.062298,374200573
SEI,2026-05-22,0.063268,380030633
SEI,2026-05-23,0.060335,362412738
SEI,2026-05-24,0.061202,367617816
SEI,2026-05-25,0.061875,371661355
SEI,2026-05-26,0.064057,384767816
SEI,2026-05-27,0.069154,415386421
SEI,2026-05-28,0.068323,410395996
SEI,2026-05-29,0.066081,396924150
SEI,2026-05-30,0.066517,399547954
SEI,2026-05-31,0.066667,400447114
SEI,2026-06-01,0.06796,408213588
SEI,2026-06-02,0.067393,404805677
SEI,2026-06-03,0.062467,375215944
SEI,2026-06-04,0.054138,325190369
SEI,2026-06-05,0.049113,295003540
SEI,2026-06-06,0.046948,281999358
SEI,2026-06-07,0.049031,294515543
SEI,2026-06-08,0.049633,298127446
SEI,2026-06-09,0.048056,288654963
SEI,2026-06-10,0.047237,283735532
SEI,2026-06-11,0.048379,290596523
SEI,2026-06-12,0.050844,305404934
SEI,2026-06-13,0.054046,324635738
SEI,2026-06-14,0.053538,321585470
SEI,2026-06-15,0.054945,330033707
SEI,2026-06-16,0.053901,323767165
SEI,2026-06-17,0.054968,330173651
SEI,2026-06-18,0.054234,325766450
SEI,2026-06-19,0.054011,324428449
SEI,2026-06-20,0.054156,325298635
SEI,2026-06-21,0.055104,330989917
SEI,2026-06-22,0.054939,330000680
SEI,2026-06-23,0.052918,317858236
SEI,2026-06-24,0.053051,318658778
SEI,2026-06-25,0.057037,342600240
SEI,2026-06-26,0.053384,320661076
SEI,2026-06-27,0.051991,312295175
SHIB,2025-06-28,1.143e-05,6736782672
SHIB,2025-06-29,1.159e-05,6829297058
SHIB,2025-06-30,1.153e-05,6794211340
SHIB,2025-07-01,1.128e-05,6649314217
SHIB,2025-07-02,1.155e-05,6803224671
SHIB,2025-07-03,1.193e-05,7031540689
SHIB,2025-07-04,1.158e-05,6820984369
SHIB,2025-07-05,1.148e-05,6764417192
SHIB,2025-07-06,1.164e-05,6857385490
SHIB,2025-07-07,1.169e-05,6889393833
SHIB,2025-07-08,1.177e-05,6937853354
SHIB,2025-07-09,1.205e-05,7100600708
SHIB,2025-07-10,1.26e-05,7426715138
SHIB,2025-07-11,1.349e-05,7949349446
SHIB,2025-07-12,1.323e-05,7798634505
SHIB,2025-07-13,1.324e-05,7801912148
SHIB,2025-07-14,1.354e-05,7975792851
SHIB,2025-07-15,1.318e-05,7764044916
SHIB,2025-07-16,1.395e-05,8218467652
SHIB,2025-07-17,1.436e-05,8460653871
SHIB,2025-07-18,1.496e-05,8817312197
SHIB,2025-07-19,1.488e-05,8768840345
SHIB,2025-07-20,1.523e-05,8972295809
SHIB,2025-07-21,1.554e-05,9157178331
SHIB,2025-07-22,1.516e-05,8935611190
SHIB,2025-07-23,1.456e-05,8578383602
SHIB,2025-07-24,1.37e-05,8075865743
SHIB,2025-07-25,1.355e-05,7986515454
SHIB,2025-07-26,1.404e-05,8276095669
SHIB,2025-07-27,1.406e-05,8282511315
SHIB,2025-07-28,1.387e-05,8172242962
SHIB,2025-07-29,1.326e-05,7816216448
SHIB,2025-07-30,1.291e-05,7609497270
SHIB,2025-07-31,1.289e-05,7595002537
SHIB,2025-08-01,1.222e-05,7202064578
SHIB,2025-08-02,1.203e-05,7089770715
SHIB,2025-08-03,1.212e-05,7143011574
SHIB,2025-08-04,1.236e-05,7285217961
SHIB,2025-08-05,1.22e-05,7189736466
SHIB,2025-08-06,1.219e-05,7183740021
SHIB,2025-08-07,1.252e-05,7380043246
SHIB,2025-08-08,1.297e-05,7641437110
SHIB,2025-08-09,1.361e-05,8021184165
SHIB,2025-08-10,1.358e-05,8001574788
SHIB,2025-08-11,1.337e-05,7878564319
SHIB,2025-08-12,1.319e-05,7772735710
SHIB,2025-08-13,1.375e-05,8105017714
SHIB,2025-08-14,1.34e-05,7894025021
SHIB,2025-08-15,1.29e-05,7602244073
SHIB,2025-08-16,1.297e-05,7641356202
SHIB,2025-08-17,1.312e-05,7728749114
SHIB,2025-08-18,1.269e-05,7477103595
SHIB,2025-08-19,1.245e-05,7336104455
SHIB,2025-08-20,1.235e-05,7279074057
SHIB,2025-08-21,1.247e-05,7346964813
SHIB,2025-08-22,1.272e-05,7492646007
SHIB,2025-08-23,1.32e-05,7777071485
SHIB,2025-08-24,1.302e-05,7673401531
SHIB,2025-08-25,1.248e-05,7356087030
SHIB,2025-08-26,1.228e-05,7237363409
SHIB,2025-08-27,1.252e-05,7376112985
SHIB,2025-08-28,1.259e-05,7417794867
SHIB,2025-08-29,1.23e-05,7245205449
SHIB,2025-08-30,1.234e-05,7273497840
SHIB,2025-08-31,1.239e-05,7301035026
SHIB,2025-09-01,1.214e-05,7155589117
SHIB,2025-09-02,1.229e-05,7244508429
SHIB,2025-09-03,1.245e-05,7334421260
SHIB,2025-09-04,1.222e-05,7200549810
SHIB,2025-09-05,1.23e-05,7249276639
SHIB,2025-09-06,1.229e-05,7241690129
SHIB,2025-09-07,1.239e-05,7299972757
SHIB,2025-09-08,1.271e-05,7488247399
SHIB,2025-09-09,1.29e-05,7601885780
SHIB,2025-09-10,1.297e-05,7645534691
SHIB,2025-09-11,1.309e-05,7715170638
SHIB,2025-09-12,1.343e-05,7912490821
SHIB,2025-09-13,1.424e-05,8390445187
SHIB,2025-09-14,1.387e-05,8171684026
SHIB,2025-09-15,1.327e-05,7818617522
SHIB,2025-09-16,1.31e-05,7719840811
SHIB,2025-09-17,1.311e-05,7724870647
SHIB,2025-09-18,1.345e-05,7924588188
SHIB,2025-09-19,1.31e-05,7718728874
SHIB,2025-09-20,1.293e-05,7617304720
SHIB,2025-09-21,1.291e-05,7609066719
SHIB,2025-09-22,1.22e-05,7187619141
SHIB,2025-09-23,1.216e-05,7162916076
SHIB,2025-09-24,1.221e-05,7195055073
SHIB,2025-09-25,1.188e-05,7002612978
SHIB,2025-09-26,1.177e-05,6937458029
SHIB,2025-09-27,1.184e-05,6974913282
SHIB,2025-09-28,1.178e-05,6941292960
SHIB,2025-09-29,1.193e-05,7028784703
SHIB,2025-09-30,1.177e-05,6936319238
SHIB,2025-10-01,1.215e-05,7157302124
SHIB,2025-10-02,1.259e-05,7416544728
SHIB,2025-10-03,1.255e-05,7395660153
SHIB,2025-10-04,1.246e-05,7344767767
SHIB,2025-10-05,1.261e-05,7429240486
SHIB,2025-10-06,1.272e-05,7497679756
SHIB,2025-10-07,1.257e-05,7407208926
SHIB,2025-10-08,1.223e-05,7208828671
SHIB,2025-10-09,1.204e-05,7094990327
SHIB,2025-10-10,1.157e-05,6817158210
SHIB,2025-10-11,1.023e-05,6029288900
SHIB,2025-10-12,1.027e-05,6050758568
SHIB,2025-10-13,1.091e-05,6430331735
SHIB,2025-10-14,1.066e-05,6281018275
SHIB,2025-10-15,1.057e-05,6226883247
SHIB,2025-10-16,1.026e-05,6048347427
SHIB,2025-10-17,9.77e-06,5755084529
SHIB,2025-10-18,9.87e-06,5816374940
SHIB,2025-10-19,1.002e-05,5903791632
SHIB,2025-10-20,1.019e-05,6003528817
SHIB,2025-10-21,1.014e-05,5973047460
SHIB,2025-10-22,9.93e-06,5850175634
SHIB,2025-10-23,1.001e-05,5896365347
SHIB,2025-10-24,1.016e-05,5987358438
SHIB,2025-10-25,1.017e-05,5994093285
SHIB,2025-10-26,1.034e-05,6091187949
SHIB,2025-10-27,1.052e-05,6197787121
SHIB,2025-10-28,1.029e-05,6062142065
SHIB,2025-10-29,1.022e-05,6024131978
SHIB,2025-10-30,9.87e-06,5817276393
SHIB,2025-10-31,9.91e-06,5837375623
SHIB,2025-11-01,1.012e-05,5962956816
SHIB,2025-11-02,1.013e-05,5967518065
SHIB,2025-11-03,9.57e-06,5639192068
SHIB,2025-11-04,9.02e-06,5313376343
SHIB,2025-11-05,9.03e-06,5319233766
SHIB,2025-11-06,9.02e-06,5315212546
SHIB,2025-11-07,9.51e-06,5601237148
SHIB,2025-11-08,9.99e-06,5885674053
SHIB,2025-11-09,9.89e-06,5827400619
SHIB,2025-11-10,1.006e-05,5929628527
SHIB,2025-11-11,9.9e-06,5831969651
SHIB,2025-11-12,9.71e-06,5722050320
SHIB,2025-11-13,9.58e-06,5646262080
SHIB,2025-11-14,9.18e-06,5408886409
SHIB,2025-11-15,9.13e-06,5377169579
SHIB,2025-11-16,9e-06,5304981757
SHIB,2025-11-17,8.89e-06,5236819949
SHIB,2025-11-18,8.8e-06,5184419560
SHIB,2025-11-19,8.63e-06,5084286585
SHIB,2025-11-20,8.55e-06,5040163689
SHIB,2025-11-21,7.97e-06,4694137191
SHIB,2025-11-22,7.73e-06,4555804350
SHIB,2025-11-23,7.94e-06,4677878857
SHIB,2025-11-24,8.08e-06,4763271351
SHIB,2025-11-25,8.31e-06,4896961889
SHIB,2025-11-26,8.59e-06,5060079342
SHIB,2025-11-27,8.65e-06,5096713685
SHIB,2025-11-28,8.77e-06,5170303048
SHIB,2025-11-29,8.53e-06,5029183234
SHIB,2025-11-30,8.51e-06,5014581978
SHIB,2025-12-01,7.99e-06,4710020683
SHIB,2025-12-02,8.17e-06,4812813991
SHIB,2025-12-03,8.86e-06,5218697248
SHIB,2025-12-04,8.81e-06,5191117694
SHIB,2025-12-05,8.46e-06,4987089966
SHIB,2025-12-06,8.39e-06,4945603931
SHIB,2025-12-07,8.45e-06,4976430157
SHIB,2025-12-08,8.47e-06,4992591664
SHIB,2025-12-09,8.64e-06,5093086222
SHIB,2025-12-10,8.6e-06,5069612725
SHIB,2025-12-11,8.34e-06,4912479761
SHIB,2025-12-12,8.36e-06,4926870238
SHIB,2025-12-13,8.36e-06,4924686423
SHIB,2025-12-14,8.21e-06,4836270307
SHIB,2025-12-15,8.06e-06,4748312052
SHIB,2025-12-16,7.87e-06,4638580070
SHIB,2025-12-17,7.73e-06,4553658502
SHIB,2025-12-18,7.36e-06,4338621656
SHIB,2025-12-19,7.39e-06,4354914299
SHIB,2025-12-20,7.46e-06,4394235952
SHIB,2025-12-21,7.33e-06,4321494443
SHIB,2025-12-22,7.28e-06,4286976621
SHIB,2025-12-23,7.16e-06,4216995257
SHIB,2025-12-24,7.12e-06,4194002498
SHIB,2025-12-25,7.22e-06,4252315358
SHIB,2025-12-26,7.16e-06,4219630252
SHIB,2025-12-27,7.21e-06,4248890176
SHIB,2025-12-28,7.34e-06,4327824396
SHIB,2025-12-29,7.38e-06,4349568095
SHIB,2025-12-30,7.16e-06,4216905495
SHIB,2025-12-31,7.01e-06,4132800777
SHIB,2026-01-01,7.1e-06,4186563839
SHIB,2026-01-02,7.74e-06,4559851116
SHIB,2026-01-03,8.02e-06,4723225999
SHIB,2026-01-04,8.73e-06,5146347865
SHIB,2026-01-05,8.96e-06,5279440305
SHIB,2026-01-06,9.23e-06,5436156571
SHIB,2026-01-07,8.94e-06,5268609692
SHIB,2026-01-08,8.72e-06,5136654343
SHIB,2026-01-09,8.7e-06,5128669673
SHIB,2026-01-10,8.65e-06,5096823368
SHIB,2026-01-11,8.61e-06,5073509136
SHIB,2026-01-12,8.48e-06,4999088514
SHIB,2026-01-13,8.66e-06,5100513335
SHIB,2026-01-14,8.81e-06,5191903139
SHIB,2026-01-15,8.52e-06,5022606434
SHIB,2026-01-16,8.41e-06,4957553726
SHIB,2026-01-17,8.52e-06,5018744169
SHIB,2026-01-18,8.39e-06,4943384417
SHIB,2026-01-19,7.93e-06,4671441423
SHIB,2026-01-20,7.88e-06,4645382131
SHIB,2026-01-21,7.91e-06,4659516321
SHIB,2026-01-22,7.91e-06,4661566268
SHIB,2026-01-23,7.9e-06,4654091818
SHIB,2026-01-24,7.85e-06,4625357239
SHIB,2026-01-25,7.68e-06,4526520512
SHIB,2026-01-26,7.68e-06,4525725455
SHIB,2026-01-27,7.72e-06,4547217959
SHIB,2026-01-28,7.78e-06,4582647635
SHIB,2026-01-29,7.49e-06,4414207559
SHIB,2026-01-30,7.25e-06,4270849782
SHIB,2026-01-31,6.92e-06,4076445313
SHIB,2026-02-01,6.75e-06,3975235332
SHIB,2026-02-02,6.78e-06,3994740497
SHIB,2026-02-03,6.82e-06,4016934815
SHIB,2026-02-04,6.7e-06,3950944423
SHIB,2026-02-05,6.22e-06,3665855049
SHIB,2026-02-06,6.02e-06,3546088850
SHIB,2026-02-07,6.23e-06,3669608665
SHIB,2026-02-08,6.2e-06,3654703349
SHIB,2026-02-09,6.09e-06,3589252367
SHIB,2026-02-10,6.02e-06,3548559358
SHIB,2026-02-11,5.9e-06,3474184350
SHIB,2026-02-12,6.04e-06,3558609042
SHIB,2026-02-13,6.15e-06,3624540627
SHIB,2026-02-14,6.58e-06,3878041969
SHIB,2026-02-15,6.74e-06,3973368651
SHIB,2026-02-16,6.58e-06,3876727973
SHIB,2026-02-17,6.53e-06,3847200328
SHIB,2026-02-18,6.44e-06,3795224626
SHIB,2026-02-19,6.23e-06,3673550865
SHIB,2026-02-20,6.31e-06,3719054876
SHIB,2026-02-21,6.47e-06,3809599051
SHIB,2026-02-22,6.23e-06,3669041569
SHIB,2026-02-23,6.07e-06,3577774997
SHIB,2026-02-24,5.94e-06,3502938415
SHIB,2026-02-25,6.15e-06,3625057317
SHIB,2026-02-26,6.09e-06,3589962903
SHIB,2026-02-27,5.9e-06,3476163247
SHIB,2026-02-28,5.65e-06,3327258936
SHIB,2026-03-01,5.69e-06,3350183693
SHIB,2026-03-02,5.58e-06,3290708242
SHIB,2026-03-03,5.43e-06,3199145997
SHIB,2026-03-04,5.6e-06,3300829019
SHIB,2026-03-05,5.6e-06,3301100243
SHIB,2026-03-06,5.48e-06,3231473091
SHIB,2026-03-07,5.38e-06,3169883102
SHIB,2026-03-08,5.31e-06,3126500474
SHIB,2026-03-09,5.39e-06,3176765943
SHIB,2026-03-10,5.68e-06,3347388083
SHIB,2026-03-11,5.71e-06,3365965656
SHIB,2026-03-12,5.85e-06,3444950258
SHIB,2026-03-13,6.01e-06,3540162108
SHIB,2026-03-14,5.9e-06,3474936067
SHIB,2026-03-15,5.85e-06,3448928169
SHIB,2026-03-16,6.15e-06,3623277701
SHIB,2026-03-17,6.09e-06,3588055297
SHIB,2026-03-18,5.94e-06,3500317677
SHIB,2026-03-19,5.75e-06,3388218434
SHIB,2026-03-20,5.98e-06,3525869228
SHIB,2026-03-21,5.99e-06,3530174798
SHIB,2026-03-22,5.78e-06,3407193745
SHIB,2026-03-23,5.95e-06,3503332646
SHIB,2026-03-24,6.11e-06,3597965313
SHIB,2026-03-25,6.16e-06,3631376250
SHIB,2026-03-26,5.96e-06,3511199399
SHIB,2026-03-27,5.83e-06,3435105167
SHIB,2026-03-28,5.84e-06,3442390656
SHIB,2026-03-29,5.8e-06,3416417321
SHIB,2026-03-30,6e-06,3533014191
SHIB,2026-03-31,5.92e-06,3488871304
SHIB,2026-04-01,6e-06,3534525006
SHIB,2026-04-02,5.85e-06,3446910868
SHIB,2026-04-03,5.98e-06,3526071870
SHIB,2026-04-04,5.93e-06,3493809570
SHIB,2026-04-05,5.86e-06,3455479289
SHIB,2026-04-06,5.99e-06,3531670793
SHIB,2026-04-07,5.88e-06,3465204144
SHIB,2026-04-08,6.06e-06,3572137298
SHIB,2026-04-09,5.91e-06,3481367085
SHIB,2026-04-10,5.94e-06,3500075809
SHIB,2026-04-11,5.95e-06,3506898785
SHIB,2026-04-12,5.82e-06,3430404663
SHIB,2026-04-13,5.8e-06,3419687411
SHIB,2026-04-14,5.91e-06,3482036687
SHIB,2026-04-15,5.89e-06,3473022151
SHIB,2026-04-16,6.13e-06,3610427388
SHIB,2026-04-17,6.28e-06,3700971154
SHIB,2026-04-18,6.17e-06,3636016632
SHIB,2026-04-19,6.01e-06,3540755106
SHIB,2026-04-20,6e-06,3537026590
SHIB,2026-04-21,6.05e-06,3565831734
SHIB,2026-04-22,6.2e-06,3654342519
SHIB,2026-04-23,6.11e-06,3599638361
SHIB,2026-04-24,6.19e-06,3646727785
SHIB,2026-04-25,6.2e-06,3650500637
SHIB,2026-04-26,6.2e-06,3653708254
SHIB,2026-04-27,6.15e-06,3623287517
SHIB,2026-04-28,6.13e-06,3612236976
SHIB,2026-04-29,6.2e-06,3653954274
SHIB,2026-04-30,6.26e-06,3690073036
SHIB,2026-05-01,6.33e-06,3730365959
SHIB,2026-05-02,6.27e-06,3697005015
SHIB,2026-05-03,6.21e-06,3661066862
SHIB,2026-05-04,6.23e-06,3668860916
SHIB,2026-05-05,6.27e-06,3695114061
SHIB,2026-05-06,6.42e-06,3780724051
SHIB,2026-05-07,6.32e-06,3721973475
SHIB,2026-05-08,6.34e-06,3738450572
SHIB,2026-05-09,6.43e-06,3786868684
SHIB,2026-05-10,6.49e-06,3822413413
SHIB,2026-05-11,6.57e-06,3869891744
SHIB,2026-05-12,6.48e-06,3818329389
SHIB,2026-05-13,6.39e-06,3764406530
SHIB,2026-05-14,6.33e-06,3728400545
SHIB,2026-05-15,6.22e-06,3664430631
SHIB,2026-05-16,5.96e-06,3510937071
SHIB,2026-05-17,5.82e-06,3428762368
SHIB,2026-05-18,5.7e-06,3356178139
SHIB,2026-05-19,5.73e-06,3375790196
SHIB,2026-05-20,5.75e-06,3387863220
SHIB,2026-05-21,5.81e-06,3422519023
SHIB,2026-05-22,5.81e-06,3424182607
SHIB,2026-05-23,5.61e-06,3305752257
SHIB,2026-05-24,5.62e-06,3309118005
SHIB,2026-05-25,5.61e-06,3303997718
SHIB,2026-05-26,5.54e-06,3265107941
SHIB,2026-05-27,5.5e-06,3241366810
SHIB,2026-05-28,5.33e-06,3143206720
SHIB,2026-05-29,5.39e-06,3173436539
SHIB,2026-05-30,5.5e-06,3239555057
SHIB,2026-05-31,5.49e-06,3233801547
SHIB,2026-06-01,5.48e-06,3228042932
SHIB,2026-06-02,5.38e-06,3171379670
SHIB,2026-06-03,5.26e-06,3096976954
SHIB,2026-06-04,5e-06,2948382011
SHIB,2026-06-05,4.7e-06,2770633707
SHIB,2026-06-06,4.51e-06,2660511508
SHIB,2026-06-07,4.67e-06,2754789525
SHIB,2026-06-08,4.73e-06,2788848418
SHIB,2026-06-09,4.68e-06,2756996952
SHIB,2026-06-10,4.66e-06,2743741882
SHIB,2026-06-11,4.74e-06,2795774436
SHIB,2026-06-12,4.84e-06,2854253046
SHIB,2026-06-13,4.95e-06,2919106542
SHIB,2026-06-14,4.96e-06,2923866626
SHIB,2026-06-15,5.05e-06,2978589279
SHIB,2026-06-16,5e-06,2946098612
SHIB,2026-06-17,4.96e-06,2925347366
SHIB,2026-06-18,4.81e-06,2835889844
SHIB,2026-06-19,4.74e-06,2791938493
SHIB,2026-06-20,4.71e-06,2777214539
SHIB,2026-06-21,4.69e-06,2764940878
SHIB,2026-06-22,4.68e-06,2756795929
SHIB,2026-06-23,4.57e-06,2690408366
SHIB,2026-06-24,4.47e-06,2631320045
SHIB,2026-06-25,4.31e-06,2539239378
SHIB,2026-06-26,4.2e-06,2476647705
SHIB,2026-06-27,4.26e-06,2508139723
SOL,2025-06-28,147,78552181966
SOL,2025-06-29,151.09,80749123923
SOL,2025-06-30,153.14,81851911198
SOL,2025-07-01,149.62,79982602915
SOL,2025-07-02,150.24,80319477776
SOL,2025-07-03,153.33,81988176625
SOL,2025-07-04,149.61,79999397264
SOL,2025-07-05,147.68,78983356831
SOL,2025-07-06,149.55,79985391968
SOL,2025-07-07,151.1,80921250605
SOL,2025-07-08,150.42,80562939687
SOL,2025-07-09,153.73,82348767908
SOL,2025-07-10,158.47,84894449652
SOL,2025-07-11,163.94,87873248083
SOL,2025-07-12,161.18,86397503335
SOL,2025-07-13,161.69,86688481593
SOL,2025-07-14,164.85,88387780936
SOL,2025-07-15,160.54,86093882513
SOL,2025-07-16,167.75,89979151056
SOL,2025-07-17,173.72,93429455306
SOL,2025-07-18,178.92,96226113257
SOL,2025-07-19,176.73,95063054337
SOL,2025-07-20,179.78,96710077333
SOL,2025-07-21,190.73,102621436386
SOL,2025-07-22,200.07,107648222741
SOL,2025-07-23,195.33,105117792462
SOL,2025-07-24,186.82,100543088887
SOL,2025-07-25,180.62,97230413816
SOL,2025-07-26,186.53,100410163102
SOL,2025-07-27,186.97,100649981408
SOL,2025-07-28,189.13,101735705016
SOL,2025-07-29,182.48,98182855187
SOL,2025-07-30,178.95,96282849431
SOL,2025-07-31,178.39,96004860827
SOL,2025-08-01,167.69,90244557182
SOL,2025-08-02,162.37,87399959555
SOL,2025-08-03,161.24,86791612689
SOL,2025-08-04,164.92,88794765733
SOL,2025-08-05,166.6,89700399027
SOL,2025-08-06,165.43,89088439155
SOL,2025-08-07,170.39,91846709617
SOL,2025-08-08,176.06,94937146473
SOL,2025-08-09,180.25,97199932380
SOL,2025-08-10,181.65,97973615043
SOL,2025-08-11,180.48,97374094621
SOL,2025-08-12,180.25,97272968584
SOL,2025-08-13,198.52,107131882920
SOL,2025-08-14,199.37,107611781767
SOL,2025-08-15,191.23,103230817868
SOL,2025-08-16,187.97,101486282413
SOL,2025-08-17,192.22,103786692149
SOL,2025-08-18,183.42,99058788498
SOL,2025-08-19,180.15,97295812918
SOL,2025-08-20,182.34,98496776931
SOL,2025-08-21,184.38,99605342329
SOL,2025-08-22,188.21,101692048260
SOL,2025-08-23,202.55,109448704772
SOL,2025-08-24,206.85,111789651288
SOL,2025-08-25,198.95,107526952258
SOL,2025-08-26,190.9,103194379294
SOL,2025-08-27,203.98,110271800170
SOL,2025-08-28,211.47,114337782403
SOL,2025-08-29,208.96,112988929192
SOL,2025-08-30,202.6,109564325937
SOL,2025-08-31,204.34,110516530219
SOL,2025-09-01,199.14,107716957130
SOL,2025-09-02,203.18,109914260555
SOL,2025-09-03,209.98,113607348984
SOL,2025-09-04,206.46,111715492542
SOL,2025-09-05,204.8,110826943282
SOL,2025-09-06,202.32,109498394739
SOL,2025-09-07,203.45,110243240473
SOL,2025-09-08,211.85,114808594238
SOL,2025-09-09,215.98,117065450829
SOL,2025-09-10,221.06,119829823891
SOL,2025-09-11,225.43,122257643199
SOL,2025-09-12,238.07,129125707196
SOL,2025-09-13,241.3,130892382749
SOL,2025-09-14,245.23,133037553276
SOL,2025-09-15,236.87,128519438038
SOL,2025-09-16,236.18,128178040147
SOL,2025-09-17,236.53,128436860487
SOL,2025-09-18,247.06,134168254858
SOL,2025-09-19,241.83,131321167321
SOL,2025-09-20,239,129802338587
SOL,2025-09-21,239.05,129843792978
SOL,2025-09-22,224.23,121806288313
SOL,2025-09-23,217.86,118360246322
SOL,2025-09-24,212.36,115386493774
SOL,2025-09-25,202.43,109996422510
SOL,2025-09-26,197.5,107332010539
SOL,2025-09-27,202.97,110316812915
SOL,2025-09-28,203.4,110563717522
SOL,2025-09-29,210.14,114240862295
SOL,2025-09-30,208.73,113488112120
SOL,2025-10-01,215.5,117148451976
SOL,2025-10-02,226.86,123305296264
SOL,2025-10-03,231.95,126397583182
SOL,2025-10-04,228.7,124715207285
SOL,2025-10-05,231.02,125988148750
SOL,2025-10-06,233.49,127356029170
SOL,2025-10-07,228.33,124688151820
SOL,2025-10-08,223.23,121922213304
SOL,2025-10-09,222.96,121782450632
SOL,2025-10-10,214.42,117120271951
SOL,2025-10-11,183.24,100130947994
SOL,2025-10-12,185.6,101437232238
SOL,2025-10-13,199.19,108867247869
SOL,2025-10-14,200.45,109578525318
SOL,2025-10-15,200.81,109782042844
SOL,2025-10-16,191.78,104862062785
SOL,2025-10-17,182.67,99890288263
SOL,2025-10-18,185.65,101535776680
SOL,2025-10-19,188.21,102909153313
SOL,2025-10-20,190.38,104045658957
SOL,2025-10-21,188.49,103020166523
SOL,2025-10-22,183.7,100417227464
SOL,2025-10-23,187.86,102723769539
SOL,2025-10-24,192.47,105748901528
SOL,2025-10-25,193.62,106388388748
SOL,2025-10-26,196.49,107983179215
SOL,2025-10-27,201.45,110711070961
SOL,2025-10-28,199.51,109667743680
SOL,2025-10-29,195.96,107719521619
SOL,2025-10-30,189.36,104108772201
SOL,2025-10-31,186.57,102591443267
SOL,2025-11-01,186.22,102882125094
SOL,2025-11-02,185.55,102514889701
SOL,2025-11-03,174.4,96375856977
SOL,2025-11-04,160.04,88442223503
SOL,2025-11-05,158.33,87514224588
SOL,2025-11-06,158.61,87670660247
SOL,2025-11-07,157.57,87203575762
SOL,2025-11-08,159.83,88460473144
SOL,2025-11-09,160.43,88806992171
SOL,2025-11-10,167.37,92656193103
SOL,2025-11-11,162.93,90242278431
SOL,2025-11-12,155.9,86351886133
SOL,2025-11-13,151.81,84104276746
SOL,2025-11-14,141.83,78576264672
SOL,2025-11-15,141.57,78454322052
SOL,2025-11-16,139.5,77310639406
SOL,2025-11-17,137.48,76203107937
SOL,2025-11-18,137.62,76282032143
SOL,2025-11-19,137.35,76141217403
SOL,2025-11-20,139.16,77167812427
SOL,2025-11-21,128.93,72073178485
SOL,2025-11-22,127.16,71082086638
SOL,2025-11-23,130.78,73122935405
SOL,2025-11-24,133.01,74372728535
SOL,2025-11-25,137.02,76627459430
SOL,2025-11-26,139.4,77960677791
SOL,2025-11-27,142.4,79654065719
SOL,2025-11-28,139.81,78213371634
SOL,2025-11-29,136.95,76629449092
SOL,2025-11-30,137.25,76799689913
SOL,2025-12-01,126.5,70794210520
SOL,2025-12-02,132.05,73907345182
SOL,2025-12-03,141.62,79273518345
SOL,2025-12-04,142.73,79898031005
SOL,2025-12-05,136.26,76291252966
SOL,2025-12-06,132.99,74463283582
SOL,2025-12-07,132.82,74463382226
SOL,2025-12-08,135.57,76107717444
SOL,2025-12-09,135.71,76193114765
SOL,2025-12-10,137.93,77450238092
SOL,2025-12-11,132.49,74429447532
SOL,2025-12-12,136.06,76442413898
SOL,2025-12-13,133.06,74767792787
SOL,2025-12-14,131.74,74034640186
SOL,2025-12-15,129.77,72937105289
SOL,2025-12-16,127.49,71661969466
SOL,2025-12-17,126.58,71156240878
SOL,2025-12-18,122.99,69133311568
SOL,2025-12-19,124.13,69783228186
SOL,2025-12-20,126.19,70950611056
SOL,2025-12-21,125.4,70509384830
SOL,2025-12-22,126.36,71060995552
SOL,2025-12-23,124.52,70032727437
SOL,2025-12-24,122.32,68804728340
SOL,2025-12-25,122.56,68947307156
SOL,2025-12-26,122.58,68967524354
SOL,2025-12-27,123.15,69290489511
SOL,2025-12-28,124.23,69908763740
SOL,2025-12-29,125.43,70590494467
SOL,2025-12-30,124.14,69877915697
SOL,2025-12-31,125.38,70576940977
SOL,2026-01-01,125.02,70405348033
SOL,2026-01-02,128.9,72590742082
SOL,2026-01-03,131.8,74236733171
SOL,2026-01-04,134.27,75632195612
SOL,2026-01-05,136.14,76698168023
SOL,2026-01-06,138.88,78242608535
SOL,2026-01-07,137.66,77653284813
SOL,2026-01-08,136.44,76969415245
SOL,2026-01-09,138.17,77963147891
SOL,2026-01-10,136.13,76810932244
SOL,2026-01-11,137.39,77566681340
SOL,2026-01-12,140.96,79602385327
SOL,2026-01-13,141.73,80103183830
SOL,2026-01-14,145.66,82327517595
SOL,2026-01-15,143.91,81354274466
SOL,2026-01-16,143.04,80861965627
SOL,2026-01-17,144.12,81491634386
SOL,2026-01-18,142.42,80533659865
SOL,2026-01-19,133.88,75719840817
SOL,2026-01-20,129.71,73362661534
SOL,2026-01-21,128.23,72541335899
SOL,2026-01-22,129.32,73217635003
SOL,2026-01-23,127.86,72349052481
SOL,2026-01-24,127.29,72025193695
SOL,2026-01-25,124.47,70441753971
SOL,2026-01-26,122.94,69575499793
SOL,2026-01-27,124.8,70644740475
SOL,2026-01-28,126.55,71638156437
SOL,2026-01-29,121.11,68570966336
SOL,2026-01-30,116.12,65744536023
SOL,2026-01-31,112.03,63442646214
SOL,2026-02-01,103.78,58773712413
SOL,2026-02-02,102.73,58191419245
SOL,2026-02-03,102.11,57837267796
SOL,2026-02-04,95.4,54047083627
SOL,2026-02-05,87.47,49557867931
SOL,2026-02-06,82.22,46590111649
SOL,2026-02-07,86.95,49324424655
SOL,2026-02-08,87.53,49666603720
SOL,2026-02-09,86.07,48837214357
SOL,2026-02-10,84.6,48012746321
SOL,2026-02-11,81.09,46037822155
SOL,2026-02-12,79.85,45343490931
SOL,2026-02-13,81.19,46107712946
SOL,2026-02-14,86.47,49114059300
SOL,2026-02-15,87.97,49965413643
SOL,2026-02-16,85.22,48413461824
SOL,2026-02-17,85.5,48577038818
SOL,2026-02-18,83.51,47455284191
SOL,2026-02-19,81.57,46353186215
SOL,2026-02-20,83.77,47610470048
SOL,2026-02-21,85.31,48492113539
SOL,2026-02-22,84.36,47957148800
SOL,2026-02-23,79.15,45000868308
SOL,2026-02-24,77.52,44081713400
SOL,2026-02-25,84.64,48134357540
SOL,2026-02-26,87.17,49575735812
SOL,2026-02-27,84.37,47992707544
SOL,2026-02-28,81.13,46204614970
SOL,2026-03-01,85.39,48634809937
SOL,2026-03-02,85.38,48633688384
SOL,2026-03-03,85.28,48587086629
SOL,2026-03-04,89.41,50944277297
SOL,2026-03-05,90.14,51367123039
SOL,2026-03-06,86.66,49392940813
SOL,2026-03-07,84.03,47949368618
SOL,2026-03-08,82.42,47035986693
SOL,2026-03-09,84.25,48085127754
SOL,2026-03-10,86.53,49390564886
SOL,2026-03-11,86.17,49209600161
SOL,2026-03-12,86.18,49219466507
SOL,2026-03-13,89.46,51098819291
SOL,2026-03-14,87.39,49920089569
SOL,2026-03-15,88.48,50553277830
SOL,2026-03-16,93.83,53610059118
SOL,2026-03-17,94.49,53995241514
SOL,2026-03-18,92.1,52632381731
SOL,2026-03-19,89.16,50959125744
SOL,2026-03-20,89.21,50989282179
SOL,2026-03-21,90,51452214966
SOL,2026-03-22,87.41,50001824864
SOL,2026-03-23,88.77,50786410785
SOL,2026-03-24,90.42,51733133124
SOL,2026-03-25,91.93,52607188022
SOL,2026-03-26,88.35,50559696627
SOL,2026-03-27,84.29,48247482694
SOL,2026-03-28,83.03,47527023357
SOL,2026-03-29,82.14,47022399130
SOL,2026-03-30,83.44,47766598017
SOL,2026-03-31,82.39,47178944674
SOL,2026-04-01,83.31,47704069715
SOL,2026-04-02,79.05,45274576163
SOL,2026-04-03,79.84,45729589304
SOL,2026-04-04,80.46,46090623411
SOL,2026-04-05,79.99,45822940808
SOL,2026-04-06,81.95,46955814666
SOL,2026-04-07,80.28,46049966971
SOL,2026-04-08,84.04,48211838333
SOL,2026-04-09,82.86,47570067705
SOL,2026-04-10,84.02,48245851192
SOL,2026-04-11,84.69,48648227881
SOL,2026-04-12,82.39,47334576393
SOL,2026-04-13,82.85,47616011686
SOL,2026-04-14,85.51,49178116258
SOL,2026-04-15,83.94,48280671662
SOL,2026-04-16,86.28,49633834335
SOL,2026-04-17,88.78,51077555632
SOL,2026-04-18,87.38,50274548174
SOL,2026-04-19,85.41,49149498079
SOL,2026-04-20,85.09,48969506688
SOL,2026-04-21,85.59,49260845145
SOL,2026-04-22,87.75,50507950648
SOL,2026-04-23,85.89,49444806620
SOL,2026-04-24,86.03,49531787609
SOL,2026-04-25,86.29,49685901175
SOL,2026-04-26,86.52,49820070724
SOL,2026-04-27,85.52,49249995745
SOL,2026-04-28,83.88,48313640370
SOL,2026-04-29,83.87,48309129739
SOL,2026-04-30,83.11,47880170784
SOL,2026-05-01,83.95,48366517015
SOL,2026-05-02,83.98,48387978072
SOL,2026-05-03,84.07,48444522397
SOL,2026-05-04,84.57,48737734761
SOL,2026-05-05,85.3,49167326012
SOL,2026-05-06,88.38,50949383447
SOL,2026-05-07,88.71,51200253377
SOL,2026-05-08,89.53,51697068410
SOL,2026-05-09,93.35,53910397088
SOL,2026-05-10,94.3,54463183910
SOL,2026-05-11,96.08,55518257635
SOL,2026-05-12,95.36,55109134073
SOL,2026-05-13,93.3,53918769610
SOL,2026-05-14,91.64,52967219436
SOL,2026-05-15,90.5,52312728592
SOL,2026-05-16,87.25,50438607758
SOL,2026-05-17,86.52,50027111150
SOL,2026-05-18,84.74,49005389726
SOL,2026-05-19,84.72,48987043988
SOL,2026-05-20,85.13,49187394639
SOL,2026-05-21,86.63,50063807769
SOL,2026-05-22,86.47,49975654941
SOL,2026-05-23,84.03,48572026306
SOL,2026-05-24,85.69,49536616323
SOL,2026-05-25,85.66,49526725068
SOL,2026-05-26,84.32,48754331362
SOL,2026-05-27,83.63,48361266094
SOL,2026-05-28,81.47,47116151194
SOL,2026-05-29,82,47429936501
SOL,2026-05-30,82.52,47736175671
SOL,2026-05-31,82.44,47691176303
SOL,2026-06-01,81.08,46906041006
SOL,2026-06-02,78.17,45210240807
SOL,2026-06-03,73.84,42712049748
SOL,2026-06-04,69.39,40143800453
SOL,2026-06-05,65.67,37995362176
SOL,2026-06-06,62.42,36118227752
SOL,2026-06-07,64.54,37388818677
SOL,2026-06-08,66.57,38566090767
SOL,2026-06-09,65.75,38098135497
SOL,2026-06-10,64.04,37106359263
SOL,2026-06-11,65.51,37973822983
SOL,2026-06-12,66.88,38773213242
SOL,2026-06-13,67.7,39252091067
SOL,2026-06-14,68.32,39619166714
SOL,2026-06-15,72.82,42232675557
SOL,2026-06-16,73.92,42876574982
SOL,2026-06-17,72.85,42255494265
SOL,2026-06-18,70.66,40992326363
SOL,2026-06-19,68.89,39968288953
SOL,2026-06-20,71.37,41414729266
SOL,2026-06-21,73.47,42632572696
SOL,2026-06-22,73.4,42601723485
SOL,2026-06-23,69.75,40484517658
SOL,2026-06-24,68.52,39774818541
SOL,2026-06-25,67.5,39183609115
SOL,2026-06-26,69.98,40628994542
SOL,2026-06-27,71.85,41720136954
STX,2025-06-28,0.65987,1010928041
STX,2025-06-29,0.668148,1023703229
STX,2025-06-30,0.666725,1021638908
STX,2025-07-01,0.647332,992006091
STX,2025-07-02,0.665048,1019246343
STX,2025-07-03,0.696144,1067013679
STX,2025-07-04,0.662817,1016027084
STX,2025-07-05,0.644844,988586917
STX,2025-07-06,0.65057,997466871
STX,2025-07-07,0.653052,1001374470
STX,2025-07-08,0.648967,995201014
STX,2025-07-09,0.66397,1018288923
STX,2025-07-10,0.70189,1076556481
STX,2025-07-11,0.753287,1155504749
STX,2025-07-12,0.739267,1134114085
STX,2025-07-13,0.772525,1185247465
STX,2025-07-14,0.808539,1240612230
STX,2025-07-15,0.778412,1199752892
STX,2025-07-16,0.811084,1286899790
STX,2025-07-17,0.826654,1311704730
STX,2025-07-18,0.859602,1364102218
STX,2025-07-19,0.829549,1316535416
STX,2025-07-20,0.861639,1367582572
STX,2025-07-21,0.88735,1408524146
STX,2025-07-22,0.859229,1364016737
STX,2025-07-23,0.839484,1332790935
STX,2025-07-24,0.800714,1271359353
STX,2025-07-25,0.775676,1231719180
STX,2025-07-26,0.807971,1283122833
STX,2025-07-27,0.826863,1313247195
STX,2025-07-28,0.829341,1317304113
STX,2025-07-29,0.78214,1242426508
STX,2025-07-30,0.75884,1341758419
STX,2025-07-31,0.750212,1342009664
STX,2025-08-01,0.697308,1247529231
STX,2025-08-02,0.678102,1213298777
STX,2025-08-03,0.683737,1223523536
STX,2025-08-04,0.699062,1251112732
STX,2025-08-05,0.697718,1248867465
STX,2025-08-06,0.685169,1226541761
STX,2025-08-07,0.708175,1267879189
STX,2025-08-08,0.734033,1314336566
STX,2025-08-09,0.74843,1340238940
STX,2025-08-10,0.748287,1340121110
STX,2025-08-11,0.754524,1351446676
STX,2025-08-12,0.729031,1305933299
STX,2025-08-13,0.761216,1363745915
STX,2025-08-14,0.752797,1348827346
STX,2025-08-15,0.712723,1277174922
STX,2025-08-16,0.71251,1276931712
STX,2025-08-17,0.723794,1297311284
STX,2025-08-18,0.693603,1243354087
STX,2025-08-19,0.674016,1208379145
STX,2025-08-20,0.664644,1191700333
STX,2025-08-21,0.66521,1192853263
STX,2025-08-22,0.674305,1209307172
STX,2025-08-23,0.696174,1248670938
STX,2025-08-24,0.684711,1228256355
STX,2025-08-25,0.650858,1167678067
STX,2025-08-26,0.638014,1144771023
STX,2025-08-27,0.646761,1160603070
STX,2025-08-28,0.651489,1169228085
STX,2025-08-29,0.633684,1137409826
STX,2025-08-30,0.623346,1119005356
STX,2025-08-31,0.633186,1136800176
STX,2025-09-01,0.611593,1098156587
STX,2025-09-02,0.617002,1108019632
STX,2025-09-03,0.634764,1140045678
STX,2025-09-04,0.621651,1116620301
STX,2025-09-05,0.619723,1113281480
STX,2025-09-06,0.621022,1115732862
STX,2025-09-07,0.62938,1130889662
STX,2025-09-08,0.641695,1153160357
STX,2025-09-09,0.649084,1166586781
STX,2025-09-10,0.650669,1169589143
STX,2025-09-11,0.674712,1212959098
STX,2025-09-12,0.677716,1218487722
STX,2025-09-13,0.69181,1243948964
STX,2025-09-14,0.679027,1221115833
STX,2025-09-15,0.654064,1176369082
STX,2025-09-16,0.656829,1181484911
STX,2025-09-17,0.653219,1175128273
STX,2025-09-18,0.684951,1232352165
STX,2025-09-19,0.671679,1208620336
STX,2025-09-20,0.658737,1185499755
STX,2025-09-21,0.654476,1177968741
STX,2025-09-22,0.610387,1098746860
STX,2025-09-23,0.602707,1085049244
STX,2025-09-24,0.600506,1081212986
STX,2025-09-25,0.579093,1042773549
STX,2025-09-26,0.572355,1030759796
STX,2025-09-27,0.5765,1038348448
STX,2025-09-28,0.571101,1028751012
STX,2025-09-29,0.583709,1051580779
STX,2025-09-30,0.571712,1030086724
STX,2025-10-01,0.589156,1061651190
STX,2025-10-02,0.615237,1108769354
STX,2025-10-03,0.61967,1116863347
STX,2025-10-04,0.606188,1092668401
STX,2025-10-05,0.608296,1096590611
STX,2025-10-06,0.614196,1107348137
STX,2025-10-07,0.635505,1145883803
STX,2025-10-08,0.608426,1097178989
STX,2025-10-09,0.594572,1072303104
STX,2025-10-10,0.557415,1005394297
STX,2025-10-11,0.437372,788954285
STX,2025-10-12,0.437449,789192617
STX,2025-10-13,0.474699,856485190
STX,2025-10-14,0.465881,840679838
STX,2025-10-15,0.464197,837749149
STX,2025-10-16,0.450493,813107470
STX,2025-10-17,0.42445,766199468
STX,2025-10-18,0.424508,766391916
STX,2025-10-19,0.432018,780049647
STX,2025-10-20,0.443595,801036280
STX,2025-10-21,0.437509,790141909
STX,2025-10-22,0.424539,766807556
STX,2025-10-23,0.427374,772013920
STX,2025-10-24,0.441795,798162550
STX,2025-10-25,0.447765,809050296
STX,2025-10-26,0.45932,830033418
STX,2025-10-27,0.465021,840432700
STX,2025-10-28,0.454657,821796155
STX,2025-10-29,0.444117,802840825
STX,2025-10-30,0.422937,764629550
STX,2025-10-31,0.411537,744110338
STX,2025-11-01,0.421961,763036760
STX,2025-11-02,0.423164,765305100
STX,2025-11-03,0.390197,705759050
STX,2025-11-04,0.363778,658045151
STX,2025-11-05,0.356579,645090986
STX,2025-11-06,0.353987,640469105
STX,2025-11-07,0.384015,694877306
STX,2025-11-08,0.409698,741425689
STX,2025-11-09,0.41103,743912202
STX,2025-11-10,0.428074,774839868
STX,2025-11-11,0.426862,772737096
STX,2025-11-12,0.415619,752469457
STX,2025-11-13,0.399178,722784871
STX,2025-11-14,0.370164,670323498
STX,2025-11-15,0.363014,657451803
STX,2025-11-16,0.357107,646828848
STX,2025-11-17,0.347798,630038019
STX,2025-11-18,0.342498,620495983
STX,2025-11-19,0.342904,621297669
STX,2025-11-20,0.339762,615669538
STX,2025-11-21,0.315768,572249998
STX,2025-11-22,0.30657,555646872
STX,2025-11-23,0.310973,563691764
STX,2025-11-24,0.313389,568131473
STX,2025-11-25,0.317827,576233216
STX,2025-11-26,0.318192,576959580
STX,2025-11-27,0.325312,589937514
STX,2025-11-28,0.320792,581807582
STX,2025-11-29,0.316739,574520446
STX,2025-11-30,0.314888,571227875
STX,2025-12-01,0.283429,514218899
STX,2025-12-02,0.292298,530361875
STX,2025-12-03,0.315,571602075
STX,2025-12-04,0.316996,575228101
STX,2025-12-05,0.300506,545303507
STX,2025-12-06,0.29632,537707724
STX,2025-12-07,0.297799,540392784
STX,2025-12-08,0.301469,547051858
STX,2025-12-09,0.307266,557571176
STX,2025-12-10,0.311985,566134972
STX,2025-12-11,0.295486,536195580
STX,2025-12-12,0.2931,531865490
STX,2025-12-13,0.289837,525943861
STX,2025-12-14,0.285106,517358578
STX,2025-12-15,0.274708,498490176
STX,2025-12-16,0.262997,477239774
STX,2025-12-17,0.258451,468990295
STX,2025-12-18,0.24788,449808263
STX,2025-12-19,0.249957,453577247
STX,2025-12-20,0.256796,465986895
STX,2025-12-21,0.251742,456816898
STX,2025-12-22,0.251094,455640335
STX,2025-12-23,0.24468,444001454
STX,2025-12-24,0.243553,441956409
STX,2025-12-25,0.25274,458626938
STX,2025-12-26,0.251378,456155403
STX,2025-12-27,0.259197,470344447
STX,2025-12-28,0.265301,481421419
STX,2025-12-29,0.262411,476176188
STX,2025-12-30,0.255473,463586483
STX,2025-12-31,0.249888,453452299
STX,2026-01-01,0.249841,453366307
STX,2026-01-02,0.268155,486599938
STX,2026-01-03,0.29668,538360737
STX,2026-01-04,0.332064,602570308
STX,2026-01-05,0.360864,654831232
STX,2026-01-06,0.375989,682277858
STX,2026-01-07,0.358968,651390123
STX,2026-01-08,0.344147,624495810
STX,2026-01-09,0.35681,647474503
STX,2026-01-10,0.382604,694280600
STX,2026-01-11,0.383538,695975982
STX,2026-01-12,0.382032,693242813
STX,2026-01-13,0.388779,705487243
STX,2026-01-14,0.390542,708685167
STX,2026-01-15,0.377011,684131113
STX,2026-01-16,0.365797,663781856
STX,2026-01-17,0.368309,668341290
STX,2026-01-18,0.359074,651582413
STX,2026-01-19,0.327671,594598211
STX,2026-01-20,0.312938,567863689
STX,2026-01-21,0.310595,563611240
STX,2026-01-22,0.321225,582900640
STX,2026-01-23,0.315475,572467926
STX,2026-01-24,0.307044,557168114
STX,2026-01-25,0.292731,531195016
STX,2026-01-26,0.295291,535840760
STX,2026-01-27,0.298231,541176295
STX,2026-01-28,0.299339,543187279
STX,2026-01-29,0.289253,524883934
STX,2026-01-30,0.282733,513053369
STX,2026-01-31,0.272209,493956331
STX,2026-02-01,0.258511,469099792
STX,2026-02-02,0.270007,489960362
STX,2026-02-03,0.307053,557185009
STX,2026-02-04,0.293446,532492444
STX,2026-02-05,0.270501,490857411
STX,2026-02-06,0.267085,484657664
STX,2026-02-07,0.271392,492473296
STX,2026-02-08,0.271622,492891532
STX,2026-02-09,0.262194,475782282
STX,2026-02-10,0.256002,464545977
STX,2026-02-11,0.252899,458915690
STX,2026-02-12,0.262565,476456438
STX,2026-02-13,0.267568,485533862
STX,2026-02-14,0.273821,496882009
STX,2026-02-15,0.27053,490909169
STX,2026-02-16,0.265585,481935383
STX,2026-02-17,0.262667,476640611
STX,2026-02-18,0.25973,471311188
STX,2026-02-19,0.249896,453467053
STX,2026-02-20,0.254045,460995984
STX,2026-02-21,0.256531,465506663
STX,2026-02-22,0.24786,449771438
STX,2026-02-23,0.237382,430758144
STX,2026-02-24,0.23556,427452724
STX,2026-02-25,0.255108,462923356
STX,2026-02-26,0.26207,475557455
STX,2026-02-27,0.262829,476934542
STX,2026-02-28,0.253412,459846108
STX,2026-03-01,0.258514,469104885
STX,2026-03-02,0.255283,463240922
STX,2026-03-03,0.256015,464570726
STX,2026-03-04,0.263545,478234574
STX,2026-03-05,0.267392,485214577
STX,2026-03-06,0.263386,477945395
STX,2026-03-07,0.259293,470517550
STX,2026-03-08,0.2544,461638931
STX,2026-03-09,0.255306,463283400
STX,2026-03-10,0.259128,470218096
STX,2026-03-11,0.256752,465906679
STX,2026-03-12,0.253249,459551082
STX,2026-03-13,0.259431,470768668
STX,2026-03-14,0.250481,454528264
STX,2026-03-15,0.253186,459437063
STX,2026-03-16,0.260346,472428613
STX,2026-03-17,0.264636,480213767
STX,2026-03-18,0.258166,468473258
STX,2026-03-19,0.246313,446965206
STX,2026-03-20,0.247037,448278334
STX,2026-03-21,0.24572,445889170
STX,2026-03-22,0.236398,428973187
STX,2026-03-23,0.238339,432495288
STX,2026-03-24,0.241312,437888998
STX,2026-03-25,0.243394,441668597
STX,2026-03-26,0.23589,428050200
STX,2026-03-27,0.229072,415678162
STX,2026-03-28,0.224153,406752498
STX,2026-03-29,0.218243,396028036
STX,2026-03-30,0.221183,401363711
STX,2026-03-31,0.220828,400718157
STX,2026-04-01,0.225989,410084561
STX,2026-04-02,0.216668,393170567
STX,2026-04-03,0.21443,389109301
STX,2026-04-04,0.213102,386699021
STX,2026-04-05,0.21067,382286241
STX,2026-04-06,0.220913,400873880
STX,2026-04-07,0.216983,393741172
STX,2026-04-08,0.225669,409503428
STX,2026-04-09,0.222429,403624305
STX,2026-04-10,0.219756,398774224
STX,2026-04-11,0.21898,397365001
STX,2026-04-12,0.21477,389726162
STX,2026-04-13,0.21526,390615739
STX,2026-04-14,0.222719,404149723
STX,2026-04-15,0.226328,410698616
STX,2026-04-16,0.238434,432667052
STX,2026-04-17,0.242898,440767076
STX,2026-04-18,0.23572,427742391
STX,2026-04-19,0.22675,411464508
STX,2026-04-20,0.224105,406665623
STX,2026-04-21,0.224125,406701005
STX,2026-04-22,0.230107,417556676
STX,2026-04-23,0.226197,410461246
STX,2026-04-24,0.229079,415690925
STX,2026-04-25,0.229594,416625902
STX,2026-04-26,0.230071,417490731
STX,2026-04-27,0.227962,413665241
STX,2026-04-28,0.224915,408134960
STX,2026-04-29,0.224578,407523264
STX,2026-04-30,0.221756,402403412
STX,2026-05-01,0.223373,405336406
STX,2026-05-02,0.224597,407558495
STX,2026-05-03,0.22476,407853276
STX,2026-05-04,0.227112,412121505
STX,2026-05-05,0.23455,425618973
STX,2026-05-06,0.247634,449362258
STX,2026-05-07,0.255547,463721597
STX,2026-05-08,0.261926,475296970
STX,2026-05-09,0.268432,487102557
STX,2026-05-10,0.266007,482701257
STX,2026-05-11,0.265169,481181760
STX,2026-05-12,0.264912,480714947
STX,2026-05-13,0.279523,507228363
STX,2026-05-14,0.269472,488990318
STX,2026-05-15,0.25723,466774229
STX,2026-05-16,0.24233,439737518
STX,2026-05-17,0.238293,432410546
STX,2026-05-18,0.233812,424280642
STX,2026-05-19,0.236008,428265240
STX,2026-05-20,0.239526,434648593
STX,2026-05-21,0.245022,444622538
STX,2026-05-22,0.250594,454733697
STX,2026-05-23,0.240538,436485297
STX,2026-05-24,0.244295,443303318
STX,2026-05-25,0.249031,451895912
STX,2026-05-26,0.245531,445546485
STX,2026-05-27,0.239416,434448655
STX,2026-05-28,0.228416,414488877
STX,2026-05-29,0.235162,426729752
STX,2026-05-30,0.23816,432169380
STX,2026-05-31,0.235119,426651005
STX,2026-06-01,0.234249,425073393
STX,2026-06-02,0.223218,405056737
STX,2026-06-03,0.216937,393657702
STX,2026-06-04,0.198016,359323707
STX,2026-06-05,0.178168,323307335
STX,2026-06-06,0.17786,322748997
STX,2026-06-07,0.185967,337459227
STX,2026-06-08,0.187585,340395635
STX,2026-06-09,0.181571,329482356
STX,2026-06-10,0.178494,323899284
STX,2026-06-11,0.182895,331885326
STX,2026-06-12,0.1819,330079093
STX,2026-06-13,0.183523,333024120
STX,2026-06-14,0.186988,339312255
STX,2026-06-15,0.19584,355375287
STX,2026-06-16,0.192735,349741780
STX,2026-06-17,0.192514,349340510
STX,2026-06-18,0.185068,335828978
STX,2026-06-19,0.181632,329593524
STX,2026-06-20,0.180962,328376728
STX,2026-06-21,0.182465,331105270
STX,2026-06-22,0.180874,328217243
STX,2026-06-23,0.178574,324044119
STX,2026-06-24,0.172941,313822434
STX,2026-06-25,0.169241,307108052
STX,2026-06-26,0.165769,300808706
STX,2026-06-27,0.16996,308413496
SUI,2025-06-28,2.74,9305651915
SUI,2025-06-29,2.81,9556351627
SUI,2025-06-30,2.81,9538950197
SUI,2025-07-01,2.73,9387781077
SUI,2025-07-02,2.8,9658280990
SUI,2025-07-03,2.99,10337136478
SUI,2025-07-04,2.93,10108089115
SUI,2025-07-05,2.9,10013539263
SUI,2025-07-06,2.9,10031324033
SUI,2025-07-07,2.89,9991668141
SUI,2025-07-08,2.88,9953153624
SUI,2025-07-09,2.96,10210689298
SUI,2025-07-10,3.26,11249920641
SUI,2025-07-11,3.48,12016894883
SUI,2025-07-12,3.4,11736916879
SUI,2025-07-13,3.45,11904774737
SUI,2025-07-14,3.86,13329724183
SUI,2025-07-15,3.95,13644588808
SUI,2025-07-16,4.01,13868767784
SUI,2025-07-17,3.99,13780988979
SUI,2025-07-18,3.95,13650406061
SUI,2025-07-19,3.78,13065715975
SUI,2025-07-20,3.92,13553858665
SUI,2025-07-21,3.98,13743577875
SUI,2025-07-22,3.92,13549960950
SUI,2025-07-23,3.84,13279476776
SUI,2025-07-24,3.74,12937996688
SUI,2025-07-25,3.74,12928241514
SUI,2025-07-26,4.08,14108106288
SUI,2025-07-27,4.25,14690825962
SUI,2025-07-28,4.16,14366558808
SUI,2025-07-29,3.88,13420204528
SUI,2025-07-30,3.77,13030324775
SUI,2025-07-31,3.8,13129825890
SUI,2025-08-01,3.53,12258040167
SUI,2025-08-02,3.42,12014332475
SUI,2025-08-03,3.42,12025866591
SUI,2025-08-04,3.51,12316488121
SUI,2025-08-05,3.47,12172920734
SUI,2025-08-06,3.44,12071213866
SUI,2025-08-07,3.62,12720397472
SUI,2025-08-08,3.81,13369900777
SUI,2025-08-09,3.92,13758424869
SUI,2025-08-10,3.87,13582620696
SUI,2025-08-11,3.8,13332019329
SUI,2025-08-12,3.75,13165471272
SUI,2025-08-13,3.95,13869359658
SUI,2025-08-14,3.9,13706480446
SUI,2025-08-15,3.77,13242253208
SUI,2025-08-16,3.74,13134236141
SUI,2025-08-17,3.81,13388909998
SUI,2025-08-18,3.61,12689474354
SUI,2025-08-19,3.53,12396640360
SUI,2025-08-20,3.5,12294401206
SUI,2025-08-21,3.47,12182037078
SUI,2025-08-22,3.53,12413231345
SUI,2025-08-23,3.72,13057977304
SUI,2025-08-24,3.69,12955130879
SUI,2025-08-25,3.51,12311968676
SUI,2025-08-26,3.41,11986121746
SUI,2025-08-27,3.46,12153767024
SUI,2025-08-28,3.48,12220026439
SUI,2025-08-29,3.34,11741069888
SUI,2025-08-30,3.3,11584826009
SUI,2025-08-31,3.31,11625104577
SUI,2025-09-01,3.22,11318340494
SUI,2025-09-02,3.27,11667103362
SUI,2025-09-03,3.35,11956628139
SUI,2025-09-04,3.31,11805308891
SUI,2025-09-05,3.37,12029999728
SUI,2025-09-06,3.36,11987578598
SUI,2025-09-07,3.39,12083928804
SUI,2025-09-08,3.45,12297962675
SUI,2025-09-09,3.5,12508330243
SUI,2025-09-10,3.55,12685063842
SUI,2025-09-11,3.62,12914442348
SUI,2025-09-12,3.66,13071818634
SUI,2025-09-13,3.78,13484030776
SUI,2025-09-14,3.74,13337083555
SUI,2025-09-15,3.57,12754810640
SUI,2025-09-16,3.57,12758207119
SUI,2025-09-17,3.62,12904880855
SUI,2025-09-18,3.87,13820725952
SUI,2025-09-19,3.75,13396165091
SUI,2025-09-20,3.67,13091689279
SUI,2025-09-21,3.64,13007659876
SUI,2025-09-22,3.4,12145286074
SUI,2025-09-23,3.37,12014586894
SUI,2025-09-24,3.37,12040812263
SUI,2025-09-25,3.23,11511519171
SUI,2025-09-26,3.17,11306226739
SUI,2025-09-27,3.2,11428041134
SUI,2025-09-28,3.17,11324963993
SUI,2025-09-29,3.28,11712373969
SUI,2025-09-30,3.24,11548496843
SUI,2025-10-01,3.38,12223981269
SUI,2025-10-02,3.57,12937702454
SUI,2025-10-03,3.59,13002109924
SUI,2025-10-04,3.55,12868180666
SUI,2025-10-05,3.61,13081865809
SUI,2025-10-06,3.63,13151527302
SUI,2025-10-07,3.56,12900212630
SUI,2025-10-08,3.49,12647742418
SUI,2025-10-09,3.43,12419340780
SUI,2025-10-10,3.29,11938391658
SUI,2025-10-11,2.67,9678699976
SUI,2025-10-12,2.62,9494744455
SUI,2025-10-13,2.87,10399081359
SUI,2025-10-14,2.8,10169809147
SUI,2025-10-15,2.77,10054392867
SUI,2025-10-16,2.64,9585062098
SUI,2025-10-17,2.43,8823851722
SUI,2025-10-18,2.47,8964984519
SUI,2025-10-19,2.56,9278283652
SUI,2025-10-20,2.61,9445992877
SUI,2025-10-21,2.55,9230410725
SUI,2025-10-22,2.43,8812650078
SUI,2025-10-23,2.44,8850876062
SUI,2025-10-24,2.47,8969966244
SUI,2025-10-25,2.52,9130998802
SUI,2025-10-26,2.59,9374433871
SUI,2025-10-27,2.65,9604638033
SUI,2025-10-28,2.59,9405973145
SUI,2025-10-29,2.52,9143858184
SUI,2025-10-30,2.39,8661043364
SUI,2025-10-31,2.35,8519431519
SUI,2025-11-01,2.37,8628134569
SUI,2025-11-02,2.35,8639224648
SUI,2025-11-03,2.17,7979494348
SUI,2025-11-04,2.02,7434028722
SUI,2025-11-05,2.02,7441924584
SUI,2025-11-06,1.99,7317667297
SUI,2025-11-07,2.05,7529506739
SUI,2025-11-08,2.13,7833883849
SUI,2025-11-09,2.11,7758953036
SUI,2025-11-10,2.17,7985680104
SUI,2025-11-11,2.1,7718141201
SUI,2025-11-12,2.02,7437458091
SUI,2025-11-13,1.97,7244761921
SUI,2025-11-14,1.8,6641767376
SUI,2025-11-15,1.78,6543193574
SUI,2025-11-16,1.72,6329257901
SUI,2025-11-17,1.68,6167193917
SUI,2025-11-18,1.65,6085023178
SUI,2025-11-19,1.62,5954280903
SUI,2025-11-20,1.59,5851945953
SUI,2025-11-21,1.41,5202128459
SUI,2025-11-22,1.35,4971872392
SUI,2025-11-23,1.38,5062200421
SUI,2025-11-24,1.42,5243535444
SUI,2025-11-25,1.52,5604797921
SUI,2025-11-26,1.52,5612881560
SUI,2025-11-27,1.55,5707496531
SUI,2025-11-28,1.54,5673380576
SUI,2025-11-29,1.51,5552530964
SUI,2025-11-30,1.53,5631967969
SUI,2025-12-01,1.36,4999795196
SUI,2025-12-02,1.45,5422606664
SUI,2025-12-03,1.69,6333475109
SUI,2025-12-04,1.67,6242489689
SUI,2025-12-05,1.61,6031008474
SUI,2025-12-06,1.54,5754723314
SUI,2025-12-07,1.59,5923703052
SUI,2025-12-08,1.62,6045556168
SUI,2025-12-09,1.63,6080391939
SUI,2025-12-10,1.63,6099641950
SUI,2025-12-11,1.56,5833887894
SUI,2025-12-12,1.61,6021646627
SUI,2025-12-13,1.6,5966058059
SUI,2025-12-14,1.59,5954143271
SUI,2025-12-15,1.53,5720892410
SUI,2025-12-16,1.49,5561046439
SUI,2025-12-17,1.47,5482219903
SUI,2025-12-18,1.4,5222659263
SUI,2025-12-19,1.42,5323678118
SUI,2025-12-20,1.46,5474110703
SUI,2025-12-21,1.45,5400097565
SUI,2025-12-22,1.46,5461740413
SUI,2025-12-23,1.44,5379569287
SUI,2025-12-24,1.41,5282482543
SUI,2025-12-25,1.41,5257205104
SUI,2025-12-26,1.4,5217744724
SUI,2025-12-27,1.41,5283248946
SUI,2025-12-28,1.45,5422311636
SUI,2025-12-29,1.46,5462501706
SUI,2025-12-30,1.43,5358846149
SUI,2025-12-31,1.43,5340242590
SUI,2026-01-01,1.42,5364576423
SUI,2026-01-02,1.53,5796049593
SUI,2026-01-03,1.65,6262323545
SUI,2026-01-04,1.7,6445950312
SUI,2026-01-05,1.73,6575797655
SUI,2026-01-06,1.93,7325969330
SUI,2026-01-07,1.87,7094292874
SUI,2026-01-08,1.81,6858654936
SUI,2026-01-09,1.81,6855487885
SUI,2026-01-10,1.81,6848878128
SUI,2026-01-11,1.81,6853670027
SUI,2026-01-12,1.8,6807784702
SUI,2026-01-13,1.81,6853497808
SUI,2026-01-14,1.85,7014195165
SUI,2026-01-15,1.81,6848368974
SUI,2026-01-16,1.77,6730536436
SUI,2026-01-17,1.79,6802716120
SUI,2026-01-18,1.78,6737706699
SUI,2026-01-19,1.57,5958809805
SUI,2026-01-20,1.52,5777685845
SUI,2026-01-21,1.5,5688398962
SUI,2026-01-22,1.51,5741807277
SUI,2026-01-23,1.5,5676336890
SUI,2026-01-24,1.49,5636050084
SUI,2026-01-25,1.45,5499640636
SUI,2026-01-26,1.44,5460884343
SUI,2026-01-27,1.44,5460529803
SUI,2026-01-28,1.42,5390540695
SUI,2026-01-29,1.34,5100348230
SUI,2026-01-30,1.29,4879989090
SUI,2026-01-31,1.198257,4544011490
SUI,2026-02-01,1.13113,4327364301
SUI,2026-02-02,1.126724,4333574970
SUI,2026-02-03,1.132725,4356655064
SUI,2026-02-04,1.106494,4255767559
SUI,2026-02-05,0.999714,3845073066
SUI,2026-02-06,0.95013,3654363957
SUI,2026-02-07,0.998672,3841066104
SUI,2026-02-08,0.990532,3809755957
SUI,2026-02-09,0.962404,3701571905
SUI,2026-02-10,0.940896,3618849236
SUI,2026-02-11,0.902666,3471809243
SUI,2026-02-12,0.919227,3535506033
SUI,2026-02-13,0.939003,3611568531
SUI,2026-02-14,0.993466,3821041447
SUI,2026-02-15,1.002577,3856084473
SUI,2026-02-16,0.971106,3735042700
SUI,2026-02-17,0.975156,3750617591
SUI,2026-02-18,0.958147,3685198540
SUI,2026-02-19,0.921058,3542548206
SUI,2026-02-20,0.946574,3640686155
SUI,2026-02-21,0.954304,3670419020
SUI,2026-02-22,0.930527,3578968997
SUI,2026-02-23,0.888354,3416764538
SUI,2026-02-24,0.863927,3322811392
SUI,2026-02-25,0.924164,3554492352
SUI,2026-02-26,0.947133,3642836116
SUI,2026-02-27,0.923732,3552831214
SUI,2026-02-28,0.871762,3352947113
SUI,2026-03-01,0.907125,3523687531
SUI,2026-03-02,0.911749,3555808292
SUI,2026-03-03,0.909452,3546850215
SUI,2026-03-04,0.938778,3661221625
SUI,2026-03-05,0.955684,3727152518
SUI,2026-03-06,0.930948,3630683283
SUI,2026-03-07,0.901225,3514763094
SUI,2026-03-08,0.889106,3467500375
SUI,2026-03-09,0.920832,3591231664
SUI,2026-03-10,0.963343,3757023028
SUI,2026-03-11,0.966111,3767817739
SUI,2026-03-12,0.974989,3802443564
SUI,2026-03-13,1.021445,3983619975
SUI,2026-03-14,0.990215,3861824890
SUI,2026-03-15,1.00568,3922138182
SUI,2026-03-16,1.051983,4102718368
SUI,2026-03-17,1.032861,4028142307
SUI,2026-03-18,1.007632,3929749993
SUI,2026-03-19,0.963303,3756867596
SUI,2026-03-20,0.965806,3766630197
SUI,2026-03-21,0.963787,3758756036
SUI,2026-03-22,0.92437,3605028100
SUI,2026-03-23,0.932066,3635042433
SUI,2026-03-24,0.944628,3684035359
SUI,2026-03-25,0.960777,3747013874
SUI,2026-03-26,0.933614,3641079832
SUI,2026-03-27,0.901568,3516101877
SUI,2026-03-28,0.881157,3436499130
SUI,2026-03-29,0.855037,3334632267
SUI,2026-03-30,0.872273,3401850858
SUI,2026-03-31,0.869908,3392627406
SUI,2026-04-01,0.890966,3511581029
SUI,2026-04-02,0.860384,3401433813
SUI,2026-04-03,0.871293,3444559122
SUI,2026-04-04,0.869915,3439113681
SUI,2026-04-05,0.854983,3380082174
SUI,2026-04-06,0.892711,3529232668
SUI,2026-04-07,0.879989,3478938368
SUI,2026-04-08,0.943473,3729916583
SUI,2026-04-09,0.920118,3637583784
SUI,2026-04-10,0.940226,3717078405
SUI,2026-04-11,0.940813,3719401104
SUI,2026-04-12,0.911586,3603855582
SUI,2026-04-13,0.914794,3616537987
SUI,2026-04-14,0.944611,3734413020
SUI,2026-04-15,0.947057,3744085399
SUI,2026-04-16,0.97824,3867363448
SUI,2026-04-17,1.004625,3971673121
SUI,2026-04-18,0.978049,3866608045
SUI,2026-04-19,0.947215,3744710727
SUI,2026-04-20,0.942081,3724410639
SUI,2026-04-21,0.946237,3740841521
SUI,2026-04-22,0.963554,3809302164
SUI,2026-04-23,0.939871,3715674435
SUI,2026-04-24,0.947461,3745680077
SUI,2026-04-25,0.945047,3736138734
SUI,2026-04-26,0.943651,3730619622
SUI,2026-04-27,0.934117,3692928086
SUI,2026-04-28,0.92574,3659810776
SUI,2026-04-29,0.918616,3631647199
SUI,2026-04-30,0.907394,3587281203
SUI,2026-05-01,0.918223,3665983360
SUI,2026-05-02,0.921551,3691197621
SUI,2026-05-03,0.92151,3691032328
SUI,2026-05-04,0.934239,3742016980
SUI,2026-05-05,0.954668,3823844840
SUI,2026-05-06,0.995268,3986463464
SUI,2026-05-07,0.980782,3928443530
SUI,2026-05-08,0.989975,3965264674
SUI,2026-05-09,1.066716,4272643323
SUI,2026-05-10,1.185297,4747609839
SUI,2026-05-11,1.29,5171103442
SUI,2026-05-12,1.26,5054199324
SUI,2026-05-13,1.23,4911742523
SUI,2026-05-14,1.2,4823554355
SUI,2026-05-15,1.131937,4533880243
SUI,2026-05-16,1.068195,4278567120
SUI,2026-05-17,1.065238,4266723706
SUI,2026-05-18,1.042073,4173937638
SUI,2026-05-19,1.063066,4258024406
SUI,2026-05-20,1.057699,4236526066
SUI,2026-05-21,1.115592,4468413466
SUI,2026-05-22,1.094876,4385435792
SUI,2026-05-23,1.035427,4147316998
SUI,2026-05-24,1.050878,4209205797
SUI,2026-05-25,1.04252,4175729992
SUI,2026-05-26,1.025651,4108161192
SUI,2026-05-27,0.992455,3975197804
SUI,2026-05-28,0.926349,3710414464
SUI,2026-05-29,0.915623,3667454607
SUI,2026-05-30,0.904919,3624578371
SUI,2026-05-31,0.897229,3593778471
SUI,2026-06-01,0.87907,3536471090
SUI,2026-06-02,0.843092,3396984121
SUI,2026-06-03,0.823875,3319556108
SUI,2026-06-04,0.786291,3168120587
SUI,2026-06-05,0.715548,2883083441
SUI,2026-06-06,0.706075,2844915330
SUI,2026-06-07,0.746616,3008263315
SUI,2026-06-08,0.75611,3046515098
SUI,2026-06-09,0.7488,3017061691
SUI,2026-06-10,0.740959,2985468488
SUI,2026-06-11,0.750512,3023962223
SUI,2026-06-12,0.753415,3035657938
SUI,2026-06-13,0.76238,3071779229
SUI,2026-06-14,0.760524,3064301159
SUI,2026-06-15,0.802858,3234871296
SUI,2026-06-16,0.791246,3188087109
SUI,2026-06-17,0.79327,3196242882
SUI,2026-06-18,0.740396,2983201241
SUI,2026-06-19,0.714172,2877538261
SUI,2026-06-20,0.711801,2867984562
SUI,2026-06-21,0.707633,2851192152
SUI,2026-06-22,0.715882,2884429177
SUI,2026-06-23,0.703184,2833265960
SUI,2026-06-24,0.690687,2782915744
SUI,2026-06-25,0.68288,2751459630
SUI,2026-06-26,0.685542,2762184536
SUI,2026-06-27,0.703985,2836495158
TRX,2025-06-28,0.274582,23713836725
TRX,2025-06-29,0.275794,23818467581
TRX,2025-06-30,0.27808,24015913403
TRX,2025-07-01,0.279254,24117338975
TRX,2025-07-02,0.281853,24341765897
TRX,2025-07-03,0.284862,24601600980
TRX,2025-07-04,0.285184,24629405588
TRX,2025-07-05,0.283658,24497604764
TRX,2025-07-06,0.284764,24593162506
TRX,2025-07-07,0.287106,24795378226
TRX,2025-07-08,0.28693,24780230751
TRX,2025-07-09,0.287988,24871595448
TRX,2025-07-10,0.290915,25124351205
TRX,2025-07-11,0.297179,25665342716
TRX,2025-07-12,0.302082,26088769783
TRX,2025-07-13,0.302188,26097929213
TRX,2025-07-14,0.301887,26071977636
TRX,2025-07-15,0.299179,25838108841
TRX,2025-07-16,0.302632,26136327987
TRX,2025-07-17,0.312946,27027083984
TRX,2025-07-18,0.326386,28187791975
TRX,2025-07-19,0.323072,27901566560
TRX,2025-07-20,0.317781,27444578995
TRX,2025-07-21,0.313859,27105878060
TRX,2025-07-22,0.312452,26984366126
TRX,2025-07-23,0.313627,27085836226
TRX,2025-07-24,0.310592,26823791634
TRX,2025-07-25,0.314588,27168821940
TRX,2025-07-26,0.318234,27483720146
TRX,2025-07-27,0.320833,27708227084
TRX,2025-07-28,0.322118,27819178788
TRX,2025-07-29,0.333418,28795070987
TRX,2025-07-30,0.331395,28620335304
TRX,2025-07-31,0.327032,28243527919
TRX,2025-08-01,0.325763,28133935165
TRX,2025-08-02,0.3249,28059467676
TRX,2025-08-03,0.325395,28102222427
TRX,2025-08-04,0.33068,28558629922
TRX,2025-08-05,0.332882,28748811946
TRX,2025-08-06,0.334463,28885337654
TRX,2025-08-07,0.33934,29306486327
TRX,2025-08-08,0.338264,29213554059
TRX,2025-08-09,0.336529,29063753779
TRX,2025-08-10,0.33927,29300510839
TRX,2025-08-11,0.341806,29519461571
TRX,2025-08-12,0.347999,30054347510
TRX,2025-08-13,0.357182,30847393720
TRX,2025-08-14,0.36237,31295430401
TRX,2025-08-15,0.356177,30760654343
TRX,2025-08-16,0.350813,30297361734
TRX,2025-08-17,0.351581,30363658142
TRX,2025-08-18,0.349155,30154182492
TRX,2025-08-19,0.349747,30205282924
TRX,2025-08-20,0.350318,30254654488
TRX,2025-08-21,0.353639,30541413582
TRX,2025-08-22,0.359372,31036585106
TRX,2025-08-23,0.362511,31307671287
TRX,2025-08-24,0.364689,31495743732
TRX,2025-08-25,0.352862,30474364014
TRX,2025-08-26,0.347674,30026280184
TRX,2025-08-27,0.349452,30179865579
TRX,2025-08-28,0.346489,29923892844
TRX,2025-08-29,0.340001,29363639060
TRX,2025-08-30,0.339126,29288024855
TRX,2025-08-31,0.342135,29547946211
TRX,2025-09-01,0.338182,29206555996
TRX,2025-09-02,0.338306,29217197759
TRX,2025-09-03,0.339539,29323683430
TRX,2025-09-04,0.337819,29175135411
TRX,2025-09-05,0.334747,28909872949
TRX,2025-09-06,0.328171,28341922075
TRX,2025-09-07,0.327761,28306480760
TRX,2025-09-08,0.332057,28677561238
TRX,2025-09-09,0.334453,28884440469
TRX,2025-09-10,0.337517,29149040189
TRX,2025-09-11,0.344553,29756723110
TRX,2025-09-12,0.34918,30156324520
TRX,2025-09-13,0.351512,30357698245
TRX,2025-09-14,0.349292,30165974193
TRX,2025-09-15,0.346669,29939509088
TRX,2025-09-16,0.344577,29758780778
TRX,2025-09-17,0.341506,29493586384
TRX,2025-09-18,0.347024,29970169792
TRX,2025-09-19,0.346891,29958669525
TRX,2025-09-20,0.346823,29952789533
TRX,2025-09-21,0.344871,29784189820
TRX,2025-09-22,0.339631,29331647607
TRX,2025-09-23,0.338301,29216759304
TRX,2025-09-24,0.338,29190795388
TRX,2025-09-25,0.33495,28927363645
TRX,2025-09-26,0.335311,28958539832
TRX,2025-09-27,0.337915,29183489643
TRX,2025-09-28,0.336421,29054416723
TRX,2025-09-29,0.33565,28987860612
TRX,2025-09-30,0.335361,28962859682
TRX,2025-10-01,0.337958,29187203998
TRX,2025-10-02,0.342236,29556642802
TRX,2025-10-03,0.343299,29648464219
TRX,2025-10-04,0.340879,29439437875
TRX,2025-10-05,0.341964,29533175208
TRX,2025-10-06,0.344216,29727666112
TRX,2025-10-07,0.343,29622649634
TRX,2025-10-08,0.338506,29234522761
TRX,2025-10-09,0.338025,29192954422
TRX,2025-10-10,0.333046,28762915712
TRX,2025-10-11,0.318514,27507961097
TRX,2025-10-12,0.317963,27460316188
TRX,2025-10-13,0.322895,27886253667
TRX,2025-10-14,0.315917,27283606580
TRX,2025-10-15,0.317769,27443564747
TRX,2025-10-16,0.320086,27643678715
TRX,2025-10-17,0.311113,26868778541
TRX,2025-10-18,0.313045,27035632137
TRX,2025-10-19,0.317451,27416149747
TRX,2025-10-20,0.322415,27844822841
TRX,2025-10-21,0.322329,27837373566
TRX,2025-10-22,0.321737,27786297443
TRX,2025-10-23,0.319857,27623890914
TRX,2025-10-24,0.309785,26754091537
TRX,2025-10-25,0.298212,25754538203
TRX,2025-10-26,0.298189,25752561701
TRX,2025-10-27,0.300075,25915477726
TRX,2025-10-28,0.297949,25731878489
TRX,2025-10-29,0.296668,25621267018
TRX,2025-10-30,0.294276,25414628071
TRX,2025-10-31,0.295283,25501608600
TRX,2025-11-01,0.296842,25636259157
TRX,2025-11-02,0.296445,25601942442
TRX,2025-11-03,0.290998,25131517880
TRX,2025-11-04,0.28187,24343221498
TRX,2025-11-05,0.286921,24779458392
TRX,2025-11-06,0.286315,24727139948
TRX,2025-11-07,0.287578,24836151560
TRX,2025-11-08,0.292005,25218542296
TRX,2025-11-09,0.290809,25115246535
TRX,2025-11-10,0.294082,25397872191
TRX,2025-11-11,0.298408,25771482675
TRX,2025-11-12,0.298084,25743483179
TRX,2025-11-13,0.295846,25550204433
TRX,2025-11-14,0.293188,25320687661
TRX,2025-11-15,0.293451,25343419694
TRX,2025-11-16,0.294965,25474174508
TRX,2025-11-17,0.292893,25295175687
TRX,2025-11-18,0.290567,25094328888
TRX,2025-11-19,0.286996,24785898857
TRX,2025-11-20,0.284096,24535442926
TRX,2025-11-21,0.277942,24004003391
TRX,2025-11-22,0.274931,23743919977
TRX,2025-11-23,0.275164,23764092789
TRX,2025-11-24,0.276603,23888305933
TRX,2025-11-25,0.273101,23585913377
TRX,2025-11-26,0.275321,23777640895
TRX,2025-11-27,0.278114,24018847374
TRX,2025-11-28,0.28078,24249100605
TRX,2025-11-29,0.281387,24301469908
TRX,2025-11-30,0.281567,24317053484
TRX,2025-12-01,0.277727,23985442778
TRX,2025-12-02,0.279264,24118130468
TRX,2025-12-03,0.280033,24184583373
TRX,2025-12-04,0.28188,24344053238
TRX,2025-12-05,0.286151,24712976836
TRX,2025-12-06,0.288037,24875804041
TRX,2025-12-07,0.286246,24721136101
TRX,2025-12-08,0.2856,24665387449
TRX,2025-12-09,0.281493,24310635580
TRX,2025-12-10,0.279862,24169764440
TRX,2025-12-11,0.280213,24200123057
TRX,2025-12-12,0.277481,23964152028
TRX,2025-12-13,0.272951,23572987895
TRX,2025-12-14,0.275342,23779429267
TRX,2025-12-15,0.280355,24212420618
TRX,2025-12-16,0.279783,24162944998
TRX,2025-12-17,0.279844,24168221988
TRX,2025-12-18,0.279039,24098750175
TRX,2025-12-19,0.27922,24114364934
TRX,2025-12-20,0.279877,24171058438
TRX,2025-12-21,0.28543,24650715061
TRX,2025-12-22,0.286008,24700558803
TRX,2025-12-23,0.283664,24498186672
TRX,2025-12-24,0.282587,24405143658
TRX,2025-12-25,0.279359,24126359058
TRX,2025-12-26,0.278991,24094583654
TRX,2025-12-27,0.280883,24258018221
TRX,2025-12-28,0.284263,24549850883
TRX,2025-12-29,0.283532,24486782055
TRX,2025-12-30,0.285341,24642976957
TRX,2025-12-31,0.284082,24534274815
TRX,2026-01-01,0.28463,24581549883
TRX,2026-01-02,0.286086,24707291253
TRX,2026-01-03,0.290485,25087220457
TRX,2026-01-04,0.29429,25415826680
TRX,2026-01-05,0.293153,25317687713
TRX,2026-01-06,0.292475,25259083003
TRX,2026-01-07,0.295876,25552817731
TRX,2026-01-08,0.296104,25572505192
TRX,2026-01-09,0.295161,25491104347
TRX,2026-01-10,0.298638,25791371944
TRX,2026-01-11,0.300074,25915389203
TRX,2026-01-12,0.29849,25778574508
TRX,2026-01-13,0.300761,25974725423
TRX,2026-01-14,0.303265,26190944946
TRX,2026-01-15,0.306946,26508854470
TRX,2026-01-16,0.308899,26677531093
TRX,2026-01-17,0.313249,27053231259
TRX,2026-01-18,0.318558,27511723366
TRX,2026-01-19,0.314228,27137742884
TRX,2026-01-20,0.30404,26257877202
TRX,2026-01-21,0.297548,25697255298
TRX,2026-01-22,0.301354,26025890705
TRX,2026-01-23,0.304074,26260794142
TRX,2026-01-24,0.296316,25590860584
TRX,2026-01-25,0.296332,25592183603
TRX,2026-01-26,0.296118,25573763804
TRX,2026-01-27,0.294769,25457206603
TRX,2026-01-28,0.293018,25305991163
TRX,2026-01-29,0.2939,25382187855
TRX,2026-01-30,0.292062,25223413763
TRX,2026-01-31,0.289487,25001070558
TRX,2026-02-01,0.285971,24697430252
TRX,2026-02-02,0.283621,24494412040
TRX,2026-02-03,0.283668,24498469134
TRX,2026-02-04,0.285281,24637825469
TRX,2026-02-05,0.278117,24019119178
TRX,2026-02-06,0.270908,23396474550
TRX,2026-02-07,0.275581,23800073542
TRX,2026-02-08,0.278122,24019560721
TRX,2026-02-09,0.278328,24037318699
TRX,2026-02-10,0.277914,24001570109
TRX,2026-02-11,0.276065,23841872424
TRX,2026-02-12,0.278431,24046224844
TRX,2026-02-13,0.279332,24124042636
TRX,2026-02-14,0.282929,24434715943
TRX,2026-02-15,0.281183,24283930486
TRX,2026-02-16,0.281672,24326110582
TRX,2026-02-17,0.282808,24424218459
TRX,2026-02-18,0.280524,24226939769
TRX,2026-02-19,0.281361,24299282015
TRX,2026-02-20,0.284783,24594806755
TRX,2026-02-21,0.286635,24754751104
TRX,2026-02-22,0.289396,24993234914
TRX,2026-02-23,0.285543,24660474477
TRX,2026-02-24,0.281928,24348237312
TRX,2026-02-25,0.285947,24695361634
TRX,2026-02-26,0.286231,24719896437
TRX,2026-02-27,0.284228,24546844800
TRX,2026-02-28,0.281398,24302502637
TRX,2026-03-01,0.281707,24329109247
TRX,2026-03-02,0.281986,24353226965
TRX,2026-03-03,0.281591,24319106693
TRX,2026-03-04,0.283896,24518191948
TRX,2026-03-05,0.284455,24566461533
TRX,2026-03-06,0.285665,24670985189
TRX,2026-03-07,0.28477,24593693035
TRX,2026-03-08,0.287731,24849362841
TRX,2026-03-09,0.286994,24785751143
TRX,2026-03-10,0.285331,24642091256
TRX,2026-03-11,0.288583,24922970415
TRX,2026-03-12,0.289557,25007117376
TRX,2026-03-13,0.290173,25060292760
TRX,2026-03-14,0.295547,25524381038
TRX,2026-03-15,0.297516,25694439114
TRX,2026-03-16,0.297308,25676518026
TRX,2026-03-17,0.301258,26017597842
TRX,2026-03-18,0.303792,26236465448
TRX,2026-03-19,0.302732,26144976537
TRX,2026-03-20,0.306375,26459539884
TRX,2026-03-21,0.30972,26748410968
TRX,2026-03-22,0.312417,26981360734
TRX,2026-03-23,0.307409,26548839586
TRX,2026-03-24,0.309513,26730594176
TRX,2026-03-25,0.310253,26794449166
TRX,2026-03-26,0.312362,26976575309
TRX,2026-03-27,0.311569,26908093086
TRX,2026-03-28,0.313853,27105363493
TRX,2026-03-29,0.318653,27519963226
TRX,2026-03-30,0.320857,27710254768
TRX,2026-03-31,0.316215,27309396610
TRX,2026-04-01,0.315433,27241837289
TRX,2026-04-02,0.315421,27240792030
TRX,2026-04-03,0.314637,27173069132
TRX,2026-04-04,0.316812,27360902390
TRX,2026-04-05,0.318485,27505418303
TRX,2026-04-06,0.317436,27414846931
TRX,2026-04-07,0.315224,27223781128
TRX,2026-04-08,0.316967,27374314151
TRX,2026-04-09,0.318354,27494082469
TRX,2026-04-10,0.31911,27559369814
TRX,2026-04-11,0.318931,27543932607
TRX,2026-04-12,0.321402,27757377304
TRX,2026-04-13,0.320889,27713036165
TRX,2026-04-14,0.321855,27796433011
TRX,2026-04-15,0.325409,28103436382
TRX,2026-04-16,0.32643,28191583721
TRX,2026-04-17,0.325866,28142862453
TRX,2026-04-18,0.328406,28362241573
TRX,2026-04-19,0.330809,28569771395
TRX,2026-04-20,0.329744,28477737382
TRX,2026-04-21,0.330462,28539807142
TRX,2026-04-22,0.331379,28618992744
TRX,2026-04-23,0.328867,28402051476
TRX,2026-04-24,0.326756,28219706799
TRX,2026-04-25,0.3237,27955828268
TRX,2026-04-26,0.324031,27984417502
TRX,2026-04-27,0.324922,28061345881
TRX,2026-04-28,0.323864,27969970387
TRX,2026-04-29,0.322979,27893571505
TRX,2026-04-30,0.325332,28096737806
TRX,2026-05-01,0.326441,28192557635
TRX,2026-05-02,0.329895,28490809008
TRX,2026-05-03,0.336405,29053071994
TRX,2026-05-04,0.339395,29311280882
TRX,2026-05-05,0.341636,29504769570
TRX,2026-05-06,0.344598,29760622317
TRX,2026-05-07,0.347089,29975719586
TRX,2026-05-08,0.349327,30169062913
TRX,2026-05-09,0.351337,30342636310
TRX,2026-05-10,0.350504,30270639975
TRX,2026-05-11,0.350604,30279321522
TRX,2026-05-12,0.348928,30134567757
TRX,2026-05-13,0.349753,30205824590
TRX,2026-05-14,0.352623,30453696886
TRX,2026-05-15,0.352088,30407486404
TRX,2026-05-16,0.352447,30438453406
TRX,2026-05-17,0.355432,30696317864
TRX,2026-05-18,0.355718,30721012119
TRX,2026-05-19,0.355646,30714783362
TRX,2026-05-20,0.357457,30871144711
TRX,2026-05-21,0.361646,31232919161
TRX,2026-05-22,0.363549,31397269510
TRX,2026-05-23,0.360815,31161148139
TRX,2026-05-24,0.364236,31456657317
TRX,2026-05-25,0.368555,31829600448
TRX,2026-05-26,0.374117,32309977673
TRX,2026-05-27,0.371778,32107993293
TRX,2026-05-28,0.356485,30787223956
TRX,2026-05-29,0.346443,29919931240
TRX,2026-05-30,0.344938,29789991250
TRX,2026-05-31,0.348301,30080427250
TRX,2026-06-01,0.348323,30082292650
TRX,2026-06-02,0.339199,29294365012
TRX,2026-06-03,0.332961,28755597279
TRX,2026-06-04,0.330641,28555236137
TRX,2026-06-05,0.324521,28026710319
TRX,2026-06-06,0.320905,27714418852
TRX,2026-06-07,0.326507,28198178988
TRX,2026-06-08,0.326583,28204792643
TRX,2026-06-09,0.323406,27930382186
TRX,2026-06-10,0.321973,27806677004
TRX,2026-06-11,0.319245,27571029669
TRX,2026-06-12,0.314116,27128064062
TRX,2026-06-13,0.316398,27325151029
TRX,2026-06-14,0.317356,27407927021
TRX,2026-06-15,0.319964,27633111559
TRX,2026-06-16,0.317407,27412348161
TRX,2026-06-17,0.319361,27581085013
TRX,2026-06-18,0.320167,27650711116
TRX,2026-06-19,0.32141,27757999740
TRX,2026-06-20,0.323967,27978874269
TRX,2026-06-21,0.326778,28221662048
TRX,2026-06-22,0.330541,28546605631
TRX,2026-06-23,0.330529,28545542047
TRX,2026-06-24,0.328437,28364929119
TRX,2026-06-25,0.326042,28158080605
TRX,2026-06-26,0.320905,27714417550
TRX,2026-06-27,0.32043,27673418931
UNI,2025-06-28,7.01,4211847431
UNI,2025-06-29,7.16,4298087961
UNI,2025-06-30,7.23,4341670636
UNI,2025-07-01,6.99,4199637991
UNI,2025-07-02,7.09,4255456561
UNI,2025-07-03,7.58,4550839865
UNI,2025-07-04,7.2,4325590862
UNI,2025-07-05,6.97,4186106960
UNI,2025-07-06,7.34,4408915699
UNI,2025-07-07,7.37,4422941115
UNI,2025-07-08,7.53,4521589633
UNI,2025-07-09,7.98,4790631556
UNI,2025-07-10,8.27,4967213037
UNI,2025-07-11,8.73,5241668756
UNI,2025-07-12,8.48,5090818839
UNI,2025-07-13,8.51,5106736079
UNI,2025-07-14,9.13,5481129497
UNI,2025-07-15,9.04,5425397927
UNI,2025-07-16,9.17,5503253902
UNI,2025-07-17,8.9,5342673876
UNI,2025-07-18,10.26,6163179679
UNI,2025-07-19,10.12,6075403840
UNI,2025-07-20,10.54,6328990540
UNI,2025-07-21,10.68,6413790658
UNI,2025-07-22,10.55,6333401387
UNI,2025-07-23,10.33,6203015331
UNI,2025-07-24,10.22,6133538158
UNI,2025-07-25,10.16,6101072507
UNI,2025-07-26,10.48,6289477500
UNI,2025-07-27,10.69,6415817087
UNI,2025-07-28,10.77,6465364708
UNI,2025-07-29,10.33,6205352210
UNI,2025-07-30,10.13,6080845800
UNI,2025-07-31,9.87,5926602033
UNI,2025-08-01,9.17,5504881117
UNI,2025-08-02,8.97,5388761652
UNI,2025-08-03,9.07,5445298105
UNI,2025-08-04,9.58,5752943064
UNI,2025-08-05,9.71,5829180394
UNI,2025-08-06,9.6,5762615721
UNI,2025-08-07,9.99,6000073467
UNI,2025-08-08,10.64,6388200535
UNI,2025-08-09,11.02,6618306847
UNI,2025-08-10,10.86,6521790598
UNI,2025-08-11,11.09,6657031275
UNI,2025-08-12,11.26,6762214963
UNI,2025-08-13,11.87,7125921034
UNI,2025-08-14,11.38,6832783099
UNI,2025-08-15,10.87,6523624360
UNI,2025-08-16,10.94,6566552799
UNI,2025-08-17,11.12,6676683203
UNI,2025-08-18,10.55,6332252839
UNI,2025-08-19,10.28,6171663693
UNI,2025-08-20,10.31,6188568060
UNI,2025-08-21,10.41,6249549055
UNI,2025-08-22,10.74,6451197570
UNI,2025-08-23,11.26,6759265105
UNI,2025-08-24,11.11,6671098431
UNI,2025-08-25,10.28,6175103449
UNI,2025-08-26,9.79,5877210422
UNI,2025-08-27,9.96,5977470888
UNI,2025-08-28,9.97,5987329228
UNI,2025-08-29,9.69,5821010771
UNI,2025-08-30,9.69,5816897934
UNI,2025-08-31,9.81,5890183204
UNI,2025-09-01,9.46,5678653605
UNI,2025-09-02,9.5,5701330267
UNI,2025-09-03,9.6,5762323800
UNI,2025-09-04,9.41,5649528723
UNI,2025-09-05,9.45,5675473026
UNI,2025-09-06,9.32,5598126946
UNI,2025-09-07,9.38,5629046009
UNI,2025-09-08,9.55,5734056261
UNI,2025-09-09,9.59,5758338989
UNI,2025-09-10,9.66,5800821749
UNI,2025-09-11,9.85,5915990106
UNI,2025-09-12,10.07,6046634308
UNI,2025-09-13,10.17,6105064308
UNI,2025-09-14,9.62,5774278830
UNI,2025-09-15,9.24,5547649567
UNI,2025-09-16,9.24,5549964157
UNI,2025-09-17,9.31,5591983846
UNI,2025-09-18,9.57,5746325058
UNI,2025-09-19,9.32,5598837678
UNI,2025-09-20,9.2,5522488060
UNI,2025-09-21,9.14,5488184098
UNI,2025-09-22,8.31,4991345691
UNI,2025-09-23,8.15,4891190595
UNI,2025-09-24,8.09,4855657398
UNI,2025-09-25,7.68,4610409979
UNI,2025-09-26,7.51,4509262884
UNI,2025-09-27,7.58,4551584641
UNI,2025-09-28,7.57,4542502995
UNI,2025-09-29,7.72,4633380335
UNI,2025-09-30,7.61,4568162005
UNI,2025-10-01,7.84,4709714400
UNI,2025-10-02,8.21,4929456608
UNI,2025-10-03,8.27,4964245840
UNI,2025-10-04,8.03,4820268516
UNI,2025-10-05,8.18,4913192477
UNI,2025-10-06,8.27,4967290302
UNI,2025-10-07,8.05,4834182871
UNI,2025-10-08,7.89,4738297418
UNI,2025-10-09,7.84,4708260859
UNI,2025-10-10,7.72,4632808308
UNI,2025-10-11,5.94,3564068196
UNI,2025-10-12,6.26,3756178842
UNI,2025-10-13,6.78,4069372049
UNI,2025-10-14,6.73,4042518429
UNI,2025-10-15,6.7,4023963150
UNI,2025-10-16,6.51,3906046125
UNI,2025-10-17,6.17,3707139232
UNI,2025-10-18,6.06,3638074141
UNI,2025-10-19,6.16,3697767834
UNI,2025-10-20,6.38,3832134625
UNI,2025-10-21,6.33,3802589245
UNI,2025-10-22,6.15,3692208639
UNI,2025-10-23,6.2,3724549008
UNI,2025-10-24,6.3,3785120571
UNI,2025-10-25,6.22,3734078012
UNI,2025-10-26,6.39,3837081439
UNI,2025-10-27,6.66,4000114280
UNI,2025-10-28,6.51,3909811686
UNI,2025-10-29,6.35,3813045480
UNI,2025-10-30,5.98,3593285026
UNI,2025-10-31,5.81,3486847835
UNI,2025-11-01,5.82,3494845461
UNI,2025-11-02,5.83,3497767202
UNI,2025-11-03,5.38,3227483455
UNI,2025-11-04,5.12,3076858953
UNI,2025-11-05,5.26,3156009639
UNI,2025-11-06,5.28,3167344235
UNI,2025-11-07,5.54,3326852574
UNI,2025-11-08,5.99,3599080340
UNI,2025-11-09,6.27,3764840465
UNI,2025-11-10,7.12,4272831247
UNI,2025-11-11,8.8,5285674997
UNI,2025-11-12,8.21,4930981167
UNI,2025-11-13,7.83,4703026142
UNI,2025-11-14,7.3,4380631308
UNI,2025-11-15,7.38,4433436006
UNI,2025-11-16,7.44,4465782841
UNI,2025-11-17,7.55,4532326889
UNI,2025-11-18,7.44,4470163334
UNI,2025-11-19,7.18,4311991970
UNI,2025-11-20,7.05,4233121965
UNI,2025-11-21,6.41,3849153606
UNI,2025-11-22,6.21,3726374695
UNI,2025-11-23,6.21,3731192691
UNI,2025-11-24,6.25,3755650830
UNI,2025-11-25,6.17,3706402897
UNI,2025-11-26,6.21,3727137854
UNI,2025-11-27,6.22,3736137761
UNI,2025-11-28,6.17,3706998867
UNI,2025-11-29,6.11,3670726106
UNI,2025-11-30,6.14,3687648919
UNI,2025-12-01,5.56,3341062988
UNI,2025-12-02,5.68,3408287654
UNI,2025-12-03,6.04,3627224038
UNI,2025-12-04,6.05,3630917511
UNI,2025-12-05,5.78,3467670201
UNI,2025-12-06,5.52,3317089353
UNI,2025-12-07,5.56,3339967356
UNI,2025-12-08,5.64,3383743061
UNI,2025-12-09,5.61,3368728211
UNI,2025-12-10,5.65,3390127946
UNI,2025-12-11,5.41,3245866023
UNI,2025-12-12,5.49,3297851531
UNI,2025-12-13,5.44,3269014195
UNI,2025-12-14,5.43,3258353671
UNI,2025-12-15,5.27,3161725329
UNI,2025-12-16,5.11,3070477877
UNI,2025-12-17,5.07,3043525112
UNI,2025-12-18,5.07,3046458866
UNI,2025-12-19,5.16,3100929336
UNI,2025-12-20,5.78,3470979635
UNI,2025-12-21,6.22,3734127864
UNI,2025-12-22,6.16,3698991886
UNI,2025-12-23,5.89,3538217667
UNI,2025-12-24,5.75,3451705307
UNI,2025-12-25,5.85,3514289268
UNI,2025-12-26,5.87,3525902952
UNI,2025-12-27,5.94,3569150969
UNI,2025-12-28,6.22,3733281928
UNI,2025-12-29,6.11,3669135561
UNI,2025-12-30,5.97,3583340157
UNI,2025-12-31,5.84,3506245994
UNI,2026-01-01,5.7,3424617564
UNI,2026-01-02,5.86,3518577686
UNI,2026-01-03,5.91,3546586022
UNI,2026-01-04,5.91,3546440734
UNI,2026-01-05,5.92,3554022388
UNI,2026-01-06,6.11,3670002504
UNI,2026-01-07,5.87,3522897411
UNI,2026-01-08,5.56,3337975784
UNI,2026-01-09,5.47,3285992506
UNI,2026-01-10,5.49,3296439788
UNI,2026-01-11,5.49,3297661507
UNI,2026-01-12,5.42,3255480856
UNI,2026-01-13,5.49,3297162642
UNI,2026-01-14,5.75,3451924804
UNI,2026-01-15,5.46,3278523764
UNI,2026-01-16,5.29,3177752497
UNI,2026-01-17,5.37,3223833200
UNI,2026-01-18,5.33,3200059755
UNI,2026-01-19,4.99,2996549699
UNI,2026-01-20,4.88,2931620975
UNI,2026-01-21,4.91,2946908228
UNI,2026-01-22,4.9,2944712741
UNI,2026-01-23,4.87,2923689329
UNI,2026-01-24,4.87,2925837484
UNI,2026-01-25,4.78,2869107578
UNI,2026-01-26,4.66,2796425546
UNI,2026-01-27,4.71,2826061754
UNI,2026-01-28,4.81,2888839479
UNI,2026-01-29,4.59,2757053881
UNI,2026-01-30,4.27,2563896131
UNI,2026-01-31,4.08,2452024063
UNI,2026-02-01,3.92,2352175335
UNI,2026-02-02,3.9,2341248973
UNI,2026-02-03,3.89,2337317699
UNI,2026-02-04,3.83,2302215711
UNI,2026-02-05,3.56,2136702530
UNI,2026-02-06,3.34,2008107227
UNI,2026-02-07,3.53,2118274122
UNI,2026-02-08,3.5,2104153773
UNI,2026-02-09,3.44,2068247711
UNI,2026-02-10,3.38,2030066769
UNI,2026-02-11,3.44,2065982396
UNI,2026-02-12,3.35,2008693040
UNI,2026-02-13,3.35,2010415521
UNI,2026-02-14,3.52,2112090023
UNI,2026-02-15,3.55,2129884773
UNI,2026-02-16,3.53,2117451384
UNI,2026-02-17,3.55,2132574766
UNI,2026-02-18,3.51,2109495365
UNI,2026-02-19,3.39,2033321732
UNI,2026-02-20,3.42,2053134053
UNI,2026-02-21,3.59,2156885138
UNI,2026-02-22,3.53,2116596230
UNI,2026-02-23,3.38,2030148387
UNI,2026-02-24,3.34,2003208437
UNI,2026-02-25,3.73,2239424990
UNI,2026-02-26,3.94,2366810686
UNI,2026-02-27,3.82,2291873140
UNI,2026-02-28,3.69,2217090858
UNI,2026-03-01,3.79,2277798896
UNI,2026-03-02,3.85,2312075389
UNI,2026-03-03,3.86,2320182299
UNI,2026-03-04,3.97,2384989862
UNI,2026-03-05,4,2403418896
UNI,2026-03-06,3.92,2352557688
UNI,2026-03-07,3.81,2287769219
UNI,2026-03-08,3.71,2230574638
UNI,2026-03-09,3.83,2302604198
UNI,2026-03-10,3.91,2347512938
UNI,2026-03-11,3.88,2329083090
UNI,2026-03-12,3.89,2337371247
UNI,2026-03-13,4.04,2425538202
UNI,2026-03-14,3.95,2368908701
UNI,2026-03-15,3.97,2386462217
UNI,2026-03-16,4.1,2461617624
UNI,2026-03-17,4.02,2415576872
UNI,2026-03-18,3.83,2296891082
UNI,2026-03-19,3.6,2162279096
UNI,2026-03-20,3.59,2157856111
UNI,2026-03-21,3.59,2156325020
UNI,2026-03-22,3.48,2090868128
UNI,2026-03-23,3.54,2123824099
UNI,2026-03-24,3.57,2145770337
UNI,2026-03-25,3.68,2206993377
UNI,2026-03-26,3.58,2146828715
UNI,2026-03-27,3.45,2070364899
UNI,2026-03-28,3.4,2039734612
UNI,2026-03-29,3.38,2027352947
UNI,2026-03-30,3.48,2091833407
UNI,2026-03-31,3.52,2112394556
UNI,2026-04-01,3.6,2160329612
UNI,2026-04-02,3.28,1971935908
UNI,2026-04-03,3.19,1917514816
UNI,2026-04-04,3.14,1887055126
UNI,2026-04-05,3.1,1858568833
UNI,2026-04-06,3.16,1900244942
UNI,2026-04-07,3.09,1854758710
UNI,2026-04-08,3.21,1925014374
UNI,2026-04-09,3.11,1864993138
UNI,2026-04-10,3.14,1886767136
UNI,2026-04-11,3.16,1895088817
UNI,2026-04-12,3.06,1836304616
UNI,2026-04-13,3.08,1846958026
UNI,2026-04-14,3.17,1903180073
UNI,2026-04-15,3.18,1909562844
UNI,2026-04-16,3.31,1987592550
UNI,2026-04-17,3.45,2070395238
UNI,2026-04-18,3.41,2045739332
UNI,2026-04-19,3.3,1978744178
UNI,2026-04-20,3.26,1958982736
UNI,2026-04-21,3.25,1951842034
UNI,2026-04-22,3.37,2022804405
UNI,2026-04-23,3.27,1964068287
UNI,2026-04-24,3.26,1958317004
UNI,2026-04-25,3.26,1956017657
UNI,2026-04-26,3.28,1966939216
UNI,2026-04-27,3.25,1953321259
UNI,2026-04-28,3.23,1941785716
UNI,2026-04-29,3.24,1943736392
UNI,2026-04-30,3.19,1917075258
UNI,2026-05-01,3.22,1934307432
UNI,2026-05-02,3.23,1937760035
UNI,2026-05-03,3.24,1943760335
UNI,2026-05-04,3.32,1991254349
UNI,2026-05-05,3.35,2009826026
UNI,2026-05-06,3.44,2067850730
UNI,2026-05-07,3.45,2068531289
UNI,2026-05-08,3.54,2123832857
UNI,2026-05-09,3.7,2222813893
UNI,2026-05-10,3.94,2367807026
UNI,2026-05-11,3.91,2347894245
UNI,2026-05-12,3.79,2273479549
UNI,2026-05-13,3.72,2234255736
UNI,2026-05-14,3.67,2203134557
UNI,2026-05-15,3.65,2194094431
UNI,2026-05-16,3.53,2116738599
UNI,2026-05-17,3.53,2120626645
UNI,2026-05-18,3.43,2060303949
UNI,2026-05-19,3.49,2097174835
UNI,2026-05-20,3.56,2140512207
UNI,2026-05-21,3.61,2170232784
UNI,2026-05-22,3.59,2152846083
UNI,2026-05-23,3.38,2026539398
UNI,2026-05-24,3.42,2052488805
UNI,2026-05-25,3.37,2021719606
UNI,2026-05-26,3.29,1975466535
UNI,2026-05-27,3.26,1957421002
UNI,2026-05-28,3.04,1825149986
UNI,2026-05-29,3.03,1816738145
UNI,2026-05-30,3.05,1828776510
UNI,2026-05-31,3.02,1815724650
UNI,2026-06-01,2.98,1786587152
UNI,2026-06-02,2.88,1731445127
UNI,2026-06-03,2.85,1710928791
UNI,2026-06-04,2.68,1606289950
UNI,2026-06-05,2.51,1507449745
UNI,2026-06-06,2.43,1460176149
UNI,2026-06-07,2.53,1518915198
UNI,2026-06-08,2.55,1532637282
UNI,2026-06-09,2.5,1498978265
UNI,2026-06-10,2.44,1467803251
UNI,2026-06-11,2.49,1496524312
UNI,2026-06-12,2.52,1511187801
UNI,2026-06-13,2.53,1518748770
UNI,2026-06-14,2.53,1516118299
UNI,2026-06-15,2.66,1597622718
UNI,2026-06-16,3.04,1822378655
UNI,2026-06-17,3.39,2035934781
UNI,2026-06-18,3.1,1860247163
UNI,2026-06-19,3.06,1837686384
UNI,2026-06-20,3.02,1811604969
UNI,2026-06-21,3.01,1808264567
UNI,2026-06-22,3.03,1816932800
UNI,2026-06-23,2.91,1747560680
UNI,2026-06-24,2.88,1729507402
UNI,2026-06-25,2.9,1739741286
UNI,2026-06-26,2.9,1743734582
UNI,2026-06-27,2.93,1761757841
XLM,2025-06-28,0.238157,7437816604
XLM,2025-06-29,0.238323,7443024809
XLM,2025-06-30,0.237755,7425282544
XLM,2025-07-01,0.233418,7290460388
XLM,2025-07-02,0.233397,7284571850
XLM,2025-07-03,0.242917,7512285424
XLM,2025-07-04,0.239452,7407542553
XLM,2025-07-05,0.237542,7348480027
XLM,2025-07-06,0.241724,7477832185
XLM,2025-07-07,0.250846,7760659695
XLM,2025-07-08,0.252515,7818404923
XLM,2025-07-09,0.276436,8564169965
XLM,2025-07-10,0.294084,9120739303
XLM,2025-07-11,0.33322,10344331320
XLM,2025-07-12,0.386846,12014192701
XLM,2025-07-13,0.442205,13733468576
XLM,2025-07-14,0.471108,14631831446
XLM,2025-07-15,0.451355,14021061106
XLM,2025-07-16,0.462948,14393037816
XLM,2025-07-17,0.47016,14618884891
XLM,2025-07-18,0.480389,14937862645
XLM,2025-07-19,0.461936,14365577557
XLM,2025-07-20,0.466247,14499636478
XLM,2025-07-21,0.47827,14887421302
XLM,2025-07-22,0.464231,14452540435
XLM,2025-07-23,0.449792,14004385804
XLM,2025-07-24,0.427923,13328879464
XLM,2025-07-25,0.419645,13072054268
XLM,2025-07-26,0.438861,13674041753
XLM,2025-07-27,0.441252,13748597517
XLM,2025-07-28,0.434296,13537935267
XLM,2025-07-29,0.421978,13162432520
XLM,2025-07-30,0.413894,12919316611
XLM,2025-07-31,0.415194,12961443788
XLM,2025-08-01,0.391989,12239187490
XLM,2025-08-02,0.378172,11813777482
XLM,2025-08-03,0.386735,12081333595
XLM,2025-08-04,0.413075,12907184338
XLM,2025-08-05,0.403951,12622669637
XLM,2025-08-06,0.39423,12320619614
XLM,2025-08-07,0.409889,12812938298
XLM,2025-08-08,0.45592,14254734968
XLM,2025-08-09,0.4512,14114819252
XLM,2025-08-10,0.443346,13869129970
XLM,2025-08-11,0.445022,13921529703
XLM,2025-08-12,0.440944,13794873210
XLM,2025-08-13,0.449294,14062428606
XLM,2025-08-14,0.439324,13750989626
XLM,2025-08-15,0.42659,13353190394
XLM,2025-08-16,0.427939,13395720207
XLM,2025-08-17,0.429007,13429983366
XLM,2025-08-18,0.412651,12922852227
XLM,2025-08-19,0.404204,12659014094
XLM,2025-08-20,0.399278,12506169402
XLM,2025-08-21,0.397578,12451422275
XLM,2025-08-22,0.404368,12672062117
XLM,2025-08-23,0.41473,13002255242
XLM,2025-08-24,0.410838,12880234717
XLM,2025-08-25,0.3954,12395962350
XLM,2025-08-26,0.390654,12245553866
XLM,2025-08-27,0.386139,12106060575
XLM,2025-08-28,0.381892,11976641516
XLM,2025-08-29,0.365775,11473734799
XLM,2025-08-30,0.358446,11247466250
XLM,2025-08-31,0.35967,11285929549
XLM,2025-09-01,0.353137,11083105165
XLM,2025-09-02,0.361779,11374188970
XLM,2025-09-03,0.363966,11547110801
XLM,2025-09-04,0.35774,11346609121
XLM,2025-09-05,0.359769,11411141690
XLM,2025-09-06,0.357573,11342277214
XLM,2025-09-07,0.359068,11389708970
XLM,2025-09-08,0.37077,11762418109
XLM,2025-09-09,0.376952,11963486789
XLM,2025-09-10,0.37907,12035394309
XLM,2025-09-11,0.389594,12380565215
XLM,2025-09-12,0.395942,12585893552
XLM,2025-09-13,0.406326,12930403386
XLM,2025-09-14,0.394034,12539237020
XLM,2025-09-15,0.38299,12189508996
XLM,2025-09-16,0.384294,12238395583
XLM,2025-09-17,0.386412,12307595103
XLM,2025-09-18,0.398876,12705619960
XLM,2025-09-19,0.391275,12468530108
XLM,2025-09-20,0.389069,12402688077
XLM,2025-09-21,0.385098,12276091133
XLM,2025-09-22,0.364781,11628523280
XLM,2025-09-23,0.368823,11759944068
XLM,2025-09-24,0.371075,11833383453
XLM,2025-09-25,0.360739,11504487819
XLM,2025-09-26,0.355607,11339530531
XLM,2025-09-27,0.360535,11497575718
XLM,2025-09-28,0.35949,11466015072
XLM,2025-09-29,0.369556,11790942084
XLM,2025-09-30,0.366247,11686590847
XLM,2025-10-01,0.380486,12142942032
XLM,2025-10-02,0.404282,12913762576
XLM,2025-10-03,0.404681,12924681578
XLM,2025-10-04,0.397177,12699913965
XLM,2025-10-05,0.399215,12765061299
XLM,2025-10-06,0.405433,12963626799
XLM,2025-10-07,0.397336,12705046744
XLM,2025-10-08,0.385273,12320558550
XLM,2025-10-09,0.379123,12128741082
XLM,2025-10-10,0.368351,11794130973
XLM,2025-10-11,0.326461,10452902821
XLM,2025-10-12,0.330725,10589428440
XLM,2025-10-13,0.346403,11090558193
XLM,2025-10-14,0.335062,10721672109
XLM,2025-10-15,0.332456,10639117987
XLM,2025-10-16,0.32173,10299247073
XLM,2025-10-17,0.306142,9796944440
XLM,2025-10-18,0.31445,10062716183
XLM,2025-10-19,0.316383,10124588345
XLM,2025-10-20,0.324999,10400508216
XLM,2025-10-21,0.321012,10274450604
XLM,2025-10-22,0.310867,9950009395
XLM,2025-10-23,0.312132,9991551665
XLM,2025-10-24,0.316072,10120683248
XLM,2025-10-25,0.323144,10348124266
XLM,2025-10-26,0.328058,10505463754
XLM,2025-10-27,0.327663,10492849881
XLM,2025-10-28,0.32627,10448414387
XLM,2025-10-29,0.320031,10248959972
XLM,2025-10-30,0.306228,9811172949
XLM,2025-10-31,0.303809,9734079102
XLM,2025-11-01,0.305039,9776076969
XLM,2025-11-02,0.304144,9747407552
XLM,2025-11-03,0.288692,9252608377
XLM,2025-11-04,0.27376,8777653829
XLM,2025-11-05,0.275367,8834947439
XLM,2025-11-06,0.272616,8751270161
XLM,2025-11-07,0.277736,8914770972
XLM,2025-11-08,0.286225,9187776388
XLM,2025-11-09,0.279401,8968708744
XLM,2025-11-10,0.299604,9617221666
XLM,2025-11-11,0.291841,9368771807
XLM,2025-11-12,0.284111,9123150899
XLM,2025-11-13,0.282211,9062307930
XLM,2025-11-14,0.265269,8519294178
XLM,2025-11-15,0.262274,8425846029
XLM,2025-11-16,0.257343,8267424512
XLM,2025-11-17,0.25423,8167898042
XLM,2025-11-18,0.251873,8105254559
XLM,2025-11-19,0.247125,7953301933
XLM,2025-11-20,0.246841,7949664698
XLM,2025-11-21,0.230946,7439328218
XLM,2025-11-22,0.229538,7406800826
XLM,2025-11-23,0.240881,7772794971
XLM,2025-11-24,0.24925,8042854406
XLM,2025-11-25,0.250297,8083873941
XLM,2025-11-26,0.253896,8200547998
XLM,2025-11-27,0.255965,8271076879
XLM,2025-11-28,0.25564,8260560832
XLM,2025-11-29,0.254068,8209772929
XLM,2025-11-30,0.25276,8167497779
XLM,2025-12-01,0.232702,7519522455
XLM,2025-12-02,0.241707,7811772362
XLM,2025-12-03,0.25701,8306999249
XLM,2025-12-04,0.254345,8222145909
XLM,2025-12-05,0.24799,8017390459
XLM,2025-12-06,0.240474,7778633909
XLM,2025-12-07,0.24008,7765863121
XLM,2025-12-08,0.242755,7852416691
XLM,2025-12-09,0.245218,7932401043
XLM,2025-12-10,0.251883,8148217702
XLM,2025-12-11,0.242866,7856764753
XLM,2025-12-12,0.242264,7837754503
XLM,2025-12-13,0.238774,7725030249
XLM,2025-12-14,0.233935,7568452080
XLM,2025-12-15,0.227139,7348587533
XLM,2025-12-16,0.219841,7112492917
XLM,2025-12-17,0.215935,6986412074
XLM,2025-12-18,0.210566,6813169421
XLM,2025-12-19,0.215398,6969973238
XLM,2025-12-20,0.219671,7119160832
XLM,2025-12-21,0.216323,7010849578
XLM,2025-12-22,0.220538,7146629932
XLM,2025-12-23,0.217478,7041017834
XLM,2025-12-24,0.214046,6931876851
XLM,2025-12-25,0.21344,6912246973
XLM,2025-12-26,0.213726,6921509256
XLM,2025-12-27,0.215264,6971336505
XLM,2025-12-28,0.22212,7193357659
XLM,2025-12-29,0.220792,7150364073
XLM,2025-12-30,0.213168,6903449295
XLM,2025-12-31,0.205648,6659916704
XLM,2026-01-01,0.204873,6634812527
XLM,2026-01-02,0.211522,6850206788
XLM,2026-01-03,0.221044,7159771956
XLM,2026-01-04,0.231287,7491567485
XLM,2026-01-05,0.236487,7660903415
XLM,2026-01-06,0.246754,7997994001
XLM,2026-01-07,0.23762,7701979630
XLM,2026-01-08,0.230827,7481784187
XLM,2026-01-09,0.229142,7427208550
XLM,2026-01-10,0.227102,7361308145
XLM,2026-01-11,0.226463,7340587495
XLM,2026-01-12,0.222315,7206145687
XLM,2026-01-13,0.226188,7331701114
XLM,2026-01-14,0.240576,7798334682
XLM,2026-01-15,0.230433,7469587483
XLM,2026-01-16,0.22582,7320234333
XLM,2026-01-17,0.228698,7413526691
XLM,2026-01-18,0.226961,7357233676
XLM,2026-01-19,0.215369,6981455090
XLM,2026-01-20,0.211929,6869941385
XLM,2026-01-21,0.212082,6874927973
XLM,2026-01-22,0.213548,6922680378
XLM,2026-01-23,0.212137,6877851330
XLM,2026-01-24,0.211373,6853446155
XLM,2026-01-25,0.207661,6733080499
XLM,2026-01-26,0.207185,6717716663
XLM,2026-01-27,0.206745,6704091014
XLM,2026-01-28,0.209029,6778239693
XLM,2026-01-29,0.202935,6580861147
XLM,2026-01-30,0.193516,6291411702
XLM,2026-01-31,0.183614,5975126111
XLM,2026-02-01,0.178111,5796767612
XLM,2026-02-02,0.177712,5783800045
XLM,2026-02-03,0.176449,5745221892
XLM,2026-02-04,0.174043,5670578108
XLM,2026-02-05,0.159035,5183429867
XLM,2026-02-06,0.158268,5175962270
XLM,2026-02-07,0.16105,5267377041
XLM,2026-02-08,0.16198,5297783376
XLM,2026-02-09,0.160172,5238856702
XLM,2026-02-10,0.157798,5163049819
XLM,2026-02-11,0.154775,5065294982
XLM,2026-02-12,0.157787,5164403803
XLM,2026-02-13,0.15951,5224429157
XLM,2026-02-14,0.169962,5581722854
XLM,2026-02-15,0.174203,5721308104
XLM,2026-02-16,0.169101,5553766375
XLM,2026-02-17,0.167094,5487850144
XLM,2026-02-18,0.165341,5430383228
XLM,2026-02-19,0.159964,5254120327
XLM,2026-02-20,0.161261,5296849756
XLM,2026-02-21,0.162489,5337535755
XLM,2026-02-22,0.155966,5124679274
XLM,2026-02-23,0.152802,5020871710
XLM,2026-02-24,0.150184,4934942650
XLM,2026-02-25,0.158356,5203226138
XLM,2026-02-26,0.162759,5358083344
XLM,2026-02-27,0.16103,5306191980
XLM,2026-02-28,0.154185,5081239248
XLM,2026-03-01,0.158183,5213005754
XLM,2026-03-02,0.15585,5136335894
XLM,2026-03-03,0.151654,5000263575
XLM,2026-03-04,0.155866,5141192690
XLM,2026-03-05,0.158113,5215522891
XLM,2026-03-06,0.155294,5122693356
XLM,2026-03-07,0.151433,4996282722
XLM,2026-03-08,0.149415,4929700946
XLM,2026-03-09,0.150538,4966756659
XLM,2026-03-10,0.158777,5239040670
XLM,2026-03-11,0.158338,5225696663
XLM,2026-03-12,0.158941,5245667519
XLM,2026-03-13,0.163746,5404334526
XLM,2026-03-14,0.164138,5419293557
XLM,2026-03-15,0.167376,5526226531
XLM,2026-03-16,0.172407,5690846274
XLM,2026-03-17,0.175134,5777913079
XLM,2026-03-18,0.171628,5663366192
XLM,2026-03-19,0.166705,5501377817
XLM,2026-03-20,0.166231,5487374184
XLM,2026-03-21,0.16553,5464359884
XLM,2026-03-22,0.159476,5264491786
XLM,2026-03-23,0.161366,5327019691
XLM,2026-03-24,0.166788,5507092394
XLM,2026-03-25,0.177528,5861695015
XLM,2026-03-26,0.173974,5747039556
XLM,2026-03-27,0.170788,5642067868
XLM,2026-03-28,0.167754,5542098387
XLM,2026-03-29,0.166627,5504844038
XLM,2026-03-30,0.169519,5600500658
XLM,2026-03-31,0.166857,5513584428
XLM,2026-04-01,0.170872,5647585188
XLM,2026-04-02,0.164049,5424289111
XLM,2026-04-03,0.164056,5425552607
XLM,2026-04-04,0.161909,5355229760
XLM,2026-04-05,0.159596,5278707951
XLM,2026-04-06,0.160581,5311806972
XLM,2026-04-07,0.156111,5165166062
XLM,2026-04-08,0.161437,5342135202
XLM,2026-04-09,0.155483,5145411922
XLM,2026-04-10,0.155248,5138387406
XLM,2026-04-11,0.154409,5110728336
XLM,2026-04-12,0.151626,5018614525
XLM,2026-04-13,0.152009,5031324042
XLM,2026-04-14,0.15562,5151324691
XLM,2026-04-15,0.156478,5181942940
XLM,2026-04-16,0.162473,5385544394
XLM,2026-04-17,0.170477,5652552989
XLM,2026-04-18,0.171411,5687060612
XLM,2026-04-19,0.169841,5634956360
XLM,2026-04-20,0.170114,5644165332
XLM,2026-04-21,0.177707,5897067041
XLM,2026-04-22,0.179565,5963838100
XLM,2026-04-23,0.176675,5879361256
XLM,2026-04-24,0.174661,5812599456
XLM,2026-04-25,0.172273,5733887564
XLM,2026-04-26,0.170508,5675124332
XLM,2026-04-27,0.167987,5591345546
XLM,2026-04-28,0.163541,5445130745
XLM,2026-04-29,0.161645,5382519070
XLM,2026-04-30,0.159578,5315781780
XLM,2026-05-01,0.160126,5336152998
XLM,2026-05-02,0.15992,5331563606
XLM,2026-05-03,0.159011,5301263988
XLM,2026-05-04,0.158704,5292855866
XLM,2026-05-05,0.159211,5323969853
XLM,2026-05-06,0.162272,5426816393
XLM,2026-05-07,0.160209,5358461140
XLM,2026-05-08,0.160427,5366297271
XLM,2026-05-09,0.16424,5495503802
XLM,2026-05-10,0.16515,5526117147
XLM,2026-05-11,0.167983,5622443139
XLM,2026-05-12,0.16448,5507695604
XLM,2026-05-13,0.161775,5417334887
XLM,2026-05-14,0.161244,5399694115
XLM,2026-05-15,0.157856,5286505027
XLM,2026-05-16,0.152524,5108065537
XLM,2026-05-17,0.151342,5068917988
XLM,2026-05-18,0.147602,4945298140
XLM,2026-05-19,0.145517,4875981225
XLM,2026-05-20,0.14328,4802933705
XLM,2026-05-21,0.145683,4883474106
XLM,2026-05-22,0.146798,4921054052
XLM,2026-05-23,0.144106,4831606704
XLM,2026-05-24,0.147669,4951079431
XLM,2026-05-25,0.149987,5030747808
XLM,2026-05-26,0.148398,4977680193
XLM,2026-05-27,0.153696,5156953446
XLM,2026-05-28,0.186795,6269342648
XLM,2026-05-29,0.214535,7209689062
XLM,2026-05-30,0.253739,8528011383
XLM,2026-05-31,0.245298,8244606789
XLM,2026-06-01,0.25697,8645938658
XLM,2026-06-02,0.227932,7681130017
XLM,2026-06-03,0.222458,7497716283
XLM,2026-06-04,0.207684,7000180760
XLM,2026-06-05,0.194407,6556446923
XLM,2026-06-06,0.20192,6810452212
XLM,2026-06-07,0.20684,6976415223
XLM,2026-06-08,0.20209,6816690038
XLM,2026-06-09,0.197541,6665164981
XLM,2026-06-10,0.186179,6282837684
XLM,2026-06-11,0.189246,6386677607
XLM,2026-06-12,0.1914,6460504898
XLM,2026-06-13,0.187983,6346796955
XLM,2026-06-14,0.184844,6241179841
XLM,2026-06-15,0.203995,6889180437
XLM,2026-06-16,0.218504,7381918024
XLM,2026-06-17,0.224055,7570537476
XLM,2026-06-18,0.237121,8013225917
XLM,2026-06-19,0.221539,7489357993
XLM,2026-06-20,0.21445,7249675393
XLM,2026-06-21,0.213323,7212806279
XLM,2026-06-22,0.209833,7097929733
XLM,2026-06-23,0.195047,6601715051
XLM,2026-06-24,0.189361,6411658338
XLM,2026-06-25,0.181869,6169949250
XLM,2026-06-26,0.176481,5987442784
XLM,2026-06-27,0.174963,5938980606
XRP,2025-06-28,2.19,129059626600
XRP,2025-06-29,2.19,129256852631
XRP,2025-06-30,2.21,130414086039
XRP,2025-07-01,2.2,130062951920
XRP,2025-07-02,2.21,130335123844
XRP,2025-07-03,2.27,134001553345
XRP,2025-07-04,2.23,131818993709
XRP,2025-07-05,2.22,131193104998
XRP,2025-07-06,2.25,133036271835
XRP,2025-07-07,2.28,134934643453
XRP,2025-07-08,2.29,135006949169
XRP,2025-07-09,2.36,139238178137
XRP,2025-07-10,2.46,145077396359
XRP,2025-07-11,2.67,157823749168
XRP,2025-07-12,2.76,163280096526
XRP,2025-07-13,2.8,165754351550
XRP,2025-07-14,2.94,173756173161
XRP,2025-07-15,2.89,170762890685
XRP,2025-07-16,2.97,175706073807
XRP,2025-07-17,3.23,190971307672
XRP,2025-07-18,3.49,206493209006
XRP,2025-07-19,3.43,202963026010
XRP,2025-07-20,3.47,205511062552
XRP,2025-07-21,3.54,209479789528
XRP,2025-07-22,3.51,207686403225
XRP,2025-07-23,3.36,199121098499
XRP,2025-07-24,3.17,187440193162
XRP,2025-07-25,3.1,183389980251
XRP,2025-07-26,3.17,187821713012
XRP,2025-07-27,3.2,189391249525
XRP,2025-07-28,3.21,190216763882
XRP,2025-07-29,3.13,185490923265
XRP,2025-07-30,3.11,184168402881
XRP,2025-07-31,3.11,184305966182
XRP,2025-08-01,2.98,176831706658
XRP,2025-08-02,2.91,172441039967
XRP,2025-08-03,2.87,170384749251
XRP,2025-08-04,3.02,179325861742
XRP,2025-08-05,3.02,178818443404
XRP,2025-08-06,2.96,175682498753
XRP,2025-08-07,3.06,181307231708
XRP,2025-08-08,3.31,196261239713
XRP,2025-08-09,3.29,195109580030
XRP,2025-08-10,3.21,190166887323
XRP,2025-08-11,3.22,190838133738
XRP,2025-08-12,3.19,189083742418
XRP,2025-08-13,3.26,193199999266
XRP,2025-08-14,3.18,188709720520
XRP,2025-08-15,3.09,183457834619
XRP,2025-08-16,3.11,184786263154
XRP,2025-08-17,3.12,185110189426
XRP,2025-08-18,3.02,179407701310
XRP,2025-08-19,2.98,176880745621
XRP,2025-08-20,2.91,172804765901
XRP,2025-08-21,2.9,172548481061
XRP,2025-08-22,2.94,174535212971
XRP,2025-08-23,3.03,180218443059
XRP,2025-08-24,3.04,180684058649
XRP,2025-08-25,2.95,175719189550
XRP,2025-08-26,2.94,174646026632
XRP,2025-08-27,3,178727692036
XRP,2025-08-28,2.99,177815014456
XRP,2025-08-29,2.87,170727060543
XRP,2025-08-30,2.81,167143708549
XRP,2025-08-31,2.82,167940983022
XRP,2025-09-01,2.76,164079182476
XRP,2025-09-02,2.81,166924084048
XRP,2025-09-03,2.85,169412203753
XRP,2025-09-04,2.83,168234895405
XRP,2025-09-05,2.83,168245182308
XRP,2025-09-06,2.81,167587920615
XRP,2025-09-07,2.85,169802742550
XRP,2025-09-08,2.94,175038993189
XRP,2025-09-09,2.97,177279876826
XRP,2025-09-10,2.98,177472776929
XRP,2025-09-11,3.01,179303513092
XRP,2025-09-12,3.06,182354805969
XRP,2025-09-13,3.13,186352106911
XRP,2025-09-14,3.07,182923074037
XRP,2025-09-15,3.01,179741898085
XRP,2025-09-16,3.02,180520944057
XRP,2025-09-17,3.03,180967141446
XRP,2025-09-18,3.1,185364763378
XRP,2025-09-19,3.03,181063212811
XRP,2025-09-20,2.99,178672886929
XRP,2025-09-21,2.99,178468378020
XRP,2025-09-22,2.86,170726242319
XRP,2025-09-23,2.86,170858579394
XRP,2025-09-24,2.89,172942987346
XRP,2025-09-25,2.83,169179520813
XRP,2025-09-26,2.76,165125181570
XRP,2025-09-27,2.79,166791038883
XRP,2025-09-28,2.81,167862069298
XRP,2025-09-29,2.88,172153659851
XRP,2025-09-30,2.86,171134389452
XRP,2025-10-01,2.9,173789129144
XRP,2025-10-02,3,179600433400
XRP,2025-10-03,3.04,181891122245
XRP,2025-10-04,2.99,179132131276
XRP,2025-10-05,3,179703430088
XRP,2025-10-06,3,179591705814
XRP,2025-10-07,2.94,175974028923
XRP,2025-10-08,2.88,172309398442
XRP,2025-10-09,2.82,168787795056
XRP,2025-10-10,2.73,163379161930
XRP,2025-10-11,2.43,145779579295
XRP,2025-10-12,2.44,146003227763
XRP,2025-10-13,2.59,155230796264
XRP,2025-10-14,2.5,149789257114
XRP,2025-10-15,2.47,148124305378
XRP,2025-10-16,2.39,143404755886
XRP,2025-10-17,2.3,137883998331
XRP,2025-10-18,2.35,141120297996
XRP,2025-10-19,2.38,142601563649
XRP,2025-10-20,2.46,147330953335
XRP,2025-10-21,2.46,147255608986
XRP,2025-10-22,2.4,143647657084
XRP,2025-10-23,2.4,143731081901
XRP,2025-10-24,2.46,147636205339
XRP,2025-10-25,2.57,154407999653
XRP,2025-10-26,2.63,157673992762
XRP,2025-10-27,2.65,158810756712
XRP,2025-10-28,2.64,158376295154
XRP,2025-10-29,2.62,157470775226
XRP,2025-10-30,2.51,150477692141
XRP,2025-10-31,2.5,149875015194
XRP,2025-11-01,2.5,150524168965
XRP,2025-11-02,2.51,151070772877
XRP,2025-11-03,2.4,144124146923
XRP,2025-11-04,2.26,135992845024
XRP,2025-11-05,2.26,135805078895
XRP,2025-11-06,2.29,137395030825
XRP,2025-11-07,2.25,134947147408
XRP,2025-11-08,2.3,138050688455
XRP,2025-11-09,2.3,138020443614
XRP,2025-11-10,2.5,150406658437
XRP,2025-11-11,2.46,147906594266
XRP,2025-11-12,2.39,143809335688
XRP,2025-11-13,2.43,145870918082
XRP,2025-11-14,2.29,137870104238
XRP,2025-11-15,2.26,136192868573
XRP,2025-11-16,2.23,134088180275
XRP,2025-11-17,2.22,133658999083
XRP,2025-11-18,2.19,131532019337
XRP,2025-11-19,2.13,128065757935
XRP,2025-11-20,2.09,125616498087
XRP,2025-11-21,1.95,117451718827
XRP,2025-11-22,1.93,116397467788
XRP,2025-11-23,2.04,123114415834
XRP,2025-11-24,2.12,127480582672
XRP,2025-11-25,2.21,133280895322
XRP,2025-11-26,2.2,132300472187
XRP,2025-11-27,2.21,133182953893
XRP,2025-11-28,2.2,132732971034
XRP,2025-11-29,2.2,132475919214
XRP,2025-11-30,2.2,132623312288
XRP,2025-12-01,2.04,122803690403
XRP,2025-12-02,2.08,125274068609
XRP,2025-12-03,2.18,131708339456
XRP,2025-12-04,2.15,129770846288
XRP,2025-12-05,2.07,124720755660
XRP,2025-12-06,2.03,122664796549
XRP,2025-12-07,2.05,123639443279
XRP,2025-12-08,2.08,125586868795
XRP,2025-12-09,2.09,125888143611
XRP,2025-12-10,2.07,125175967177
XRP,2025-12-11,2.01,121492015161
XRP,2025-12-12,2.02,122105390214
XRP,2025-12-13,2.03,122319031343
XRP,2025-12-14,2.01,121070598920
XRP,2025-12-15,1.96,118396563757
XRP,2025-12-16,1.9,115212028578
XRP,2025-12-17,1.9,115203083419
XRP,2025-12-18,1.86,112403507841
XRP,2025-12-19,1.86,112762438634
XRP,2025-12-20,1.92,116464709930
XRP,2025-12-21,1.92,116446433135
XRP,2025-12-22,1.92,116435611442
XRP,2025-12-23,1.89,114315481351
XRP,2025-12-24,1.86,112764509780
XRP,2025-12-25,1.87,113085541518
XRP,2025-12-26,1.86,112498218572
XRP,2025-12-27,1.85,112110568901
XRP,2025-12-28,1.87,113217838646
XRP,2025-12-29,1.87,113558862396
XRP,2025-12-30,1.86,112961327455
XRP,2025-12-31,1.86,112840400102
XRP,2026-01-01,1.85,112453513765
XRP,2026-01-02,1.92,116481415147
XRP,2026-01-03,2.01,122152382124
XRP,2026-01-04,2.08,125996656000
XRP,2026-01-05,2.18,132276727059
XRP,2026-01-06,2.34,141836293577
XRP,2026-01-07,2.23,135537270084
XRP,2026-01-08,2.13,129080021100
XRP,2026-01-09,2.11,127925386593
XRP,2026-01-10,2.09,127034089480
XRP,2026-01-11,2.09,126748006564
XRP,2026-01-12,2.06,125322416675
XRP,2026-01-13,2.08,126386135619
XRP,2026-01-14,2.15,130421850509
XRP,2026-01-15,2.1,127305672019
XRP,2026-01-16,2.06,125314431965
XRP,2026-01-17,2.07,125582399724
XRP,2026-01-18,2.05,124883879137
XRP,2026-01-19,1.98,120286522183
XRP,2026-01-20,1.93,117378483680
XRP,2026-01-21,1.92,116577976463
XRP,2026-01-22,1.94,117846528294
XRP,2026-01-23,1.92,116551376222
XRP,2026-01-24,1.92,116693679521
XRP,2026-01-25,1.88,114261443549
XRP,2026-01-26,1.89,115167857471
XRP,2026-01-27,1.9,115545379674
XRP,2026-01-28,1.91,116437609886
XRP,2026-01-29,1.85,112564016612
XRP,2026-01-30,1.75,106758918927
XRP,2026-01-31,1.67,101805771840
XRP,2026-02-01,1.63,99386421802
XRP,2026-02-02,1.61,98042094552
XRP,2026-02-03,1.6,97327662266
XRP,2026-02-04,1.57,95360639461
XRP,2026-02-05,1.35,82387213530
XRP,2026-02-06,1.37,83671884876
XRP,2026-02-07,1.43,87202115882
XRP,2026-02-08,1.44,87421822369
XRP,2026-02-09,1.43,87122686997
XRP,2026-02-10,1.42,86477374446
XRP,2026-02-11,1.38,83953350569
XRP,2026-02-12,1.38,83868862075
XRP,2026-02-13,1.38,84095740148
XRP,2026-02-14,1.45,88512449276
XRP,2026-02-15,1.53,93372234298
XRP,2026-02-16,1.48,90107224761
XRP,2026-02-17,1.47,89699582736
XRP,2026-02-18,1.46,89114461429
XRP,2026-02-19,1.41,86035514036
XRP,2026-02-20,1.42,86522443408
XRP,2026-02-21,1.44,87712051825
XRP,2026-02-22,1.41,86000726313
XRP,2026-02-23,1.37,83496213985
XRP,2026-02-24,1.34,81932704634
XRP,2026-02-25,1.41,85923946383
XRP,2026-02-26,1.43,87063372243
XRP,2026-02-27,1.38,84421008378
XRP,2026-02-28,1.33,81543770962
XRP,2026-03-01,1.38,84410549393
XRP,2026-03-02,1.37,83863962398
XRP,2026-03-03,1.36,83279150348
XRP,2026-03-04,1.4,85757990888
XRP,2026-03-05,1.42,86778907999
XRP,2026-03-06,1.38,84657974281
XRP,2026-03-07,1.36,83422642634
XRP,2026-03-08,1.35,82759987187
XRP,2026-03-09,1.36,83068473441
XRP,2026-03-10,1.39,85313641036
XRP,2026-03-11,1.39,84849396784
XRP,2026-03-12,1.38,84402451801
XRP,2026-03-13,1.41,86555299603
XRP,2026-03-14,1.39,85373338707
XRP,2026-03-15,1.42,86771878420
XRP,2026-03-16,1.49,91207211814
XRP,2026-03-17,1.53,93584347835
XRP,2026-03-18,1.49,91216328738
XRP,2026-03-19,1.45,88982484337
XRP,2026-03-20,1.45,88589174641
XRP,2026-03-21,1.44,88433486231
XRP,2026-03-22,1.4,85828588066
XRP,2026-03-23,1.41,86433997598
XRP,2026-03-24,1.41,86467185005
XRP,2026-03-25,1.42,86904242793
XRP,2026-03-26,1.38,84449770760
XRP,2026-03-27,1.34,82378904017
XRP,2026-03-28,1.34,82128549981
XRP,2026-03-29,1.33,81590075072
XRP,2026-03-30,1.34,82316174046
XRP,2026-03-31,1.33,81372172729
XRP,2026-04-01,1.35,82866506231
XRP,2026-04-02,1.31,80508903079
XRP,2026-04-03,1.32,80929676249
XRP,2026-04-04,1.32,80749482906
XRP,2026-04-05,1.3,80007219149
XRP,2026-04-06,1.34,82344675657
XRP,2026-04-07,1.32,80844651566
XRP,2026-04-08,1.37,83972912318
XRP,2026-04-09,1.34,82322192140
XRP,2026-04-10,1.35,82803716492
XRP,2026-04-11,1.35,83048172771
XRP,2026-04-12,1.33,81811495316
XRP,2026-04-13,1.34,82082323399
XRP,2026-04-14,1.37,84015469553
XRP,2026-04-15,1.37,84117622933
XRP,2026-04-16,1.42,87429415226
XRP,2026-04-17,1.46,89847843770
XRP,2026-04-18,1.45,89205004425
XRP,2026-04-19,1.42,87706745509
XRP,2026-04-20,1.42,87382963606
XRP,2026-04-21,1.43,88079007954
XRP,2026-04-22,1.45,89078938079
XRP,2026-04-23,1.42,87730531849
XRP,2026-04-24,1.44,88411902021
XRP,2026-04-25,1.43,88231011726
XRP,2026-04-26,1.43,88024869898
XRP,2026-04-27,1.41,87108251991
XRP,2026-04-28,1.39,85479221822
XRP,2026-04-29,1.38,85049937258
XRP,2026-04-30,1.37,84519661704
XRP,2026-05-01,1.38,85287399193
XRP,2026-05-02,1.39,85706818343
XRP,2026-05-03,1.39,85966269768
XRP,2026-05-04,1.4,86632036829
XRP,2026-05-05,1.41,86988435930
XRP,2026-05-06,1.43,88243717848
XRP,2026-05-07,1.4,86722165985
XRP,2026-05-08,1.4,86274599187
XRP,2026-05-09,1.42,87965753454
XRP,2026-05-10,1.44,89015686228
XRP,2026-05-11,1.46,90365691325
XRP,2026-05-12,1.45,89567003763
XRP,2026-05-13,1.44,88962775699
XRP,2026-05-14,1.46,90088048703
XRP,2026-05-15,1.46,90108117792
XRP,2026-05-16,1.42,87662344176
XRP,2026-05-17,1.42,87504061900
XRP,2026-05-18,1.39,85692726032
XRP,2026-05-19,1.37,84918471046
XRP,2026-05-20,1.37,84435444997
XRP,2026-05-21,1.37,84841424801
XRP,2026-05-22,1.36,83922459647
XRP,2026-05-23,1.34,82619525023
XRP,2026-05-24,1.36,83822712624
XRP,2026-05-25,1.36,83837953703
XRP,2026-05-26,1.34,82949880230
XRP,2026-05-27,1.33,82082191218
XRP,2026-05-28,1.3,80570577449
XRP,2026-05-29,1.32,81521856349
XRP,2026-05-30,1.34,83322951161
XRP,2026-05-31,1.34,82772934750
XRP,2026-06-01,1.3,80872948149
XRP,2026-06-02,1.25,77587509683
XRP,2026-06-03,1.22,75778035411
XRP,2026-06-04,1.173434,72726905690
XRP,2026-06-05,1.120945,69478870901
XRP,2026-06-06,1.090054,67642086046
XRP,2026-06-07,1.130199,70133246433
XRP,2026-06-08,1.159358,71942692213
XRP,2026-06-09,1.151007,71424485117
XRP,2026-06-10,1.112061,69007723158
XRP,2026-06-11,1.119921,69495448774
XRP,2026-06-12,1.136901,70549149316
XRP,2026-06-13,1.143385,70951498140
XRP,2026-06-14,1.145514,71083614582
XRP,2026-06-15,1.22,75827381147
XRP,2026-06-16,1.23,76098606814
XRP,2026-06-17,1.2,74621653867
XRP,2026-06-18,1.162739,72152519427
XRP,2026-06-19,1.13286,70298401501
XRP,2026-06-20,1.144536,71022948917
XRP,2026-06-21,1.14336,70949925086
XRP,2026-06-22,1.136721,70537987886
XRP,2026-06-23,1.108797,68805149225
XRP,2026-06-24,1.084801,67316163648
XRP,2026-06-25,1.058784,65713105911
XRP,2026-06-26,1.036068,64486465399
XRP,2026-06-27,1.055645,65704939100
